{
	"start":	{
		"connected":	[{
				"socket":	5,
				"local_host":	"192.168.1.2",
				"local_port":	36172,
				"remote_host":	"192.168.4.2",
				"remote_port":	5202
			}],
		"version":	"iperf 3.19.1",
		"system_info":	"Linux h1 6.6.87.2-microsoft-standard-WSL2 #1 SMP PREEMPT_DYNAMIC Thu Jun  5 18:30:46 UTC 2025 x86_64",
		"timestamp":	{
			"time":	"Sun, 05 Apr 2026 07:27:25 UTC",
			"timesecs":	1775374045
		},
		"connecting_to":	{
			"host":	"192.168.4.2",
			"port":	5202
		},
		"cookie":	"tx7yesgcf7zxruj73y7aovvj7qjvk5fgr6aw",
		"tcp_mss_default":	9448,
		"target_bitrate":	20000000,
		"fq_rate":	0,
		"sock_bufsize":	0,
		"sndbuf_actual":	16384,
		"rcvbuf_actual":	131072,
		"test_start":	{
			"protocol":	"TCP",
			"num_streams":	1,
			"blksize":	131072,
			"omit":	0,
			"duration":	3,
			"bytes":	0,
			"blocks":	0,
			"reverse":	0,
			"tos":	0,
			"target_bitrate":	20000000,
			"bidir":	0,
			"fqrate":	0,
			"interval":	1
		}
	},
	"intervals":	[{
			"streams":	[{
					"socket":	5,
					"start":	0,
					"end":	1.001015,
					"seconds":	1.0010149478912354,
					"bytes":	2621440,
					"bits_per_second":	20950256.581262007,
					"retransmits":	0,
					"snd_cwnd":	264544,
					"snd_wnd":	-1,
					"rtt":	266,
					"rttvar":	202,
					"pmtu":	9500,
					"omitted":	false,
					"sender":	true
				}],
			"sum":	{
				"start":	0,
				"end":	1.001015,
				"seconds":	1.0010149478912354,
				"bytes":	2621440,
				"bits_per_second":	20950256.581262007,
				"retransmits":	0,
				"omitted":	false,
				"sender":	true
			}
		}, {
			"streams":	[{
					"socket":	5,
					"start":	1.001015,
					"end":	2.001273,
					"seconds":	1.0002579689025879,
					"bytes":	2490368,
					"bits_per_second":	19917805.825489242,
					"retransmits":	0,
					"snd_cwnd":	264544,
					"snd_wnd":	-1,
					"rtt":	141,
					"rttvar":	51,
					"pmtu":	9500,
					"omitted":	false,
					"sender":	true
				}],
			"sum":	{
				"start":	1.001015,
				"end":	2.001273,
				"seconds":	1.0002579689025879,
				"bytes":	2490368,
				"bits_per_second":	19917805.825489242,
				"retransmits":	0,
				"omitted":	false,
				"sender":	true
			}
		}, {
			"streams":	[{
					"socket":	5,
					"start":	2.001273,
					"end":	3.001006,
					"seconds":	0.99973297119140625,
					"bytes":	2490368,
					"bits_per_second":	19928265.4209727,
					"retransmits":	0,
					"snd_cwnd":	264544,
					"snd_wnd":	-1,
					"rtt":	145,
					"rttvar":	46,
					"pmtu":	9500,
					"omitted":	false,
					"sender":	true
				}],
			"sum":	{
				"start":	2.001273,
				"end":	3.001006,
				"seconds":	0.99973297119140625,
				"bytes":	2490368,
				"bits_per_second":	19928265.4209727,
				"retransmits":	0,
				"omitted":	false,
				"sender":	true
			}
		}],
	"end":	{
		"streams":	[{
				"sender":	{
					"socket":	5,
					"start":	0,
					"end":	3.001006,
					"seconds":	3.001006,
					"bytes":	7602176,
					"bits_per_second":	20265673.57746036,
					"retransmits":	0,
					"max_snd_cwnd":	264544,
					"max_snd_wnd":	0,
					"max_rtt":	266,
					"min_rtt":	141,
					"mean_rtt":	184,
					"sender":	true
				},
				"receiver":	{
					"socket":	5,
					"start":	0,
					"end":	3.001165,
					"seconds":	3.001006,
					"bytes":	7602176,
					"bits_per_second":	20264599.913700182,
					"sender":	true
				}
			}],
		"sum_sent":	{
			"start":	0,
			"end":	3.001006,
			"seconds":	3.001006,
			"bytes":	7602176,
			"bits_per_second":	20265673.57746036,
			"retransmits":	0,
			"sender":	true
		},
		"sum_received":	{
			"start":	0,
			"end":	3.001165,
			"seconds":	3.001165,
			"bytes":	7602176,
			"bits_per_second":	20264599.913700182,
			"sender":	true
		},
		"cpu_utilization_percent":	{
			"host_total":	0.79382626925628075,
			"host_user":	0.01778117566203246,
			"host_system":	0.776011795512484,
			"remote_total":	0.273490148123837,
			"remote_user":	0,
			"remote_system":	0.273523468073657
		},
		"sender_tcp_congestion":	"cubic",
		"receiver_tcp_congestion":	"cubic"
	}
}
