{
	"start":	{
		"connected":	[{
				"socket":	5,
				"local_host":	"192.168.1.2",
				"local_port":	42472,
				"remote_host":	"192.168.4.2",
				"remote_port":	5203
			}],
		"version":	"iperf 3.19.1",
		"system_info":	"Linux h1 6.6.87.2-microsoft-standard-WSL2 #1 SMP PREEMPT_DYNAMIC Thu Jun  5 18:30:46 UTC 2025 x86_64",
		"timestamp":	{
			"time":	"Sun, 05 Apr 2026 07:27:38 UTC",
			"timesecs":	1775374058
		},
		"connecting_to":	{
			"host":	"192.168.4.2",
			"port":	5203
		},
		"cookie":	"bugx6vf3jhuxscdvdzg7pkezhtfmae5lomma",
		"tcp_mss_default":	9448,
		"target_bitrate":	20000000,
		"fq_rate":	0,
		"sock_bufsize":	0,
		"sndbuf_actual":	16384,
		"rcvbuf_actual":	131072,
		"test_start":	{
			"protocol":	"TCP",
			"num_streams":	1,
			"blksize":	131072,
			"omit":	0,
			"duration":	3,
			"bytes":	0,
			"blocks":	0,
			"reverse":	0,
			"tos":	0,
			"target_bitrate":	20000000,
			"bidir":	0,
			"fqrate":	0,
			"interval":	1
		}
	},
	"intervals":	[{
			"streams":	[{
					"socket":	5,
					"start":	0,
					"end":	1.000655,
					"seconds":	1.0006550550460815,
					"bytes":	2621440,
					"bits_per_second":	20957791.492927834,
					"retransmits":	0,
					"snd_cwnd":	264544,
					"snd_wnd":	-1,
					"rtt":	101,
					"rttvar":	40,
					"pmtu":	9500,
					"omitted":	false,
					"sender":	true
				}],
			"sum":	{
				"start":	0,
				"end":	1.000655,
				"seconds":	1.0006550550460815,
				"bytes":	2621440,
				"bits_per_second":	20957791.492927834,
				"retransmits":	0,
				"omitted":	false,
				"sender":	true
			}
		}, {
			"streams":	[{
					"socket":	5,
					"start":	1.000655,
					"end":	2.000579,
					"seconds":	0.99992400407791138,
					"bytes":	2490368,
					"bits_per_second":	19924458.177571319,
					"retransmits":	0,
					"snd_cwnd":	264544,
					"snd_wnd":	-1,
					"rtt":	103,
					"rttvar":	61,
					"pmtu":	9500,
					"omitted":	false,
					"sender":	true
				}],
			"sum":	{
				"start":	1.000655,
				"end":	2.000579,
				"seconds":	0.99992400407791138,
				"bytes":	2490368,
				"bits_per_second":	19924458.177571319,
				"retransmits":	0,
				"omitted":	false,
				"sender":	true
			}
		}, {
			"streams":	[{
					"socket":	5,
					"start":	2.000579,
					"end":	3.001203,
					"seconds":	1.0006239414215088,
					"bytes":	2490368,
					"bits_per_second":	19910521.001223516,
					"retransmits":	0,
					"snd_cwnd":	264544,
					"snd_wnd":	-1,
					"rtt":	106,
					"rttvar":	42,
					"pmtu":	9500,
					"omitted":	false,
					"sender":	true
				}],
			"sum":	{
				"start":	2.000579,
				"end":	3.001203,
				"seconds":	1.0006239414215088,
				"bytes":	2490368,
				"bits_per_second":	19910521.001223516,
				"retransmits":	0,
				"omitted":	false,
				"sender":	true
			}
		}],
	"end":	{
		"streams":	[{
				"sender":	{
					"socket":	5,
					"start":	0,
					"end":	3.001203,
					"seconds":	3.001203,
					"bytes":	7602176,
					"bits_per_second":	20264343.331657339,
					"retransmits":	0,
					"max_snd_cwnd":	264544,
					"max_snd_wnd":	0,
					"max_rtt":	106,
					"min_rtt":	101,
					"mean_rtt":	103,
					"sender":	true
				},
				"receiver":	{
					"socket":	5,
					"start":	0,
					"end":	3.001307,
					"seconds":	3.001203,
					"bytes":	7602176,
					"bits_per_second":	20263641.140343189,
					"sender":	true
				}
			}],
		"sum_sent":	{
			"start":	0,
			"end":	3.001203,
			"seconds":	3.001203,
			"bytes":	7602176,
			"bits_per_second":	20264343.331657339,
			"retransmits":	0,
			"sender":	true
		},
		"sum_received":	{
			"start":	0,
			"end":	3.001307,
			"seconds":	3.001307,
			"bytes":	7602176,
			"bits_per_second":	20263641.140343189,
			"sender":	true
		},
		"cpu_utilization_percent":	{
			"host_total":	0.46787727872422424,
			"host_user":	0.028678175908133909,
			"host_system":	0.43919910281609031,
			"remote_total":	0.16256034373899453,
			"remote_user":	0.16252702536561084,
			"remote_system":	0
		},
		"sender_tcp_congestion":	"cubic",
		"receiver_tcp_congestion":	"cubic"
	}
}
