{
	"start":	{
		"connected":	[{
				"socket":	5,
				"local_host":	"192.168.1.2",
				"local_port":	37032,
				"remote_host":	"192.168.4.2",
				"remote_port":	5203
			}],
		"version":	"iperf 3.19.1",
		"system_info":	"Linux h1 6.6.87.2-microsoft-standard-WSL2 #1 SMP PREEMPT_DYNAMIC Thu Jun  5 18:30:46 UTC 2025 x86_64",
		"timestamp":	{
			"time":	"Sun, 05 Apr 2026 07:54:56 UTC",
			"timesecs":	1775375696
		},
		"connecting_to":	{
			"host":	"192.168.4.2",
			"port":	5203
		},
		"cookie":	"wxo764zubjo7izortqdq2h5tqf4nccpendop",
		"tcp_mss_default":	9448,
		"target_bitrate":	20000000,
		"fq_rate":	0,
		"sock_bufsize":	0,
		"sndbuf_actual":	16384,
		"rcvbuf_actual":	131072,
		"test_start":	{
			"protocol":	"TCP",
			"num_streams":	1,
			"blksize":	131072,
			"omit":	0,
			"duration":	3,
			"bytes":	0,
			"blocks":	0,
			"reverse":	0,
			"tos":	0,
			"target_bitrate":	20000000,
			"bidir":	0,
			"fqrate":	0,
			"interval":	1
		}
	},
	"intervals":	[{
			"streams":	[{
					"socket":	5,
					"start":	0,
					"end":	1.001263,
					"seconds":	1.0012630224227905,
					"bytes":	2621440,
					"bits_per_second":	20945065.912106186,
					"retransmits":	0,
					"snd_cwnd":	264544,
					"snd_wnd":	-1,
					"rtt":	128,
					"rttvar":	62,
					"pmtu":	9500,
					"omitted":	false,
					"sender":	true
				}],
			"sum":	{
				"start":	0,
				"end":	1.001263,
				"seconds":	1.0012630224227905,
				"bytes":	2621440,
				"bits_per_second":	20945065.912106186,
				"retransmits":	0,
				"omitted":	false,
				"sender":	true
			}
		}, {
			"streams":	[{
					"socket":	5,
					"start":	1.001263,
					"end":	2.001092,
					"seconds":	0.9998289942741394,
					"bytes":	2490368,
					"bits_per_second":	19926351.520205468,
					"retransmits":	0,
					"snd_cwnd":	264544,
					"snd_wnd":	-1,
					"rtt":	121,
					"rttvar":	45,
					"pmtu":	9500,
					"omitted":	false,
					"sender":	true
				}],
			"sum":	{
				"start":	1.001263,
				"end":	2.001092,
				"seconds":	0.9998289942741394,
				"bytes":	2490368,
				"bits_per_second":	19926351.520205468,
				"retransmits":	0,
				"omitted":	false,
				"sender":	true
			}
		}, {
			"streams":	[{
					"socket":	5,
					"start":	2.001092,
					"end":	3.001593,
					"seconds":	1.0005010366439819,
					"bytes":	2490368,
					"bits_per_second":	19912966.873905774,
					"retransmits":	0,
					"snd_cwnd":	264544,
					"snd_wnd":	-1,
					"rtt":	142,
					"rttvar":	82,
					"pmtu":	9500,
					"omitted":	false,
					"sender":	true
				}],
			"sum":	{
				"start":	2.001092,
				"end":	3.001593,
				"seconds":	1.0005010366439819,
				"bytes":	2490368,
				"bits_per_second":	19912966.873905774,
				"retransmits":	0,
				"omitted":	false,
				"sender":	true
			}
		}],
	"end":	{
		"streams":	[{
				"sender":	{
					"socket":	5,
					"start":	0,
					"end":	3.001593,
					"seconds":	3.001593,
					"bytes":	7602176,
					"bits_per_second":	20261710.365129448,
					"retransmits":	0,
					"max_snd_cwnd":	264544,
					"max_snd_wnd":	0,
					"max_rtt":	142,
					"min_rtt":	121,
					"mean_rtt":	130,
					"sender":	true
				},
				"receiver":	{
					"socket":	5,
					"start":	0,
					"end":	3.001772,
					"seconds":	3.001593,
					"bytes":	7602176,
					"bits_per_second":	20260502.130075168,
					"sender":	true
				}
			}],
		"sum_sent":	{
			"start":	0,
			"end":	3.001593,
			"seconds":	3.001593,
			"bytes":	7602176,
			"bits_per_second":	20261710.365129448,
			"retransmits":	0,
			"sender":	true
		},
		"sum_received":	{
			"start":	0,
			"end":	3.001772,
			"seconds":	3.001772,
			"bytes":	7602176,
			"bits_per_second":	20260502.130075168,
			"sender":	true
		},
		"cpu_utilization_percent":	{
			"host_total":	0.570549938605603,
			"host_user":	0.031371587798650354,
			"host_system":	0.53914504763519167,
			"remote_total":	0.19361742103727236,
			"remote_user":	0.0060963503182761255,
			"remote_system":	0.18748775732927886
		},
		"sender_tcp_congestion":	"cubic",
		"receiver_tcp_congestion":	"cubic"
	}
}
