{
	"start":	{
		"connected":	[{
				"socket":	5,
				"local_host":	"192.168.1.2",
				"local_port":	44466,
				"remote_host":	"192.168.4.2",
				"remote_port":	5202
			}],
		"version":	"iperf 3.19.1",
		"system_info":	"Linux h1 6.6.87.2-microsoft-standard-WSL2 #1 SMP PREEMPT_DYNAMIC Thu Jun  5 18:30:46 UTC 2025 x86_64",
		"timestamp":	{
			"time":	"Sun, 05 Apr 2026 07:36:43 UTC",
			"timesecs":	1775374603
		},
		"connecting_to":	{
			"host":	"192.168.4.2",
			"port":	5202
		},
		"cookie":	"lt6j2lgz47plzroslr5qkginmbvnhfuxm4bw",
		"tcp_mss_default":	9448,
		"target_bitrate":	20000000,
		"fq_rate":	0,
		"sock_bufsize":	0,
		"sndbuf_actual":	16384,
		"rcvbuf_actual":	131072,
		"test_start":	{
			"protocol":	"TCP",
			"num_streams":	1,
			"blksize":	131072,
			"omit":	0,
			"duration":	3,
			"bytes":	0,
			"blocks":	0,
			"reverse":	0,
			"tos":	0,
			"target_bitrate":	20000000,
			"bidir":	0,
			"fqrate":	0,
			"interval":	1
		}
	},
	"intervals":	[{
			"streams":	[{
					"socket":	5,
					"start":	0,
					"end":	1.000822,
					"seconds":	1.0008219480514526,
					"bytes":	2621440,
					"bits_per_second":	20954296.65669347,
					"retransmits":	0,
					"snd_cwnd":	264544,
					"snd_wnd":	-1,
					"rtt":	106,
					"rttvar":	56,
					"pmtu":	9500,
					"omitted":	false,
					"sender":	true
				}],
			"sum":	{
				"start":	0,
				"end":	1.000822,
				"seconds":	1.0008219480514526,
				"bytes":	2621440,
				"bits_per_second":	20954296.65669347,
				"retransmits":	0,
				"omitted":	false,
				"sender":	true
			}
		}, {
			"streams":	[{
					"socket":	5,
					"start":	1.000822,
					"end":	2.000096,
					"seconds":	0.99927401542663574,
					"bytes":	2490368,
					"bits_per_second":	19937418.258088082,
					"retransmits":	0,
					"snd_cwnd":	264544,
					"snd_wnd":	-1,
					"rtt":	113,
					"rttvar":	48,
					"pmtu":	9500,
					"omitted":	false,
					"sender":	true
				}],
			"sum":	{
				"start":	1.000822,
				"end":	2.000096,
				"seconds":	0.99927401542663574,
				"bytes":	2490368,
				"bits_per_second":	19937418.258088082,
				"retransmits":	0,
				"omitted":	false,
				"sender":	true
			}
		}, {
			"streams":	[{
					"socket":	5,
					"start":	2.000096,
					"end":	3.000496,
					"seconds":	1.0003999471664429,
					"bytes":	2490368,
					"bits_per_second":	19914979.060554963,
					"retransmits":	0,
					"snd_cwnd":	264544,
					"snd_wnd":	-1,
					"rtt":	102,
					"rttvar":	42,
					"pmtu":	9500,
					"omitted":	false,
					"sender":	true
				}],
			"sum":	{
				"start":	2.000096,
				"end":	3.000496,
				"seconds":	1.0003999471664429,
				"bytes":	2490368,
				"bits_per_second":	19914979.060554963,
				"retransmits":	0,
				"omitted":	false,
				"sender":	true
			}
		}],
	"end":	{
		"streams":	[{
				"sender":	{
					"socket":	5,
					"start":	0,
					"end":	3.000496,
					"seconds":	3.000496,
					"bytes":	7602176,
					"bits_per_second":	20269118.172462154,
					"retransmits":	0,
					"max_snd_cwnd":	264544,
					"max_snd_wnd":	0,
					"max_rtt":	113,
					"min_rtt":	102,
					"mean_rtt":	107,
					"sender":	true
				},
				"receiver":	{
					"socket":	5,
					"start":	0,
					"end":	3.000809,
					"seconds":	3.000496,
					"bytes":	7602176,
					"bits_per_second":	20267003.9979219,
					"sender":	true
				}
			}],
		"sum_sent":	{
			"start":	0,
			"end":	3.000496,
			"seconds":	3.000496,
			"bytes":	7602176,
			"bits_per_second":	20269118.172462154,
			"retransmits":	0,
			"sender":	true
		},
		"sum_received":	{
			"start":	0,
			"end":	3.000809,
			"seconds":	3.000809,
			"bytes":	7602176,
			"bits_per_second":	20267003.9979219,
			"sender":	true
		},
		"cpu_utilization_percent":	{
			"host_total":	0.47450837594069623,
			"host_user":	0,
			"host_system":	0.47464163673573684,
			"remote_total":	0.164453240461962,
			"remote_user":	0,
			"remote_system":	0.16451988817846125
		},
		"sender_tcp_congestion":	"cubic",
		"receiver_tcp_congestion":	"cubic"
	}
}
