{
	"start":	{
		"connected":	[{
				"socket":	5,
				"local_host":	"192.168.1.2",
				"local_port":	59422,
				"remote_host":	"192.168.4.2",
				"remote_port":	5204
			}],
		"version":	"iperf 3.19.1",
		"system_info":	"Linux h1 6.6.87.2-microsoft-standard-WSL2 #1 SMP PREEMPT_DYNAMIC Thu Jun  5 18:30:46 UTC 2025 x86_64",
		"timestamp":	{
			"time":	"Sun, 05 Apr 2026 07:31:44 UTC",
			"timesecs":	1775374304
		},
		"connecting_to":	{
			"host":	"192.168.4.2",
			"port":	5204
		},
		"cookie":	"52oieoz6qh74pmshv7cujxuzfgi4jjfvvast",
		"tcp_mss_default":	9448,
		"target_bitrate":	20000000,
		"fq_rate":	0,
		"sock_bufsize":	0,
		"sndbuf_actual":	16384,
		"rcvbuf_actual":	131072,
		"test_start":	{
			"protocol":	"TCP",
			"num_streams":	1,
			"blksize":	131072,
			"omit":	0,
			"duration":	3,
			"bytes":	0,
			"blocks":	0,
			"reverse":	0,
			"tos":	0,
			"target_bitrate":	20000000,
			"bidir":	0,
			"fqrate":	0,
			"interval":	1
		}
	},
	"intervals":	[{
			"streams":	[{
					"socket":	5,
					"start":	0,
					"end":	1.001196,
					"seconds":	1.001196026802063,
					"bytes":	2621440,
					"bits_per_second":	20946467.463505108,
					"retransmits":	0,
					"snd_cwnd":	340128,
					"snd_wnd":	-1,
					"rtt":	155,
					"rttvar":	97,
					"pmtu":	9500,
					"omitted":	false,
					"sender":	true
				}],
			"sum":	{
				"start":	0,
				"end":	1.001196,
				"seconds":	1.001196026802063,
				"bytes":	2621440,
				"bits_per_second":	20946467.463505108,
				"retransmits":	0,
				"omitted":	false,
				"sender":	true
			}
		}, {
			"streams":	[{
					"socket":	5,
					"start":	1.001196,
					"end":	2.000938,
					"seconds":	0.99974197149276733,
					"bytes":	2490368,
					"bits_per_second":	19928086.014286272,
					"retransmits":	0,
					"snd_cwnd":	340128,
					"snd_wnd":	-1,
					"rtt":	113,
					"rttvar":	49,
					"pmtu":	9500,
					"omitted":	false,
					"sender":	true
				}],
			"sum":	{
				"start":	1.001196,
				"end":	2.000938,
				"seconds":	0.99974197149276733,
				"bytes":	2490368,
				"bits_per_second":	19928086.014286272,
				"retransmits":	0,
				"omitted":	false,
				"sender":	true
			}
		}, {
			"streams":	[{
					"socket":	5,
					"start":	2.000938,
					"end":	3.001187,
					"seconds":	1.0002490282058716,
					"bytes":	2490368,
					"bits_per_second":	19917983.86021471,
					"retransmits":	0,
					"snd_cwnd":	340128,
					"snd_wnd":	-1,
					"rtt":	131,
					"rttvar":	59,
					"pmtu":	9500,
					"omitted":	false,
					"sender":	true
				}],
			"sum":	{
				"start":	2.000938,
				"end":	3.001187,
				"seconds":	1.0002490282058716,
				"bytes":	2490368,
				"bits_per_second":	19917983.86021471,
				"retransmits":	0,
				"omitted":	false,
				"sender":	true
			}
		}],
	"end":	{
		"streams":	[{
				"sender":	{
					"socket":	5,
					"start":	0,
					"end":	3.001187,
					"seconds":	3.001187,
					"bytes":	7602176,
					"bits_per_second":	20264451.365409754,
					"retransmits":	0,
					"max_snd_cwnd":	340128,
					"max_snd_wnd":	0,
					"max_rtt":	155,
					"min_rtt":	113,
					"mean_rtt":	133,
					"sender":	true
				},
				"receiver":	{
					"socket":	5,
					"start":	0,
					"end":	3.00134,
					"seconds":	3.001187,
					"bytes":	7602176,
					"bits_per_second":	20263418.339808218,
					"sender":	true
				}
			}],
		"sum_sent":	{
			"start":	0,
			"end":	3.001187,
			"seconds":	3.001187,
			"bytes":	7602176,
			"bits_per_second":	20264451.365409754,
			"retransmits":	0,
			"sender":	true
		},
		"sum_received":	{
			"start":	0,
			"end":	3.00134,
			"seconds":	3.00134,
			"bytes":	7602176,
			"bits_per_second":	20263418.339808218,
			"sender":	true
		},
		"cpu_utilization_percent":	{
			"host_total":	0.54451013074638555,
			"host_user":	0,
			"host_system":	0.54451013074638555,
			"remote_total":	0.19017867733195443,
			"remote_user":	0.016292462020904994,
			"remote_system":	0.17388621531104942
		},
		"sender_tcp_congestion":	"cubic",
		"receiver_tcp_congestion":	"cubic"
	}
}
