{
	"start":	{
		"connected":	[{
				"socket":	5,
				"local_host":	"192.168.1.2",
				"local_port":	52700,
				"remote_host":	"192.168.4.2",
				"remote_port":	5203
			}],
		"version":	"iperf 3.19.1",
		"system_info":	"Linux h1 6.6.87.2-microsoft-standard-WSL2 #1 SMP PREEMPT_DYNAMIC Thu Jun  5 18:30:46 UTC 2025 x86_64",
		"timestamp":	{
			"time":	"Sun, 05 Apr 2026 07:42:23 UTC",
			"timesecs":	1775374943
		},
		"connecting_to":	{
			"host":	"192.168.4.2",
			"port":	5203
		},
		"cookie":	"dfrkdqohc7mzqju77zt2s3mfposxg2xbglrl",
		"tcp_mss_default":	9448,
		"target_bitrate":	20000000,
		"fq_rate":	0,
		"sock_bufsize":	0,
		"sndbuf_actual":	16384,
		"rcvbuf_actual":	131072,
		"test_start":	{
			"protocol":	"TCP",
			"num_streams":	1,
			"blksize":	131072,
			"omit":	0,
			"duration":	3,
			"bytes":	0,
			"blocks":	0,
			"reverse":	0,
			"tos":	0,
			"target_bitrate":	20000000,
			"bidir":	0,
			"fqrate":	0,
			"interval":	1
		}
	},
	"intervals":	[{
			"streams":	[{
					"socket":	5,
					"start":	0,
					"end":	1.001048,
					"seconds":	1.0010479688644409,
					"bytes":	2621440,
					"bits_per_second":	20949565.507624444,
					"retransmits":	0,
					"snd_cwnd":	264544,
					"snd_wnd":	-1,
					"rtt":	136,
					"rttvar":	61,
					"pmtu":	9500,
					"omitted":	false,
					"sender":	true
				}],
			"sum":	{
				"start":	0,
				"end":	1.001048,
				"seconds":	1.0010479688644409,
				"bytes":	2621440,
				"bits_per_second":	20949565.507624444,
				"retransmits":	0,
				"omitted":	false,
				"sender":	true
			}
		}, {
			"streams":	[{
					"socket":	5,
					"start":	1.001048,
					"end":	2.001191,
					"seconds":	1.0001430511474609,
					"bytes":	2490368,
					"bits_per_second":	19920094.407637458,
					"retransmits":	0,
					"snd_cwnd":	264544,
					"snd_wnd":	-1,
					"rtt":	141,
					"rttvar":	51,
					"pmtu":	9500,
					"omitted":	false,
					"sender":	true
				}],
			"sum":	{
				"start":	1.001048,
				"end":	2.001191,
				"seconds":	1.0001430511474609,
				"bytes":	2490368,
				"bits_per_second":	19920094.407637458,
				"retransmits":	0,
				"omitted":	false,
				"sender":	true
			}
		}, {
			"streams":	[{
					"socket":	5,
					"start":	2.001191,
					"end":	3.00131,
					"seconds":	1.0001189708709717,
					"bytes":	2490368,
					"bits_per_second":	19920574.031957161,
					"retransmits":	0,
					"snd_cwnd":	264544,
					"snd_wnd":	-1,
					"rtt":	112,
					"rttvar":	73,
					"pmtu":	9500,
					"omitted":	false,
					"sender":	true
				}],
			"sum":	{
				"start":	2.001191,
				"end":	3.00131,
				"seconds":	1.0001189708709717,
				"bytes":	2490368,
				"bits_per_second":	19920574.031957161,
				"retransmits":	0,
				"omitted":	false,
				"sender":	true
			}
		}],
	"end":	{
		"streams":	[{
				"sender":	{
					"socket":	5,
					"start":	0,
					"end":	3.00131,
					"seconds":	3.00131,
					"bytes":	7602176,
					"bits_per_second":	20263620.885546643,
					"retransmits":	0,
					"max_snd_cwnd":	264544,
					"max_snd_wnd":	0,
					"max_rtt":	141,
					"min_rtt":	112,
					"mean_rtt":	129,
					"sender":	true
				},
				"receiver":	{
					"socket":	5,
					"start":	0,
					"end":	3.001468,
					"seconds":	3.00131,
					"bytes":	7602176,
					"bits_per_second":	20262554.19014962,
					"sender":	true
				}
			}],
		"sum_sent":	{
			"start":	0,
			"end":	3.00131,
			"seconds":	3.00131,
			"bytes":	7602176,
			"bits_per_second":	20263620.885546643,
			"retransmits":	0,
			"sender":	true
		},
		"sum_received":	{
			"start":	0,
			"end":	3.001468,
			"seconds":	3.001468,
			"bytes":	7602176,
			"bits_per_second":	20262554.19014962,
			"sender":	true
		},
		"cpu_utilization_percent":	{
			"host_total":	0.55298139308543426,
			"host_user":	0.16917193684380924,
			"host_system":	0.38430907802793285,
			"remote_total":	0.19959847091112989,
			"remote_user":	0,
			"remote_system":	0.19959847091112989
		},
		"sender_tcp_congestion":	"cubic",
		"receiver_tcp_congestion":	"cubic"
	}
}
