{
	"start":	{
		"connected":	[{
				"socket":	5,
				"local_host":	"192.168.1.2",
				"local_port":	39172,
				"remote_host":	"192.168.4.2",
				"remote_port":	5205
			}],
		"version":	"iperf 3.19.1",
		"system_info":	"Linux h1 6.6.87.2-microsoft-standard-WSL2 #1 SMP PREEMPT_DYNAMIC Thu Jun  5 18:30:46 UTC 2025 x86_64",
		"timestamp":	{
			"time":	"Sun, 05 Apr 2026 07:34:42 UTC",
			"timesecs":	1775374482
		},
		"connecting_to":	{
			"host":	"192.168.4.2",
			"port":	5205
		},
		"cookie":	"k4rhvb3u74pn3rir3ipnoxoyjrc7myy6eqsv",
		"tcp_mss_default":	9448,
		"target_bitrate":	20000000,
		"fq_rate":	0,
		"sock_bufsize":	0,
		"sndbuf_actual":	16384,
		"rcvbuf_actual":	131072,
		"test_start":	{
			"protocol":	"TCP",
			"num_streams":	1,
			"blksize":	131072,
			"omit":	0,
			"duration":	3,
			"bytes":	0,
			"blocks":	0,
			"reverse":	0,
			"tos":	0,
			"target_bitrate":	20000000,
			"bidir":	0,
			"fqrate":	0,
			"interval":	1
		}
	},
	"intervals":	[{
			"streams":	[{
					"socket":	5,
					"start":	0,
					"end":	1.001056,
					"seconds":	1.0010559558868408,
					"bytes":	2621440,
					"bits_per_second":	20949398.359476537,
					"retransmits":	0,
					"snd_cwnd":	264544,
					"snd_wnd":	-1,
					"rtt":	132,
					"rttvar":	57,
					"pmtu":	9500,
					"omitted":	false,
					"sender":	true
				}],
			"sum":	{
				"start":	0,
				"end":	1.001056,
				"seconds":	1.0010559558868408,
				"bytes":	2621440,
				"bits_per_second":	20949398.359476537,
				"retransmits":	0,
				"omitted":	false,
				"sender":	true
			}
		}, {
			"streams":	[{
					"socket":	5,
					"start":	1.001056,
					"end":	2.000637,
					"seconds":	0.999580979347229,
					"bytes":	2490368,
					"bits_per_second":	19931295.624503151,
					"retransmits":	0,
					"snd_cwnd":	264544,
					"snd_wnd":	-1,
					"rtt":	114,
					"rttvar":	42,
					"pmtu":	9500,
					"omitted":	false,
					"sender":	true
				}],
			"sum":	{
				"start":	1.001056,
				"end":	2.000637,
				"seconds":	0.999580979347229,
				"bytes":	2490368,
				"bits_per_second":	19931295.624503151,
				"retransmits":	0,
				"omitted":	false,
				"sender":	true
			}
		}, {
			"streams":	[{
					"socket":	5,
					"start":	2.000637,
					"end":	3.000501,
					"seconds":	0.99986398220062256,
					"bytes":	2490368,
					"bits_per_second":	19925654.243641376,
					"retransmits":	0,
					"snd_cwnd":	264544,
					"snd_wnd":	-1,
					"rtt":	98,
					"rttvar":	56,
					"pmtu":	9500,
					"omitted":	false,
					"sender":	true
				}],
			"sum":	{
				"start":	2.000637,
				"end":	3.000501,
				"seconds":	0.99986398220062256,
				"bytes":	2490368,
				"bits_per_second":	19925654.243641376,
				"retransmits":	0,
				"omitted":	false,
				"sender":	true
			}
		}],
	"end":	{
		"streams":	[{
				"sender":	{
					"socket":	5,
					"start":	0,
					"end":	3.000501,
					"seconds":	3.000501,
					"bytes":	7602176,
					"bits_per_second":	20269084.396239161,
					"retransmits":	0,
					"max_snd_cwnd":	264544,
					"max_snd_wnd":	0,
					"max_rtt":	132,
					"min_rtt":	98,
					"mean_rtt":	114,
					"sender":	true
				},
				"receiver":	{
					"socket":	5,
					"start":	0,
					"end":	3.000663,
					"seconds":	3.000501,
					"bytes":	7602176,
					"bits_per_second":	20267990.107519571,
					"sender":	true
				}
			}],
		"sum_sent":	{
			"start":	0,
			"end":	3.000501,
			"seconds":	3.000501,
			"bytes":	7602176,
			"bits_per_second":	20269084.396239161,
			"retransmits":	0,
			"sender":	true
		},
		"sum_received":	{
			"start":	0,
			"end":	3.000663,
			"seconds":	3.000663,
			"bytes":	7602176,
			"bits_per_second":	20267990.107519571,
			"sender":	true
		},
		"cpu_utilization_percent":	{
			"host_total":	0.5176735502159332,
			"host_user":	0,
			"host_system":	0.517640240033177,
			"remote_total":	0.1760920104082242,
			"remote_user":	0,
			"remote_system":	0.1760920104082242
		},
		"sender_tcp_congestion":	"cubic",
		"receiver_tcp_congestion":	"cubic"
	}
}
