{
	"start":	{
		"connected":	[{
				"socket":	5,
				"local_host":	"192.168.1.2",
				"local_port":	45384,
				"remote_host":	"192.168.4.2",
				"remote_port":	5203
			}],
		"version":	"iperf 3.19.1",
		"system_info":	"Linux h1 6.6.87.2-microsoft-standard-WSL2 #1 SMP PREEMPT_DYNAMIC Thu Jun  5 18:30:46 UTC 2025 x86_64",
		"timestamp":	{
			"time":	"Sun, 05 Apr 2026 07:33:37 UTC",
			"timesecs":	1775374417
		},
		"connecting_to":	{
			"host":	"192.168.4.2",
			"port":	5203
		},
		"cookie":	"xo7tjwfos3qupn3o3r7hrme3wz4nhyugj4li",
		"tcp_mss_default":	9448,
		"target_bitrate":	20000000,
		"fq_rate":	0,
		"sock_bufsize":	0,
		"sndbuf_actual":	16384,
		"rcvbuf_actual":	131072,
		"test_start":	{
			"protocol":	"TCP",
			"num_streams":	1,
			"blksize":	131072,
			"omit":	0,
			"duration":	3,
			"bytes":	0,
			"blocks":	0,
			"reverse":	0,
			"tos":	0,
			"target_bitrate":	20000000,
			"bidir":	0,
			"fqrate":	0,
			"interval":	1
		}
	},
	"intervals":	[{
			"streams":	[{
					"socket":	5,
					"start":	0,
					"end":	1.000887,
					"seconds":	1.0008870363235474,
					"bytes":	2621440,
					"bits_per_second":	20952933.986469112,
					"retransmits":	0,
					"snd_cwnd":	359024,
					"snd_wnd":	-1,
					"rtt":	104,
					"rttvar":	62,
					"pmtu":	9500,
					"omitted":	false,
					"sender":	true
				}],
			"sum":	{
				"start":	0,
				"end":	1.000887,
				"seconds":	1.0008870363235474,
				"bytes":	2621440,
				"bits_per_second":	20952933.986469112,
				"retransmits":	0,
				"omitted":	false,
				"sender":	true
			}
		}, {
			"streams":	[{
					"socket":	5,
					"start":	1.000887,
					"end":	2.000334,
					"seconds":	0.999446988105774,
					"bytes":	2490368,
					"bits_per_second":	19933967.721248969,
					"retransmits":	0,
					"snd_cwnd":	359024,
					"snd_wnd":	-1,
					"rtt":	143,
					"rttvar":	88,
					"pmtu":	9500,
					"omitted":	false,
					"sender":	true
				}],
			"sum":	{
				"start":	1.000887,
				"end":	2.000334,
				"seconds":	0.999446988105774,
				"bytes":	2490368,
				"bits_per_second":	19933967.721248969,
				"retransmits":	0,
				"omitted":	false,
				"sender":	true
			}
		}, {
			"streams":	[{
					"socket":	5,
					"start":	2.000334,
					"end":	3.000612,
					"seconds":	1.0002779960632324,
					"bytes":	2490368,
					"bits_per_second":	19917407.039253291,
					"retransmits":	0,
					"snd_cwnd":	359024,
					"snd_wnd":	-1,
					"rtt":	109,
					"rttvar":	48,
					"pmtu":	9500,
					"omitted":	false,
					"sender":	true
				}],
			"sum":	{
				"start":	2.000334,
				"end":	3.000612,
				"seconds":	1.0002779960632324,
				"bytes":	2490368,
				"bits_per_second":	19917407.039253291,
				"retransmits":	0,
				"omitted":	false,
				"sender":	true
			}
		}],
	"end":	{
		"streams":	[{
				"sender":	{
					"socket":	5,
					"start":	0,
					"end":	3.000612,
					"seconds":	3.000612,
					"bytes":	7602176,
					"bits_per_second":	20268334.593076348,
					"retransmits":	0,
					"max_snd_cwnd":	359024,
					"max_snd_wnd":	0,
					"max_rtt":	143,
					"min_rtt":	104,
					"mean_rtt":	118,
					"sender":	true
				},
				"receiver":	{
					"socket":	5,
					"start":	0,
					"end":	3.000801,
					"seconds":	3.000612,
					"bytes":	7602176,
					"bits_per_second":	20267058.028839633,
					"sender":	true
				}
			}],
		"sum_sent":	{
			"start":	0,
			"end":	3.000612,
			"seconds":	3.000612,
			"bytes":	7602176,
			"bits_per_second":	20268334.593076348,
			"retransmits":	0,
			"sender":	true
		},
		"sum_received":	{
			"start":	0,
			"end":	3.000801,
			"seconds":	3.000801,
			"bytes":	7602176,
			"bits_per_second":	20267058.028839633,
			"sender":	true
		},
		"cpu_utilization_percent":	{
			"host_total":	0.49827799761338265,
			"host_user":	0,
			"host_system":	0.498311311646786,
			"remote_total":	0.1777512961448563,
			"remote_user":	0,
			"remote_system":	0.1777512961448563
		},
		"sender_tcp_congestion":	"cubic",
		"receiver_tcp_congestion":	"cubic"
	}
}
