{
	"start":	{
		"connected":	[{
				"socket":	5,
				"local_host":	"192.168.1.2",
				"local_port":	58724,
				"remote_host":	"192.168.4.2",
				"remote_port":	5204
			}],
		"version":	"iperf 3.19.1",
		"system_info":	"Linux h1 6.6.87.2-microsoft-standard-WSL2 #1 SMP PREEMPT_DYNAMIC Thu Jun  5 18:30:46 UTC 2025 x86_64",
		"timestamp":	{
			"time":	"Sun, 05 Apr 2026 07:46:15 UTC",
			"timesecs":	1775375175
		},
		"connecting_to":	{
			"host":	"192.168.4.2",
			"port":	5204
		},
		"cookie":	"ow4wv3jj54t7qqujxxxvubvhv4k3ybsflj74",
		"tcp_mss_default":	9448,
		"target_bitrate":	20000000,
		"fq_rate":	0,
		"sock_bufsize":	0,
		"sndbuf_actual":	16384,
		"rcvbuf_actual":	131072,
		"test_start":	{
			"protocol":	"TCP",
			"num_streams":	1,
			"blksize":	131072,
			"omit":	0,
			"duration":	3,
			"bytes":	0,
			"blocks":	0,
			"reverse":	0,
			"tos":	0,
			"target_bitrate":	20000000,
			"bidir":	0,
			"fqrate":	0,
			"interval":	1
		}
	},
	"intervals":	[{
			"streams":	[{
					"socket":	5,
					"start":	0,
					"end":	1.001048,
					"seconds":	1.0010479688644409,
					"bytes":	2621440,
					"bits_per_second":	20949565.507624444,
					"retransmits":	0,
					"snd_cwnd":	359024,
					"snd_wnd":	-1,
					"rtt":	122,
					"rttvar":	67,
					"pmtu":	9500,
					"omitted":	false,
					"sender":	true
				}],
			"sum":	{
				"start":	0,
				"end":	1.001048,
				"seconds":	1.0010479688644409,
				"bytes":	2621440,
				"bits_per_second":	20949565.507624444,
				"retransmits":	0,
				"omitted":	false,
				"sender":	true
			}
		}, {
			"streams":	[{
					"socket":	5,
					"start":	1.001048,
					"end":	2.000994,
					"seconds":	0.9999459981918335,
					"bytes":	2490368,
					"bits_per_second":	19924019.933102332,
					"retransmits":	0,
					"snd_cwnd":	359024,
					"snd_wnd":	-1,
					"rtt":	104,
					"rttvar":	57,
					"pmtu":	9500,
					"omitted":	false,
					"sender":	true
				}],
			"sum":	{
				"start":	1.001048,
				"end":	2.000994,
				"seconds":	0.9999459981918335,
				"bytes":	2490368,
				"bits_per_second":	19924019.933102332,
				"retransmits":	0,
				"omitted":	false,
				"sender":	true
			}
		}, {
			"streams":	[{
					"socket":	5,
					"start":	2.000994,
					"end":	3.001116,
					"seconds":	1.0001219511032104,
					"bytes":	2490368,
					"bits_per_second":	19920514.671259321,
					"retransmits":	0,
					"snd_cwnd":	359024,
					"snd_wnd":	-1,
					"rtt":	103,
					"rttvar":	44,
					"pmtu":	9500,
					"omitted":	false,
					"sender":	true
				}],
			"sum":	{
				"start":	2.000994,
				"end":	3.001116,
				"seconds":	1.0001219511032104,
				"bytes":	2490368,
				"bits_per_second":	19920514.671259321,
				"retransmits":	0,
				"omitted":	false,
				"sender":	true
			}
		}],
	"end":	{
		"streams":	[{
				"sender":	{
					"socket":	5,
					"start":	0,
					"end":	3.001116,
					"seconds":	3.001116,
					"bytes":	7602176,
					"bits_per_second":	20264930.779083513,
					"retransmits":	0,
					"max_snd_cwnd":	359024,
					"max_snd_wnd":	0,
					"max_rtt":	122,
					"min_rtt":	103,
					"mean_rtt":	109,
					"sender":	true
				},
				"receiver":	{
					"socket":	5,
					"start":	0,
					"end":	3.001252,
					"seconds":	3.001116,
					"bytes":	7602176,
					"bits_per_second":	20264012.485456068,
					"sender":	true
				}
			}],
		"sum_sent":	{
			"start":	0,
			"end":	3.001116,
			"seconds":	3.001116,
			"bytes":	7602176,
			"bits_per_second":	20264930.779083513,
			"retransmits":	0,
			"sender":	true
		},
		"sum_received":	{
			"start":	0,
			"end":	3.001252,
			"seconds":	3.001252,
			"bytes":	7602176,
			"bits_per_second":	20264012.485456068,
			"sender":	true
		},
		"cpu_utilization_percent":	{
			"host_total":	0.49644008094131753,
			"host_user":	0.048364935421819182,
			"host_system":	0.44804183633532352,
			"remote_total":	0.18538682673995066,
			"remote_user":	0.0050644855615514916,
			"remote_system":	0.18035566016235674
		},
		"sender_tcp_congestion":	"cubic",
		"receiver_tcp_congestion":	"cubic"
	}
}
