{
	"start":	{
		"connected":	[{
				"socket":	5,
				"local_host":	"192.168.1.2",
				"local_port":	58016,
				"remote_host":	"192.168.4.2",
				"remote_port":	5202
			}],
		"version":	"iperf 3.19.1",
		"system_info":	"Linux h1 6.6.87.2-microsoft-standard-WSL2 #1 SMP PREEMPT_DYNAMIC Thu Jun  5 18:30:46 UTC 2025 x86_64",
		"timestamp":	{
			"time":	"Sun, 05 Apr 2026 07:40:46 UTC",
			"timesecs":	1775374846
		},
		"connecting_to":	{
			"host":	"192.168.4.2",
			"port":	5202
		},
		"cookie":	"s4s664uwn5b7dvlyjagpcdx57cxyvxy5dvds",
		"tcp_mss_default":	9448,
		"target_bitrate":	20000000,
		"fq_rate":	0,
		"sock_bufsize":	0,
		"sndbuf_actual":	16384,
		"rcvbuf_actual":	131072,
		"test_start":	{
			"protocol":	"TCP",
			"num_streams":	1,
			"blksize":	131072,
			"omit":	0,
			"duration":	3,
			"bytes":	0,
			"blocks":	0,
			"reverse":	0,
			"tos":	0,
			"target_bitrate":	20000000,
			"bidir":	0,
			"fqrate":	0,
			"interval":	1
		}
	},
	"intervals":	[{
			"streams":	[{
					"socket":	5,
					"start":	0,
					"end":	1.000766,
					"seconds":	1.0007660388946533,
					"bytes":	2621440,
					"bits_per_second":	20955467.296994865,
					"retransmits":	0,
					"snd_cwnd":	264544,
					"snd_wnd":	-1,
					"rtt":	143,
					"rttvar":	74,
					"pmtu":	9500,
					"omitted":	false,
					"sender":	true
				}],
			"sum":	{
				"start":	0,
				"end":	1.000766,
				"seconds":	1.0007660388946533,
				"bytes":	2621440,
				"bits_per_second":	20955467.296994865,
				"retransmits":	0,
				"omitted":	false,
				"sender":	true
			}
		}, {
			"streams":	[{
					"socket":	5,
					"start":	1.000766,
					"end":	2.000958,
					"seconds":	1.0001920461654663,
					"bytes":	2490368,
					"bits_per_second":	19919118.609651547,
					"retransmits":	0,
					"snd_cwnd":	264544,
					"snd_wnd":	-1,
					"rtt":	113,
					"rttvar":	59,
					"pmtu":	9500,
					"omitted":	false,
					"sender":	true
				}],
			"sum":	{
				"start":	1.000766,
				"end":	2.000958,
				"seconds":	1.0001920461654663,
				"bytes":	2490368,
				"bits_per_second":	19919118.609651547,
				"retransmits":	0,
				"omitted":	false,
				"sender":	true
			}
		}, {
			"streams":	[{
					"socket":	5,
					"start":	2.000958,
					"end":	3.001093,
					"seconds":	1.0001349449157715,
					"bytes":	2490368,
					"bits_per_second":	19920255.862750456,
					"retransmits":	0,
					"snd_cwnd":	264544,
					"snd_wnd":	-1,
					"rtt":	142,
					"rttvar":	69,
					"pmtu":	9500,
					"omitted":	false,
					"sender":	true
				}],
			"sum":	{
				"start":	2.000958,
				"end":	3.001093,
				"seconds":	1.0001349449157715,
				"bytes":	2490368,
				"bits_per_second":	19920255.862750456,
				"retransmits":	0,
				"omitted":	false,
				"sender":	true
			}
		}],
	"end":	{
		"streams":	[{
				"sender":	{
					"socket":	5,
					"start":	0,
					"end":	3.001093,
					"seconds":	3.001093,
					"bytes":	7602176,
					"bits_per_second":	20265086.086968981,
					"retransmits":	0,
					"max_snd_cwnd":	264544,
					"max_snd_wnd":	0,
					"max_rtt":	143,
					"min_rtt":	113,
					"mean_rtt":	132,
					"sender":	true
				},
				"receiver":	{
					"socket":	5,
					"start":	0,
					"end":	3.001298,
					"seconds":	3.001093,
					"bytes":	7602176,
					"bits_per_second":	20263701.904975783,
					"sender":	true
				}
			}],
		"sum_sent":	{
			"start":	0,
			"end":	3.001093,
			"seconds":	3.001093,
			"bytes":	7602176,
			"bits_per_second":	20265086.086968981,
			"retransmits":	0,
			"sender":	true
		},
		"sum_received":	{
			"start":	0,
			"end":	3.001298,
			"seconds":	3.001298,
			"bytes":	7602176,
			"bits_per_second":	20263701.904975783,
			"sender":	true
		},
		"cpu_utilization_percent":	{
			"host_total":	0.57246348097887523,
			"host_user":	0,
			"host_system":	0.57246348097887523,
			"remote_total":	0.194081464903574,
			"remote_user":	0,
			"remote_system":	0.19411478360999521
		},
		"sender_tcp_congestion":	"cubic",
		"receiver_tcp_congestion":	"cubic"
	}
}
