{
	"start":	{
		"connected":	[{
				"socket":	5,
				"local_host":	"192.168.1.2",
				"local_port":	55254,
				"remote_host":	"192.168.4.2",
				"remote_port":	5203
			}],
		"version":	"iperf 3.19.1",
		"system_info":	"Linux h1 6.6.87.2-microsoft-standard-WSL2 #1 SMP PREEMPT_DYNAMIC Thu Jun  5 18:30:46 UTC 2025 x86_64",
		"timestamp":	{
			"time":	"Sun, 05 Apr 2026 07:48:15 UTC",
			"timesecs":	1775375295
		},
		"connecting_to":	{
			"host":	"192.168.4.2",
			"port":	5203
		},
		"cookie":	"no4bdcvedfwps4odnfw2x47p4eklnvbwrl64",
		"tcp_mss_default":	9448,
		"target_bitrate":	20000000,
		"fq_rate":	0,
		"sock_bufsize":	0,
		"sndbuf_actual":	16384,
		"rcvbuf_actual":	131072,
		"test_start":	{
			"protocol":	"TCP",
			"num_streams":	1,
			"blksize":	131072,
			"omit":	0,
			"duration":	3,
			"bytes":	0,
			"blocks":	0,
			"reverse":	0,
			"tos":	0,
			"target_bitrate":	20000000,
			"bidir":	0,
			"fqrate":	0,
			"interval":	1
		}
	},
	"intervals":	[{
			"streams":	[{
					"socket":	5,
					"start":	0,
					"end":	1.001082,
					"seconds":	1.0010819435119629,
					"bytes":	2621440,
					"bits_per_second":	20948854.522766039,
					"retransmits":	0,
					"snd_cwnd":	207856,
					"snd_wnd":	-1,
					"rtt":	109,
					"rttvar":	58,
					"pmtu":	9500,
					"omitted":	false,
					"sender":	true
				}],
			"sum":	{
				"start":	0,
				"end":	1.001082,
				"seconds":	1.0010819435119629,
				"bytes":	2621440,
				"bits_per_second":	20948854.522766039,
				"retransmits":	0,
				"omitted":	false,
				"sender":	true
			}
		}, {
			"streams":	[{
					"socket":	5,
					"start":	1.001082,
					"end":	2.001077,
					"seconds":	0.999994993209839,
					"bytes":	2490368,
					"bits_per_second":	19923043.750499431,
					"retransmits":	0,
					"snd_cwnd":	207856,
					"snd_wnd":	-1,
					"rtt":	138,
					"rttvar":	75,
					"pmtu":	9500,
					"omitted":	false,
					"sender":	true
				}],
			"sum":	{
				"start":	1.001082,
				"end":	2.001077,
				"seconds":	0.999994993209839,
				"bytes":	2490368,
				"bits_per_second":	19923043.750499431,
				"retransmits":	0,
				"omitted":	false,
				"sender":	true
			}
		}, {
			"streams":	[{
					"socket":	5,
					"start":	2.001077,
					"end":	3.001571,
					"seconds":	1.0004940032958984,
					"bytes":	2490368,
					"bits_per_second":	19913106.85957979,
					"retransmits":	0,
					"snd_cwnd":	207856,
					"snd_wnd":	-1,
					"rtt":	120,
					"rttvar":	51,
					"pmtu":	9500,
					"omitted":	false,
					"sender":	true
				}],
			"sum":	{
				"start":	2.001077,
				"end":	3.001571,
				"seconds":	1.0004940032958984,
				"bytes":	2490368,
				"bits_per_second":	19913106.85957979,
				"retransmits":	0,
				"omitted":	false,
				"sender":	true
			}
		}],
	"end":	{
		"streams":	[{
				"sender":	{
					"socket":	5,
					"start":	0,
					"end":	3.001571,
					"seconds":	3.001571,
					"bytes":	7602176,
					"bits_per_second":	20261858.873236712,
					"retransmits":	0,
					"max_snd_cwnd":	207856,
					"max_snd_wnd":	0,
					"max_rtt":	138,
					"min_rtt":	109,
					"mean_rtt":	122,
					"sender":	true
				},
				"receiver":	{
					"socket":	5,
					"start":	0,
					"end":	3.001799,
					"seconds":	3.001571,
					"bytes":	7602176,
					"bits_per_second":	20260319.8948364,
					"sender":	true
				}
			}],
		"sum_sent":	{
			"start":	0,
			"end":	3.001571,
			"seconds":	3.001571,
			"bytes":	7602176,
			"bits_per_second":	20261858.873236712,
			"retransmits":	0,
			"sender":	true
		},
		"sum_received":	{
			"start":	0,
			"end":	3.001799,
			"seconds":	3.001799,
			"bytes":	7602176,
			"bits_per_second":	20260319.8948364,
			"sender":	true
		},
		"cpu_utilization_percent":	{
			"host_total":	0.48640584912692414,
			"host_user":	0.10664691378419687,
			"host_system":	0.3797922416868198,
			"remote_total":	0.17752474736286306,
			"remote_user":	0,
			"remote_system":	0.17752474736286306
		},
		"sender_tcp_congestion":	"cubic",
		"receiver_tcp_congestion":	"cubic"
	}
}
