{
	"start":	{
		"connected":	[{
				"socket":	5,
				"local_host":	"192.168.1.2",
				"local_port":	51196,
				"remote_host":	"192.168.4.2",
				"remote_port":	5202
			}],
		"version":	"iperf 3.19.1",
		"system_info":	"Linux h1 6.6.87.2-microsoft-standard-WSL2 #1 SMP PREEMPT_DYNAMIC Thu Jun  5 18:30:46 UTC 2025 x86_64",
		"timestamp":	{
			"time":	"Sun, 05 Apr 2026 07:35:31 UTC",
			"timesecs":	1775374531
		},
		"connecting_to":	{
			"host":	"192.168.4.2",
			"port":	5202
		},
		"cookie":	"va4chnmydkh4lg72mimzzafv4k5ir6wdum4b",
		"tcp_mss_default":	9448,
		"target_bitrate":	20000000,
		"fq_rate":	0,
		"sock_bufsize":	0,
		"sndbuf_actual":	16384,
		"rcvbuf_actual":	131072,
		"test_start":	{
			"protocol":	"TCP",
			"num_streams":	1,
			"blksize":	131072,
			"omit":	0,
			"duration":	3,
			"bytes":	0,
			"blocks":	0,
			"reverse":	0,
			"tos":	0,
			"target_bitrate":	20000000,
			"bidir":	0,
			"fqrate":	0,
			"interval":	1
		}
	},
	"intervals":	[{
			"streams":	[{
					"socket":	5,
					"start":	0,
					"end":	1.000143,
					"seconds":	1.0001430511474609,
					"bytes":	2621440,
					"bits_per_second":	20968520.429092061,
					"retransmits":	0,
					"snd_cwnd":	302336,
					"snd_wnd":	-1,
					"rtt":	127,
					"rttvar":	58,
					"pmtu":	9500,
					"omitted":	false,
					"sender":	true
				}],
			"sum":	{
				"start":	0,
				"end":	1.000143,
				"seconds":	1.0001430511474609,
				"bytes":	2621440,
				"bits_per_second":	20968520.429092061,
				"retransmits":	0,
				"omitted":	false,
				"sender":	true
			}
		}, {
			"streams":	[{
					"socket":	5,
					"start":	1.000143,
					"end":	2.000421,
					"seconds":	1.0002779960632324,
					"bytes":	2490368,
					"bits_per_second":	19917407.039253291,
					"retransmits":	0,
					"snd_cwnd":	302336,
					"snd_wnd":	-1,
					"rtt":	123,
					"rttvar":	71,
					"pmtu":	9500,
					"omitted":	false,
					"sender":	true
				}],
			"sum":	{
				"start":	1.000143,
				"end":	2.000421,
				"seconds":	1.0002779960632324,
				"bytes":	2490368,
				"bits_per_second":	19917407.039253291,
				"retransmits":	0,
				"omitted":	false,
				"sender":	true
			}
		}, {
			"streams":	[{
					"socket":	5,
					"start":	2.000421,
					"end":	3.000614,
					"seconds":	1.0001929998397827,
					"bytes":	2490368,
					"bits_per_second":	19919099.616965309,
					"retransmits":	0,
					"snd_cwnd":	302336,
					"snd_wnd":	-1,
					"rtt":	109,
					"rttvar":	59,
					"pmtu":	9500,
					"omitted":	false,
					"sender":	true
				}],
			"sum":	{
				"start":	2.000421,
				"end":	3.000614,
				"seconds":	1.0001929998397827,
				"bytes":	2490368,
				"bits_per_second":	19919099.616965309,
				"retransmits":	0,
				"omitted":	false,
				"sender":	true
			}
		}],
	"end":	{
		"streams":	[{
				"sender":	{
					"socket":	5,
					"start":	0,
					"end":	3.000614,
					"seconds":	3.000614,
					"bytes":	7602176,
					"bits_per_second":	20268321.08361822,
					"retransmits":	0,
					"max_snd_cwnd":	302336,
					"max_snd_wnd":	0,
					"max_rtt":	127,
					"min_rtt":	109,
					"mean_rtt":	119,
					"sender":	true
				},
				"receiver":	{
					"socket":	5,
					"start":	0,
					"end":	3.000748,
					"seconds":	3.000614,
					"bytes":	7602176,
					"bits_per_second":	20267415.990946256,
					"sender":	true
				}
			}],
		"sum_sent":	{
			"start":	0,
			"end":	3.000614,
			"seconds":	3.000614,
			"bytes":	7602176,
			"bits_per_second":	20268321.08361822,
			"retransmits":	0,
			"sender":	true
		},
		"sum_received":	{
			"start":	0,
			"end":	3.000748,
			"seconds":	3.000748,
			"bytes":	7602176,
			"bits_per_second":	20267415.990946256,
			"sender":	true
		},
		"cpu_utilization_percent":	{
			"host_total":	0.54010366312349956,
			"host_user":	0,
			"host_system":	0.540136978177973,
			"remote_total":	0.18538445363239225,
			"remote_user":	0.001999472805670238,
			"remote_system":	0.183384980826722
		},
		"sender_tcp_congestion":	"cubic",
		"receiver_tcp_congestion":	"cubic"
	}
}
