{
	"start":	{
		"connected":	[{
				"socket":	5,
				"local_host":	"192.168.1.2",
				"local_port":	33784,
				"remote_host":	"192.168.4.2",
				"remote_port":	5205
			}],
		"version":	"iperf 3.19.1",
		"system_info":	"Linux h1 6.6.87.2-microsoft-standard-WSL2 #1 SMP PREEMPT_DYNAMIC Thu Jun  5 18:30:46 UTC 2025 x86_64",
		"timestamp":	{
			"time":	"Sun, 05 Apr 2026 07:40:44 UTC",
			"timesecs":	1775374844
		},
		"connecting_to":	{
			"host":	"192.168.4.2",
			"port":	5205
		},
		"cookie":	"q6xanj76ywdnts7ghjpul64227feqohfkv7v",
		"tcp_mss_default":	9448,
		"target_bitrate":	20000000,
		"fq_rate":	0,
		"sock_bufsize":	0,
		"sndbuf_actual":	16384,
		"rcvbuf_actual":	131072,
		"test_start":	{
			"protocol":	"TCP",
			"num_streams":	1,
			"blksize":	131072,
			"omit":	0,
			"duration":	3,
			"bytes":	0,
			"blocks":	0,
			"reverse":	0,
			"tos":	0,
			"target_bitrate":	20000000,
			"bidir":	0,
			"fqrate":	0,
			"interval":	1
		}
	},
	"intervals":	[{
			"streams":	[{
					"socket":	5,
					"start":	0,
					"end":	1.001114,
					"seconds":	1.0011140108108521,
					"bytes":	2621440,
					"bits_per_second":	20948183.4971165,
					"retransmits":	0,
					"snd_cwnd":	264544,
					"snd_wnd":	-1,
					"rtt":	122,
					"rttvar":	59,
					"pmtu":	9500,
					"omitted":	false,
					"sender":	true
				}],
			"sum":	{
				"start":	0,
				"end":	1.001114,
				"seconds":	1.0011140108108521,
				"bytes":	2621440,
				"bits_per_second":	20948183.4971165,
				"retransmits":	0,
				"omitted":	false,
				"sender":	true
			}
		}, {
			"streams":	[{
					"socket":	5,
					"start":	1.001114,
					"end":	2.001214,
					"seconds":	1.0001000165939331,
					"bytes":	2490368,
					"bits_per_second":	19920951.574275635,
					"retransmits":	0,
					"snd_cwnd":	264544,
					"snd_wnd":	-1,
					"rtt":	112,
					"rttvar":	42,
					"pmtu":	9500,
					"omitted":	false,
					"sender":	true
				}],
			"sum":	{
				"start":	1.001114,
				"end":	2.001214,
				"seconds":	1.0001000165939331,
				"bytes":	2490368,
				"bits_per_second":	19920951.574275635,
				"retransmits":	0,
				"omitted":	false,
				"sender":	true
			}
		}, {
			"streams":	[{
					"socket":	5,
					"start":	2.001214,
					"end":	3.001301,
					"seconds":	1.0000870227813721,
					"bytes":	2490368,
					"bits_per_second":	19921210.400862619,
					"retransmits":	0,
					"snd_cwnd":	264544,
					"snd_wnd":	-1,
					"rtt":	142,
					"rttvar":	60,
					"pmtu":	9500,
					"omitted":	false,
					"sender":	true
				}],
			"sum":	{
				"start":	2.001214,
				"end":	3.001301,
				"seconds":	1.0000870227813721,
				"bytes":	2490368,
				"bits_per_second":	19921210.400862619,
				"retransmits":	0,
				"omitted":	false,
				"sender":	true
			}
		}],
	"end":	{
		"streams":	[{
				"sender":	{
					"socket":	5,
					"start":	0,
					"end":	3.001301,
					"seconds":	3.001301,
					"bytes":	7602176,
					"bits_per_second":	20263681.650057755,
					"retransmits":	0,
					"max_snd_cwnd":	264544,
					"max_snd_wnd":	0,
					"max_rtt":	142,
					"min_rtt":	112,
					"mean_rtt":	125,
					"sender":	true
				},
				"receiver":	{
					"socket":	5,
					"start":	0,
					"end":	3.001461,
					"seconds":	3.001301,
					"bytes":	7602176,
					"bits_per_second":	20262601.446428921,
					"sender":	true
				}
			}],
		"sum_sent":	{
			"start":	0,
			"end":	3.001301,
			"seconds":	3.001301,
			"bytes":	7602176,
			"bits_per_second":	20263681.650057755,
			"retransmits":	0,
			"sender":	true
		},
		"sum_received":	{
			"start":	0,
			"end":	3.001461,
			"seconds":	3.001461,
			"bytes":	7602176,
			"bits_per_second":	20262601.446428921,
			"sender":	true
		},
		"cpu_utilization_percent":	{
			"host_total":	0.51945802635260263,
			"host_user":	0,
			"host_system":	0.51949133348432563,
			"remote_total":	0.18207562885224055,
			"remote_user":	0,
			"remote_system":	0.18207562885224055
		},
		"sender_tcp_congestion":	"cubic",
		"receiver_tcp_congestion":	"cubic"
	}
}
