{
	"start":	{
		"connected":	[{
				"socket":	5,
				"local_host":	"192.168.1.2",
				"local_port":	36234,
				"remote_host":	"192.168.4.2",
				"remote_port":	5202
			}],
		"version":	"iperf 3.19.1",
		"system_info":	"Linux h1 6.6.87.2-microsoft-standard-WSL2 #1 SMP PREEMPT_DYNAMIC Thu Jun  5 18:30:46 UTC 2025 x86_64",
		"timestamp":	{
			"time":	"Sun, 05 Apr 2026 07:30:28 UTC",
			"timesecs":	1775374228
		},
		"connecting_to":	{
			"host":	"192.168.4.2",
			"port":	5202
		},
		"cookie":	"octamq4zd5huizkipswnfcdhtqhijjyfe7gh",
		"tcp_mss_default":	9448,
		"target_bitrate":	20000000,
		"fq_rate":	0,
		"sock_bufsize":	0,
		"sndbuf_actual":	16384,
		"rcvbuf_actual":	131072,
		"test_start":	{
			"protocol":	"TCP",
			"num_streams":	1,
			"blksize":	131072,
			"omit":	0,
			"duration":	3,
			"bytes":	0,
			"blocks":	0,
			"reverse":	0,
			"tos":	0,
			"target_bitrate":	20000000,
			"bidir":	0,
			"fqrate":	0,
			"interval":	1
		}
	},
	"intervals":	[{
			"streams":	[{
					"socket":	5,
					"start":	0,
					"end":	1.000639,
					"seconds":	1.0006389617919922,
					"bytes":	2621440,
					"bits_per_second":	20958128.556620657,
					"retransmits":	0,
					"snd_cwnd":	264544,
					"snd_wnd":	-1,
					"rtt":	120,
					"rttvar":	56,
					"pmtu":	9500,
					"omitted":	false,
					"sender":	true
				}],
			"sum":	{
				"start":	0,
				"end":	1.000639,
				"seconds":	1.0006389617919922,
				"bytes":	2621440,
				"bits_per_second":	20958128.556620657,
				"retransmits":	0,
				"omitted":	false,
				"sender":	true
			}
		}, {
			"streams":	[{
					"socket":	5,
					"start":	1.000639,
					"end":	2.001094,
					"seconds":	1.0004550218582153,
					"bytes":	2490368,
					"bits_per_second":	19913882.748067692,
					"retransmits":	0,
					"snd_cwnd":	264544,
					"snd_wnd":	-1,
					"rtt":	148,
					"rttvar":	108,
					"pmtu":	9500,
					"omitted":	false,
					"sender":	true
				}],
			"sum":	{
				"start":	1.000639,
				"end":	2.001094,
				"seconds":	1.0004550218582153,
				"bytes":	2490368,
				"bits_per_second":	19913882.748067692,
				"retransmits":	0,
				"omitted":	false,
				"sender":	true
			}
		}, {
			"streams":	[{
					"socket":	5,
					"start":	2.001094,
					"end":	3.000841,
					"seconds":	0.99974697828292847,
					"bytes":	2490368,
					"bits_per_second":	19927986.213289466,
					"retransmits":	0,
					"snd_cwnd":	264544,
					"snd_wnd":	-1,
					"rtt":	139,
					"rttvar":	106,
					"pmtu":	9500,
					"omitted":	false,
					"sender":	true
				}],
			"sum":	{
				"start":	2.001094,
				"end":	3.000841,
				"seconds":	0.99974697828292847,
				"bytes":	2490368,
				"bits_per_second":	19927986.213289466,
				"retransmits":	0,
				"omitted":	false,
				"sender":	true
			}
		}],
	"end":	{
		"streams":	[{
				"sender":	{
					"socket":	5,
					"start":	0,
					"end":	3.000841,
					"seconds":	3.000841,
					"bytes":	7602176,
					"bits_per_second":	20266787.877131779,
					"retransmits":	0,
					"max_snd_cwnd":	264544,
					"max_snd_wnd":	0,
					"max_rtt":	148,
					"min_rtt":	120,
					"mean_rtt":	135,
					"sender":	true
				},
				"receiver":	{
					"socket":	5,
					"start":	0,
					"end":	3.001016,
					"seconds":	3.000841,
					"bytes":	7602176,
					"bits_per_second":	20265606.048085049,
					"sender":	true
				}
			}],
		"sum_sent":	{
			"start":	0,
			"end":	3.000841,
			"seconds":	3.000841,
			"bytes":	7602176,
			"bits_per_second":	20266787.877131779,
			"retransmits":	0,
			"sender":	true
		},
		"sum_received":	{
			"start":	0,
			"end":	3.001016,
			"seconds":	3.001016,
			"bytes":	7602176,
			"bits_per_second":	20265606.048085049,
			"sender":	true
		},
		"cpu_utilization_percent":	{
			"host_total":	0.56551284413052227,
			"host_user":	0.012625434020114748,
			"host_system":	0.55292072260122582,
			"remote_total":	0.19033312962712434,
			"remote_user":	0.0011662569217348305,
			"remote_system":	0.18916687270538951
		},
		"sender_tcp_congestion":	"cubic",
		"receiver_tcp_congestion":	"cubic"
	}
}
