{
	"start":	{
		"connected":	[{
				"socket":	5,
				"local_host":	"192.168.1.2",
				"local_port":	50120,
				"remote_host":	"192.168.4.2",
				"remote_port":	5204
			}],
		"version":	"iperf 3.19.1",
		"system_info":	"Linux h1 6.6.87.2-microsoft-standard-WSL2 #1 SMP PREEMPT_DYNAMIC Thu Jun  5 18:30:46 UTC 2025 x86_64",
		"timestamp":	{
			"time":	"Sun, 05 Apr 2026 07:36:52 UTC",
			"timesecs":	1775374612
		},
		"connecting_to":	{
			"host":	"192.168.4.2",
			"port":	5204
		},
		"cookie":	"atxy65jekjunuxafialz5i6kufjz2ugfuof7",
		"tcp_mss_default":	9448,
		"target_bitrate":	20000000,
		"fq_rate":	0,
		"sock_bufsize":	0,
		"sndbuf_actual":	16384,
		"rcvbuf_actual":	131072,
		"test_start":	{
			"protocol":	"TCP",
			"num_streams":	1,
			"blksize":	131072,
			"omit":	0,
			"duration":	3,
			"bytes":	0,
			"blocks":	0,
			"reverse":	0,
			"tos":	0,
			"target_bitrate":	20000000,
			"bidir":	0,
			"fqrate":	0,
			"interval":	1
		}
	},
	"intervals":	[{
			"streams":	[{
					"socket":	5,
					"start":	0,
					"end":	1.001049,
					"seconds":	1.0010490417480469,
					"bytes":	2621440,
					"bits_per_second":	20949543.054733079,
					"retransmits":	0,
					"snd_cwnd":	255096,
					"snd_wnd":	-1,
					"rtt":	143,
					"rttvar":	67,
					"pmtu":	9500,
					"omitted":	false,
					"sender":	true
				}],
			"sum":	{
				"start":	0,
				"end":	1.001049,
				"seconds":	1.0010490417480469,
				"bytes":	2621440,
				"bits_per_second":	20949543.054733079,
				"retransmits":	0,
				"omitted":	false,
				"sender":	true
			}
		}, {
			"streams":	[{
					"socket":	5,
					"start":	1.001049,
					"end":	2.001493,
					"seconds":	1.0004440546035767,
					"bytes":	2490368,
					"bits_per_second":	19914101.051751878,
					"retransmits":	0,
					"snd_cwnd":	255096,
					"snd_wnd":	-1,
					"rtt":	129,
					"rttvar":	52,
					"pmtu":	9500,
					"omitted":	false,
					"sender":	true
				}],
			"sum":	{
				"start":	1.001049,
				"end":	2.001493,
				"seconds":	1.0004440546035767,
				"bytes":	2490368,
				"bits_per_second":	19914101.051751878,
				"retransmits":	0,
				"omitted":	false,
				"sender":	true
			}
		}, {
			"streams":	[{
					"socket":	5,
					"start":	2.001493,
					"end":	3.001436,
					"seconds":	0.99994301795959473,
					"bytes":	2490368,
					"bits_per_second":	19924079.314692549,
					"retransmits":	0,
					"snd_cwnd":	255096,
					"snd_wnd":	-1,
					"rtt":	149,
					"rttvar":	49,
					"pmtu":	9500,
					"omitted":	false,
					"sender":	true
				}],
			"sum":	{
				"start":	2.001493,
				"end":	3.001436,
				"seconds":	0.99994301795959473,
				"bytes":	2490368,
				"bits_per_second":	19924079.314692549,
				"retransmits":	0,
				"omitted":	false,
				"sender":	true
			}
		}],
	"end":	{
		"streams":	[{
				"sender":	{
					"socket":	5,
					"start":	0,
					"end":	3.001436,
					"seconds":	3.001436,
					"bytes":	7602176,
					"bits_per_second":	20262770.22065438,
					"retransmits":	0,
					"max_snd_cwnd":	255096,
					"max_snd_wnd":	0,
					"max_rtt":	149,
					"min_rtt":	129,
					"mean_rtt":	140,
					"sender":	true
				},
				"receiver":	{
					"socket":	5,
					"start":	0,
					"end":	3.00163,
					"seconds":	3.001436,
					"bytes":	7602176,
					"bits_per_second":	20261460.606403854,
					"sender":	true
				}
			}],
		"sum_sent":	{
			"start":	0,
			"end":	3.001436,
			"seconds":	3.001436,
			"bytes":	7602176,
			"bits_per_second":	20262770.22065438,
			"retransmits":	0,
			"sender":	true
		},
		"sum_received":	{
			"start":	0,
			"end":	3.00163,
			"seconds":	3.00163,
			"bytes":	7602176,
			"bits_per_second":	20261460.606403854,
			"sender":	true
		},
		"cpu_utilization_percent":	{
			"host_total":	0.550107327048581,
			"host_user":	0,
			"host_system":	0.550107327048581,
			"remote_total":	0.19046070702665752,
			"remote_user":	0,
			"remote_system":	0.19049402182585753
		},
		"sender_tcp_congestion":	"cubic",
		"receiver_tcp_congestion":	"cubic"
	}
}
