{
	"start":	{
		"connected":	[{
				"socket":	5,
				"local_host":	"192.168.1.2",
				"local_port":	53240,
				"remote_host":	"192.168.4.2",
				"remote_port":	5202
			}],
		"version":	"iperf 3.19.1",
		"system_info":	"Linux h1 6.6.87.2-microsoft-standard-WSL2 #1 SMP PREEMPT_DYNAMIC Thu Jun  5 18:30:46 UTC 2025 x86_64",
		"timestamp":	{
			"time":	"Sun, 05 Apr 2026 07:44:26 UTC",
			"timesecs":	1775375066
		},
		"connecting_to":	{
			"host":	"192.168.4.2",
			"port":	5202
		},
		"cookie":	"6z2rdmkxgdm5xfi2i54mafw7vg3hh667f6sg",
		"tcp_mss_default":	9448,
		"target_bitrate":	20000000,
		"fq_rate":	0,
		"sock_bufsize":	0,
		"sndbuf_actual":	16384,
		"rcvbuf_actual":	131072,
		"test_start":	{
			"protocol":	"TCP",
			"num_streams":	1,
			"blksize":	131072,
			"omit":	0,
			"duration":	3,
			"bytes":	0,
			"blocks":	0,
			"reverse":	0,
			"tos":	0,
			"target_bitrate":	20000000,
			"bidir":	0,
			"fqrate":	0,
			"interval":	1
		}
	},
	"intervals":	[{
			"streams":	[{
					"socket":	5,
					"start":	0,
					"end":	1.001516,
					"seconds":	1.0015159845352173,
					"bytes":	2621440,
					"bits_per_second":	20939775.623983122,
					"retransmits":	0,
					"snd_cwnd":	264544,
					"snd_wnd":	-1,
					"rtt":	126,
					"rttvar":	51,
					"pmtu":	9500,
					"omitted":	false,
					"sender":	true
				}],
			"sum":	{
				"start":	0,
				"end":	1.001516,
				"seconds":	1.0015159845352173,
				"bytes":	2621440,
				"bits_per_second":	20939775.623983122,
				"retransmits":	0,
				"omitted":	false,
				"sender":	true
			}
		}, {
			"streams":	[{
					"socket":	5,
					"start":	1.001516,
					"end":	2.001119,
					"seconds":	0.999602973461151,
					"bytes":	2490368,
					"bits_per_second":	19930857.079202447,
					"retransmits":	0,
					"snd_cwnd":	264544,
					"snd_wnd":	-1,
					"rtt":	133,
					"rttvar":	45,
					"pmtu":	9500,
					"omitted":	false,
					"sender":	true
				}],
			"sum":	{
				"start":	1.001516,
				"end":	2.001119,
				"seconds":	0.999602973461151,
				"bytes":	2490368,
				"bits_per_second":	19930857.079202447,
				"retransmits":	0,
				"omitted":	false,
				"sender":	true
			}
		}, {
			"streams":	[{
					"socket":	5,
					"start":	2.001119,
					"end":	3.001717,
					"seconds":	1.0005979537963867,
					"bytes":	2490368,
					"bits_per_second":	19911038.119166642,
					"retransmits":	0,
					"snd_cwnd":	264544,
					"snd_wnd":	-1,
					"rtt":	155,
					"rttvar":	57,
					"pmtu":	9500,
					"omitted":	false,
					"sender":	true
				}],
			"sum":	{
				"start":	2.001119,
				"end":	3.001717,
				"seconds":	1.0005979537963867,
				"bytes":	2490368,
				"bits_per_second":	19911038.119166642,
				"retransmits":	0,
				"omitted":	false,
				"sender":	true
			}
		}],
	"end":	{
		"streams":	[{
				"sender":	{
					"socket":	5,
					"start":	0,
					"end":	3.001717,
					"seconds":	3.001717,
					"bytes":	7602176,
					"bits_per_second":	20260873.360146876,
					"retransmits":	0,
					"max_snd_cwnd":	264544,
					"max_snd_wnd":	0,
					"max_rtt":	155,
					"min_rtt":	126,
					"mean_rtt":	138,
					"sender":	true
				},
				"receiver":	{
					"socket":	5,
					"start":	0,
					"end":	3.001903,
					"seconds":	3.001717,
					"bytes":	7602176,
					"bits_per_second":	20259617.982326545,
					"sender":	true
				}
			}],
		"sum_sent":	{
			"start":	0,
			"end":	3.001717,
			"seconds":	3.001717,
			"bytes":	7602176,
			"bits_per_second":	20260873.360146876,
			"retransmits":	0,
			"sender":	true
		},
		"sum_received":	{
			"start":	0,
			"end":	3.001903,
			"seconds":	3.001903,
			"bytes":	7602176,
			"bits_per_second":	20259617.982326545,
			"sender":	true
		},
		"cpu_utilization_percent":	{
			"host_total":	0.55705640857951444,
			"host_user":	0,
			"host_system":	0.55705640857951444,
			"remote_total":	0.19830410515813859,
			"remote_user":	0,
			"remote_system":	0.19830410515813859
		},
		"sender_tcp_congestion":	"cubic",
		"receiver_tcp_congestion":	"cubic"
	}
}
