{
	"start":	{
		"connected":	[{
				"socket":	5,
				"local_host":	"192.168.1.2",
				"local_port":	51390,
				"remote_host":	"192.168.4.2",
				"remote_port":	5203
			}],
		"version":	"iperf 3.19.1",
		"system_info":	"Linux h1 6.6.87.2-microsoft-standard-WSL2 #1 SMP PREEMPT_DYNAMIC Thu Jun  5 18:30:46 UTC 2025 x86_64",
		"timestamp":	{
			"time":	"Sun, 05 Apr 2026 07:32:17 UTC",
			"timesecs":	1775374337
		},
		"connecting_to":	{
			"host":	"192.168.4.2",
			"port":	5203
		},
		"cookie":	"7rpsmly5r4tulv6vgz2rydt3k54wfn362pha",
		"tcp_mss_default":	9448,
		"target_bitrate":	20000000,
		"fq_rate":	0,
		"sock_bufsize":	0,
		"sndbuf_actual":	16384,
		"rcvbuf_actual":	131072,
		"test_start":	{
			"protocol":	"TCP",
			"num_streams":	1,
			"blksize":	131072,
			"omit":	0,
			"duration":	3,
			"bytes":	0,
			"blocks":	0,
			"reverse":	0,
			"tos":	0,
			"target_bitrate":	20000000,
			"bidir":	0,
			"fqrate":	0,
			"interval":	1
		}
	},
	"intervals":	[{
			"streams":	[{
					"socket":	5,
					"start":	0,
					"end":	1.000162,
					"seconds":	1.0001620054244995,
					"bytes":	2621440,
					"bits_per_second":	20968123.050324272,
					"retransmits":	0,
					"snd_cwnd":	283440,
					"snd_wnd":	-1,
					"rtt":	226,
					"rttvar":	241,
					"pmtu":	9500,
					"omitted":	false,
					"sender":	true
				}],
			"sum":	{
				"start":	0,
				"end":	1.000162,
				"seconds":	1.0001620054244995,
				"bytes":	2621440,
				"bits_per_second":	20968123.050324272,
				"retransmits":	0,
				"omitted":	false,
				"sender":	true
			}
		}, {
			"streams":	[{
					"socket":	5,
					"start":	1.000162,
					"end":	2.000731,
					"seconds":	1.0005689859390259,
					"bytes":	2490368,
					"bits_per_second":	19911614.571285635,
					"retransmits":	0,
					"snd_cwnd":	283440,
					"snd_wnd":	-1,
					"rtt":	108,
					"rttvar":	52,
					"pmtu":	9500,
					"omitted":	false,
					"sender":	true
				}],
			"sum":	{
				"start":	1.000162,
				"end":	2.000731,
				"seconds":	1.0005689859390259,
				"bytes":	2490368,
				"bits_per_second":	19911614.571285635,
				"retransmits":	0,
				"omitted":	false,
				"sender":	true
			}
		}, {
			"streams":	[{
					"socket":	5,
					"start":	2.000731,
					"end":	3.001238,
					"seconds":	1.0005069971084595,
					"bytes":	2490368,
					"bits_per_second":	19912848.243519343,
					"retransmits":	0,
					"snd_cwnd":	283440,
					"snd_wnd":	-1,
					"rtt":	133,
					"rttvar":	69,
					"pmtu":	9500,
					"omitted":	false,
					"sender":	true
				}],
			"sum":	{
				"start":	2.000731,
				"end":	3.001238,
				"seconds":	1.0005069971084595,
				"bytes":	2490368,
				"bits_per_second":	19912848.243519343,
				"retransmits":	0,
				"omitted":	false,
				"sender":	true
			}
		}],
	"end":	{
		"streams":	[{
				"sender":	{
					"socket":	5,
					"start":	0,
					"end":	3.001238,
					"seconds":	3.001238,
					"bytes":	7602176,
					"bits_per_second":	20264107.011839781,
					"retransmits":	0,
					"max_snd_cwnd":	283440,
					"max_snd_wnd":	0,
					"max_rtt":	226,
					"min_rtt":	108,
					"mean_rtt":	155,
					"sender":	true
				},
				"receiver":	{
					"socket":	5,
					"start":	0,
					"end":	3.001318,
					"seconds":	3.001238,
					"bytes":	7602176,
					"bits_per_second":	20263566.872953817,
					"sender":	true
				}
			}],
		"sum_sent":	{
			"start":	0,
			"end":	3.001238,
			"seconds":	3.001238,
			"bytes":	7602176,
			"bits_per_second":	20264107.011839781,
			"retransmits":	0,
			"sender":	true
		},
		"sum_received":	{
			"start":	0,
			"end":	3.001318,
			"seconds":	3.001318,
			"bytes":	7602176,
			"bits_per_second":	20263566.872953817,
			"sender":	true
		},
		"cpu_utilization_percent":	{
			"host_total":	0.53223360592264757,
			"host_user":	0,
			"host_system":	0.53319948668433448,
			"remote_total":	0.20833881695670728,
			"remote_user":	0,
			"remote_system":	0.20833881695670728
		},
		"sender_tcp_congestion":	"cubic",
		"receiver_tcp_congestion":	"cubic"
	}
}
