{
	"start":	{
		"connected":	[{
				"socket":	5,
				"local_host":	"192.168.1.2",
				"local_port":	41150,
				"remote_host":	"192.168.4.2",
				"remote_port":	5202
			}],
		"version":	"iperf 3.19.1",
		"system_info":	"Linux h1 6.6.87.2-microsoft-standard-WSL2 #1 SMP PREEMPT_DYNAMIC Thu Jun  5 18:30:46 UTC 2025 x86_64",
		"timestamp":	{
			"time":	"Sun, 05 Apr 2026 07:52:06 UTC",
			"timesecs":	1775375526
		},
		"connecting_to":	{
			"host":	"192.168.4.2",
			"port":	5202
		},
		"cookie":	"pzgqenaqa4t5m7jve33rvqbn766xsn6p4gqv",
		"tcp_mss_default":	9448,
		"target_bitrate":	20000000,
		"fq_rate":	0,
		"sock_bufsize":	0,
		"sndbuf_actual":	16384,
		"rcvbuf_actual":	131072,
		"test_start":	{
			"protocol":	"TCP",
			"num_streams":	1,
			"blksize":	131072,
			"omit":	0,
			"duration":	3,
			"bytes":	0,
			"blocks":	0,
			"reverse":	0,
			"tos":	0,
			"target_bitrate":	20000000,
			"bidir":	0,
			"fqrate":	0,
			"interval":	1
		}
	},
	"intervals":	[{
			"streams":	[{
					"socket":	5,
					"start":	0,
					"end":	1.001436,
					"seconds":	1.0014359951019287,
					"bytes":	2621440,
					"bits_per_second":	20941448.182981946,
					"retransmits":	0,
					"snd_cwnd":	264544,
					"snd_wnd":	-1,
					"rtt":	139,
					"rttvar":	69,
					"pmtu":	9500,
					"omitted":	false,
					"sender":	true
				}],
			"sum":	{
				"start":	0,
				"end":	1.001436,
				"seconds":	1.0014359951019287,
				"bytes":	2621440,
				"bits_per_second":	20941448.182981946,
				"retransmits":	0,
				"omitted":	false,
				"sender":	true
			}
		}, {
			"streams":	[{
					"socket":	5,
					"start":	1.001436,
					"end":	2.001089,
					"seconds":	0.99965298175811768,
					"bytes":	2490368,
					"bits_per_second":	19929860.024986833,
					"retransmits":	0,
					"snd_cwnd":	264544,
					"snd_wnd":	-1,
					"rtt":	126,
					"rttvar":	40,
					"pmtu":	9500,
					"omitted":	false,
					"sender":	true
				}],
			"sum":	{
				"start":	1.001436,
				"end":	2.001089,
				"seconds":	0.99965298175811768,
				"bytes":	2490368,
				"bits_per_second":	19929860.024986833,
				"retransmits":	0,
				"omitted":	false,
				"sender":	true
			}
		}, {
			"streams":	[{
					"socket":	5,
					"start":	2.001089,
					"end":	3.001324,
					"seconds":	1.0002349615097046,
					"bytes":	2490368,
					"bits_per_second":	19918263.974625826,
					"retransmits":	0,
					"snd_cwnd":	264544,
					"snd_wnd":	-1,
					"rtt":	132,
					"rttvar":	36,
					"pmtu":	9500,
					"omitted":	false,
					"sender":	true
				}],
			"sum":	{
				"start":	2.001089,
				"end":	3.001324,
				"seconds":	1.0002349615097046,
				"bytes":	2490368,
				"bits_per_second":	19918263.974625826,
				"retransmits":	0,
				"omitted":	false,
				"sender":	true
			}
		}],
	"end":	{
		"streams":	[{
				"sender":	{
					"socket":	5,
					"start":	0,
					"end":	3.001324,
					"seconds":	3.001324,
					"bytes":	7602176,
					"bits_per_second":	20263526.363698155,
					"retransmits":	0,
					"max_snd_cwnd":	264544,
					"max_snd_wnd":	0,
					"max_rtt":	139,
					"min_rtt":	126,
					"mean_rtt":	132,
					"sender":	true
				},
				"receiver":	{
					"socket":	5,
					"start":	0,
					"end":	3.001484,
					"seconds":	3.001324,
					"bytes":	7602176,
					"bits_per_second":	20262446.17662463,
					"sender":	true
				}
			}],
		"sum_sent":	{
			"start":	0,
			"end":	3.001324,
			"seconds":	3.001324,
			"bytes":	7602176,
			"bits_per_second":	20263526.363698155,
			"retransmits":	0,
			"sender":	true
		},
		"sum_received":	{
			"start":	0,
			"end":	3.001484,
			"seconds":	3.001484,
			"bytes":	7602176,
			"bits_per_second":	20262446.17662463,
			"sender":	true
		},
		"cpu_utilization_percent":	{
			"host_total":	0.523925847108367,
			"host_user":	0,
			"host_system":	0.52395915030230977,
			"remote_total":	0.19766605464485243,
			"remote_user":	0,
			"remote_system":	0.19763273826955413
		},
		"sender_tcp_congestion":	"cubic",
		"receiver_tcp_congestion":	"cubic"
	}
}
