{
	"start":	{
		"connected":	[{
				"socket":	5,
				"local_host":	"192.168.1.2",
				"local_port":	44168,
				"remote_host":	"192.168.4.2",
				"remote_port":	5203
			}],
		"version":	"iperf 3.19.1",
		"system_info":	"Linux h1 6.6.87.2-microsoft-standard-WSL2 #1 SMP PREEMPT_DYNAMIC Thu Jun  5 18:30:46 UTC 2025 x86_64",
		"timestamp":	{
			"time":	"Sun, 05 Apr 2026 07:33:20 UTC",
			"timesecs":	1775374400
		},
		"connecting_to":	{
			"host":	"192.168.4.2",
			"port":	5203
		},
		"cookie":	"tzbxp4hszmkxpafk26e32kykxfb65n7i6byt",
		"tcp_mss_default":	9448,
		"target_bitrate":	20000000,
		"fq_rate":	0,
		"sock_bufsize":	0,
		"sndbuf_actual":	16384,
		"rcvbuf_actual":	131072,
		"test_start":	{
			"protocol":	"TCP",
			"num_streams":	1,
			"blksize":	131072,
			"omit":	0,
			"duration":	3,
			"bytes":	0,
			"blocks":	0,
			"reverse":	0,
			"tos":	0,
			"target_bitrate":	20000000,
			"bidir":	0,
			"fqrate":	0,
			"interval":	1
		}
	},
	"intervals":	[{
			"streams":	[{
					"socket":	5,
					"start":	0,
					"end":	1.001062,
					"seconds":	1.0010620355606079,
					"bytes":	2621440,
					"bits_per_second":	20949271.129092086,
					"retransmits":	0,
					"snd_cwnd":	359024,
					"snd_wnd":	-1,
					"rtt":	117,
					"rttvar":	49,
					"pmtu":	9500,
					"omitted":	false,
					"sender":	true
				}],
			"sum":	{
				"start":	0,
				"end":	1.001062,
				"seconds":	1.0010620355606079,
				"bytes":	2621440,
				"bits_per_second":	20949271.129092086,
				"retransmits":	0,
				"omitted":	false,
				"sender":	true
			}
		}, {
			"streams":	[{
					"socket":	5,
					"start":	1.001062,
					"end":	2.000227,
					"seconds":	0.99916499853134155,
					"bytes":	2490368,
					"bits_per_second":	19939593.589932047,
					"retransmits":	0,
					"snd_cwnd":	359024,
					"snd_wnd":	-1,
					"rtt":	113,
					"rttvar":	55,
					"pmtu":	9500,
					"omitted":	false,
					"sender":	true
				}],
			"sum":	{
				"start":	1.001062,
				"end":	2.000227,
				"seconds":	0.99916499853134155,
				"bytes":	2490368,
				"bits_per_second":	19939593.589932047,
				"retransmits":	0,
				"omitted":	false,
				"sender":	true
			}
		}, {
			"streams":	[{
					"socket":	5,
					"start":	2.000227,
					"end":	3.001362,
					"seconds":	1.001134991645813,
					"bytes":	2490368,
					"bits_per_second":	19900357.260760345,
					"retransmits":	0,
					"snd_cwnd":	359024,
					"snd_wnd":	-1,
					"rtt":	143,
					"rttvar":	72,
					"pmtu":	9500,
					"omitted":	false,
					"sender":	true
				}],
			"sum":	{
				"start":	2.000227,
				"end":	3.001362,
				"seconds":	1.001134991645813,
				"bytes":	2490368,
				"bits_per_second":	19900357.260760345,
				"retransmits":	0,
				"omitted":	false,
				"sender":	true
			}
		}],
	"end":	{
		"streams":	[{
				"sender":	{
					"socket":	5,
					"start":	0,
					"end":	3.001362,
					"seconds":	3.001362,
					"bytes":	7602176,
					"bits_per_second":	20263269.808840122,
					"retransmits":	0,
					"max_snd_cwnd":	359024,
					"max_snd_wnd":	0,
					"max_rtt":	143,
					"min_rtt":	113,
					"mean_rtt":	124,
					"sender":	true
				},
				"receiver":	{
					"socket":	5,
					"start":	0,
					"end":	3.001524,
					"seconds":	3.001362,
					"bytes":	7602176,
					"bits_per_second":	20262176.147850227,
					"sender":	true
				}
			}],
		"sum_sent":	{
			"start":	0,
			"end":	3.001362,
			"seconds":	3.001362,
			"bytes":	7602176,
			"bits_per_second":	20263269.808840122,
			"retransmits":	0,
			"sender":	true
		},
		"sum_received":	{
			"start":	0,
			"end":	3.001524,
			"seconds":	3.001524,
			"bytes":	7602176,
			"bits_per_second":	20262176.147850227,
			"sender":	true
		},
		"cpu_utilization_percent":	{
			"host_total":	0.49974088743057582,
			"host_user":	0.037501382155736646,
			"host_system":	0.46220620031732962,
			"remote_total":	0.17930658127115773,
			"remote_user":	0.0014992189069494794,
			"remote_system":	0.17784067833991823
		},
		"sender_tcp_congestion":	"cubic",
		"receiver_tcp_congestion":	"cubic"
	}
}
