{
	"start":	{
		"connected":	[{
				"socket":	5,
				"local_host":	"192.168.1.2",
				"local_port":	53586,
				"remote_host":	"192.168.4.2",
				"remote_port":	5202
			}],
		"version":	"iperf 3.19.1",
		"system_info":	"Linux h1 6.6.87.2-microsoft-standard-WSL2 #1 SMP PREEMPT_DYNAMIC Thu Jun  5 18:30:46 UTC 2025 x86_64",
		"timestamp":	{
			"time":	"Sun, 05 Apr 2026 07:47:22 UTC",
			"timesecs":	1775375242
		},
		"connecting_to":	{
			"host":	"192.168.4.2",
			"port":	5202
		},
		"cookie":	"qj5wgn5x2bq5ccijtcvsdofbaqzik2n43muq",
		"tcp_mss_default":	9448,
		"target_bitrate":	20000000,
		"fq_rate":	0,
		"sock_bufsize":	0,
		"sndbuf_actual":	16384,
		"rcvbuf_actual":	131072,
		"test_start":	{
			"protocol":	"TCP",
			"num_streams":	1,
			"blksize":	131072,
			"omit":	0,
			"duration":	3,
			"bytes":	0,
			"blocks":	0,
			"reverse":	0,
			"tos":	0,
			"target_bitrate":	20000000,
			"bidir":	0,
			"fqrate":	0,
			"interval":	1
		}
	},
	"intervals":	[{
			"streams":	[{
					"socket":	5,
					"start":	0,
					"end":	1.000922,
					"seconds":	1.0009219646453857,
					"bytes":	2621440,
					"bits_per_second":	20952202.809766445,
					"retransmits":	0,
					"snd_cwnd":	226752,
					"snd_wnd":	-1,
					"rtt":	137,
					"rttvar":	45,
					"pmtu":	9500,
					"omitted":	false,
					"sender":	true
				}],
			"sum":	{
				"start":	0,
				"end":	1.000922,
				"seconds":	1.0009219646453857,
				"bytes":	2621440,
				"bits_per_second":	20952202.809766445,
				"retransmits":	0,
				"omitted":	false,
				"sender":	true
			}
		}, {
			"streams":	[{
					"socket":	5,
					"start":	1.000922,
					"end":	2.000798,
					"seconds":	0.99987602233886719,
					"bytes":	2490368,
					"bits_per_second":	19925414.306262791,
					"retransmits":	0,
					"snd_cwnd":	226752,
					"snd_wnd":	-1,
					"rtt":	185,
					"rttvar":	160,
					"pmtu":	9500,
					"omitted":	false,
					"sender":	true
				}],
			"sum":	{
				"start":	1.000922,
				"end":	2.000798,
				"seconds":	0.99987602233886719,
				"bytes":	2490368,
				"bits_per_second":	19925414.306262791,
				"retransmits":	0,
				"omitted":	false,
				"sender":	true
			}
		}, {
			"streams":	[{
					"socket":	5,
					"start":	2.000798,
					"end":	3.000862,
					"seconds":	1.0000640153884888,
					"bytes":	2490368,
					"bits_per_second":	19921668.7066384,
					"retransmits":	0,
					"snd_cwnd":	226752,
					"snd_wnd":	-1,
					"rtt":	191,
					"rttvar":	72,
					"pmtu":	9500,
					"omitted":	false,
					"sender":	true
				}],
			"sum":	{
				"start":	2.000798,
				"end":	3.000862,
				"seconds":	1.0000640153884888,
				"bytes":	2490368,
				"bits_per_second":	19921668.7066384,
				"retransmits":	0,
				"omitted":	false,
				"sender":	true
			}
		}],
	"end":	{
		"streams":	[{
				"sender":	{
					"socket":	5,
					"start":	0,
					"end":	3.000862,
					"seconds":	3.000862,
					"bytes":	7602176,
					"bits_per_second":	20266646.050368194,
					"retransmits":	0,
					"max_snd_cwnd":	226752,
					"max_snd_wnd":	0,
					"max_rtt":	191,
					"min_rtt":	137,
					"mean_rtt":	171,
					"sender":	true
				},
				"receiver":	{
					"socket":	5,
					"start":	0,
					"end":	3.001038,
					"seconds":	3.000862,
					"bytes":	7602176,
					"bits_per_second":	20265457.485043511,
					"sender":	true
				}
			}],
		"sum_sent":	{
			"start":	0,
			"end":	3.000862,
			"seconds":	3.000862,
			"bytes":	7602176,
			"bits_per_second":	20266646.050368194,
			"retransmits":	0,
			"sender":	true
		},
		"sum_received":	{
			"start":	0,
			"end":	3.001038,
			"seconds":	3.001038,
			"bytes":	7602176,
			"bits_per_second":	20265457.485043511,
			"sender":	true
		},
		"cpu_utilization_percent":	{
			"host_total":	0.62675008677565647,
			"host_user":	0,
			"host_system":	0.62671677558316241,
			"remote_total":	0.21715667702634306,
			"remote_user":	0,
			"remote_system":	0.21712335545552419
		},
		"sender_tcp_congestion":	"cubic",
		"receiver_tcp_congestion":	"cubic"
	}
}
