{
	"start":	{
		"connected":	[{
				"socket":	5,
				"local_host":	"192.168.1.2",
				"local_port":	38788,
				"remote_host":	"192.168.4.2",
				"remote_port":	5203
			}],
		"version":	"iperf 3.19.1",
		"system_info":	"Linux h1 6.6.87.2-microsoft-standard-WSL2 #1 SMP PREEMPT_DYNAMIC Thu Jun  5 18:30:46 UTC 2025 x86_64",
		"timestamp":	{
			"time":	"Sun, 05 Apr 2026 07:49:44 UTC",
			"timesecs":	1775375384
		},
		"connecting_to":	{
			"host":	"192.168.4.2",
			"port":	5203
		},
		"cookie":	"bjsp2wkg4naf5wsz2nf4qfew5xb457lx77fu",
		"tcp_mss_default":	9448,
		"target_bitrate":	20000000,
		"fq_rate":	0,
		"sock_bufsize":	0,
		"sndbuf_actual":	16384,
		"rcvbuf_actual":	131072,
		"test_start":	{
			"protocol":	"TCP",
			"num_streams":	1,
			"blksize":	131072,
			"omit":	0,
			"duration":	3,
			"bytes":	0,
			"blocks":	0,
			"reverse":	0,
			"tos":	0,
			"target_bitrate":	20000000,
			"bidir":	0,
			"fqrate":	0,
			"interval":	1
		}
	},
	"intervals":	[{
			"streams":	[{
					"socket":	5,
					"start":	0,
					"end":	1.001118,
					"seconds":	1.0011179447174072,
					"bytes":	2621440,
					"bits_per_second":	20948101.18094505,
					"retransmits":	0,
					"snd_cwnd":	245648,
					"snd_wnd":	-1,
					"rtt":	120,
					"rttvar":	57,
					"pmtu":	9500,
					"omitted":	false,
					"sender":	true
				}],
			"sum":	{
				"start":	0,
				"end":	1.001118,
				"seconds":	1.0011179447174072,
				"bytes":	2621440,
				"bits_per_second":	20948101.18094505,
				"retransmits":	0,
				"omitted":	false,
				"sender":	true
			}
		}, {
			"streams":	[{
					"socket":	5,
					"start":	1.001118,
					"end":	2.000815,
					"seconds":	0.99969702959060669,
					"bytes":	2490368,
					"bits_per_second":	19928981.891802553,
					"retransmits":	0,
					"snd_cwnd":	245648,
					"snd_wnd":	-1,
					"rtt":	113,
					"rttvar":	54,
					"pmtu":	9500,
					"omitted":	false,
					"sender":	true
				}],
			"sum":	{
				"start":	1.001118,
				"end":	2.000815,
				"seconds":	0.99969702959060669,
				"bytes":	2490368,
				"bits_per_second":	19928981.891802553,
				"retransmits":	0,
				"omitted":	false,
				"sender":	true
			}
		}, {
			"streams":	[{
					"socket":	5,
					"start":	2.000815,
					"end":	3.001622,
					"seconds":	1.0008070468902588,
					"bytes":	2490368,
					"bits_per_second":	19906878.215841144,
					"retransmits":	0,
					"snd_cwnd":	245648,
					"snd_wnd":	-1,
					"rtt":	132,
					"rttvar":	75,
					"pmtu":	9500,
					"omitted":	false,
					"sender":	true
				}],
			"sum":	{
				"start":	2.000815,
				"end":	3.001622,
				"seconds":	1.0008070468902588,
				"bytes":	2490368,
				"bits_per_second":	19906878.215841144,
				"retransmits":	0,
				"omitted":	false,
				"sender":	true
			}
		}],
	"end":	{
		"streams":	[{
				"sender":	{
					"socket":	5,
					"start":	0,
					"end":	3.001622,
					"seconds":	3.001622,
					"bytes":	7602176,
					"bits_per_second":	20261514.607768733,
					"retransmits":	0,
					"max_snd_cwnd":	245648,
					"max_snd_wnd":	0,
					"max_rtt":	132,
					"min_rtt":	113,
					"mean_rtt":	121,
					"sender":	true
				},
				"receiver":	{
					"socket":	5,
					"start":	0,
					"end":	3.001826,
					"seconds":	3.001622,
					"bytes":	7602176,
					"bits_per_second":	20260137.662875865,
					"sender":	true
				}
			}],
		"sum_sent":	{
			"start":	0,
			"end":	3.001622,
			"seconds":	3.001622,
			"bytes":	7602176,
			"bits_per_second":	20261514.607768733,
			"retransmits":	0,
			"sender":	true
		},
		"sum_received":	{
			"start":	0,
			"end":	3.001826,
			"seconds":	3.001826,
			"bytes":	7602176,
			"bits_per_second":	20260137.662875865,
			"sender":	true
		},
		"cpu_utilization_percent":	{
			"host_total":	0.50180195092285662,
			"host_user":	0,
			"host_system":	0.50200177913720168,
			"remote_total":	0.18018834328994135,
			"remote_user":	0,
			"remote_system":	0.18022165598051074
		},
		"sender_tcp_congestion":	"cubic",
		"receiver_tcp_congestion":	"cubic"
	}
}
