{
	"start":	{
		"connected":	[{
				"socket":	5,
				"local_host":	"192.168.1.2",
				"local_port":	50824,
				"remote_host":	"192.168.4.2",
				"remote_port":	5202
			}],
		"version":	"iperf 3.19.1",
		"system_info":	"Linux h1 6.6.87.2-microsoft-standard-WSL2 #1 SMP PREEMPT_DYNAMIC Thu Jun  5 18:30:46 UTC 2025 x86_64",
		"timestamp":	{
			"time":	"Sun, 05 Apr 2026 07:46:55 UTC",
			"timesecs":	1775375215
		},
		"connecting_to":	{
			"host":	"192.168.4.2",
			"port":	5202
		},
		"cookie":	"gkqfclp2srtzqm6t7ehqsid6sk34ni77kkz6",
		"tcp_mss_default":	9448,
		"target_bitrate":	20000000,
		"fq_rate":	0,
		"sock_bufsize":	0,
		"sndbuf_actual":	16384,
		"rcvbuf_actual":	131072,
		"test_start":	{
			"protocol":	"TCP",
			"num_streams":	1,
			"blksize":	131072,
			"omit":	0,
			"duration":	3,
			"bytes":	0,
			"blocks":	0,
			"reverse":	0,
			"tos":	0,
			"target_bitrate":	20000000,
			"bidir":	0,
			"fqrate":	0,
			"interval":	1
		}
	},
	"intervals":	[{
			"streams":	[{
					"socket":	5,
					"start":	0,
					"end":	1.001092,
					"seconds":	1.0010919570922852,
					"bytes":	2621440,
					"bits_per_second":	20948644.978541918,
					"retransmits":	0,
					"snd_cwnd":	359024,
					"snd_wnd":	-1,
					"rtt":	137,
					"rttvar":	60,
					"pmtu":	9500,
					"omitted":	false,
					"sender":	true
				}],
			"sum":	{
				"start":	0,
				"end":	1.001092,
				"seconds":	1.0010919570922852,
				"bytes":	2621440,
				"bits_per_second":	20948644.978541918,
				"retransmits":	0,
				"omitted":	false,
				"sender":	true
			}
		}, {
			"streams":	[{
					"socket":	5,
					"start":	1.001092,
					"end":	2.001044,
					"seconds":	0.99995201826095581,
					"bytes":	2490368,
					"bits_per_second":	19923899.983369745,
					"retransmits":	0,
					"snd_cwnd":	359024,
					"snd_wnd":	-1,
					"rtt":	133,
					"rttvar":	53,
					"pmtu":	9500,
					"omitted":	false,
					"sender":	true
				}],
			"sum":	{
				"start":	1.001092,
				"end":	2.001044,
				"seconds":	0.99995201826095581,
				"bytes":	2490368,
				"bits_per_second":	19923899.983369745,
				"retransmits":	0,
				"omitted":	false,
				"sender":	true
			}
		}, {
			"streams":	[{
					"socket":	5,
					"start":	2.001044,
					"end":	3.001375,
					"seconds":	1.0003310441970825,
					"bytes":	2490368,
					"bits_per_second":	19916350.807638071,
					"retransmits":	0,
					"snd_cwnd":	359024,
					"snd_wnd":	-1,
					"rtt":	120,
					"rttvar":	79,
					"pmtu":	9500,
					"omitted":	false,
					"sender":	true
				}],
			"sum":	{
				"start":	2.001044,
				"end":	3.001375,
				"seconds":	1.0003310441970825,
				"bytes":	2490368,
				"bits_per_second":	19916350.807638071,
				"retransmits":	0,
				"omitted":	false,
				"sender":	true
			}
		}],
	"end":	{
		"streams":	[{
				"sender":	{
					"socket":	5,
					"start":	0,
					"end":	3.001375,
					"seconds":	3.001375,
					"bytes":	7602176,
					"bits_per_second":	20263182.041564282,
					"retransmits":	0,
					"max_snd_cwnd":	359024,
					"max_snd_wnd":	0,
					"max_rtt":	137,
					"min_rtt":	120,
					"mean_rtt":	130,
					"sender":	true
				},
				"receiver":	{
					"socket":	5,
					"start":	0,
					"end":	3.001607,
					"seconds":	3.001375,
					"bytes":	7602176,
					"bits_per_second":	20261615.861103736,
					"sender":	true
				}
			}],
		"sum_sent":	{
			"start":	0,
			"end":	3.001375,
			"seconds":	3.001375,
			"bytes":	7602176,
			"bits_per_second":	20263182.041564282,
			"retransmits":	0,
			"sender":	true
		},
		"sum_received":	{
			"start":	0,
			"end":	3.001607,
			"seconds":	3.001607,
			"bytes":	7602176,
			"bits_per_second":	20261615.861103736,
			"sender":	true
		},
		"cpu_utilization_percent":	{
			"host_total":	0.55826715686437778,
			"host_user":	0,
			"host_system":	0.55830046437328928,
			"remote_total":	0.20039105406360744,
			"remote_user":	0.022621035030621687,
			"remote_system":	0.17826974734735881
		},
		"sender_tcp_congestion":	"cubic",
		"receiver_tcp_congestion":	"cubic"
	}
}
