{
	"start":	{
		"connected":	[{
				"socket":	5,
				"local_host":	"192.168.1.2",
				"local_port":	51998,
				"remote_host":	"192.168.4.2",
				"remote_port":	5203
			}],
		"version":	"iperf 3.19.1",
		"system_info":	"Linux h1 6.6.87.2-microsoft-standard-WSL2 #1 SMP PREEMPT_DYNAMIC Thu Jun  5 18:30:46 UTC 2025 x86_64",
		"timestamp":	{
			"time":	"Sun, 05 Apr 2026 07:41:53 UTC",
			"timesecs":	1775374913
		},
		"connecting_to":	{
			"host":	"192.168.4.2",
			"port":	5203
		},
		"cookie":	"v5fgfpwypz2cxkwsgkekeoehg7jl2njtqqo4",
		"tcp_mss_default":	9448,
		"target_bitrate":	20000000,
		"fq_rate":	0,
		"sock_bufsize":	0,
		"sndbuf_actual":	16384,
		"rcvbuf_actual":	131072,
		"test_start":	{
			"protocol":	"TCP",
			"num_streams":	1,
			"blksize":	131072,
			"omit":	0,
			"duration":	3,
			"bytes":	0,
			"blocks":	0,
			"reverse":	0,
			"tos":	0,
			"target_bitrate":	20000000,
			"bidir":	0,
			"fqrate":	0,
			"interval":	1
		}
	},
	"intervals":	[{
			"streams":	[{
					"socket":	5,
					"start":	0,
					"end":	1.001083,
					"seconds":	1.0010830163955688,
					"bytes":	2621440,
					"bits_per_second":	20948832.071398657,
					"retransmits":	0,
					"snd_cwnd":	311784,
					"snd_wnd":	-1,
					"rtt":	112,
					"rttvar":	70,
					"pmtu":	9500,
					"omitted":	false,
					"sender":	true
				}],
			"sum":	{
				"start":	0,
				"end":	1.001083,
				"seconds":	1.0010830163955688,
				"bytes":	2621440,
				"bits_per_second":	20948832.071398657,
				"retransmits":	0,
				"omitted":	false,
				"sender":	true
			}
		}, {
			"streams":	[{
					"socket":	5,
					"start":	1.001083,
					"end":	2.001092,
					"seconds":	1.0000089406967163,
					"bytes":	2490368,
					"bits_per_second":	19922765.876592547,
					"retransmits":	0,
					"snd_cwnd":	311784,
					"snd_wnd":	-1,
					"rtt":	129,
					"rttvar":	71,
					"pmtu":	9500,
					"omitted":	false,
					"sender":	true
				}],
			"sum":	{
				"start":	1.001083,
				"end":	2.001092,
				"seconds":	1.0000089406967163,
				"bytes":	2490368,
				"bits_per_second":	19922765.876592547,
				"retransmits":	0,
				"omitted":	false,
				"sender":	true
			}
		}, {
			"streams":	[{
					"socket":	5,
					"start":	2.001092,
					"end":	3.001271,
					"seconds":	1.0001790523529053,
					"bytes":	2490368,
					"bits_per_second":	19919377.388610162,
					"retransmits":	0,
					"snd_cwnd":	311784,
					"snd_wnd":	-1,
					"rtt":	119,
					"rttvar":	51,
					"pmtu":	9500,
					"omitted":	false,
					"sender":	true
				}],
			"sum":	{
				"start":	2.001092,
				"end":	3.001271,
				"seconds":	1.0001790523529053,
				"bytes":	2490368,
				"bits_per_second":	19919377.388610162,
				"retransmits":	0,
				"omitted":	false,
				"sender":	true
			}
		}],
	"end":	{
		"streams":	[{
				"sender":	{
					"socket":	5,
					"start":	0,
					"end":	3.001271,
					"seconds":	3.001271,
					"bytes":	7602176,
					"bits_per_second":	20263884.20106015,
					"retransmits":	0,
					"max_snd_cwnd":	311784,
					"max_snd_wnd":	0,
					"max_rtt":	129,
					"min_rtt":	112,
					"mean_rtt":	120,
					"sender":	true
				},
				"receiver":	{
					"socket":	5,
					"start":	0,
					"end":	3.001446,
					"seconds":	3.001271,
					"bytes":	7602176,
					"bits_per_second":	20262702.710626811,
					"sender":	true
				}
			}],
		"sum_sent":	{
			"start":	0,
			"end":	3.001271,
			"seconds":	3.001271,
			"bytes":	7602176,
			"bits_per_second":	20263884.20106015,
			"retransmits":	0,
			"sender":	true
		},
		"sum_received":	{
			"start":	0,
			"end":	3.001446,
			"seconds":	3.001446,
			"bytes":	7602176,
			"bits_per_second":	20262702.710626811,
			"sender":	true
		},
		"cpu_utilization_percent":	{
			"host_total":	0.54091682737625357,
			"host_user":	0.0626517581462274,
			"host_system":	0.47826506923002626,
			"remote_total":	0.19257127969279217,
			"remote_user":	0,
			"remote_system":	0.19257127969279217
		},
		"sender_tcp_congestion":	"cubic",
		"receiver_tcp_congestion":	"cubic"
	}
}
