{
	"start":	{
		"connected":	[{
				"socket":	5,
				"local_host":	"192.168.1.2",
				"local_port":	47122,
				"remote_host":	"192.168.4.2",
				"remote_port":	5203
			}],
		"version":	"iperf 3.19.1",
		"system_info":	"Linux h1 6.6.87.2-microsoft-standard-WSL2 #1 SMP PREEMPT_DYNAMIC Thu Jun  5 18:30:46 UTC 2025 x86_64",
		"timestamp":	{
			"time":	"Sun, 05 Apr 2026 07:47:19 UTC",
			"timesecs":	1775375239
		},
		"connecting_to":	{
			"host":	"192.168.4.2",
			"port":	5203
		},
		"cookie":	"hna5wlxnn36mxy5i425fqkina4tc7w3akref",
		"tcp_mss_default":	9448,
		"target_bitrate":	20000000,
		"fq_rate":	0,
		"sock_bufsize":	0,
		"sndbuf_actual":	16384,
		"rcvbuf_actual":	131072,
		"test_start":	{
			"protocol":	"TCP",
			"num_streams":	1,
			"blksize":	131072,
			"omit":	0,
			"duration":	3,
			"bytes":	0,
			"blocks":	0,
			"reverse":	0,
			"tos":	0,
			"target_bitrate":	20000000,
			"bidir":	0,
			"fqrate":	0,
			"interval":	1
		}
	},
	"intervals":	[{
			"streams":	[{
					"socket":	5,
					"start":	0,
					"end":	1.000342,
					"seconds":	1.0003420114517212,
					"bytes":	2621440,
					"bits_per_second":	20964349.952238444,
					"retransmits":	0,
					"snd_cwnd":	359024,
					"snd_wnd":	-1,
					"rtt":	178,
					"rttvar":	64,
					"pmtu":	9500,
					"omitted":	false,
					"sender":	true
				}],
			"sum":	{
				"start":	0,
				"end":	1.000342,
				"seconds":	1.0003420114517212,
				"bytes":	2621440,
				"bits_per_second":	20964349.952238444,
				"retransmits":	0,
				"omitted":	false,
				"sender":	true
			}
		}, {
			"streams":	[{
					"socket":	5,
					"start":	1.000342,
					"end":	2.000189,
					"seconds":	0.99984699487686157,
					"bytes":	2490368,
					"bits_per_second":	19925992.7789788,
					"retransmits":	0,
					"snd_cwnd":	359024,
					"snd_wnd":	-1,
					"rtt":	122,
					"rttvar":	54,
					"pmtu":	9500,
					"omitted":	false,
					"sender":	true
				}],
			"sum":	{
				"start":	1.000342,
				"end":	2.000189,
				"seconds":	0.99984699487686157,
				"bytes":	2490368,
				"bits_per_second":	19925992.7789788,
				"retransmits":	0,
				"omitted":	false,
				"sender":	true
			}
		}, {
			"streams":	[{
					"socket":	5,
					"start":	2.000189,
					"end":	3.004054,
					"seconds":	1.0038650035858154,
					"bytes":	2490368,
					"bits_per_second":	19846238.218122013,
					"retransmits":	0,
					"snd_cwnd":	359024,
					"snd_wnd":	-1,
					"rtt":	153,
					"rttvar":	57,
					"pmtu":	9500,
					"omitted":	false,
					"sender":	true
				}],
			"sum":	{
				"start":	2.000189,
				"end":	3.004054,
				"seconds":	1.0038650035858154,
				"bytes":	2490368,
				"bits_per_second":	19846238.218122013,
				"retransmits":	0,
				"omitted":	false,
				"sender":	true
			}
		}],
	"end":	{
		"streams":	[{
				"sender":	{
					"socket":	5,
					"start":	0,
					"end":	3.004054,
					"seconds":	3.004054,
					"bytes":	7602176,
					"bits_per_second":	20245111.439408213,
					"retransmits":	0,
					"max_snd_cwnd":	359024,
					"max_snd_wnd":	0,
					"max_rtt":	178,
					"min_rtt":	122,
					"mean_rtt":	151,
					"sender":	true
				},
				"receiver":	{
					"socket":	5,
					"start":	0,
					"end":	3.004172,
					"seconds":	3.004054,
					"bytes":	7602176,
					"bits_per_second":	20244316.237552311,
					"sender":	true
				}
			}],
		"sum_sent":	{
			"start":	0,
			"end":	3.004054,
			"seconds":	3.004054,
			"bytes":	7602176,
			"bits_per_second":	20245111.439408213,
			"retransmits":	0,
			"sender":	true
		},
		"sum_received":	{
			"start":	0,
			"end":	3.004172,
			"seconds":	3.004172,
			"bytes":	7602176,
			"bits_per_second":	20244316.237552311,
			"sender":	true
		},
		"cpu_utilization_percent":	{
			"host_total":	0.588745810360755,
			"host_user":	0,
			"host_system":	0.58881236539244841,
			"remote_total":	0.22288743751678894,
			"remote_user":	0,
			"remote_system":	0.22288743751678894
		},
		"sender_tcp_congestion":	"cubic",
		"receiver_tcp_congestion":	"cubic"
	}
}
