{
	"start":	{
		"connected":	[{
				"socket":	5,
				"local_host":	"192.168.1.2",
				"local_port":	44908,
				"remote_host":	"192.168.4.2",
				"remote_port":	5203
			}],
		"version":	"iperf 3.19.1",
		"system_info":	"Linux h1 6.6.87.2-microsoft-standard-WSL2 #1 SMP PREEMPT_DYNAMIC Thu Jun  5 18:30:46 UTC 2025 x86_64",
		"timestamp":	{
			"time":	"Sun, 05 Apr 2026 07:38:10 UTC",
			"timesecs":	1775374690
		},
		"connecting_to":	{
			"host":	"192.168.4.2",
			"port":	5203
		},
		"cookie":	"23gsrrfzaz4v3nci3d4tcjc2z7cr3otd3kct",
		"tcp_mss_default":	9448,
		"target_bitrate":	20000000,
		"fq_rate":	0,
		"sock_bufsize":	0,
		"sndbuf_actual":	16384,
		"rcvbuf_actual":	131072,
		"test_start":	{
			"protocol":	"TCP",
			"num_streams":	1,
			"blksize":	131072,
			"omit":	0,
			"duration":	3,
			"bytes":	0,
			"blocks":	0,
			"reverse":	0,
			"tos":	0,
			"target_bitrate":	20000000,
			"bidir":	0,
			"fqrate":	0,
			"interval":	1
		}
	},
	"intervals":	[{
			"streams":	[{
					"socket":	5,
					"start":	0,
					"end":	1.00121,
					"seconds":	1.0012099742889404,
					"bytes":	2621440,
					"bits_per_second":	20946175.665992521,
					"retransmits":	0,
					"snd_cwnd":	264544,
					"snd_wnd":	-1,
					"rtt":	114,
					"rttvar":	70,
					"pmtu":	9500,
					"omitted":	false,
					"sender":	true
				}],
			"sum":	{
				"start":	0,
				"end":	1.00121,
				"seconds":	1.0012099742889404,
				"bytes":	2621440,
				"bits_per_second":	20946175.665992521,
				"retransmits":	0,
				"omitted":	false,
				"sender":	true
			}
		}, {
			"streams":	[{
					"socket":	5,
					"start":	1.00121,
					"end":	2.000617,
					"seconds":	0.99940699338912964,
					"bytes":	2490368,
					"bits_per_second":	19934765.447696634,
					"retransmits":	0,
					"snd_cwnd":	264544,
					"snd_wnd":	-1,
					"rtt":	129,
					"rttvar":	45,
					"pmtu":	9500,
					"omitted":	false,
					"sender":	true
				}],
			"sum":	{
				"start":	1.00121,
				"end":	2.000617,
				"seconds":	0.99940699338912964,
				"bytes":	2490368,
				"bits_per_second":	19934765.447696634,
				"retransmits":	0,
				"omitted":	false,
				"sender":	true
			}
		}, {
			"streams":	[{
					"socket":	5,
					"start":	2.000617,
					"end":	3.001398,
					"seconds":	1.0007810592651367,
					"bytes":	2490368,
					"bits_per_second":	19907395.144577589,
					"retransmits":	0,
					"snd_cwnd":	264544,
					"snd_wnd":	-1,
					"rtt":	136,
					"rttvar":	60,
					"pmtu":	9500,
					"omitted":	false,
					"sender":	true
				}],
			"sum":	{
				"start":	2.000617,
				"end":	3.001398,
				"seconds":	1.0007810592651367,
				"bytes":	2490368,
				"bits_per_second":	19907395.144577589,
				"retransmits":	0,
				"omitted":	false,
				"sender":	true
			}
		}],
	"end":	{
		"streams":	[{
				"sender":	{
					"socket":	5,
					"start":	0,
					"end":	3.001398,
					"seconds":	3.001398,
					"bytes":	7602176,
					"bits_per_second":	20263026.76286184,
					"retransmits":	0,
					"max_snd_cwnd":	264544,
					"max_snd_wnd":	0,
					"max_rtt":	136,
					"min_rtt":	114,
					"mean_rtt":	126,
					"sender":	true
				},
				"receiver":	{
					"socket":	5,
					"start":	0,
					"end":	3.001499,
					"seconds":	3.001398,
					"bytes":	7602176,
					"bits_per_second":	20262344.914990809,
					"sender":	true
				}
			}],
		"sum_sent":	{
			"start":	0,
			"end":	3.001398,
			"seconds":	3.001398,
			"bytes":	7602176,
			"bits_per_second":	20263026.76286184,
			"retransmits":	0,
			"sender":	true
		},
		"sum_received":	{
			"start":	0,
			"end":	3.001499,
			"seconds":	3.001499,
			"bytes":	7602176,
			"bits_per_second":	20262344.914990809,
			"sender":	true
		},
		"cpu_utilization_percent":	{
			"host_total":	0.52461661287051,
			"host_user":	0,
			"host_system":	0.52461661287051,
			"remote_total":	0.16854714955752625,
			"remote_user":	0,
			"remote_system":	0.16854714955752625
		},
		"sender_tcp_congestion":	"cubic",
		"receiver_tcp_congestion":	"cubic"
	}
}
