{
	"start":	{
		"connected":	[{
				"socket":	5,
				"local_host":	"192.168.1.2",
				"local_port":	39576,
				"remote_host":	"192.168.4.2",
				"remote_port":	5203
			}],
		"version":	"iperf 3.19.1",
		"system_info":	"Linux h1 6.6.87.2-microsoft-standard-WSL2 #1 SMP PREEMPT_DYNAMIC Thu Jun  5 18:30:46 UTC 2025 x86_64",
		"timestamp":	{
			"time":	"Sun, 05 Apr 2026 07:50:03 UTC",
			"timesecs":	1775375403
		},
		"connecting_to":	{
			"host":	"192.168.4.2",
			"port":	5203
		},
		"cookie":	"6crszakp7axsnya6nv4fqda2ota3zuhp7dro",
		"tcp_mss_default":	9448,
		"target_bitrate":	20000000,
		"fq_rate":	0,
		"sock_bufsize":	0,
		"sndbuf_actual":	16384,
		"rcvbuf_actual":	131072,
		"test_start":	{
			"protocol":	"TCP",
			"num_streams":	1,
			"blksize":	131072,
			"omit":	0,
			"duration":	3,
			"bytes":	0,
			"blocks":	0,
			"reverse":	0,
			"tos":	0,
			"target_bitrate":	20000000,
			"bidir":	0,
			"fqrate":	0,
			"interval":	1
		}
	},
	"intervals":	[{
			"streams":	[{
					"socket":	5,
					"start":	0,
					"end":	1.001461,
					"seconds":	1.0014610290527344,
					"bytes":	2621440,
					"bits_per_second":	20940924.70062127,
					"retransmits":	0,
					"snd_cwnd":	321232,
					"snd_wnd":	-1,
					"rtt":	121,
					"rttvar":	60,
					"pmtu":	9500,
					"omitted":	false,
					"sender":	true
				}],
			"sum":	{
				"start":	0,
				"end":	1.001461,
				"seconds":	1.0014610290527344,
				"bytes":	2621440,
				"bits_per_second":	20940924.70062127,
				"retransmits":	0,
				"omitted":	false,
				"sender":	true
			}
		}, {
			"streams":	[{
					"socket":	5,
					"start":	1.001461,
					"end":	2.00111,
					"seconds":	0.99964898824691772,
					"bytes":	2490368,
					"bits_per_second":	19929939.643052932,
					"retransmits":	0,
					"snd_cwnd":	321232,
					"snd_wnd":	-1,
					"rtt":	167,
					"rttvar":	74,
					"pmtu":	9500,
					"omitted":	false,
					"sender":	true
				}],
			"sum":	{
				"start":	1.001461,
				"end":	2.00111,
				"seconds":	0.99964898824691772,
				"bytes":	2490368,
				"bits_per_second":	19929939.643052932,
				"retransmits":	0,
				"omitted":	false,
				"sender":	true
			}
		}, {
			"streams":	[{
					"socket":	5,
					"start":	2.00111,
					"end":	3.000763,
					"seconds":	0.99965298175811768,
					"bytes":	2490368,
					"bits_per_second":	19929860.024986833,
					"retransmits":	0,
					"snd_cwnd":	321232,
					"snd_wnd":	-1,
					"rtt":	119,
					"rttvar":	41,
					"pmtu":	9500,
					"omitted":	false,
					"sender":	true
				}],
			"sum":	{
				"start":	2.00111,
				"end":	3.000763,
				"seconds":	0.99965298175811768,
				"bytes":	2490368,
				"bits_per_second":	19929860.024986833,
				"retransmits":	0,
				"omitted":	false,
				"sender":	true
			}
		}],
	"end":	{
		"streams":	[{
				"sender":	{
					"socket":	5,
					"start":	0,
					"end":	3.000763,
					"seconds":	3.000763,
					"bytes":	7602176,
					"bits_per_second":	20267314.679633148,
					"retransmits":	0,
					"max_snd_cwnd":	321232,
					"max_snd_wnd":	0,
					"max_rtt":	167,
					"min_rtt":	119,
					"mean_rtt":	135,
					"sender":	true
				},
				"receiver":	{
					"socket":	5,
					"start":	0,
					"end":	3.000948,
					"seconds":	3.000763,
					"bytes":	7602176,
					"bits_per_second":	20266065.256712209,
					"sender":	true
				}
			}],
		"sum_sent":	{
			"start":	0,
			"end":	3.000763,
			"seconds":	3.000763,
			"bytes":	7602176,
			"bits_per_second":	20267314.679633148,
			"retransmits":	0,
			"sender":	true
		},
		"sum_received":	{
			"start":	0,
			"end":	3.000948,
			"seconds":	3.000948,
			"bytes":	7602176,
			"bits_per_second":	20266065.256712209,
			"sender":	true
		},
		"cpu_utilization_percent":	{
			"host_total":	0.54371832446012924,
			"host_user":	0.023884697870231137,
			"host_system":	0.51980031459844722,
			"remote_total":	0.194370551645152,
			"remote_user":	0,
			"remote_system":	0.194370551645152
		},
		"sender_tcp_congestion":	"cubic",
		"receiver_tcp_congestion":	"cubic"
	}
}
