{
	"start":	{
		"connected":	[{
				"socket":	5,
				"local_host":	"192.168.1.2",
				"local_port":	56686,
				"remote_host":	"192.168.4.2",
				"remote_port":	5203
			}],
		"version":	"iperf 3.19.1",
		"system_info":	"Linux h1 6.6.87.2-microsoft-standard-WSL2 #1 SMP PREEMPT_DYNAMIC Thu Jun  5 18:30:46 UTC 2025 x86_64",
		"timestamp":	{
			"time":	"Sun, 05 Apr 2026 07:52:30 UTC",
			"timesecs":	1775375550
		},
		"connecting_to":	{
			"host":	"192.168.4.2",
			"port":	5203
		},
		"cookie":	"3nry4q33uz2tw4q6p3yijp36bokg5j5qhklx",
		"tcp_mss_default":	9448,
		"target_bitrate":	20000000,
		"fq_rate":	0,
		"sock_bufsize":	0,
		"sndbuf_actual":	16384,
		"rcvbuf_actual":	131072,
		"test_start":	{
			"protocol":	"TCP",
			"num_streams":	1,
			"blksize":	131072,
			"omit":	0,
			"duration":	3,
			"bytes":	0,
			"blocks":	0,
			"reverse":	0,
			"tos":	0,
			"target_bitrate":	20000000,
			"bidir":	0,
			"fqrate":	0,
			"interval":	1
		}
	},
	"intervals":	[{
			"streams":	[{
					"socket":	5,
					"start":	0,
					"end":	1.001074,
					"seconds":	1.001073956489563,
					"bytes":	2621440,
					"bits_per_second":	20949021.662235845,
					"retransmits":	0,
					"snd_cwnd":	311784,
					"snd_wnd":	-1,
					"rtt":	189,
					"rttvar":	121,
					"pmtu":	9500,
					"omitted":	false,
					"sender":	true
				}],
			"sum":	{
				"start":	0,
				"end":	1.001074,
				"seconds":	1.001073956489563,
				"bytes":	2621440,
				"bits_per_second":	20949021.662235845,
				"retransmits":	0,
				"omitted":	false,
				"sender":	true
			}
		}, {
			"streams":	[{
					"socket":	5,
					"start":	1.001074,
					"end":	2.000743,
					"seconds":	0.99966901540756226,
					"bytes":	2490368,
					"bits_per_second":	19929540.3707971,
					"retransmits":	0,
					"snd_cwnd":	311784,
					"snd_wnd":	-1,
					"rtt":	105,
					"rttvar":	56,
					"pmtu":	9500,
					"omitted":	false,
					"sender":	true
				}],
			"sum":	{
				"start":	1.001074,
				"end":	2.000743,
				"seconds":	0.99966901540756226,
				"bytes":	2490368,
				"bits_per_second":	19929540.3707971,
				"retransmits":	0,
				"omitted":	false,
				"sender":	true
			}
		}, {
			"streams":	[{
					"socket":	5,
					"start":	2.000743,
					"end":	3.001714,
					"seconds":	1.0009709596633911,
					"bytes":	2490368,
					"bits_per_second":	19903618.389388375,
					"retransmits":	0,
					"snd_cwnd":	311784,
					"snd_wnd":	-1,
					"rtt":	263,
					"rttvar":	246,
					"pmtu":	9500,
					"omitted":	false,
					"sender":	true
				}],
			"sum":	{
				"start":	2.000743,
				"end":	3.001714,
				"seconds":	1.0009709596633911,
				"bytes":	2490368,
				"bits_per_second":	19903618.389388375,
				"retransmits":	0,
				"omitted":	false,
				"sender":	true
			}
		}],
	"end":	{
		"streams":	[{
				"sender":	{
					"socket":	5,
					"start":	0,
					"end":	3.001714,
					"seconds":	3.001714,
					"bytes":	7602176,
					"bits_per_second":	20260893.609451134,
					"retransmits":	0,
					"max_snd_cwnd":	311784,
					"max_snd_wnd":	0,
					"max_rtt":	263,
					"min_rtt":	105,
					"mean_rtt":	185,
					"sender":	true
				},
				"receiver":	{
					"socket":	5,
					"start":	0,
					"end":	3.001908,
					"seconds":	3.001714,
					"bytes":	7602176,
					"bits_per_second":	20259584.237758122,
					"sender":	true
				}
			}],
		"sum_sent":	{
			"start":	0,
			"end":	3.001714,
			"seconds":	3.001714,
			"bytes":	7602176,
			"bits_per_second":	20260893.609451134,
			"retransmits":	0,
			"sender":	true
		},
		"sum_received":	{
			"start":	0,
			"end":	3.001908,
			"seconds":	3.001908,
			"bytes":	7602176,
			"bits_per_second":	20259584.237758122,
			"sender":	true
		},
		"cpu_utilization_percent":	{
			"host_total":	0.68840504899195343,
			"host_user":	0.0638750367164901,
			"host_system":	0.62456331521431441,
			"remote_total":	0.19543982621945027,
			"remote_user":	0.11925593623071959,
			"remote_system":	0.076183889988730658
		},
		"sender_tcp_congestion":	"cubic",
		"receiver_tcp_congestion":	"cubic"
	}
}
