{
	"start":	{
		"connected":	[{
				"socket":	5,
				"local_host":	"192.168.1.2",
				"local_port":	44856,
				"remote_host":	"192.168.4.2",
				"remote_port":	5204
			}],
		"version":	"iperf 3.19.1",
		"system_info":	"Linux h1 6.6.87.2-microsoft-standard-WSL2 #1 SMP PREEMPT_DYNAMIC Thu Jun  5 18:30:46 UTC 2025 x86_64",
		"timestamp":	{
			"time":	"Sun, 05 Apr 2026 07:35:22 UTC",
			"timesecs":	1775374522
		},
		"connecting_to":	{
			"host":	"192.168.4.2",
			"port":	5204
		},
		"cookie":	"qc372d7pw2excj3ewzitli3gldkrbloecu37",
		"tcp_mss_default":	9448,
		"target_bitrate":	20000000,
		"fq_rate":	0,
		"sock_bufsize":	0,
		"sndbuf_actual":	16384,
		"rcvbuf_actual":	131072,
		"test_start":	{
			"protocol":	"TCP",
			"num_streams":	1,
			"blksize":	131072,
			"omit":	0,
			"duration":	3,
			"bytes":	0,
			"blocks":	0,
			"reverse":	0,
			"tos":	0,
			"target_bitrate":	20000000,
			"bidir":	0,
			"fqrate":	0,
			"interval":	1
		}
	},
	"intervals":	[{
			"streams":	[{
					"socket":	5,
					"start":	0,
					"end":	1.00083,
					"seconds":	1.0008300542831421,
					"bytes":	2621440,
					"bits_per_second":	20954126.937186286,
					"retransmits":	0,
					"snd_cwnd":	207856,
					"snd_wnd":	-1,
					"rtt":	142,
					"rttvar":	65,
					"pmtu":	9500,
					"omitted":	false,
					"sender":	true
				}],
			"sum":	{
				"start":	0,
				"end":	1.00083,
				"seconds":	1.0008300542831421,
				"bytes":	2621440,
				"bits_per_second":	20954126.937186286,
				"retransmits":	0,
				"omitted":	false,
				"sender":	true
			}
		}, {
			"streams":	[{
					"socket":	5,
					"start":	1.00083,
					"end":	2.000834,
					"seconds":	1.0000040531158447,
					"bytes":	2490368,
					"bits_per_second":	19922863.250327289,
					"retransmits":	0,
					"snd_cwnd":	207856,
					"snd_wnd":	-1,
					"rtt":	112,
					"rttvar":	57,
					"pmtu":	9500,
					"omitted":	false,
					"sender":	true
				}],
			"sum":	{
				"start":	1.00083,
				"end":	2.000834,
				"seconds":	1.0000040531158447,
				"bytes":	2490368,
				"bits_per_second":	19922863.250327289,
				"retransmits":	0,
				"omitted":	false,
				"sender":	true
			}
		}, {
			"streams":	[{
					"socket":	5,
					"start":	2.000834,
					"end":	3.000971,
					"seconds":	1.0001369714736938,
					"bytes":	2490368,
					"bits_per_second":	19920215.498726841,
					"retransmits":	0,
					"snd_cwnd":	207856,
					"snd_wnd":	-1,
					"rtt":	131,
					"rttvar":	67,
					"pmtu":	9500,
					"omitted":	false,
					"sender":	true
				}],
			"sum":	{
				"start":	2.000834,
				"end":	3.000971,
				"seconds":	1.0001369714736938,
				"bytes":	2490368,
				"bits_per_second":	19920215.498726841,
				"retransmits":	0,
				"omitted":	false,
				"sender":	true
			}
		}],
	"end":	{
		"streams":	[{
				"sender":	{
					"socket":	5,
					"start":	0,
					"end":	3.000971,
					"seconds":	3.000971,
					"bytes":	7602176,
					"bits_per_second":	20265909.933818087,
					"retransmits":	0,
					"max_snd_cwnd":	207856,
					"max_snd_wnd":	0,
					"max_rtt":	142,
					"min_rtt":	112,
					"mean_rtt":	128,
					"sender":	true
				},
				"receiver":	{
					"socket":	5,
					"start":	0,
					"end":	3.00118,
					"seconds":	3.000971,
					"bytes":	7602176,
					"bits_per_second":	20264498.630538654,
					"sender":	true
				}
			}],
		"sum_sent":	{
			"start":	0,
			"end":	3.000971,
			"seconds":	3.000971,
			"bytes":	7602176,
			"bits_per_second":	20265909.933818087,
			"retransmits":	0,
			"sender":	true
		},
		"sum_received":	{
			"start":	0,
			"end":	3.00118,
			"seconds":	3.00118,
			"bytes":	7602176,
			"bits_per_second":	20264498.630538654,
			"sender":	true
		},
		"cpu_utilization_percent":	{
			"host_total":	0.5794940768231015,
			"host_user":	0.013356542407521767,
			"host_system":	0.56613753441557968,
			"remote_total":	0.20194992801306394,
			"remote_user":	0,
			"remote_system":	0.20194992801306394
		},
		"sender_tcp_congestion":	"cubic",
		"receiver_tcp_congestion":	"cubic"
	}
}
