{
	"start":	{
		"connected":	[{
				"socket":	5,
				"local_host":	"192.168.1.2",
				"local_port":	54948,
				"remote_host":	"192.168.4.2",
				"remote_port":	5202
			}],
		"version":	"iperf 3.19.1",
		"system_info":	"Linux h1 6.6.87.2-microsoft-standard-WSL2 #1 SMP PREEMPT_DYNAMIC Thu Jun  5 18:30:46 UTC 2025 x86_64",
		"timestamp":	{
			"time":	"Sun, 05 Apr 2026 07:32:12 UTC",
			"timesecs":	1775374332
		},
		"connecting_to":	{
			"host":	"192.168.4.2",
			"port":	5202
		},
		"cookie":	"4fdedtj4bxdrr7nypotucv5p5hczdhzl7z3j",
		"tcp_mss_default":	9448,
		"target_bitrate":	20000000,
		"fq_rate":	0,
		"sock_bufsize":	0,
		"sndbuf_actual":	16384,
		"rcvbuf_actual":	131072,
		"test_start":	{
			"protocol":	"TCP",
			"num_streams":	1,
			"blksize":	131072,
			"omit":	0,
			"duration":	3,
			"bytes":	0,
			"blocks":	0,
			"reverse":	0,
			"tos":	0,
			"target_bitrate":	20000000,
			"bidir":	0,
			"fqrate":	0,
			"interval":	1
		}
	},
	"intervals":	[{
			"streams":	[{
					"socket":	5,
					"start":	0,
					"end":	1.000119,
					"seconds":	1.0001189708709717,
					"bytes":	2621440,
					"bits_per_second":	20969025.296797011,
					"retransmits":	0,
					"snd_cwnd":	264544,
					"snd_wnd":	-1,
					"rtt":	126,
					"rttvar":	46,
					"pmtu":	9500,
					"omitted":	false,
					"sender":	true
				}],
			"sum":	{
				"start":	0,
				"end":	1.000119,
				"seconds":	1.0001189708709717,
				"bytes":	2621440,
				"bits_per_second":	20969025.296797011,
				"retransmits":	0,
				"omitted":	false,
				"sender":	true
			}
		}, {
			"streams":	[{
					"socket":	5,
					"start":	1.000119,
					"end":	2.001023,
					"seconds":	1.0009039640426636,
					"bytes":	2490368,
					"bits_per_second":	19904950.640350129,
					"retransmits":	0,
					"snd_cwnd":	264544,
					"snd_wnd":	-1,
					"rtt":	123,
					"rttvar":	57,
					"pmtu":	9500,
					"omitted":	false,
					"sender":	true
				}],
			"sum":	{
				"start":	1.000119,
				"end":	2.001023,
				"seconds":	1.0009039640426636,
				"bytes":	2490368,
				"bits_per_second":	19904950.640350129,
				"retransmits":	0,
				"omitted":	false,
				"sender":	true
			}
		}, {
			"streams":	[{
					"socket":	5,
					"start":	2.001023,
					"end":	3.001145,
					"seconds":	1.0001219511032104,
					"bytes":	2490368,
					"bits_per_second":	19920514.671259321,
					"retransmits":	0,
					"snd_cwnd":	264544,
					"snd_wnd":	-1,
					"rtt":	109,
					"rttvar":	45,
					"pmtu":	9500,
					"omitted":	false,
					"sender":	true
				}],
			"sum":	{
				"start":	2.001023,
				"end":	3.001145,
				"seconds":	1.0001219511032104,
				"bytes":	2490368,
				"bits_per_second":	19920514.671259321,
				"retransmits":	0,
				"omitted":	false,
				"sender":	true
			}
		}],
	"end":	{
		"streams":	[{
				"sender":	{
					"socket":	5,
					"start":	0,
					"end":	3.001145,
					"seconds":	3.001145,
					"bytes":	7602176,
					"bits_per_second":	20264734.959490459,
					"retransmits":	0,
					"max_snd_cwnd":	264544,
					"max_snd_wnd":	0,
					"max_rtt":	126,
					"min_rtt":	109,
					"mean_rtt":	119,
					"sender":	true
				},
				"receiver":	{
					"socket":	5,
					"start":	0,
					"end":	3.001277,
					"seconds":	3.001145,
					"bytes":	7602176,
					"bits_per_second":	20263843.690535728,
					"sender":	true
				}
			}],
		"sum_sent":	{
			"start":	0,
			"end":	3.001145,
			"seconds":	3.001145,
			"bytes":	7602176,
			"bits_per_second":	20264734.959490459,
			"retransmits":	0,
			"sender":	true
		},
		"sum_received":	{
			"start":	0,
			"end":	3.001277,
			"seconds":	3.001277,
			"bytes":	7602176,
			"bits_per_second":	20263843.690535728,
			"sender":	true
		},
		"cpu_utilization_percent":	{
			"host_total":	0.51026441216333929,
			"host_user":	0.028546027888503276,
			"host_system":	0.481751693525581,
			"remote_total":	0.17372402469320083,
			"remote_user":	0.0013327504771246709,
			"remote_system":	0.17242459297800428
		},
		"sender_tcp_congestion":	"cubic",
		"receiver_tcp_congestion":	"cubic"
	}
}
