{
	"start":	{
		"connected":	[{
				"socket":	5,
				"local_host":	"192.168.1.2",
				"local_port":	35722,
				"remote_host":	"192.168.4.2",
				"remote_port":	5203
			}],
		"version":	"iperf 3.19.1",
		"system_info":	"Linux h1 6.6.87.2-microsoft-standard-WSL2 #1 SMP PREEMPT_DYNAMIC Thu Jun  5 18:30:46 UTC 2025 x86_64",
		"timestamp":	{
			"time":	"Sun, 05 Apr 2026 07:54:03 UTC",
			"timesecs":	1775375643
		},
		"connecting_to":	{
			"host":	"192.168.4.2",
			"port":	5203
		},
		"cookie":	"pw2vmkgmjff4kfbgt3xd2v64glqznoq5hdqz",
		"tcp_mss_default":	9448,
		"target_bitrate":	20000000,
		"fq_rate":	0,
		"sock_bufsize":	0,
		"sndbuf_actual":	16384,
		"rcvbuf_actual":	131072,
		"test_start":	{
			"protocol":	"TCP",
			"num_streams":	1,
			"blksize":	131072,
			"omit":	0,
			"duration":	3,
			"bytes":	0,
			"blocks":	0,
			"reverse":	0,
			"tos":	0,
			"target_bitrate":	20000000,
			"bidir":	0,
			"fqrate":	0,
			"interval":	1
		}
	},
	"intervals":	[{
			"streams":	[{
					"socket":	5,
					"start":	0,
					"end":	1.000236,
					"seconds":	1.0002360343933105,
					"bytes":	2621440,
					"bits_per_second":	20966571.168094538,
					"retransmits":	0,
					"snd_cwnd":	264544,
					"snd_wnd":	-1,
					"rtt":	138,
					"rttvar":	78,
					"pmtu":	9500,
					"omitted":	false,
					"sender":	true
				}],
			"sum":	{
				"start":	0,
				"end":	1.000236,
				"seconds":	1.0002360343933105,
				"bytes":	2621440,
				"bits_per_second":	20966571.168094538,
				"retransmits":	0,
				"omitted":	false,
				"sender":	true
			}
		}, {
			"streams":	[{
					"socket":	5,
					"start":	1.000236,
					"end":	2.000092,
					"seconds":	0.99985599517822266,
					"bytes":	2490368,
					"bits_per_second":	19925813.413209338,
					"retransmits":	0,
					"snd_cwnd":	264544,
					"snd_wnd":	-1,
					"rtt":	199,
					"rttvar":	132,
					"pmtu":	9500,
					"omitted":	false,
					"sender":	true
				}],
			"sum":	{
				"start":	1.000236,
				"end":	2.000092,
				"seconds":	0.99985599517822266,
				"bytes":	2490368,
				"bits_per_second":	19925813.413209338,
				"retransmits":	0,
				"omitted":	false,
				"sender":	true
			}
		}, {
			"streams":	[{
					"socket":	5,
					"start":	2.000092,
					"end":	3.001192,
					"seconds":	1.0010999441146851,
					"bytes":	2490368,
					"bits_per_second":	19901053.952828556,
					"retransmits":	0,
					"snd_cwnd":	264544,
					"snd_wnd":	-1,
					"rtt":	164,
					"rttvar":	71,
					"pmtu":	9500,
					"omitted":	false,
					"sender":	true
				}],
			"sum":	{
				"start":	2.000092,
				"end":	3.001192,
				"seconds":	1.0010999441146851,
				"bytes":	2490368,
				"bits_per_second":	19901053.952828556,
				"retransmits":	0,
				"omitted":	false,
				"sender":	true
			}
		}],
	"end":	{
		"streams":	[{
				"sender":	{
					"socket":	5,
					"start":	0,
					"end":	3.001192,
					"seconds":	3.001192,
					"bytes":	7602176,
					"bits_per_second":	20264417.604738384,
					"retransmits":	0,
					"max_snd_cwnd":	264544,
					"max_snd_wnd":	0,
					"max_rtt":	199,
					"min_rtt":	138,
					"mean_rtt":	167,
					"sender":	true
				},
				"receiver":	{
					"socket":	5,
					"start":	0,
					"end":	3.001488,
					"seconds":	3.001192,
					"bytes":	7602176,
					"bits_per_second":	20262419.173423313,
					"sender":	true
				}
			}],
		"sum_sent":	{
			"start":	0,
			"end":	3.001192,
			"seconds":	3.001192,
			"bytes":	7602176,
			"bits_per_second":	20264417.604738384,
			"retransmits":	0,
			"sender":	true
		},
		"sum_received":	{
			"start":	0,
			"end":	3.001488,
			"seconds":	3.001488,
			"bytes":	7602176,
			"bits_per_second":	20262419.173423313,
			"sender":	true
		},
		"cpu_utilization_percent":	{
			"host_total":	0.564602397087367,
			"host_user":	0.184404145146744,
			"host_system":	0.38016494795919864,
			"remote_total":	0.20916104034129432,
			"remote_user":	0,
			"remote_system":	0.20916104034129432
		},
		"sender_tcp_congestion":	"cubic",
		"receiver_tcp_congestion":	"cubic"
	}
}
