{
	"start":	{
		"connected":	[{
				"socket":	5,
				"local_host":	"192.168.1.2",
				"local_port":	37028,
				"remote_host":	"192.168.4.2",
				"remote_port":	5202
			}],
		"version":	"iperf 3.19.1",
		"system_info":	"Linux h1 6.6.87.2-microsoft-standard-WSL2 #1 SMP PREEMPT_DYNAMIC Thu Jun  5 18:30:46 UTC 2025 x86_64",
		"timestamp":	{
			"time":	"Sun, 05 Apr 2026 07:50:42 UTC",
			"timesecs":	1775375442
		},
		"connecting_to":	{
			"host":	"192.168.4.2",
			"port":	5202
		},
		"cookie":	"u3dnstlbngqdqq5adqtgl6g6bgdshj7oqyxc",
		"tcp_mss_default":	9448,
		"target_bitrate":	20000000,
		"fq_rate":	0,
		"sock_bufsize":	0,
		"sndbuf_actual":	16384,
		"rcvbuf_actual":	131072,
		"test_start":	{
			"protocol":	"TCP",
			"num_streams":	1,
			"blksize":	131072,
			"omit":	0,
			"duration":	3,
			"bytes":	0,
			"blocks":	0,
			"reverse":	0,
			"tos":	0,
			"target_bitrate":	20000000,
			"bidir":	0,
			"fqrate":	0,
			"interval":	1
		}
	},
	"intervals":	[{
			"streams":	[{
					"socket":	5,
					"start":	0,
					"end":	1.001529,
					"seconds":	1.0015289783477783,
					"bytes":	2621440,
					"bits_per_second":	20939503.951844413,
					"retransmits":	0,
					"snd_cwnd":	207856,
					"snd_wnd":	-1,
					"rtt":	126,
					"rttvar":	60,
					"pmtu":	9500,
					"omitted":	false,
					"sender":	true
				}],
			"sum":	{
				"start":	0,
				"end":	1.001529,
				"seconds":	1.0015289783477783,
				"bytes":	2621440,
				"bits_per_second":	20939503.951844413,
				"retransmits":	0,
				"omitted":	false,
				"sender":	true
			}
		}, {
			"streams":	[{
					"socket":	5,
					"start":	1.001529,
					"end":	2.001087,
					"seconds":	0.9995579719543457,
					"bytes":	2490368,
					"bits_per_second":	19931754.394441437,
					"retransmits":	0,
					"snd_cwnd":	207856,
					"snd_wnd":	-1,
					"rtt":	106,
					"rttvar":	56,
					"pmtu":	9500,
					"omitted":	false,
					"sender":	true
				}],
			"sum":	{
				"start":	1.001529,
				"end":	2.001087,
				"seconds":	0.9995579719543457,
				"bytes":	2490368,
				"bits_per_second":	19931754.394441437,
				"retransmits":	0,
				"omitted":	false,
				"sender":	true
			}
		}, {
			"streams":	[{
					"socket":	5,
					"start":	2.001087,
					"end":	3.001255,
					"seconds":	1.0001679658889771,
					"bytes":	2490368,
					"bits_per_second":	19919598.186982457,
					"retransmits":	0,
					"snd_cwnd":	207856,
					"snd_wnd":	-1,
					"rtt":	100,
					"rttvar":	48,
					"pmtu":	9500,
					"omitted":	false,
					"sender":	true
				}],
			"sum":	{
				"start":	2.001087,
				"end":	3.001255,
				"seconds":	1.0001679658889771,
				"bytes":	2490368,
				"bits_per_second":	19919598.186982457,
				"retransmits":	0,
				"omitted":	false,
				"sender":	true
			}
		}],
	"end":	{
		"streams":	[{
				"sender":	{
					"socket":	5,
					"start":	0,
					"end":	3.001255,
					"seconds":	3.001255,
					"bytes":	7602176,
					"bits_per_second":	20263992.22991715,
					"retransmits":	0,
					"max_snd_cwnd":	207856,
					"max_snd_wnd":	0,
					"max_rtt":	126,
					"min_rtt":	100,
					"mean_rtt":	110,
					"sender":	true
				},
				"receiver":	{
					"socket":	5,
					"start":	0,
					"end":	3.001423,
					"seconds":	3.001255,
					"bytes":	7602176,
					"bits_per_second":	20262857.984362751,
					"sender":	true
				}
			}],
		"sum_sent":	{
			"start":	0,
			"end":	3.001255,
			"seconds":	3.001255,
			"bytes":	7602176,
			"bits_per_second":	20263992.22991715,
			"retransmits":	0,
			"sender":	true
		},
		"sum_received":	{
			"start":	0,
			"end":	3.001423,
			"seconds":	3.001423,
			"bytes":	7602176,
			"bits_per_second":	20262857.984362751,
			"sender":	true
		},
		"cpu_utilization_percent":	{
			"host_total":	0.458760364410215,
			"host_user":	0.021151007870506534,
			"host_system":	0.43760935653970845,
			"remote_total":	0.15785635205231582,
			"remote_user":	0.00653014879743645,
			"remote_system":	0.15135952034058059
		},
		"sender_tcp_congestion":	"cubic",
		"receiver_tcp_congestion":	"cubic"
	}
}
