{
	"start":	{
		"connected":	[{
				"socket":	5,
				"local_host":	"192.168.1.2",
				"local_port":	40658,
				"remote_host":	"192.168.4.2",
				"remote_port":	5203
			}],
		"version":	"iperf 3.19.1",
		"system_info":	"Linux h1 6.6.87.2-microsoft-standard-WSL2 #1 SMP PREEMPT_DYNAMIC Thu Jun  5 18:30:46 UTC 2025 x86_64",
		"timestamp":	{
			"time":	"Sun, 05 Apr 2026 07:39:22 UTC",
			"timesecs":	1775374762
		},
		"connecting_to":	{
			"host":	"192.168.4.2",
			"port":	5203
		},
		"cookie":	"bysty2lkhhzqbngo6cn63tz3tgvkklr2lgwx",
		"tcp_mss_default":	9448,
		"target_bitrate":	20000000,
		"fq_rate":	0,
		"sock_bufsize":	0,
		"sndbuf_actual":	16384,
		"rcvbuf_actual":	131072,
		"test_start":	{
			"protocol":	"TCP",
			"num_streams":	1,
			"blksize":	131072,
			"omit":	0,
			"duration":	3,
			"bytes":	0,
			"blocks":	0,
			"reverse":	0,
			"tos":	0,
			"target_bitrate":	20000000,
			"bidir":	0,
			"fqrate":	0,
			"interval":	1
		}
	},
	"intervals":	[{
			"streams":	[{
					"socket":	5,
					"start":	0,
					"end":	1.001068,
					"seconds":	1.0010679960250854,
					"bytes":	2621440,
					"bits_per_second":	20949146.394921292,
					"retransmits":	0,
					"snd_cwnd":	264544,
					"snd_wnd":	-1,
					"rtt":	178,
					"rttvar":	110,
					"pmtu":	9500,
					"omitted":	false,
					"sender":	true
				}],
			"sum":	{
				"start":	0,
				"end":	1.001068,
				"seconds":	1.0010679960250854,
				"bytes":	2621440,
				"bits_per_second":	20949146.394921292,
				"retransmits":	0,
				"omitted":	false,
				"sender":	true
			}
		}, {
			"streams":	[{
					"socket":	5,
					"start":	1.001068,
					"end":	2.001099,
					"seconds":	1.0000309944152832,
					"bytes":	2490368,
					"bits_per_second":	19922326.519138459,
					"retransmits":	0,
					"snd_cwnd":	264544,
					"snd_wnd":	-1,
					"rtt":	119,
					"rttvar":	60,
					"pmtu":	9500,
					"omitted":	false,
					"sender":	true
				}],
			"sum":	{
				"start":	1.001068,
				"end":	2.001099,
				"seconds":	1.0000309944152832,
				"bytes":	2490368,
				"bits_per_second":	19922326.519138459,
				"retransmits":	0,
				"omitted":	false,
				"sender":	true
			}
		}, {
			"streams":	[{
					"socket":	5,
					"start":	2.001099,
					"end":	3.001391,
					"seconds":	1.00029194355011,
					"bytes":	2490368,
					"bits_per_second":	19917129.322557576,
					"retransmits":	0,
					"snd_cwnd":	264544,
					"snd_wnd":	-1,
					"rtt":	126,
					"rttvar":	61,
					"pmtu":	9500,
					"omitted":	false,
					"sender":	true
				}],
			"sum":	{
				"start":	2.001099,
				"end":	3.001391,
				"seconds":	1.00029194355011,
				"bytes":	2490368,
				"bits_per_second":	19917129.322557576,
				"retransmits":	0,
				"omitted":	false,
				"sender":	true
			}
		}],
	"end":	{
		"streams":	[{
				"sender":	{
					"socket":	5,
					"start":	0,
					"end":	3.001391,
					"seconds":	3.001391,
					"bytes":	7602176,
					"bits_per_second":	20263074.021345437,
					"retransmits":	0,
					"max_snd_cwnd":	264544,
					"max_snd_wnd":	0,
					"max_rtt":	178,
					"min_rtt":	119,
					"mean_rtt":	141,
					"sender":	true
				},
				"receiver":	{
					"socket":	5,
					"start":	0,
					"end":	3.001537,
					"seconds":	3.001391,
					"bytes":	7602176,
					"bits_per_second":	20262088.390048165,
					"sender":	true
				}
			}],
		"sum_sent":	{
			"start":	0,
			"end":	3.001391,
			"seconds":	3.001391,
			"bytes":	7602176,
			"bits_per_second":	20263074.021345437,
			"retransmits":	0,
			"sender":	true
		},
		"sum_received":	{
			"start":	0,
			"end":	3.001537,
			"seconds":	3.001537,
			"bytes":	7602176,
			"bits_per_second":	20262088.390048165,
			"sender":	true
		},
		"cpu_utilization_percent":	{
			"host_total":	0.575960853446556,
			"host_user":	0,
			"host_system":	0.575994159457858,
			"remote_total":	0.28358482941099844,
			"remote_user":	0.014892201450507084,
			"remote_system":	0.26865931207357746
		},
		"sender_tcp_congestion":	"cubic",
		"receiver_tcp_congestion":	"cubic"
	}
}
