{
	"start":	{
		"connected":	[{
				"socket":	5,
				"local_host":	"192.168.1.2",
				"local_port":	47890,
				"remote_host":	"192.168.4.2",
				"remote_port":	5203
			}],
		"version":	"iperf 3.19.1",
		"system_info":	"Linux h1 6.6.87.2-microsoft-standard-WSL2 #1 SMP PREEMPT_DYNAMIC Thu Jun  5 18:30:46 UTC 2025 x86_64",
		"timestamp":	{
			"time":	"Sun, 05 Apr 2026 07:34:40 UTC",
			"timesecs":	1775374480
		},
		"connecting_to":	{
			"host":	"192.168.4.2",
			"port":	5203
		},
		"cookie":	"anlyybibtnfzrsoxa7s52lm7nmxfjkugkh24",
		"tcp_mss_default":	9448,
		"target_bitrate":	20000000,
		"fq_rate":	0,
		"sock_bufsize":	0,
		"sndbuf_actual":	16384,
		"rcvbuf_actual":	131072,
		"test_start":	{
			"protocol":	"TCP",
			"num_streams":	1,
			"blksize":	131072,
			"omit":	0,
			"duration":	3,
			"bytes":	0,
			"blocks":	0,
			"reverse":	0,
			"tos":	0,
			"target_bitrate":	20000000,
			"bidir":	0,
			"fqrate":	0,
			"interval":	1
		}
	},
	"intervals":	[{
			"streams":	[{
					"socket":	5,
					"start":	0,
					"end":	1.000405,
					"seconds":	1.000404953956604,
					"bytes":	2621440,
					"bits_per_second":	20963030.937679376,
					"retransmits":	0,
					"snd_cwnd":	349576,
					"snd_wnd":	-1,
					"rtt":	105,
					"rttvar":	51,
					"pmtu":	9500,
					"omitted":	false,
					"sender":	true
				}],
			"sum":	{
				"start":	0,
				"end":	1.000405,
				"seconds":	1.000404953956604,
				"bytes":	2621440,
				"bits_per_second":	20963030.937679376,
				"retransmits":	0,
				"omitted":	false,
				"sender":	true
			}
		}, {
			"streams":	[{
					"socket":	5,
					"start":	1.000405,
					"end":	2.000113,
					"seconds":	0.99970799684524536,
					"bytes":	2490368,
					"bits_per_second":	19928763.261742786,
					"retransmits":	0,
					"snd_cwnd":	349576,
					"snd_wnd":	-1,
					"rtt":	143,
					"rttvar":	64,
					"pmtu":	9500,
					"omitted":	false,
					"sender":	true
				}],
			"sum":	{
				"start":	1.000405,
				"end":	2.000113,
				"seconds":	0.99970799684524536,
				"bytes":	2490368,
				"bits_per_second":	19928763.261742786,
				"retransmits":	0,
				"omitted":	false,
				"sender":	true
			}
		}, {
			"streams":	[{
					"socket":	5,
					"start":	2.000113,
					"end":	3.001293,
					"seconds":	1.0011800527572632,
					"bytes":	2490368,
					"bits_per_second":	19899461.585487992,
					"retransmits":	0,
					"snd_cwnd":	349576,
					"snd_wnd":	-1,
					"rtt":	131,
					"rttvar":	33,
					"pmtu":	9500,
					"omitted":	false,
					"sender":	true
				}],
			"sum":	{
				"start":	2.000113,
				"end":	3.001293,
				"seconds":	1.0011800527572632,
				"bytes":	2490368,
				"bits_per_second":	19899461.585487992,
				"retransmits":	0,
				"omitted":	false,
				"sender":	true
			}
		}],
	"end":	{
		"streams":	[{
				"sender":	{
					"socket":	5,
					"start":	0,
					"end":	3.001293,
					"seconds":	3.001293,
					"bytes":	7602176,
					"bits_per_second":	20263735.663262468,
					"retransmits":	0,
					"max_snd_cwnd":	349576,
					"max_snd_wnd":	0,
					"max_rtt":	143,
					"min_rtt":	105,
					"mean_rtt":	126,
					"sender":	true
				},
				"receiver":	{
					"socket":	5,
					"start":	0,
					"end":	3.001866,
					"seconds":	3.001293,
					"bytes":	7602176,
					"bits_per_second":	20259867.695626654,
					"sender":	true
				}
			}],
		"sum_sent":	{
			"start":	0,
			"end":	3.001293,
			"seconds":	3.001293,
			"bytes":	7602176,
			"bits_per_second":	20263735.663262468,
			"retransmits":	0,
			"sender":	true
		},
		"sum_received":	{
			"start":	0,
			"end":	3.001866,
			"seconds":	3.001866,
			"bytes":	7602176,
			"bits_per_second":	20259867.695626654,
			"sender":	true
		},
		"cpu_utilization_percent":	{
			"host_total":	0.57748933837658256,
			"host_user":	0,
			"host_system":	0.57748933837658256,
			"remote_total":	0.19447773832850415,
			"remote_user":	0,
			"remote_system":	0.19447773832850415
		},
		"sender_tcp_congestion":	"cubic",
		"receiver_tcp_congestion":	"cubic"
	}
}
