{
	"start":	{
		"connected":	[{
				"socket":	5,
				"local_host":	"192.168.1.2",
				"local_port":	50358,
				"remote_host":	"192.168.4.2",
				"remote_port":	5204
			}],
		"version":	"iperf 3.19.1",
		"system_info":	"Linux h1 6.6.87.2-microsoft-standard-WSL2 #1 SMP PREEMPT_DYNAMIC Thu Jun  5 18:30:46 UTC 2025 x86_64",
		"timestamp":	{
			"time":	"Sun, 05 Apr 2026 07:42:53 UTC",
			"timesecs":	1775374973
		},
		"connecting_to":	{
			"host":	"192.168.4.2",
			"port":	5204
		},
		"cookie":	"gtsivtvubfgqbporro4wesdqv2oomr76pldh",
		"tcp_mss_default":	9448,
		"target_bitrate":	20000000,
		"fq_rate":	0,
		"sock_bufsize":	0,
		"sndbuf_actual":	16384,
		"rcvbuf_actual":	131072,
		"test_start":	{
			"protocol":	"TCP",
			"num_streams":	1,
			"blksize":	131072,
			"omit":	0,
			"duration":	3,
			"bytes":	0,
			"blocks":	0,
			"reverse":	0,
			"tos":	0,
			"target_bitrate":	20000000,
			"bidir":	0,
			"fqrate":	0,
			"interval":	1
		}
	},
	"intervals":	[{
			"streams":	[{
					"socket":	5,
					"start":	0,
					"end":	1.001125,
					"seconds":	1.0011249780654907,
					"bytes":	2621440,
					"bits_per_second":	20947954.01122047,
					"retransmits":	0,
					"snd_cwnd":	349576,
					"snd_wnd":	-1,
					"rtt":	146,
					"rttvar":	110,
					"pmtu":	9500,
					"omitted":	false,
					"sender":	true
				}],
			"sum":	{
				"start":	0,
				"end":	1.001125,
				"seconds":	1.0011249780654907,
				"bytes":	2621440,
				"bits_per_second":	20947954.01122047,
				"retransmits":	0,
				"omitted":	false,
				"sender":	true
			}
		}, {
			"streams":	[{
					"socket":	5,
					"start":	1.001125,
					"end":	2.001061,
					"seconds":	0.99993598461151123,
					"bytes":	2490368,
					"bits_per_second":	19924219.456648853,
					"retransmits":	0,
					"snd_cwnd":	349576,
					"snd_wnd":	-1,
					"rtt":	112,
					"rttvar":	57,
					"pmtu":	9500,
					"omitted":	false,
					"sender":	true
				}],
			"sum":	{
				"start":	1.001125,
				"end":	2.001061,
				"seconds":	0.99993598461151123,
				"bytes":	2490368,
				"bits_per_second":	19924219.456648853,
				"retransmits":	0,
				"omitted":	false,
				"sender":	true
			}
		}, {
			"streams":	[{
					"socket":	5,
					"start":	2.001061,
					"end":	3.001186,
					"seconds":	1.0001250505447388,
					"bytes":	2490368,
					"bits_per_second":	19920452.936508846,
					"retransmits":	0,
					"snd_cwnd":	349576,
					"snd_wnd":	-1,
					"rtt":	133,
					"rttvar":	74,
					"pmtu":	9500,
					"omitted":	false,
					"sender":	true
				}],
			"sum":	{
				"start":	2.001061,
				"end":	3.001186,
				"seconds":	1.0001250505447388,
				"bytes":	2490368,
				"bits_per_second":	19920452.936508846,
				"retransmits":	0,
				"omitted":	false,
				"sender":	true
			}
		}],
	"end":	{
		"streams":	[{
				"sender":	{
					"socket":	5,
					"start":	0,
					"end":	3.001186,
					"seconds":	3.001186,
					"bytes":	7602176,
					"bits_per_second":	20264458.117557526,
					"retransmits":	0,
					"max_snd_cwnd":	349576,
					"max_snd_wnd":	0,
					"max_rtt":	146,
					"min_rtt":	112,
					"mean_rtt":	130,
					"sender":	true
				},
				"receiver":	{
					"socket":	5,
					"start":	0,
					"end":	3.001388,
					"seconds":	3.001186,
					"bytes":	7602176,
					"bits_per_second":	20263094.275048744,
					"sender":	true
				}
			}],
		"sum_sent":	{
			"start":	0,
			"end":	3.001186,
			"seconds":	3.001186,
			"bytes":	7602176,
			"bits_per_second":	20264458.117557526,
			"retransmits":	0,
			"sender":	true
		},
		"sum_received":	{
			"start":	0,
			"end":	3.001388,
			"seconds":	3.001388,
			"bytes":	7602176,
			"bits_per_second":	20263094.275048744,
			"sender":	true
		},
		"cpu_utilization_percent":	{
			"host_total":	0.59154748515719369,
			"host_user":	0,
			"host_system":	0.59154748515719369,
			"remote_total":	0.20263647309919192,
			"remote_user":	0.018624430855384459,
			"remote_system":	0.18404535965141994
		},
		"sender_tcp_congestion":	"cubic",
		"receiver_tcp_congestion":	"cubic"
	}
}
