{
	"start":	{
		"connected":	[{
				"socket":	5,
				"local_host":	"192.168.1.2",
				"local_port":	40238,
				"remote_host":	"192.168.4.2",
				"remote_port":	5203
			}],
		"version":	"iperf 3.19.1",
		"system_info":	"Linux h1 6.6.87.2-microsoft-standard-WSL2 #1 SMP PREEMPT_DYNAMIC Thu Jun  5 18:30:46 UTC 2025 x86_64",
		"timestamp":	{
			"time":	"Sun, 05 Apr 2026 07:47:40 UTC",
			"timesecs":	1775375260
		},
		"connecting_to":	{
			"host":	"192.168.4.2",
			"port":	5203
		},
		"cookie":	"owc2epbpqs2jpgbkiiy44hvs2unumj7w7334",
		"tcp_mss_default":	9448,
		"target_bitrate":	20000000,
		"fq_rate":	0,
		"sock_bufsize":	0,
		"sndbuf_actual":	16384,
		"rcvbuf_actual":	131072,
		"test_start":	{
			"protocol":	"TCP",
			"num_streams":	1,
			"blksize":	131072,
			"omit":	0,
			"duration":	3,
			"bytes":	0,
			"blocks":	0,
			"reverse":	0,
			"tos":	0,
			"target_bitrate":	20000000,
			"bidir":	0,
			"fqrate":	0,
			"interval":	1
		}
	},
	"intervals":	[{
			"streams":	[{
					"socket":	5,
					"start":	0,
					"end":	1.000164,
					"seconds":	1.0001640319824219,
					"bytes":	2621440,
					"bits_per_second":	20968080.564177476,
					"retransmits":	0,
					"snd_cwnd":	330680,
					"snd_wnd":	-1,
					"rtt":	129,
					"rttvar":	57,
					"pmtu":	9500,
					"omitted":	false,
					"sender":	true
				}],
			"sum":	{
				"start":	0,
				"end":	1.000164,
				"seconds":	1.0001640319824219,
				"bytes":	2621440,
				"bits_per_second":	20968080.564177476,
				"retransmits":	0,
				"omitted":	false,
				"sender":	true
			}
		}, {
			"streams":	[{
					"socket":	5,
					"start":	1.000164,
					"end":	2.001481,
					"seconds":	1.001317024230957,
					"bytes":	2490368,
					"bits_per_second":	19896739.511945728,
					"retransmits":	0,
					"snd_cwnd":	330680,
					"snd_wnd":	-1,
					"rtt":	101,
					"rttvar":	61,
					"pmtu":	9500,
					"omitted":	false,
					"sender":	true
				}],
			"sum":	{
				"start":	1.000164,
				"end":	2.001481,
				"seconds":	1.001317024230957,
				"bytes":	2490368,
				"bits_per_second":	19896739.511945728,
				"retransmits":	0,
				"omitted":	false,
				"sender":	true
			}
		}, {
			"streams":	[{
					"socket":	5,
					"start":	2.001481,
					"end":	3.001279,
					"seconds":	0.9997979998588562,
					"bytes":	2490368,
					"bits_per_second":	19926969.250601191,
					"retransmits":	0,
					"snd_cwnd":	330680,
					"snd_wnd":	-1,
					"rtt":	115,
					"rttvar":	64,
					"pmtu":	9500,
					"omitted":	false,
					"sender":	true
				}],
			"sum":	{
				"start":	2.001481,
				"end":	3.001279,
				"seconds":	0.9997979998588562,
				"bytes":	2490368,
				"bits_per_second":	19926969.250601191,
				"retransmits":	0,
				"omitted":	false,
				"sender":	true
			}
		}],
	"end":	{
		"streams":	[{
				"sender":	{
					"socket":	5,
					"start":	0,
					"end":	3.001279,
					"seconds":	3.001279,
					"bytes":	7602176,
					"bits_per_second":	20263830.187063582,
					"retransmits":	0,
					"max_snd_cwnd":	330680,
					"max_snd_wnd":	0,
					"max_rtt":	129,
					"min_rtt":	101,
					"mean_rtt":	115,
					"sender":	true
				},
				"receiver":	{
					"socket":	5,
					"start":	0,
					"end":	3.001462,
					"seconds":	3.001279,
					"bytes":	7602176,
					"bits_per_second":	20262594.695518382,
					"sender":	true
				}
			}],
		"sum_sent":	{
			"start":	0,
			"end":	3.001279,
			"seconds":	3.001279,
			"bytes":	7602176,
			"bits_per_second":	20263830.187063582,
			"retransmits":	0,
			"sender":	true
		},
		"sum_received":	{
			"start":	0,
			"end":	3.001462,
			"seconds":	3.001462,
			"bytes":	7602176,
			"bits_per_second":	20262594.695518382,
			"sender":	true
		},
		"cpu_utilization_percent":	{
			"host_total":	0.530334797363347,
			"host_user":	0,
			"host_system":	0.530401409785298,
			"remote_total":	0.18544061302681994,
			"remote_user":	0.011594202898550725,
			"remote_system":	0.17387972680326505
		},
		"sender_tcp_congestion":	"cubic",
		"receiver_tcp_congestion":	"cubic"
	}
}
