{
	"start":	{
		"connected":	[{
				"socket":	5,
				"local_host":	"192.168.1.2",
				"local_port":	60514,
				"remote_host":	"192.168.4.2",
				"remote_port":	5202
			}],
		"version":	"iperf 3.19.1",
		"system_info":	"Linux h1 6.6.87.2-microsoft-standard-WSL2 #1 SMP PREEMPT_DYNAMIC Thu Jun  5 18:30:46 UTC 2025 x86_64",
		"timestamp":	{
			"time":	"Sun, 05 Apr 2026 07:36:33 UTC",
			"timesecs":	1775374593
		},
		"connecting_to":	{
			"host":	"192.168.4.2",
			"port":	5202
		},
		"cookie":	"47gudlh53hxctjr7icb5l6pb6yblko72sk2z",
		"tcp_mss_default":	9448,
		"target_bitrate":	20000000,
		"fq_rate":	0,
		"sock_bufsize":	0,
		"sndbuf_actual":	16384,
		"rcvbuf_actual":	131072,
		"test_start":	{
			"protocol":	"TCP",
			"num_streams":	1,
			"blksize":	131072,
			"omit":	0,
			"duration":	3,
			"bytes":	0,
			"blocks":	0,
			"reverse":	0,
			"tos":	0,
			"target_bitrate":	20000000,
			"bidir":	0,
			"fqrate":	0,
			"interval":	1
		}
	},
	"intervals":	[{
			"streams":	[{
					"socket":	5,
					"start":	0,
					"end":	1.000541,
					"seconds":	1.0005409717559814,
					"bytes":	2621440,
					"bits_per_second":	20960181.134006247,
					"retransmits":	0,
					"snd_cwnd":	359024,
					"snd_wnd":	-1,
					"rtt":	109,
					"rttvar":	59,
					"pmtu":	9500,
					"omitted":	false,
					"sender":	true
				}],
			"sum":	{
				"start":	0,
				"end":	1.000541,
				"seconds":	1.0005409717559814,
				"bytes":	2621440,
				"bits_per_second":	20960181.134006247,
				"retransmits":	0,
				"omitted":	false,
				"sender":	true
			}
		}, {
			"streams":	[{
					"socket":	5,
					"start":	1.000541,
					"end":	2.001078,
					"seconds":	1.0005370378494263,
					"bytes":	2490368,
					"bits_per_second":	19912250.3678852,
					"retransmits":	0,
					"snd_cwnd":	359024,
					"snd_wnd":	-1,
					"rtt":	168,
					"rttvar":	93,
					"pmtu":	9500,
					"omitted":	false,
					"sender":	true
				}],
			"sum":	{
				"start":	1.000541,
				"end":	2.001078,
				"seconds":	1.0005370378494263,
				"bytes":	2490368,
				"bits_per_second":	19912250.3678852,
				"retransmits":	0,
				"omitted":	false,
				"sender":	true
			}
		}, {
			"streams":	[{
					"socket":	5,
					"start":	2.001078,
					"end":	3.000983,
					"seconds":	0.999904990196228,
					"bytes":	2490368,
					"bits_per_second":	19924837.05485877,
					"retransmits":	0,
					"snd_cwnd":	359024,
					"snd_wnd":	-1,
					"rtt":	115,
					"rttvar":	42,
					"pmtu":	9500,
					"omitted":	false,
					"sender":	true
				}],
			"sum":	{
				"start":	2.001078,
				"end":	3.000983,
				"seconds":	0.999904990196228,
				"bytes":	2490368,
				"bits_per_second":	19924837.05485877,
				"retransmits":	0,
				"omitted":	false,
				"sender":	true
			}
		}],
	"end":	{
		"streams":	[{
				"sender":	{
					"socket":	5,
					"start":	0,
					"end":	3.000983,
					"seconds":	3.000983,
					"bytes":	7602176,
					"bits_per_second":	20265828.8967315,
					"retransmits":	0,
					"max_snd_cwnd":	359024,
					"max_snd_wnd":	0,
					"max_rtt":	168,
					"min_rtt":	109,
					"mean_rtt":	130,
					"sender":	true
				},
				"receiver":	{
					"socket":	5,
					"start":	0,
					"end":	3.001136,
					"seconds":	3.000983,
					"bytes":	7602176,
					"bits_per_second":	20264795.730683316,
					"sender":	true
				}
			}],
		"sum_sent":	{
			"start":	0,
			"end":	3.000983,
			"seconds":	3.000983,
			"bytes":	7602176,
			"bits_per_second":	20265828.8967315,
			"retransmits":	0,
			"sender":	true
		},
		"sum_received":	{
			"start":	0,
			"end":	3.001136,
			"seconds":	3.001136,
			"bytes":	7602176,
			"bits_per_second":	20264795.730683316,
			"sender":	true
		},
		"cpu_utilization_percent":	{
			"host_total":	0.537551129317073,
			"host_user":	0,
			"host_system":	0.537584441031104,
			"remote_total":	0.19282473407879791,
			"remote_user":	0.000199921963793466,
			"remote_system":	0.19255817146040663
		},
		"sender_tcp_congestion":	"cubic",
		"receiver_tcp_congestion":	"cubic"
	}
}
