{
	"start":	{
		"connected":	[{
				"socket":	5,
				"local_host":	"192.168.1.2",
				"local_port":	50272,
				"remote_host":	"192.168.4.2",
				"remote_port":	5202
			}],
		"version":	"iperf 3.19.1",
		"system_info":	"Linux h1 6.6.87.2-microsoft-standard-WSL2 #1 SMP PREEMPT_DYNAMIC Thu Jun  5 18:30:46 UTC 2025 x86_64",
		"timestamp":	{
			"time":	"Sun, 05 Apr 2026 07:36:55 UTC",
			"timesecs":	1775374615
		},
		"connecting_to":	{
			"host":	"192.168.4.2",
			"port":	5202
		},
		"cookie":	"sxhmruesjecddht7qrrnl2hfh7s7kbk7z6j2",
		"tcp_mss_default":	9448,
		"target_bitrate":	20000000,
		"fq_rate":	0,
		"sock_bufsize":	0,
		"sndbuf_actual":	16384,
		"rcvbuf_actual":	131072,
		"test_start":	{
			"protocol":	"TCP",
			"num_streams":	1,
			"blksize":	131072,
			"omit":	0,
			"duration":	3,
			"bytes":	0,
			"blocks":	0,
			"reverse":	0,
			"tos":	0,
			"target_bitrate":	20000000,
			"bidir":	0,
			"fqrate":	0,
			"interval":	1
		}
	},
	"intervals":	[{
			"streams":	[{
					"socket":	5,
					"start":	0,
					"end":	1.001153,
					"seconds":	1.0011529922485352,
					"bytes":	2621440,
					"bits_per_second":	20947367.847244911,
					"retransmits":	0,
					"snd_cwnd":	330680,
					"snd_wnd":	-1,
					"rtt":	117,
					"rttvar":	63,
					"pmtu":	9500,
					"omitted":	false,
					"sender":	true
				}],
			"sum":	{
				"start":	0,
				"end":	1.001153,
				"seconds":	1.0011529922485352,
				"bytes":	2621440,
				"bits_per_second":	20947367.847244911,
				"retransmits":	0,
				"omitted":	false,
				"sender":	true
			}
		}, {
			"streams":	[{
					"socket":	5,
					"start":	1.001153,
					"end":	2.001008,
					"seconds":	0.99985498189926147,
					"bytes":	2490368,
					"bits_per_second":	19925833.606545255,
					"retransmits":	0,
					"snd_cwnd":	330680,
					"snd_wnd":	-1,
					"rtt":	144,
					"rttvar":	69,
					"pmtu":	9500,
					"omitted":	false,
					"sender":	true
				}],
			"sum":	{
				"start":	1.001153,
				"end":	2.001008,
				"seconds":	0.99985498189926147,
				"bytes":	2490368,
				"bits_per_second":	19925833.606545255,
				"retransmits":	0,
				"omitted":	false,
				"sender":	true
			}
		}, {
			"streams":	[{
					"socket":	5,
					"start":	2.001008,
					"end":	3.001573,
					"seconds":	1.0005650520324707,
					"bytes":	2490368,
					"bits_per_second":	19911692.857480947,
					"retransmits":	0,
					"snd_cwnd":	330680,
					"snd_wnd":	-1,
					"rtt":	114,
					"rttvar":	55,
					"pmtu":	9500,
					"omitted":	false,
					"sender":	true
				}],
			"sum":	{
				"start":	2.001008,
				"end":	3.001573,
				"seconds":	1.0005650520324707,
				"bytes":	2490368,
				"bits_per_second":	19911692.857480947,
				"retransmits":	0,
				"omitted":	false,
				"sender":	true
			}
		}],
	"end":	{
		"streams":	[{
				"sender":	{
					"socket":	5,
					"start":	0,
					"end":	3.001573,
					"seconds":	3.001573,
					"bytes":	7602176,
					"bits_per_second":	20261845.372409731,
					"retransmits":	0,
					"max_snd_cwnd":	330680,
					"max_snd_wnd":	0,
					"max_rtt":	144,
					"min_rtt":	114,
					"mean_rtt":	125,
					"sender":	true
				},
				"receiver":	{
					"socket":	5,
					"start":	0,
					"end":	3.001754,
					"seconds":	3.001573,
					"bytes":	7602176,
					"bits_per_second":	20260623.622055639,
					"sender":	true
				}
			}],
		"sum_sent":	{
			"start":	0,
			"end":	3.001573,
			"seconds":	3.001573,
			"bytes":	7602176,
			"bits_per_second":	20261845.372409731,
			"retransmits":	0,
			"sender":	true
		},
		"sum_received":	{
			"start":	0,
			"end":	3.001754,
			"seconds":	3.001754,
			"bytes":	7602176,
			"bits_per_second":	20260623.622055639,
			"sender":	true
		},
		"cpu_utilization_percent":	{
			"host_total":	0.5329175839160385,
			"host_user":	0,
			"host_system":	0.5329175839160385,
			"remote_total":	0.18082622393335682,
			"remote_user":	0.017856089909410327,
			"remote_system":	0.16297013402394647
		},
		"sender_tcp_congestion":	"cubic",
		"receiver_tcp_congestion":	"cubic"
	}
}
