{
	"start":	{
		"connected":	[{
				"socket":	5,
				"local_host":	"192.168.1.2",
				"local_port":	40222,
				"remote_host":	"192.168.4.2",
				"remote_port":	5203
			}],
		"version":	"iperf 3.19.1",
		"system_info":	"Linux h1 6.6.87.2-microsoft-standard-WSL2 #1 SMP PREEMPT_DYNAMIC Thu Jun  5 18:30:46 UTC 2025 x86_64",
		"timestamp":	{
			"time":	"Sun, 05 Apr 2026 07:47:36 UTC",
			"timesecs":	1775375256
		},
		"connecting_to":	{
			"host":	"192.168.4.2",
			"port":	5203
		},
		"cookie":	"yozmh26flje2puwnsyr7gnk6zr7x2r5rurwv",
		"tcp_mss_default":	9448,
		"target_bitrate":	20000000,
		"fq_rate":	0,
		"sock_bufsize":	0,
		"sndbuf_actual":	16384,
		"rcvbuf_actual":	131072,
		"test_start":	{
			"protocol":	"TCP",
			"num_streams":	1,
			"blksize":	131072,
			"omit":	0,
			"duration":	3,
			"bytes":	0,
			"blocks":	0,
			"reverse":	0,
			"tos":	0,
			"target_bitrate":	20000000,
			"bidir":	0,
			"fqrate":	0,
			"interval":	1
		}
	},
	"intervals":	[{
			"streams":	[{
					"socket":	5,
					"start":	0,
					"end":	1.001118,
					"seconds":	1.0011179447174072,
					"bytes":	2621440,
					"bits_per_second":	20948101.18094505,
					"retransmits":	0,
					"snd_cwnd":	264544,
					"snd_wnd":	-1,
					"rtt":	138,
					"rttvar":	45,
					"pmtu":	9500,
					"omitted":	false,
					"sender":	true
				}],
			"sum":	{
				"start":	0,
				"end":	1.001118,
				"seconds":	1.0011179447174072,
				"bytes":	2621440,
				"bits_per_second":	20948101.18094505,
				"retransmits":	0,
				"omitted":	false,
				"sender":	true
			}
		}, {
			"streams":	[{
					"socket":	5,
					"start":	1.001118,
					"end":	2.001046,
					"seconds":	0.99992799758911133,
					"bytes":	2490368,
					"bits_per_second":	19924378.603294894,
					"retransmits":	0,
					"snd_cwnd":	264544,
					"snd_wnd":	-1,
					"rtt":	90,
					"rttvar":	43,
					"pmtu":	9500,
					"omitted":	false,
					"sender":	true
				}],
			"sum":	{
				"start":	1.001118,
				"end":	2.001046,
				"seconds":	0.99992799758911133,
				"bytes":	2490368,
				"bits_per_second":	19924378.603294894,
				"retransmits":	0,
				"omitted":	false,
				"sender":	true
			}
		}, {
			"streams":	[{
					"socket":	5,
					"start":	2.001046,
					"end":	3.001481,
					"seconds":	1.0004349946975708,
					"bytes":	2490368,
					"bits_per_second":	19914281.39318803,
					"retransmits":	0,
					"snd_cwnd":	264544,
					"snd_wnd":	-1,
					"rtt":	125,
					"rttvar":	50,
					"pmtu":	9500,
					"omitted":	false,
					"sender":	true
				}],
			"sum":	{
				"start":	2.001046,
				"end":	3.001481,
				"seconds":	1.0004349946975708,
				"bytes":	2490368,
				"bits_per_second":	19914281.39318803,
				"retransmits":	0,
				"omitted":	false,
				"sender":	true
			}
		}],
	"end":	{
		"streams":	[{
				"sender":	{
					"socket":	5,
					"start":	0,
					"end":	3.001481,
					"seconds":	3.001481,
					"bytes":	7602176,
					"bits_per_second":	20262466.429072846,
					"retransmits":	0,
					"max_snd_cwnd":	264544,
					"max_snd_wnd":	0,
					"max_rtt":	138,
					"min_rtt":	90,
					"mean_rtt":	117,
					"sender":	true
				},
				"receiver":	{
					"socket":	5,
					"start":	0,
					"end":	3.001643,
					"seconds":	3.001481,
					"bytes":	7602176,
					"bits_per_second":	20261372.854799856,
					"sender":	true
				}
			}],
		"sum_sent":	{
			"start":	0,
			"end":	3.001481,
			"seconds":	3.001481,
			"bytes":	7602176,
			"bits_per_second":	20262466.429072846,
			"retransmits":	0,
			"sender":	true
		},
		"sum_received":	{
			"start":	0,
			"end":	3.001643,
			"seconds":	3.001643,
			"bytes":	7602176,
			"bits_per_second":	20261372.854799856,
			"sender":	true
		},
		"cpu_utilization_percent":	{
			"host_total":	0.51238257899231432,
			"host_user":	0.027244471503881505,
			"host_system":	0.48510480128855027,
			"remote_total":	0.163608488318867,
			"remote_user":	0.0139255443122147,
			"remote_system":	0.14971625870596378
		},
		"sender_tcp_congestion":	"cubic",
		"receiver_tcp_congestion":	"cubic"
	}
}
