{
	"start":	{
		"connected":	[{
				"socket":	5,
				"local_host":	"192.168.1.2",
				"local_port":	43096,
				"remote_host":	"192.168.4.2",
				"remote_port":	5203
			}],
		"version":	"iperf 3.19.1",
		"system_info":	"Linux h1 6.6.87.2-microsoft-standard-WSL2 #1 SMP PREEMPT_DYNAMIC Thu Jun  5 18:30:46 UTC 2025 x86_64",
		"timestamp":	{
			"time":	"Sun, 05 Apr 2026 07:35:41 UTC",
			"timesecs":	1775374541
		},
		"connecting_to":	{
			"host":	"192.168.4.2",
			"port":	5203
		},
		"cookie":	"3oonkee7e6vsad4s6i6hjozwjy2lvhl6x5lf",
		"tcp_mss_default":	9448,
		"target_bitrate":	20000000,
		"fq_rate":	0,
		"sock_bufsize":	0,
		"sndbuf_actual":	16384,
		"rcvbuf_actual":	131072,
		"test_start":	{
			"protocol":	"TCP",
			"num_streams":	1,
			"blksize":	131072,
			"omit":	0,
			"duration":	3,
			"bytes":	0,
			"blocks":	0,
			"reverse":	0,
			"tos":	0,
			"target_bitrate":	20000000,
			"bidir":	0,
			"fqrate":	0,
			"interval":	1
		}
	},
	"intervals":	[{
			"streams":	[{
					"socket":	5,
					"start":	0,
					"end":	1.000942,
					"seconds":	1.00094199180603,
					"bytes":	2621440,
					"bits_per_second":	20951783.591535054,
					"retransmits":	0,
					"snd_cwnd":	226752,
					"snd_wnd":	-1,
					"rtt":	95,
					"rttvar":	37,
					"pmtu":	9500,
					"omitted":	false,
					"sender":	true
				}],
			"sum":	{
				"start":	0,
				"end":	1.000942,
				"seconds":	1.00094199180603,
				"bytes":	2621440,
				"bits_per_second":	20951783.591535054,
				"retransmits":	0,
				"omitted":	false,
				"sender":	true
			}
		}, {
			"streams":	[{
					"socket":	5,
					"start":	1.000942,
					"end":	2.000927,
					"seconds":	0.9999849796295166,
					"bytes":	2490368,
					"bits_per_second":	19923243.254494913,
					"retransmits":	0,
					"snd_cwnd":	226752,
					"snd_wnd":	-1,
					"rtt":	228,
					"rttvar":	248,
					"pmtu":	9500,
					"omitted":	false,
					"sender":	true
				}],
			"sum":	{
				"start":	1.000942,
				"end":	2.000927,
				"seconds":	0.9999849796295166,
				"bytes":	2490368,
				"bits_per_second":	19923243.254494913,
				"retransmits":	0,
				"omitted":	false,
				"sender":	true
			}
		}, {
			"streams":	[{
					"socket":	5,
					"start":	2.000927,
					"end":	3.001608,
					"seconds":	1.0006810426712036,
					"bytes":	2490368,
					"bits_per_second":	19909384.859353364,
					"retransmits":	0,
					"snd_cwnd":	226752,
					"snd_wnd":	-1,
					"rtt":	101,
					"rttvar":	42,
					"pmtu":	9500,
					"omitted":	false,
					"sender":	true
				}],
			"sum":	{
				"start":	2.000927,
				"end":	3.001608,
				"seconds":	1.0006810426712036,
				"bytes":	2490368,
				"bits_per_second":	19909384.859353364,
				"retransmits":	0,
				"omitted":	false,
				"sender":	true
			}
		}],
	"end":	{
		"streams":	[{
				"sender":	{
					"socket":	5,
					"start":	0,
					"end":	3.001608,
					"seconds":	3.001608,
					"bytes":	7602176,
					"bits_per_second":	20261609.110849917,
					"retransmits":	0,
					"max_snd_cwnd":	226752,
					"max_snd_wnd":	0,
					"max_rtt":	228,
					"min_rtt":	95,
					"mean_rtt":	141,
					"sender":	true
				},
				"receiver":	{
					"socket":	5,
					"start":	0,
					"end":	3.001774,
					"seconds":	3.001608,
					"bytes":	7602176,
					"bits_per_second":	20260488.631056167,
					"sender":	true
				}
			}],
		"sum_sent":	{
			"start":	0,
			"end":	3.001608,
			"seconds":	3.001608,
			"bytes":	7602176,
			"bits_per_second":	20261609.110849917,
			"retransmits":	0,
			"sender":	true
		},
		"sum_received":	{
			"start":	0,
			"end":	3.001774,
			"seconds":	3.001774,
			"bytes":	7602176,
			"bits_per_second":	20260488.631056167,
			"sender":	true
		},
		"cpu_utilization_percent":	{
			"host_total":	0.486335164013662,
			"host_user":	0.016982604152479808,
			"host_system":	0.46935255986118218,
			"remote_total":	0.16233528282250853,
			"remote_user":	0.00086614351598301282,
			"remote_system":	0.16146913930652551
		},
		"sender_tcp_congestion":	"cubic",
		"receiver_tcp_congestion":	"cubic"
	}
}
