{
	"start":	{
		"connected":	[{
				"socket":	5,
				"local_host":	"192.168.1.2",
				"local_port":	49274,
				"remote_host":	"192.168.4.2",
				"remote_port":	5203
			}],
		"version":	"iperf 3.19.1",
		"system_info":	"Linux h1 6.6.87.2-microsoft-standard-WSL2 #1 SMP PREEMPT_DYNAMIC Thu Jun  5 18:30:46 UTC 2025 x86_64",
		"timestamp":	{
			"time":	"Sun, 05 Apr 2026 06:31:18 UTC",
			"timesecs":	1775370678
		},
		"connecting_to":	{
			"host":	"192.168.4.2",
			"port":	5203
		},
		"cookie":	"6ke5upx6z6ocb4i6abgscc2dtvl2yiuokihd",
		"tcp_mss_default":	9448,
		"target_bitrate":	20000000,
		"fq_rate":	0,
		"sock_bufsize":	0,
		"sndbuf_actual":	16384,
		"rcvbuf_actual":	131072,
		"test_start":	{
			"protocol":	"TCP",
			"num_streams":	1,
			"blksize":	131072,
			"omit":	0,
			"duration":	3,
			"bytes":	0,
			"blocks":	0,
			"reverse":	0,
			"tos":	0,
			"target_bitrate":	20000000,
			"bidir":	0,
			"fqrate":	0,
			"interval":	1
		}
	},
	"intervals":	[{
			"streams":	[{
					"socket":	5,
					"start":	0,
					"end":	1.001535,
					"seconds":	1.0015350580215454,
					"bytes":	2621440,
					"bits_per_second":	20939376.841613121,
					"retransmits":	0,
					"snd_cwnd":	359024,
					"snd_wnd":	-1,
					"rtt":	148,
					"rttvar":	70,
					"pmtu":	9500,
					"omitted":	false,
					"sender":	true
				}],
			"sum":	{
				"start":	0,
				"end":	1.001535,
				"seconds":	1.0015350580215454,
				"bytes":	2621440,
				"bits_per_second":	20939376.841613121,
				"retransmits":	0,
				"omitted":	false,
				"sender":	true
			}
		}, {
			"streams":	[{
					"socket":	5,
					"start":	1.001535,
					"end":	2.000064,
					"seconds":	0.998529016971588,
					"bytes":	2490368,
					"bits_per_second":	19952293.485094465,
					"retransmits":	0,
					"snd_cwnd":	359024,
					"snd_wnd":	-1,
					"rtt":	113,
					"rttvar":	37,
					"pmtu":	9500,
					"omitted":	false,
					"sender":	true
				}],
			"sum":	{
				"start":	1.001535,
				"end":	2.000064,
				"seconds":	0.998529016971588,
				"bytes":	2490368,
				"bits_per_second":	19952293.485094465,
				"retransmits":	0,
				"omitted":	false,
				"sender":	true
			}
		}, {
			"streams":	[{
					"socket":	5,
					"start":	2.000064,
					"end":	3.00403,
					"seconds":	1.0039659738540649,
					"bytes":	2490368,
					"bits_per_second":	19844242.254066642,
					"retransmits":	0,
					"snd_cwnd":	359024,
					"snd_wnd":	-1,
					"rtt":	147,
					"rttvar":	70,
					"pmtu":	9500,
					"omitted":	false,
					"sender":	true
				}],
			"sum":	{
				"start":	2.000064,
				"end":	3.00403,
				"seconds":	1.0039659738540649,
				"bytes":	2490368,
				"bits_per_second":	19844242.254066642,
				"retransmits":	0,
				"omitted":	false,
				"sender":	true
			}
		}],
	"end":	{
		"streams":	[{
				"sender":	{
					"socket":	5,
					"start":	0,
					"end":	3.00403,
					"seconds":	3.00403,
					"bytes":	7602176,
					"bits_per_second":	20245273.183024134,
					"retransmits":	0,
					"max_snd_cwnd":	359024,
					"max_snd_wnd":	0,
					"max_rtt":	148,
					"min_rtt":	113,
					"mean_rtt":	136,
					"sender":	true
				},
				"receiver":	{
					"socket":	5,
					"start":	0,
					"end":	3.004133,
					"seconds":	3.00403,
					"bytes":	7602176,
					"bits_per_second":	20244579.051593255,
					"sender":	true
				}
			}],
		"sum_sent":	{
			"start":	0,
			"end":	3.00403,
			"seconds":	3.00403,
			"bytes":	7602176,
			"bits_per_second":	20245273.183024134,
			"retransmits":	0,
			"sender":	true
		},
		"sum_received":	{
			"start":	0,
			"end":	3.004133,
			"seconds":	3.004133,
			"bytes":	7602176,
			"bits_per_second":	20244579.051593255,
			"sender":	true
		},
		"cpu_utilization_percent":	{
			"host_total":	0.55342690523075755,
			"host_user":	0.023188371081805711,
			"host_system":	0.53027180297403331,
			"remote_total":	0.19526178927171947,
			"remote_user":	0,
			"remote_system":	0.19526178927171947
		},
		"sender_tcp_congestion":	"cubic",
		"receiver_tcp_congestion":	"cubic"
	}
}
