{
	"start":	{
		"connected":	[{
				"socket":	5,
				"local_host":	"192.168.1.2",
				"local_port":	40136,
				"remote_host":	"192.168.4.2",
				"remote_port":	5203
			}],
		"version":	"iperf 3.19.1",
		"system_info":	"Linux h1 6.6.87.2-microsoft-standard-WSL2 #1 SMP PREEMPT_DYNAMIC Thu Jun  5 18:30:46 UTC 2025 x86_64",
		"timestamp":	{
			"time":	"Sun, 05 Apr 2026 06:19:01 UTC",
			"timesecs":	1775369941
		},
		"connecting_to":	{
			"host":	"192.168.4.2",
			"port":	5203
		},
		"cookie":	"cy43vuuvcgnror56ctr52qlqzjb6eyiezccb",
		"tcp_mss_default":	9448,
		"target_bitrate":	20000000,
		"fq_rate":	0,
		"sock_bufsize":	0,
		"sndbuf_actual":	16384,
		"rcvbuf_actual":	131072,
		"test_start":	{
			"protocol":	"TCP",
			"num_streams":	1,
			"blksize":	131072,
			"omit":	0,
			"duration":	3,
			"bytes":	0,
			"blocks":	0,
			"reverse":	0,
			"tos":	0,
			"target_bitrate":	20000000,
			"bidir":	0,
			"fqrate":	0,
			"interval":	1
		}
	},
	"intervals":	[{
			"streams":	[{
					"socket":	5,
					"start":	0,
					"end":	1.001083,
					"seconds":	1.0010830163955688,
					"bytes":	2621440,
					"bits_per_second":	20948832.071398657,
					"retransmits":	0,
					"snd_cwnd":	340128,
					"snd_wnd":	-1,
					"rtt":	116,
					"rttvar":	74,
					"pmtu":	9500,
					"omitted":	false,
					"sender":	true
				}],
			"sum":	{
				"start":	0,
				"end":	1.001083,
				"seconds":	1.0010830163955688,
				"bytes":	2621440,
				"bits_per_second":	20948832.071398657,
				"retransmits":	0,
				"omitted":	false,
				"sender":	true
			}
		}, {
			"streams":	[{
					"socket":	5,
					"start":	1.001083,
					"end":	2.000109,
					"seconds":	0.99902600049972534,
					"bytes":	2490368,
					"bits_per_second":	19942367.856326357,
					"retransmits":	0,
					"snd_cwnd":	340128,
					"snd_wnd":	-1,
					"rtt":	117,
					"rttvar":	73,
					"pmtu":	9500,
					"omitted":	false,
					"sender":	true
				}],
			"sum":	{
				"start":	1.001083,
				"end":	2.000109,
				"seconds":	0.99902600049972534,
				"bytes":	2490368,
				"bits_per_second":	19942367.856326357,
				"retransmits":	0,
				"omitted":	false,
				"sender":	true
			}
		}, {
			"streams":	[{
					"socket":	5,
					"start":	2.000109,
					"end":	3.00108,
					"seconds":	1.0009709596633911,
					"bytes":	2490368,
					"bits_per_second":	19903618.389388375,
					"retransmits":	0,
					"snd_cwnd":	340128,
					"snd_wnd":	-1,
					"rtt":	127,
					"rttvar":	68,
					"pmtu":	9500,
					"omitted":	false,
					"sender":	true
				}],
			"sum":	{
				"start":	2.000109,
				"end":	3.00108,
				"seconds":	1.0009709596633911,
				"bytes":	2490368,
				"bits_per_second":	19903618.389388375,
				"retransmits":	0,
				"omitted":	false,
				"sender":	true
			}
		}],
	"end":	{
		"streams":	[{
				"sender":	{
					"socket":	5,
					"start":	0,
					"end":	3.00108,
					"seconds":	3.00108,
					"bytes":	7602176,
					"bits_per_second":	20265173.870739866,
					"retransmits":	0,
					"max_snd_cwnd":	340128,
					"max_snd_wnd":	0,
					"max_rtt":	127,
					"min_rtt":	116,
					"mean_rtt":	120,
					"sender":	true
				},
				"receiver":	{
					"socket":	5,
					"start":	0,
					"end":	3.001229,
					"seconds":	3.00108,
					"bytes":	7602176,
					"bits_per_second":	20264167.779266428,
					"sender":	true
				}
			}],
		"sum_sent":	{
			"start":	0,
			"end":	3.00108,
			"seconds":	3.00108,
			"bytes":	7602176,
			"bits_per_second":	20265173.870739866,
			"retransmits":	0,
			"sender":	true
		},
		"sum_received":	{
			"start":	0,
			"end":	3.001229,
			"seconds":	3.001229,
			"bytes":	7602176,
			"bits_per_second":	20264167.779266428,
			"sender":	true
		},
		"cpu_utilization_percent":	{
			"host_total":	0.527503216950188,
			"host_user":	0,
			"host_system":	0.5274699065677082,
			"remote_total":	0.18785387114583865,
			"remote_user":	0.076534292660871125,
			"remote_system":	0.11128625924567241
		},
		"sender_tcp_congestion":	"cubic",
		"receiver_tcp_congestion":	"cubic"
	}
}
