{
	"start":	{
		"connected":	[{
				"socket":	5,
				"local_host":	"192.168.1.2",
				"local_port":	56006,
				"remote_host":	"192.168.4.2",
				"remote_port":	5202
			}],
		"version":	"iperf 3.19.1",
		"system_info":	"Linux h1 6.6.87.2-microsoft-standard-WSL2 #1 SMP PREEMPT_DYNAMIC Thu Jun  5 18:30:46 UTC 2025 x86_64",
		"timestamp":	{
			"time":	"Sun, 05 Apr 2026 06:21:09 UTC",
			"timesecs":	1775370069
		},
		"connecting_to":	{
			"host":	"192.168.4.2",
			"port":	5202
		},
		"cookie":	"grujw3fgmb6j6mld3aq4fhi3puuksapecqd6",
		"tcp_mss_default":	9448,
		"target_bitrate":	20000000,
		"fq_rate":	0,
		"sock_bufsize":	0,
		"sndbuf_actual":	16384,
		"rcvbuf_actual":	131072,
		"test_start":	{
			"protocol":	"TCP",
			"num_streams":	1,
			"blksize":	131072,
			"omit":	0,
			"duration":	3,
			"bytes":	0,
			"blocks":	0,
			"reverse":	0,
			"tos":	0,
			"target_bitrate":	20000000,
			"bidir":	0,
			"fqrate":	0,
			"interval":	1
		}
	},
	"intervals":	[{
			"streams":	[{
					"socket":	5,
					"start":	0,
					"end":	1.001161,
					"seconds":	1.0011609792709351,
					"bytes":	2621440,
					"bits_per_second":	20947200.734163519,
					"retransmits":	0,
					"snd_cwnd":	359024,
					"snd_wnd":	-1,
					"rtt":	120,
					"rttvar":	70,
					"pmtu":	9500,
					"omitted":	false,
					"sender":	true
				}],
			"sum":	{
				"start":	0,
				"end":	1.001161,
				"seconds":	1.0011609792709351,
				"bytes":	2621440,
				"bits_per_second":	20947200.734163519,
				"retransmits":	0,
				"omitted":	false,
				"sender":	true
			}
		}, {
			"streams":	[{
					"socket":	5,
					"start":	1.001161,
					"end":	2.001373,
					"seconds":	1.0002119541168213,
					"bytes":	2490368,
					"bits_per_second":	19918722.144839581,
					"retransmits":	0,
					"snd_cwnd":	359024,
					"snd_wnd":	-1,
					"rtt":	120,
					"rttvar":	61,
					"pmtu":	9500,
					"omitted":	false,
					"sender":	true
				}],
			"sum":	{
				"start":	1.001161,
				"end":	2.001373,
				"seconds":	1.0002119541168213,
				"bytes":	2490368,
				"bits_per_second":	19918722.144839581,
				"retransmits":	0,
				"omitted":	false,
				"sender":	true
			}
		}, {
			"streams":	[{
					"socket":	5,
					"start":	2.001373,
					"end":	3.001645,
					"seconds":	1.0002720355987549,
					"bytes":	2490368,
					"bits_per_second":	19917525.723963965,
					"retransmits":	0,
					"snd_cwnd":	359024,
					"snd_wnd":	-1,
					"rtt":	136,
					"rttvar":	71,
					"pmtu":	9500,
					"omitted":	false,
					"sender":	true
				}],
			"sum":	{
				"start":	2.001373,
				"end":	3.001645,
				"seconds":	1.0002720355987549,
				"bytes":	2490368,
				"bits_per_second":	19917525.723963965,
				"retransmits":	0,
				"omitted":	false,
				"sender":	true
			}
		}],
	"end":	{
		"streams":	[{
				"sender":	{
					"socket":	5,
					"start":	0,
					"end":	3.001645,
					"seconds":	3.001645,
					"bytes":	7602176,
					"bits_per_second":	20261359.35462055,
					"retransmits":	0,
					"max_snd_cwnd":	359024,
					"max_snd_wnd":	0,
					"max_rtt":	136,
					"min_rtt":	120,
					"mean_rtt":	125,
					"sender":	true
				},
				"receiver":	{
					"socket":	5,
					"start":	0,
					"end":	3.001824,
					"seconds":	3.001645,
					"bytes":	7602176,
					"bits_per_second":	20260151.161427185,
					"sender":	true
				}
			}],
		"sum_sent":	{
			"start":	0,
			"end":	3.001645,
			"seconds":	3.001645,
			"bytes":	7602176,
			"bits_per_second":	20261359.35462055,
			"retransmits":	0,
			"sender":	true
		},
		"sum_received":	{
			"start":	0,
			"end":	3.001824,
			"seconds":	3.001824,
			"bytes":	7602176,
			"bits_per_second":	20260151.161427185,
			"sender":	true
		},
		"cpu_utilization_percent":	{
			"host_total":	0.522554673252634,
			"host_user":	0,
			"host_system":	0.52258797608057683,
			"remote_total":	0.17955522272509528,
			"remote_user":	0,
			"remote_system":	0.17955522272509528
		},
		"sender_tcp_congestion":	"cubic",
		"receiver_tcp_congestion":	"cubic"
	}
}
