{
	"start":	{
		"connected":	[{
				"socket":	5,
				"local_host":	"192.168.1.2",
				"local_port":	57468,
				"remote_host":	"192.168.4.2",
				"remote_port":	5202
			}],
		"version":	"iperf 3.19.1",
		"system_info":	"Linux h1 6.6.87.2-microsoft-standard-WSL2 #1 SMP PREEMPT_DYNAMIC Thu Jun  5 18:30:46 UTC 2025 x86_64",
		"timestamp":	{
			"time":	"Sun, 05 Apr 2026 06:38:45 UTC",
			"timesecs":	1775371125
		},
		"connecting_to":	{
			"host":	"192.168.4.2",
			"port":	5202
		},
		"cookie":	"dc2svt2cbdaz5lxe7pjocdcqd4uyhs25qmf7",
		"tcp_mss_default":	9448,
		"target_bitrate":	20000000,
		"fq_rate":	0,
		"sock_bufsize":	0,
		"sndbuf_actual":	16384,
		"rcvbuf_actual":	131072,
		"test_start":	{
			"protocol":	"TCP",
			"num_streams":	1,
			"blksize":	131072,
			"omit":	0,
			"duration":	3,
			"bytes":	0,
			"blocks":	0,
			"reverse":	0,
			"tos":	0,
			"target_bitrate":	20000000,
			"bidir":	0,
			"fqrate":	0,
			"interval":	1
		}
	},
	"intervals":	[{
			"streams":	[{
					"socket":	5,
					"start":	0,
					"end":	1.001098,
					"seconds":	1.0010980367660522,
					"bytes":	2621440,
					"bits_per_second":	20948517.757308178,
					"retransmits":	0,
					"snd_cwnd":	377920,
					"snd_wnd":	-1,
					"rtt":	116,
					"rttvar":	46,
					"pmtu":	9500,
					"omitted":	false,
					"sender":	true
				}],
			"sum":	{
				"start":	0,
				"end":	1.001098,
				"seconds":	1.0010980367660522,
				"bytes":	2621440,
				"bits_per_second":	20948517.757308178,
				"retransmits":	0,
				"omitted":	false,
				"sender":	true
			}
		}, {
			"streams":	[{
					"socket":	5,
					"start":	1.001098,
					"end":	2.001089,
					"seconds":	0.999990999698639,
					"bytes":	2490368,
					"bits_per_second":	19923123.314113881,
					"retransmits":	0,
					"snd_cwnd":	377920,
					"snd_wnd":	-1,
					"rtt":	131,
					"rttvar":	79,
					"pmtu":	9500,
					"omitted":	false,
					"sender":	true
				}],
			"sum":	{
				"start":	1.001098,
				"end":	2.001089,
				"seconds":	0.999990999698639,
				"bytes":	2490368,
				"bits_per_second":	19923123.314113881,
				"retransmits":	0,
				"omitted":	false,
				"sender":	true
			}
		}, {
			"streams":	[{
					"socket":	5,
					"start":	2.001089,
					"end":	3.001201,
					"seconds":	1.0001120567321777,
					"bytes":	2490368,
					"bits_per_second":	19920711.750138626,
					"retransmits":	0,
					"snd_cwnd":	377920,
					"snd_wnd":	-1,
					"rtt":	133,
					"rttvar":	67,
					"pmtu":	9500,
					"omitted":	false,
					"sender":	true
				}],
			"sum":	{
				"start":	2.001089,
				"end":	3.001201,
				"seconds":	1.0001120567321777,
				"bytes":	2490368,
				"bits_per_second":	19920711.750138626,
				"retransmits":	0,
				"omitted":	false,
				"sender":	true
			}
		}],
	"end":	{
		"streams":	[{
				"sender":	{
					"socket":	5,
					"start":	0,
					"end":	3.001201,
					"seconds":	3.001201,
					"bytes":	7602176,
					"bits_per_second":	20264356.8358134,
					"retransmits":	0,
					"max_snd_cwnd":	377920,
					"max_snd_wnd":	0,
					"max_rtt":	133,
					"min_rtt":	116,
					"mean_rtt":	126,
					"sender":	true
				},
				"receiver":	{
					"socket":	5,
					"start":	0,
					"end":	3.001308,
					"seconds":	3.001201,
					"bytes":	7602176,
					"bits_per_second":	20263634.388739843,
					"sender":	true
				}
			}],
		"sum_sent":	{
			"start":	0,
			"end":	3.001201,
			"seconds":	3.001201,
			"bytes":	7602176,
			"bits_per_second":	20264356.8358134,
			"retransmits":	0,
			"sender":	true
		},
		"sum_received":	{
			"start":	0,
			"end":	3.001308,
			"seconds":	3.001308,
			"bytes":	7602176,
			"bits_per_second":	20263634.388739843,
			"sender":	true
		},
		"cpu_utilization_percent":	{
			"host_total":	0.533780448567426,
			"host_user":	0,
			"host_system":	0.533780448567426,
			"remote_total":	0.18978075924298268,
			"remote_user":	0,
			"remote_system":	0.18978075924298268
		},
		"sender_tcp_congestion":	"cubic",
		"receiver_tcp_congestion":	"cubic"
	}
}
