{
	"start":	{
		"connected":	[{
				"socket":	5,
				"local_host":	"192.168.1.2",
				"local_port":	57504,
				"remote_host":	"192.168.4.2",
				"remote_port":	5203
			}],
		"version":	"iperf 3.19.1",
		"system_info":	"Linux h1 6.6.87.2-microsoft-standard-WSL2 #1 SMP PREEMPT_DYNAMIC Thu Jun  5 18:30:46 UTC 2025 x86_64",
		"timestamp":	{
			"time":	"Sun, 05 Apr 2026 06:26:23 UTC",
			"timesecs":	1775370383
		},
		"connecting_to":	{
			"host":	"192.168.4.2",
			"port":	5203
		},
		"cookie":	"undtsaccn4nnzt6cdrzfovqv26rjjyy2d364",
		"tcp_mss_default":	9448,
		"target_bitrate":	20000000,
		"fq_rate":	0,
		"sock_bufsize":	0,
		"sndbuf_actual":	16384,
		"rcvbuf_actual":	131072,
		"test_start":	{
			"protocol":	"TCP",
			"num_streams":	1,
			"blksize":	131072,
			"omit":	0,
			"duration":	3,
			"bytes":	0,
			"blocks":	0,
			"reverse":	0,
			"tos":	0,
			"target_bitrate":	20000000,
			"bidir":	0,
			"fqrate":	0,
			"interval":	1
		}
	},
	"intervals":	[{
			"streams":	[{
					"socket":	5,
					"start":	0,
					"end":	1.001089,
					"seconds":	1.0010889768600464,
					"bytes":	2621440,
					"bits_per_second":	20948707.342456181,
					"retransmits":	0,
					"snd_cwnd":	264544,
					"snd_wnd":	-1,
					"rtt":	145,
					"rttvar":	43,
					"pmtu":	9500,
					"omitted":	false,
					"sender":	true
				}],
			"sum":	{
				"start":	0,
				"end":	1.001089,
				"seconds":	1.0010889768600464,
				"bytes":	2621440,
				"bits_per_second":	20948707.342456181,
				"retransmits":	0,
				"omitted":	false,
				"sender":	true
			}
		}, {
			"streams":	[{
					"socket":	5,
					"start":	1.001089,
					"end":	2.001182,
					"seconds":	1.0000929832458496,
					"bytes":	2490368,
					"bits_per_second":	19921091.672235448,
					"retransmits":	0,
					"snd_cwnd":	264544,
					"snd_wnd":	-1,
					"rtt":	173,
					"rttvar":	99,
					"pmtu":	9500,
					"omitted":	false,
					"sender":	true
				}],
			"sum":	{
				"start":	1.001089,
				"end":	2.001182,
				"seconds":	1.0000929832458496,
				"bytes":	2490368,
				"bits_per_second":	19921091.672235448,
				"retransmits":	0,
				"omitted":	false,
				"sender":	true
			}
		}, {
			"streams":	[{
					"socket":	5,
					"start":	2.001182,
					"end":	3.00122,
					"seconds":	1.0000380277633667,
					"bytes":	2490368,
					"bits_per_second":	19922186.403809689,
					"retransmits":	0,
					"snd_cwnd":	264544,
					"snd_wnd":	-1,
					"rtt":	137,
					"rttvar":	53,
					"pmtu":	9500,
					"omitted":	false,
					"sender":	true
				}],
			"sum":	{
				"start":	2.001182,
				"end":	3.00122,
				"seconds":	1.0000380277633667,
				"bytes":	2490368,
				"bits_per_second":	19922186.403809689,
				"retransmits":	0,
				"omitted":	false,
				"sender":	true
			}
		}],
	"end":	{
		"streams":	[{
				"sender":	{
					"socket":	5,
					"start":	0,
					"end":	3.00122,
					"seconds":	3.00122,
					"bytes":	7602176,
					"bits_per_second":	20264228.547057532,
					"retransmits":	0,
					"max_snd_cwnd":	264544,
					"max_snd_wnd":	0,
					"max_rtt":	173,
					"min_rtt":	137,
					"mean_rtt":	151,
					"sender":	true
				},
				"receiver":	{
					"socket":	5,
					"start":	0,
					"end":	3.001383,
					"seconds":	3.00122,
					"bytes":	7602176,
					"bits_per_second":	20263128.0313109,
					"sender":	true
				}
			}],
		"sum_sent":	{
			"start":	0,
			"end":	3.00122,
			"seconds":	3.00122,
			"bytes":	7602176,
			"bits_per_second":	20264228.547057532,
			"retransmits":	0,
			"sender":	true
		},
		"sum_received":	{
			"start":	0,
			"end":	3.001383,
			"seconds":	3.001383,
			"bytes":	7602176,
			"bits_per_second":	20263128.0313109,
			"sender":	true
		},
		"cpu_utilization_percent":	{
			"host_total":	0.63852855308497225,
			"host_user":	0.077176351460505,
			"host_system":	0.56131889288408721,
			"remote_total":	0.23975310361325519,
			"remote_user":	0,
			"remote_system":	0.23975310361325519
		},
		"sender_tcp_congestion":	"cubic",
		"receiver_tcp_congestion":	"cubic"
	}
}
