{
	"start":	{
		"connected":	[{
				"socket":	5,
				"local_host":	"192.168.1.2",
				"local_port":	47066,
				"remote_host":	"192.168.4.2",
				"remote_port":	5202
			}],
		"version":	"iperf 3.19.1",
		"system_info":	"Linux h1 6.6.87.2-microsoft-standard-WSL2 #1 SMP PREEMPT_DYNAMIC Thu Jun  5 18:30:46 UTC 2025 x86_64",
		"timestamp":	{
			"time":	"Sun, 05 Apr 2026 06:14:49 UTC",
			"timesecs":	1775369689
		},
		"connecting_to":	{
			"host":	"192.168.4.2",
			"port":	5202
		},
		"cookie":	"gizy7ttkmkoo4j3f5g55uizzmtq37vwkvnq4",
		"tcp_mss_default":	9448,
		"target_bitrate":	20000000,
		"fq_rate":	0,
		"sock_bufsize":	0,
		"sndbuf_actual":	16384,
		"rcvbuf_actual":	131072,
		"test_start":	{
			"protocol":	"TCP",
			"num_streams":	1,
			"blksize":	131072,
			"omit":	0,
			"duration":	3,
			"bytes":	0,
			"blocks":	0,
			"reverse":	0,
			"tos":	0,
			"target_bitrate":	20000000,
			"bidir":	0,
			"fqrate":	0,
			"interval":	1
		}
	},
	"intervals":	[{
			"streams":	[{
					"socket":	5,
					"start":	0,
					"end":	1.000763,
					"seconds":	1.0007630586624146,
					"bytes":	2621440,
					"bits_per_second":	20955529.701535758,
					"retransmits":	0,
					"snd_cwnd":	349576,
					"snd_wnd":	-1,
					"rtt":	364,
					"rttvar":	271,
					"pmtu":	9500,
					"omitted":	false,
					"sender":	true
				}],
			"sum":	{
				"start":	0,
				"end":	1.000763,
				"seconds":	1.0007630586624146,
				"bytes":	2621440,
				"bits_per_second":	20955529.701535758,
				"retransmits":	0,
				"omitted":	false,
				"sender":	true
			}
		}, {
			"streams":	[{
					"socket":	5,
					"start":	1.000763,
					"end":	2.001093,
					"seconds":	1.0003299713134766,
					"bytes":	2490368,
					"bits_per_second":	19916372.168515868,
					"retransmits":	0,
					"snd_cwnd":	349576,
					"snd_wnd":	-1,
					"rtt":	110,
					"rttvar":	42,
					"pmtu":	9500,
					"omitted":	false,
					"sender":	true
				}],
			"sum":	{
				"start":	1.000763,
				"end":	2.001093,
				"seconds":	1.0003299713134766,
				"bytes":	2490368,
				"bits_per_second":	19916372.168515868,
				"retransmits":	0,
				"omitted":	false,
				"sender":	true
			}
		}, {
			"streams":	[{
					"socket":	5,
					"start":	2.001093,
					"end":	3.003981,
					"seconds":	1.0028879642486572,
					"bytes":	2490368,
					"bits_per_second":	19865572.935582943,
					"retransmits":	0,
					"snd_cwnd":	349576,
					"snd_wnd":	-1,
					"rtt":	123,
					"rttvar":	92,
					"pmtu":	9500,
					"omitted":	false,
					"sender":	true
				}],
			"sum":	{
				"start":	2.001093,
				"end":	3.003981,
				"seconds":	1.0028879642486572,
				"bytes":	2490368,
				"bits_per_second":	19865572.935582943,
				"retransmits":	0,
				"omitted":	false,
				"sender":	true
			}
		}],
	"end":	{
		"streams":	[{
				"sender":	{
					"socket":	5,
					"start":	0,
					"end":	3.003981,
					"seconds":	3.003981,
					"bytes":	7602176,
					"bits_per_second":	20245603.41759818,
					"retransmits":	0,
					"max_snd_cwnd":	349576,
					"max_snd_wnd":	0,
					"max_rtt":	364,
					"min_rtt":	110,
					"mean_rtt":	199,
					"sender":	true
				},
				"receiver":	{
					"socket":	5,
					"start":	0,
					"end":	3.004237,
					"seconds":	3.003981,
					"bytes":	7602176,
					"bits_per_second":	20243878.229314134,
					"sender":	true
				}
			}],
		"sum_sent":	{
			"start":	0,
			"end":	3.003981,
			"seconds":	3.003981,
			"bytes":	7602176,
			"bits_per_second":	20245603.41759818,
			"retransmits":	0,
			"sender":	true
		},
		"sum_received":	{
			"start":	0,
			"end":	3.004237,
			"seconds":	3.004237,
			"bytes":	7602176,
			"bits_per_second":	20243878.229314134,
			"sender":	true
		},
		"cpu_utilization_percent":	{
			"host_total":	0.8036295782808357,
			"host_user":	0.00183036387301002,
			"host_system":	0.801932331780408,
			"remote_total":	0.31119175223690915,
			"remote_user":	0,
			"remote_system":	0.31129161053798
		},
		"sender_tcp_congestion":	"cubic",
		"receiver_tcp_congestion":	"cubic"
	}
}
