{
	"start":	{
		"connected":	[{
				"socket":	5,
				"local_host":	"192.168.1.2",
				"local_port":	34976,
				"remote_host":	"192.168.4.2",
				"remote_port":	5202
			}],
		"version":	"iperf 3.19.1",
		"system_info":	"Linux h1 6.6.87.2-microsoft-standard-WSL2 #1 SMP PREEMPT_DYNAMIC Thu Jun  5 18:30:46 UTC 2025 x86_64",
		"timestamp":	{
			"time":	"Sun, 05 Apr 2026 06:30:15 UTC",
			"timesecs":	1775370615
		},
		"connecting_to":	{
			"host":	"192.168.4.2",
			"port":	5202
		},
		"cookie":	"rrqzhpj3mq3c5icq3ale4jtzvkt5wsxnchpo",
		"tcp_mss_default":	9448,
		"target_bitrate":	20000000,
		"fq_rate":	0,
		"sock_bufsize":	0,
		"sndbuf_actual":	16384,
		"rcvbuf_actual":	131072,
		"test_start":	{
			"protocol":	"TCP",
			"num_streams":	1,
			"blksize":	131072,
			"omit":	0,
			"duration":	3,
			"bytes":	0,
			"blocks":	0,
			"reverse":	0,
			"tos":	0,
			"target_bitrate":	20000000,
			"bidir":	0,
			"fqrate":	0,
			"interval":	1
		}
	},
	"intervals":	[{
			"streams":	[{
					"socket":	5,
					"start":	0,
					"end":	1.000133,
					"seconds":	1.0001330375671387,
					"bytes":	2621440,
					"bits_per_second":	20968730.371125437,
					"retransmits":	0,
					"snd_cwnd":	377920,
					"snd_wnd":	-1,
					"rtt":	109,
					"rttvar":	58,
					"pmtu":	9500,
					"omitted":	false,
					"sender":	true
				}],
			"sum":	{
				"start":	0,
				"end":	1.000133,
				"seconds":	1.0001330375671387,
				"bytes":	2621440,
				"bits_per_second":	20968730.371125437,
				"retransmits":	0,
				"omitted":	false,
				"sender":	true
			}
		}, {
			"streams":	[{
					"socket":	5,
					"start":	1.000133,
					"end":	2.001101,
					"seconds":	1.0009679794311523,
					"bytes":	2490368,
					"bits_per_second":	19903677.649431065,
					"retransmits":	0,
					"snd_cwnd":	377920,
					"snd_wnd":	-1,
					"rtt":	155,
					"rttvar":	92,
					"pmtu":	9500,
					"omitted":	false,
					"sender":	true
				}],
			"sum":	{
				"start":	1.000133,
				"end":	2.001101,
				"seconds":	1.0009679794311523,
				"bytes":	2490368,
				"bits_per_second":	19903677.649431065,
				"retransmits":	0,
				"omitted":	false,
				"sender":	true
			}
		}, {
			"streams":	[{
					"socket":	5,
					"start":	2.001101,
					"end":	3.001281,
					"seconds":	1.0001800060272217,
					"bytes":	2490368,
					"bits_per_second":	19919358.395430434,
					"retransmits":	0,
					"snd_cwnd":	377920,
					"snd_wnd":	-1,
					"rtt":	126,
					"rttvar":	72,
					"pmtu":	9500,
					"omitted":	false,
					"sender":	true
				}],
			"sum":	{
				"start":	2.001101,
				"end":	3.001281,
				"seconds":	1.0001800060272217,
				"bytes":	2490368,
				"bits_per_second":	19919358.395430434,
				"retransmits":	0,
				"omitted":	false,
				"sender":	true
			}
		}],
	"end":	{
		"streams":	[{
				"sender":	{
					"socket":	5,
					"start":	0,
					"end":	3.001281,
					"seconds":	3.001281,
					"bytes":	7602176,
					"bits_per_second":	20263816.68360943,
					"retransmits":	0,
					"max_snd_cwnd":	377920,
					"max_snd_wnd":	0,
					"max_rtt":	155,
					"min_rtt":	109,
					"mean_rtt":	130,
					"sender":	true
				},
				"receiver":	{
					"socket":	5,
					"start":	0,
					"end":	3.00143,
					"seconds":	3.001281,
					"bytes":	7602176,
					"bits_per_second":	20262810.72688685,
					"sender":	true
				}
			}],
		"sum_sent":	{
			"start":	0,
			"end":	3.001281,
			"seconds":	3.001281,
			"bytes":	7602176,
			"bits_per_second":	20263816.68360943,
			"retransmits":	0,
			"sender":	true
		},
		"sum_received":	{
			"start":	0,
			"end":	3.00143,
			"seconds":	3.00143,
			"bytes":	7602176,
			"bits_per_second":	20262810.72688685,
			"sender":	true
		},
		"cpu_utilization_percent":	{
			"host_total":	0.60088966431154234,
			"host_user":	0.18189506489355325,
			"host_system":	0.4190278952380318,
			"remote_total":	0.22342385564406772,
			"remote_user":	0,
			"remote_system":	0.22345717265206716
		},
		"sender_tcp_congestion":	"cubic",
		"receiver_tcp_congestion":	"cubic"
	}
}
