{
	"start":	{
		"connected":	[{
				"socket":	5,
				"local_host":	"192.168.1.2",
				"local_port":	37202,
				"remote_host":	"192.168.4.2",
				"remote_port":	5204
			}],
		"version":	"iperf 3.19.1",
		"system_info":	"Linux h1 6.6.87.2-microsoft-standard-WSL2 #1 SMP PREEMPT_DYNAMIC Thu Jun  5 18:30:46 UTC 2025 x86_64",
		"timestamp":	{
			"time":	"Sun, 05 Apr 2026 06:31:02 UTC",
			"timesecs":	1775370662
		},
		"connecting_to":	{
			"host":	"192.168.4.2",
			"port":	5204
		},
		"cookie":	"g2at6hzv6x4ronqhaotcgbaoue7hqgkx5c2x",
		"tcp_mss_default":	9448,
		"target_bitrate":	20000000,
		"fq_rate":	0,
		"sock_bufsize":	0,
		"sndbuf_actual":	16384,
		"rcvbuf_actual":	131072,
		"test_start":	{
			"protocol":	"TCP",
			"num_streams":	1,
			"blksize":	131072,
			"omit":	0,
			"duration":	3,
			"bytes":	0,
			"blocks":	0,
			"reverse":	0,
			"tos":	0,
			"target_bitrate":	20000000,
			"bidir":	0,
			"fqrate":	0,
			"interval":	1
		}
	},
	"intervals":	[{
			"streams":	[{
					"socket":	5,
					"start":	0,
					"end":	1.001063,
					"seconds":	1.0010629892349243,
					"bytes":	2621440,
					"bits_per_second":	20949251.171524942,
					"retransmits":	0,
					"snd_cwnd":	207856,
					"snd_wnd":	-1,
					"rtt":	220,
					"rttvar":	151,
					"pmtu":	9500,
					"omitted":	false,
					"sender":	true
				}],
			"sum":	{
				"start":	0,
				"end":	1.001063,
				"seconds":	1.0010629892349243,
				"bytes":	2621440,
				"bits_per_second":	20949251.171524942,
				"retransmits":	0,
				"omitted":	false,
				"sender":	true
			}
		}, {
			"streams":	[{
					"socket":	5,
					"start":	1.001063,
					"end":	2.000903,
					"seconds":	0.999840021133423,
					"bytes":	2490368,
					"bits_per_second":	19926131.759974226,
					"retransmits":	0,
					"snd_cwnd":	207856,
					"snd_wnd":	-1,
					"rtt":	108,
					"rttvar":	53,
					"pmtu":	9500,
					"omitted":	false,
					"sender":	true
				}],
			"sum":	{
				"start":	1.001063,
				"end":	2.000903,
				"seconds":	0.999840021133423,
				"bytes":	2490368,
				"bits_per_second":	19926131.759974226,
				"retransmits":	0,
				"omitted":	false,
				"sender":	true
			}
		}, {
			"streams":	[{
					"socket":	5,
					"start":	2.000903,
					"end":	3.001338,
					"seconds":	1.0004349946975708,
					"bytes":	2490368,
					"bits_per_second":	19914281.39318803,
					"retransmits":	0,
					"snd_cwnd":	207856,
					"snd_wnd":	-1,
					"rtt":	154,
					"rttvar":	78,
					"pmtu":	9500,
					"omitted":	false,
					"sender":	true
				}],
			"sum":	{
				"start":	2.000903,
				"end":	3.001338,
				"seconds":	1.0004349946975708,
				"bytes":	2490368,
				"bits_per_second":	19914281.39318803,
				"retransmits":	0,
				"omitted":	false,
				"sender":	true
			}
		}],
	"end":	{
		"streams":	[{
				"sender":	{
					"socket":	5,
					"start":	0,
					"end":	3.001338,
					"seconds":	3.001338,
					"bytes":	7602176,
					"bits_per_second":	20263431.842731476,
					"retransmits":	0,
					"max_snd_cwnd":	207856,
					"max_snd_wnd":	0,
					"max_rtt":	220,
					"min_rtt":	108,
					"mean_rtt":	160,
					"sender":	true
				},
				"receiver":	{
					"socket":	5,
					"start":	0,
					"end":	3.001575,
					"seconds":	3.001338,
					"bytes":	7602176,
					"bits_per_second":	20261831.871600743,
					"sender":	true
				}
			}],
		"sum_sent":	{
			"start":	0,
			"end":	3.001338,
			"seconds":	3.001338,
			"bytes":	7602176,
			"bits_per_second":	20263431.842731476,
			"retransmits":	0,
			"sender":	true
		},
		"sum_received":	{
			"start":	0,
			"end":	3.001575,
			"seconds":	3.001575,
			"bytes":	7602176,
			"bits_per_second":	20261831.871600743,
			"sender":	true
		},
		"cpu_utilization_percent":	{
			"host_total":	0.682254199038032,
			"host_user":	0,
			"host_system":	0.68222090372794275,
			"remote_total":	0.23073906796208365,
			"remote_user":	0,
			"remote_system":	0.23070575305189564
		},
		"sender_tcp_congestion":	"cubic",
		"receiver_tcp_congestion":	"cubic"
	}
}
