{
	"start":	{
		"connected":	[{
				"socket":	5,
				"local_host":	"192.168.1.2",
				"local_port":	45062,
				"remote_host":	"192.168.4.2",
				"remote_port":	5203
			}],
		"version":	"iperf 3.19.1",
		"system_info":	"Linux h1 6.6.87.2-microsoft-standard-WSL2 #1 SMP PREEMPT_DYNAMIC Thu Jun  5 18:30:46 UTC 2025 x86_64",
		"timestamp":	{
			"time":	"Sun, 05 Apr 2026 06:21:11 UTC",
			"timesecs":	1775370071
		},
		"connecting_to":	{
			"host":	"192.168.4.2",
			"port":	5203
		},
		"cookie":	"52oi5enq3j4mjvpsphinxmzwurssh5vy2zhz",
		"tcp_mss_default":	9448,
		"target_bitrate":	20000000,
		"fq_rate":	0,
		"sock_bufsize":	0,
		"sndbuf_actual":	16384,
		"rcvbuf_actual":	131072,
		"test_start":	{
			"protocol":	"TCP",
			"num_streams":	1,
			"blksize":	131072,
			"omit":	0,
			"duration":	3,
			"bytes":	0,
			"blocks":	0,
			"reverse":	0,
			"tos":	0,
			"target_bitrate":	20000000,
			"bidir":	0,
			"fqrate":	0,
			"interval":	1
		}
	},
	"intervals":	[{
			"streams":	[{
					"socket":	5,
					"start":	0,
					"end":	1.001099,
					"seconds":	1.0010989904403687,
					"bytes":	2621440,
					"bits_per_second":	20948497.801176425,
					"retransmits":	0,
					"snd_cwnd":	264544,
					"snd_wnd":	-1,
					"rtt":	138,
					"rttvar":	64,
					"pmtu":	9500,
					"omitted":	false,
					"sender":	true
				}],
			"sum":	{
				"start":	0,
				"end":	1.001099,
				"seconds":	1.0010989904403687,
				"bytes":	2621440,
				"bits_per_second":	20948497.801176425,
				"retransmits":	0,
				"omitted":	false,
				"sender":	true
			}
		}, {
			"streams":	[{
					"socket":	5,
					"start":	1.001099,
					"end":	2.001059,
					"seconds":	0.99996000528335571,
					"bytes":	2490368,
					"bits_per_second":	19923740.844369564,
					"retransmits":	0,
					"snd_cwnd":	264544,
					"snd_wnd":	-1,
					"rtt":	108,
					"rttvar":	49,
					"pmtu":	9500,
					"omitted":	false,
					"sender":	true
				}],
			"sum":	{
				"start":	1.001099,
				"end":	2.001059,
				"seconds":	0.99996000528335571,
				"bytes":	2490368,
				"bits_per_second":	19923740.844369564,
				"retransmits":	0,
				"omitted":	false,
				"sender":	true
			}
		}, {
			"streams":	[{
					"socket":	5,
					"start":	2.001059,
					"end":	3.001213,
					"seconds":	1.0001540184020996,
					"bytes":	2490368,
					"bits_per_second":	19919875.97253269,
					"retransmits":	0,
					"snd_cwnd":	264544,
					"snd_wnd":	-1,
					"rtt":	122,
					"rttvar":	43,
					"pmtu":	9500,
					"omitted":	false,
					"sender":	true
				}],
			"sum":	{
				"start":	2.001059,
				"end":	3.001213,
				"seconds":	1.0001540184020996,
				"bytes":	2490368,
				"bits_per_second":	19919875.97253269,
				"retransmits":	0,
				"omitted":	false,
				"sender":	true
			}
		}],
	"end":	{
		"streams":	[{
				"sender":	{
					"socket":	5,
					"start":	0,
					"end":	3.001213,
					"seconds":	3.001213,
					"bytes":	7602176,
					"bits_per_second":	20264275.811147027,
					"retransmits":	0,
					"max_snd_cwnd":	264544,
					"max_snd_wnd":	0,
					"max_rtt":	138,
					"min_rtt":	108,
					"mean_rtt":	122,
					"sender":	true
				},
				"receiver":	{
					"socket":	5,
					"start":	0,
					"end":	3.001353,
					"seconds":	3.001213,
					"bytes":	7602176,
					"bits_per_second":	20263330.5712457,
					"sender":	true
				}
			}],
		"sum_sent":	{
			"start":	0,
			"end":	3.001213,
			"seconds":	3.001213,
			"bytes":	7602176,
			"bits_per_second":	20264275.811147027,
			"retransmits":	0,
			"sender":	true
		},
		"sum_received":	{
			"start":	0,
			"end":	3.001353,
			"seconds":	3.001353,
			"bytes":	7602176,
			"bits_per_second":	20263330.5712457,
			"sender":	true
		},
		"cpu_utilization_percent":	{
			"host_total":	0.505278934221482,
			"host_user":	0,
			"host_system":	0.50524562864279765,
			"remote_total":	0.1822475554838856,
			"remote_user":	0,
			"remote_system":	0.1822475554838856
		},
		"sender_tcp_congestion":	"cubic",
		"receiver_tcp_congestion":	"cubic"
	}
}
