{
	"start":	{
		"connected":	[{
				"socket":	5,
				"local_host":	"192.168.1.2",
				"local_port":	56700,
				"remote_host":	"192.168.4.2",
				"remote_port":	5204
			}],
		"version":	"iperf 3.19.1",
		"system_info":	"Linux h1 6.6.87.2-microsoft-standard-WSL2 #1 SMP PREEMPT_DYNAMIC Thu Jun  5 18:30:46 UTC 2025 x86_64",
		"timestamp":	{
			"time":	"Sun, 05 Apr 2026 06:25:27 UTC",
			"timesecs":	1775370327
		},
		"connecting_to":	{
			"host":	"192.168.4.2",
			"port":	5204
		},
		"cookie":	"gum62ajtl45hr3uydujqjw2nsg4jwgrme52q",
		"tcp_mss_default":	9448,
		"target_bitrate":	20000000,
		"fq_rate":	0,
		"sock_bufsize":	0,
		"sndbuf_actual":	16384,
		"rcvbuf_actual":	131072,
		"test_start":	{
			"protocol":	"TCP",
			"num_streams":	1,
			"blksize":	131072,
			"omit":	0,
			"duration":	3,
			"bytes":	0,
			"blocks":	0,
			"reverse":	0,
			"tos":	0,
			"target_bitrate":	20000000,
			"bidir":	0,
			"fqrate":	0,
			"interval":	1
		}
	},
	"intervals":	[{
			"streams":	[{
					"socket":	5,
					"start":	0,
					"end":	1.000628,
					"seconds":	1.0006279945373535,
					"bytes":	2621440,
					"bits_per_second":	20958358.265497372,
					"retransmits":	0,
					"snd_cwnd":	264544,
					"snd_wnd":	-1,
					"rtt":	132,
					"rttvar":	87,
					"pmtu":	9500,
					"omitted":	false,
					"sender":	true
				}],
			"sum":	{
				"start":	0,
				"end":	1.000628,
				"seconds":	1.0006279945373535,
				"bytes":	2621440,
				"bits_per_second":	20958358.265497372,
				"retransmits":	0,
				"omitted":	false,
				"sender":	true
			}
		}, {
			"streams":	[{
					"socket":	5,
					"start":	1.000628,
					"end":	2.001195,
					"seconds":	1.0005669593811035,
					"bytes":	2490368,
					"bits_per_second":	19911654.900460888,
					"retransmits":	0,
					"snd_cwnd":	264544,
					"snd_wnd":	-1,
					"rtt":	110,
					"rttvar":	54,
					"pmtu":	9500,
					"omitted":	false,
					"sender":	true
				}],
			"sum":	{
				"start":	1.000628,
				"end":	2.001195,
				"seconds":	1.0005669593811035,
				"bytes":	2490368,
				"bits_per_second":	19911654.900460888,
				"retransmits":	0,
				"omitted":	false,
				"sender":	true
			}
		}, {
			"streams":	[{
					"socket":	5,
					"start":	2.001195,
					"end":	3.000242,
					"seconds":	0.99904698133468628,
					"bytes":	2490368,
					"bits_per_second":	19941949.049667068,
					"retransmits":	0,
					"snd_cwnd":	264544,
					"snd_wnd":	-1,
					"rtt":	137,
					"rttvar":	68,
					"pmtu":	9500,
					"omitted":	false,
					"sender":	true
				}],
			"sum":	{
				"start":	2.001195,
				"end":	3.000242,
				"seconds":	0.99904698133468628,
				"bytes":	2490368,
				"bits_per_second":	19941949.049667068,
				"retransmits":	0,
				"omitted":	false,
				"sender":	true
			}
		}],
	"end":	{
		"streams":	[{
				"sender":	{
					"socket":	5,
					"start":	0,
					"end":	3.000242,
					"seconds":	3.000242,
					"bytes":	7602176,
					"bits_per_second":	20270834.152711682,
					"retransmits":	0,
					"max_snd_cwnd":	264544,
					"max_snd_wnd":	0,
					"max_rtt":	137,
					"min_rtt":	110,
					"mean_rtt":	126,
					"sender":	true
				},
				"receiver":	{
					"socket":	5,
					"start":	0,
					"end":	3.000441,
					"seconds":	3.000242,
					"bytes":	7602176,
					"bits_per_second":	20269489.718344737,
					"sender":	true
				}
			}],
		"sum_sent":	{
			"start":	0,
			"end":	3.000242,
			"seconds":	3.000242,
			"bytes":	7602176,
			"bits_per_second":	20270834.152711682,
			"retransmits":	0,
			"sender":	true
		},
		"sum_received":	{
			"start":	0,
			"end":	3.000441,
			"seconds":	3.000441,
			"bytes":	7602176,
			"bits_per_second":	20269489.718344737,
			"sender":	true
		},
		"cpu_utilization_percent":	{
			"host_total":	0.48073559309158731,
			"host_user":	0.0199570739664468,
			"host_system":	0.4608118364439493,
			"remote_total":	0.17690496956987894,
			"remote_user":	0,
			"remote_system":	0.17690496956987894
		},
		"sender_tcp_congestion":	"cubic",
		"receiver_tcp_congestion":	"cubic"
	}
}
