{
	"start":	{
		"connected":	[{
				"socket":	5,
				"local_host":	"192.168.1.2",
				"local_port":	41928,
				"remote_host":	"192.168.4.2",
				"remote_port":	5202
			}],
		"version":	"iperf 3.19.1",
		"system_info":	"Linux h1 6.6.87.2-microsoft-standard-WSL2 #1 SMP PREEMPT_DYNAMIC Thu Jun  5 18:30:46 UTC 2025 x86_64",
		"timestamp":	{
			"time":	"Sun, 05 Apr 2026 06:34:04 UTC",
			"timesecs":	1775370844
		},
		"connecting_to":	{
			"host":	"192.168.4.2",
			"port":	5202
		},
		"cookie":	"rf2ut5w44jgijyemalg7rnponsvcz3des5po",
		"tcp_mss_default":	9448,
		"target_bitrate":	20000000,
		"fq_rate":	0,
		"sock_bufsize":	0,
		"sndbuf_actual":	16384,
		"rcvbuf_actual":	131072,
		"test_start":	{
			"protocol":	"TCP",
			"num_streams":	1,
			"blksize":	131072,
			"omit":	0,
			"duration":	3,
			"bytes":	0,
			"blocks":	0,
			"reverse":	0,
			"tos":	0,
			"target_bitrate":	20000000,
			"bidir":	0,
			"fqrate":	0,
			"interval":	1
		}
	},
	"intervals":	[{
			"streams":	[{
					"socket":	5,
					"start":	0,
					"end":	1.001216,
					"seconds":	1.0012160539627075,
					"bytes":	2621440,
					"bits_per_second":	20946048.474749219,
					"retransmits":	0,
					"snd_cwnd":	264544,
					"snd_wnd":	-1,
					"rtt":	143,
					"rttvar":	104,
					"pmtu":	9500,
					"omitted":	false,
					"sender":	true
				}],
			"sum":	{
				"start":	0,
				"end":	1.001216,
				"seconds":	1.0012160539627075,
				"bytes":	2621440,
				"bits_per_second":	20946048.474749219,
				"retransmits":	0,
				"omitted":	false,
				"sender":	true
			}
		}, {
			"streams":	[{
					"socket":	5,
					"start":	1.001216,
					"end":	2.000269,
					"seconds":	0.99905300140380859,
					"bytes":	2490368,
					"bits_per_second":	19941828.8839586,
					"retransmits":	0,
					"snd_cwnd":	264544,
					"snd_wnd":	-1,
					"rtt":	141,
					"rttvar":	71,
					"pmtu":	9500,
					"omitted":	false,
					"sender":	true
				}],
			"sum":	{
				"start":	1.001216,
				"end":	2.000269,
				"seconds":	0.99905300140380859,
				"bytes":	2490368,
				"bits_per_second":	19941828.8839586,
				"retransmits":	0,
				"omitted":	false,
				"sender":	true
			}
		}, {
			"streams":	[{
					"socket":	5,
					"start":	2.000269,
					"end":	3.00136,
					"seconds":	1.0010910034179688,
					"bytes":	2490368,
					"bits_per_second":	19901231.688206378,
					"retransmits":	0,
					"snd_cwnd":	264544,
					"snd_wnd":	-1,
					"rtt":	168,
					"rttvar":	54,
					"pmtu":	9500,
					"omitted":	false,
					"sender":	true
				}],
			"sum":	{
				"start":	2.000269,
				"end":	3.00136,
				"seconds":	1.0010910034179688,
				"bytes":	2490368,
				"bits_per_second":	19901231.688206378,
				"retransmits":	0,
				"omitted":	false,
				"sender":	true
			}
		}],
	"end":	{
		"streams":	[{
				"sender":	{
					"socket":	5,
					"start":	0,
					"end":	3.00136,
					"seconds":	3.00136,
					"bytes":	7602176,
					"bits_per_second":	20263283.311565425,
					"retransmits":	0,
					"max_snd_cwnd":	264544,
					"max_snd_wnd":	0,
					"max_rtt":	168,
					"min_rtt":	141,
					"mean_rtt":	150,
					"sender":	true
				},
				"receiver":	{
					"socket":	5,
					"start":	0,
					"end":	3.001568,
					"seconds":	3.00136,
					"bytes":	7602176,
					"bits_per_second":	20261879.124510925,
					"sender":	true
				}
			}],
		"sum_sent":	{
			"start":	0,
			"end":	3.00136,
			"seconds":	3.00136,
			"bytes":	7602176,
			"bits_per_second":	20263283.311565425,
			"retransmits":	0,
			"sender":	true
		},
		"sum_received":	{
			"start":	0,
			"end":	3.001568,
			"seconds":	3.001568,
			"bytes":	7602176,
			"bits_per_second":	20261879.124510925,
			"sender":	true
		},
		"cpu_utilization_percent":	{
			"host_total":	0.580658161404584,
			"host_user":	0,
			"host_system":	0.5806914674824436,
			"remote_total":	0.22264740187506227,
			"remote_user":	0.098980312879067778,
			"remote_system":	0.12366708899599448
		},
		"sender_tcp_congestion":	"cubic",
		"receiver_tcp_congestion":	"cubic"
	}
}
