{
	"start":	{
		"connected":	[{
				"socket":	5,
				"local_host":	"192.168.1.2",
				"local_port":	41934,
				"remote_host":	"192.168.4.2",
				"remote_port":	5202
			}],
		"version":	"iperf 3.19.1",
		"system_info":	"Linux h1 6.6.87.2-microsoft-standard-WSL2 #1 SMP PREEMPT_DYNAMIC Thu Jun  5 18:30:46 UTC 2025 x86_64",
		"timestamp":	{
			"time":	"Sun, 05 Apr 2026 06:34:10 UTC",
			"timesecs":	1775370850
		},
		"connecting_to":	{
			"host":	"192.168.4.2",
			"port":	5202
		},
		"cookie":	"etzjmohfyy2lcpwyvsdpvqu3puenmh6rn63v",
		"tcp_mss_default":	9448,
		"target_bitrate":	20000000,
		"fq_rate":	0,
		"sock_bufsize":	0,
		"sndbuf_actual":	16384,
		"rcvbuf_actual":	131072,
		"test_start":	{
			"protocol":	"TCP",
			"num_streams":	1,
			"blksize":	131072,
			"omit":	0,
			"duration":	3,
			"bytes":	0,
			"blocks":	0,
			"reverse":	0,
			"tos":	0,
			"target_bitrate":	20000000,
			"bidir":	0,
			"fqrate":	0,
			"interval":	1
		}
	},
	"intervals":	[{
			"streams":	[{
					"socket":	5,
					"start":	0,
					"end":	1.001092,
					"seconds":	1.0010919570922852,
					"bytes":	2621440,
					"bits_per_second":	20948644.978541918,
					"retransmits":	0,
					"snd_cwnd":	264544,
					"snd_wnd":	-1,
					"rtt":	120,
					"rttvar":	61,
					"pmtu":	9500,
					"omitted":	false,
					"sender":	true
				}],
			"sum":	{
				"start":	0,
				"end":	1.001092,
				"seconds":	1.0010919570922852,
				"bytes":	2621440,
				"bits_per_second":	20948644.978541918,
				"retransmits":	0,
				"omitted":	false,
				"sender":	true
			}
		}, {
			"streams":	[{
					"socket":	5,
					"start":	1.001092,
					"end":	2.001362,
					"seconds":	1.0002700090408325,
					"bytes":	2490368,
					"bits_per_second":	19917566.077087808,
					"retransmits":	0,
					"snd_cwnd":	264544,
					"snd_wnd":	-1,
					"rtt":	129,
					"rttvar":	52,
					"pmtu":	9500,
					"omitted":	false,
					"sender":	true
				}],
			"sum":	{
				"start":	1.001092,
				"end":	2.001362,
				"seconds":	1.0002700090408325,
				"bytes":	2490368,
				"bits_per_second":	19917566.077087808,
				"retransmits":	0,
				"omitted":	false,
				"sender":	true
			}
		}, {
			"streams":	[{
					"socket":	5,
					"start":	2.001362,
					"end":	3.001308,
					"seconds":	0.9999459981918335,
					"bytes":	2490368,
					"bits_per_second":	19924019.933102332,
					"retransmits":	0,
					"snd_cwnd":	264544,
					"snd_wnd":	-1,
					"rtt":	126,
					"rttvar":	65,
					"pmtu":	9500,
					"omitted":	false,
					"sender":	true
				}],
			"sum":	{
				"start":	2.001362,
				"end":	3.001308,
				"seconds":	0.9999459981918335,
				"bytes":	2490368,
				"bits_per_second":	19924019.933102332,
				"retransmits":	0,
				"omitted":	false,
				"sender":	true
			}
		}],
	"end":	{
		"streams":	[{
				"sender":	{
					"socket":	5,
					"start":	0,
					"end":	3.001308,
					"seconds":	3.001308,
					"bytes":	7602176,
					"bits_per_second":	20263634.388739843,
					"retransmits":	0,
					"max_snd_cwnd":	264544,
					"max_snd_wnd":	0,
					"max_rtt":	129,
					"min_rtt":	120,
					"mean_rtt":	125,
					"sender":	true
				},
				"receiver":	{
					"socket":	5,
					"start":	0,
					"end":	3.001467,
					"seconds":	3.001308,
					"bytes":	7602176,
					"bits_per_second":	20262560.94103317,
					"sender":	true
				}
			}],
		"sum_sent":	{
			"start":	0,
			"end":	3.001308,
			"seconds":	3.001308,
			"bytes":	7602176,
			"bits_per_second":	20263634.388739843,
			"retransmits":	0,
			"sender":	true
		},
		"sum_received":	{
			"start":	0,
			"end":	3.001467,
			"seconds":	3.001467,
			"bytes":	7602176,
			"bits_per_second":	20262560.94103317,
			"sender":	true
		},
		"cpu_utilization_percent":	{
			"host_total":	0.54153332072042781,
			"host_user":	0.10225779890587486,
			"host_system":	0.43930883054383829,
			"remote_total":	0.19483662941959806,
			"remote_user":	0.019223791924608085,
			"remote_system":	0.17561283749499
		},
		"sender_tcp_congestion":	"cubic",
		"receiver_tcp_congestion":	"cubic"
	}
}
