{
	"start":	{
		"connected":	[{
				"socket":	5,
				"local_host":	"192.168.1.2",
				"local_port":	33014,
				"remote_host":	"192.168.4.2",
				"remote_port":	5202
			}],
		"version":	"iperf 3.19.1",
		"system_info":	"Linux h1 6.6.87.2-microsoft-standard-WSL2 #1 SMP PREEMPT_DYNAMIC Thu Jun  5 18:30:46 UTC 2025 x86_64",
		"timestamp":	{
			"time":	"Sun, 05 Apr 2026 06:37:29 UTC",
			"timesecs":	1775371049
		},
		"connecting_to":	{
			"host":	"192.168.4.2",
			"port":	5202
		},
		"cookie":	"4qlcvv5dudjh5drsp7y3luwkyxx6mcwbwfup",
		"tcp_mss_default":	9448,
		"target_bitrate":	20000000,
		"fq_rate":	0,
		"sock_bufsize":	0,
		"sndbuf_actual":	16384,
		"rcvbuf_actual":	131072,
		"test_start":	{
			"protocol":	"TCP",
			"num_streams":	1,
			"blksize":	131072,
			"omit":	0,
			"duration":	3,
			"bytes":	0,
			"blocks":	0,
			"reverse":	0,
			"tos":	0,
			"target_bitrate":	20000000,
			"bidir":	0,
			"fqrate":	0,
			"interval":	1
		}
	},
	"intervals":	[{
			"streams":	[{
					"socket":	5,
					"start":	0,
					"end":	1.001078,
					"seconds":	1.0010780096054077,
					"bytes":	2621440,
					"bits_per_second":	20948936.844858162,
					"retransmits":	0,
					"snd_cwnd":	330680,
					"snd_wnd":	-1,
					"rtt":	123,
					"rttvar":	43,
					"pmtu":	9500,
					"omitted":	false,
					"sender":	true
				}],
			"sum":	{
				"start":	0,
				"end":	1.001078,
				"seconds":	1.0010780096054077,
				"bytes":	2621440,
				"bits_per_second":	20948936.844858162,
				"retransmits":	0,
				"omitted":	false,
				"sender":	true
			}
		}, {
			"streams":	[{
					"socket":	5,
					"start":	1.001078,
					"end":	2.001408,
					"seconds":	1.0003299713134766,
					"bytes":	2490368,
					"bits_per_second":	19916372.168515868,
					"retransmits":	0,
					"snd_cwnd":	330680,
					"snd_wnd":	-1,
					"rtt":	123,
					"rttvar":	60,
					"pmtu":	9500,
					"omitted":	false,
					"sender":	true
				}],
			"sum":	{
				"start":	1.001078,
				"end":	2.001408,
				"seconds":	1.0003299713134766,
				"bytes":	2490368,
				"bits_per_second":	19916372.168515868,
				"retransmits":	0,
				"omitted":	false,
				"sender":	true
			}
		}, {
			"streams":	[{
					"socket":	5,
					"start":	2.001408,
					"end":	3.001216,
					"seconds":	0.99980801343917847,
					"bytes":	2490368,
					"bits_per_second":	19926769.671977606,
					"retransmits":	0,
					"snd_cwnd":	330680,
					"snd_wnd":	-1,
					"rtt":	100,
					"rttvar":	58,
					"pmtu":	9500,
					"omitted":	false,
					"sender":	true
				}],
			"sum":	{
				"start":	2.001408,
				"end":	3.001216,
				"seconds":	0.99980801343917847,
				"bytes":	2490368,
				"bits_per_second":	19926769.671977606,
				"retransmits":	0,
				"omitted":	false,
				"sender":	true
			}
		}],
	"end":	{
		"streams":	[{
				"sender":	{
					"socket":	5,
					"start":	0,
					"end":	3.001216,
					"seconds":	3.001216,
					"bytes":	7602176,
					"bits_per_second":	20264255.555081673,
					"retransmits":	0,
					"max_snd_cwnd":	330680,
					"max_snd_wnd":	0,
					"max_rtt":	123,
					"min_rtt":	100,
					"mean_rtt":	115,
					"sender":	true
				},
				"receiver":	{
					"socket":	5,
					"start":	0,
					"end":	3.001402,
					"seconds":	3.001216,
					"bytes":	7602176,
					"bits_per_second":	20262999.758113042,
					"sender":	true
				}
			}],
		"sum_sent":	{
			"start":	0,
			"end":	3.001216,
			"seconds":	3.001216,
			"bytes":	7602176,
			"bits_per_second":	20264255.555081673,
			"retransmits":	0,
			"sender":	true
		},
		"sum_received":	{
			"start":	0,
			"end":	3.001402,
			"seconds":	3.001402,
			"bytes":	7602176,
			"bits_per_second":	20262999.758113042,
			"sender":	true
		},
		"cpu_utilization_percent":	{
			"host_total":	0.5001110876833238,
			"host_user":	0,
			"host_system":	0.5001110876833238,
			"remote_total":	0.17988026417977232,
			"remote_user":	0.01782477150142215,
			"remote_system":	0.16205549267835018
		},
		"sender_tcp_congestion":	"cubic",
		"receiver_tcp_congestion":	"cubic"
	}
}
