{
	"start":	{
		"connected":	[{
				"socket":	5,
				"local_host":	"192.168.1.2",
				"local_port":	51602,
				"remote_host":	"192.168.4.2",
				"remote_port":	5204
			}],
		"version":	"iperf 3.19.1",
		"system_info":	"Linux h1 6.6.87.2-microsoft-standard-WSL2 #1 SMP PREEMPT_DYNAMIC Thu Jun  5 18:30:46 UTC 2025 x86_64",
		"timestamp":	{
			"time":	"Sun, 05 Apr 2026 06:23:04 UTC",
			"timesecs":	1775370184
		},
		"connecting_to":	{
			"host":	"192.168.4.2",
			"port":	5204
		},
		"cookie":	"64mp7thycx4rkn24zrc3ik6jsrkf7pm5mp2r",
		"tcp_mss_default":	9448,
		"target_bitrate":	20000000,
		"fq_rate":	0,
		"sock_bufsize":	0,
		"sndbuf_actual":	16384,
		"rcvbuf_actual":	131072,
		"test_start":	{
			"protocol":	"TCP",
			"num_streams":	1,
			"blksize":	131072,
			"omit":	0,
			"duration":	3,
			"bytes":	0,
			"blocks":	0,
			"reverse":	0,
			"tos":	0,
			"target_bitrate":	20000000,
			"bidir":	0,
			"fqrate":	0,
			"interval":	1
		}
	},
	"intervals":	[{
			"streams":	[{
					"socket":	5,
					"start":	0,
					"end":	1.001018,
					"seconds":	1.0010180473327637,
					"bytes":	2621440,
					"bits_per_second":	20950191.713205483,
					"retransmits":	0,
					"snd_cwnd":	359024,
					"snd_wnd":	-1,
					"rtt":	166,
					"rttvar":	108,
					"pmtu":	9500,
					"omitted":	false,
					"sender":	true
				}],
			"sum":	{
				"start":	0,
				"end":	1.001018,
				"seconds":	1.0010180473327637,
				"bytes":	2621440,
				"bits_per_second":	20950191.713205483,
				"retransmits":	0,
				"omitted":	false,
				"sender":	true
			}
		}, {
			"streams":	[{
					"socket":	5,
					"start":	1.001018,
					"end":	2.000903,
					"seconds":	0.99988502264022827,
					"bytes":	2490368,
					"bits_per_second":	19925234.950907487,
					"retransmits":	0,
					"snd_cwnd":	359024,
					"snd_wnd":	-1,
					"rtt":	144,
					"rttvar":	46,
					"pmtu":	9500,
					"omitted":	false,
					"sender":	true
				}],
			"sum":	{
				"start":	1.001018,
				"end":	2.000903,
				"seconds":	0.99988502264022827,
				"bytes":	2490368,
				"bits_per_second":	19925234.950907487,
				"retransmits":	0,
				"omitted":	false,
				"sender":	true
			}
		}, {
			"streams":	[{
					"socket":	5,
					"start":	2.000903,
					"end":	3.001083,
					"seconds":	1.0001800060272217,
					"bytes":	2490368,
					"bits_per_second":	19919358.395430434,
					"retransmits":	0,
					"snd_cwnd":	359024,
					"snd_wnd":	-1,
					"rtt":	120,
					"rttvar":	56,
					"pmtu":	9500,
					"omitted":	false,
					"sender":	true
				}],
			"sum":	{
				"start":	2.000903,
				"end":	3.001083,
				"seconds":	1.0001800060272217,
				"bytes":	2490368,
				"bits_per_second":	19919358.395430434,
				"retransmits":	0,
				"omitted":	false,
				"sender":	true
			}
		}],
	"end":	{
		"streams":	[{
				"sender":	{
					"socket":	5,
					"start":	0,
					"end":	3.001083,
					"seconds":	3.001083,
					"bytes":	7602176,
					"bits_per_second":	20265153.612879083,
					"retransmits":	0,
					"max_snd_cwnd":	359024,
					"max_snd_wnd":	0,
					"max_rtt":	166,
					"min_rtt":	120,
					"mean_rtt":	143,
					"sender":	true
				},
				"receiver":	{
					"socket":	5,
					"start":	0,
					"end":	3.001241,
					"seconds":	3.001083,
					"bytes":	7602176,
					"bits_per_second":	20264086.75611189,
					"sender":	true
				}
			}],
		"sum_sent":	{
			"start":	0,
			"end":	3.001083,
			"seconds":	3.001083,
			"bytes":	7602176,
			"bits_per_second":	20265153.612879083,
			"retransmits":	0,
			"sender":	true
		},
		"sum_received":	{
			"start":	0,
			"end":	3.001241,
			"seconds":	3.001241,
			"bytes":	7602176,
			"bits_per_second":	20264086.75611189,
			"sender":	true
		},
		"cpu_utilization_percent":	{
			"host_total":	0.73432788900795964,
			"host_user":	0.01791612191221633,
			"host_system":	0.71634516441205476,
			"remote_total":	0.20727940203840847,
			"remote_user":	0,
			"remote_system":	0.20731272134431405
		},
		"sender_tcp_congestion":	"cubic",
		"receiver_tcp_congestion":	"cubic"
	}
}
