{
	"start":	{
		"connected":	[{
				"socket":	5,
				"local_host":	"192.168.1.2",
				"local_port":	36934,
				"remote_host":	"192.168.4.2",
				"remote_port":	5202
			}],
		"version":	"iperf 3.19.1",
		"system_info":	"Linux h1 6.6.87.2-microsoft-standard-WSL2 #1 SMP PREEMPT_DYNAMIC Thu Jun  5 18:30:46 UTC 2025 x86_64",
		"timestamp":	{
			"time":	"Sun, 05 Apr 2026 06:23:01 UTC",
			"timesecs":	1775370181
		},
		"connecting_to":	{
			"host":	"192.168.4.2",
			"port":	5202
		},
		"cookie":	"32rd6frohl5er2cyujlv22qnr4dsjn5sbyfp",
		"tcp_mss_default":	9448,
		"target_bitrate":	20000000,
		"fq_rate":	0,
		"sock_bufsize":	0,
		"sndbuf_actual":	16384,
		"rcvbuf_actual":	131072,
		"test_start":	{
			"protocol":	"TCP",
			"num_streams":	1,
			"blksize":	131072,
			"omit":	0,
			"duration":	3,
			"bytes":	0,
			"blocks":	0,
			"reverse":	0,
			"tos":	0,
			"target_bitrate":	20000000,
			"bidir":	0,
			"fqrate":	0,
			"interval":	1
		}
	},
	"intervals":	[{
			"streams":	[{
					"socket":	5,
					"start":	0,
					"end":	1.001089,
					"seconds":	1.0010889768600464,
					"bytes":	2621440,
					"bits_per_second":	20948707.342456181,
					"retransmits":	0,
					"snd_cwnd":	340128,
					"snd_wnd":	-1,
					"rtt":	196,
					"rttvar":	147,
					"pmtu":	9500,
					"omitted":	false,
					"sender":	true
				}],
			"sum":	{
				"start":	0,
				"end":	1.001089,
				"seconds":	1.0010889768600464,
				"bytes":	2621440,
				"bits_per_second":	20948707.342456181,
				"retransmits":	0,
				"omitted":	false,
				"sender":	true
			}
		}, {
			"streams":	[{
					"socket":	5,
					"start":	1.001089,
					"end":	2.001535,
					"seconds":	1.0004459619522095,
					"bytes":	2490368,
					"bits_per_second":	19914063.085549947,
					"retransmits":	0,
					"snd_cwnd":	340128,
					"snd_wnd":	-1,
					"rtt":	134,
					"rttvar":	60,
					"pmtu":	9500,
					"omitted":	false,
					"sender":	true
				}],
			"sum":	{
				"start":	1.001089,
				"end":	2.001535,
				"seconds":	1.0004459619522095,
				"bytes":	2490368,
				"bits_per_second":	19914063.085549947,
				"retransmits":	0,
				"omitted":	false,
				"sender":	true
			}
		}, {
			"streams":	[{
					"socket":	5,
					"start":	2.001535,
					"end":	3.001215,
					"seconds":	0.999679982662201,
					"bytes":	2490368,
					"bits_per_second":	19929321.728483692,
					"retransmits":	0,
					"snd_cwnd":	340128,
					"snd_wnd":	-1,
					"rtt":	144,
					"rttvar":	42,
					"pmtu":	9500,
					"omitted":	false,
					"sender":	true
				}],
			"sum":	{
				"start":	2.001535,
				"end":	3.001215,
				"seconds":	0.999679982662201,
				"bytes":	2490368,
				"bits_per_second":	19929321.728483692,
				"retransmits":	0,
				"omitted":	false,
				"sender":	true
			}
		}],
	"end":	{
		"streams":	[{
				"sender":	{
					"socket":	5,
					"start":	0,
					"end":	3.001215,
					"seconds":	3.001215,
					"bytes":	7602176,
					"bits_per_second":	20264262.307098959,
					"retransmits":	0,
					"max_snd_cwnd":	340128,
					"max_snd_wnd":	0,
					"max_rtt":	196,
					"min_rtt":	134,
					"mean_rtt":	158,
					"sender":	true
				},
				"receiver":	{
					"socket":	5,
					"start":	0,
					"end":	3.001363,
					"seconds":	3.001215,
					"bytes":	7602176,
					"bits_per_second":	20263263.057484217,
					"sender":	true
				}
			}],
		"sum_sent":	{
			"start":	0,
			"end":	3.001215,
			"seconds":	3.001215,
			"bytes":	7602176,
			"bits_per_second":	20264262.307098959,
			"retransmits":	0,
			"sender":	true
		},
		"sum_received":	{
			"start":	0,
			"end":	3.001363,
			"seconds":	3.001363,
			"bytes":	7602176,
			"bits_per_second":	20263263.057484217,
			"sender":	true
		},
		"cpu_utilization_percent":	{
			"host_total":	0.60281796915829,
			"host_user":	0.039737089026734437,
			"host_system":	0.563047571590879,
			"remote_total":	0.20257213300459787,
			"remote_user":	0.0054641167455187585,
			"remote_system":	0.19714133404411274
		},
		"sender_tcp_congestion":	"cubic",
		"receiver_tcp_congestion":	"cubic"
	}
}
