{
	"start":	{
		"connected":	[{
				"socket":	5,
				"local_host":	"192.168.1.2",
				"local_port":	33218,
				"remote_host":	"192.168.4.2",
				"remote_port":	5203
			}],
		"version":	"iperf 3.19.1",
		"system_info":	"Linux h1 6.6.87.2-microsoft-standard-WSL2 #1 SMP PREEMPT_DYNAMIC Thu Jun  5 18:30:46 UTC 2025 x86_64",
		"timestamp":	{
			"time":	"Sun, 05 Apr 2026 06:39:18 UTC",
			"timesecs":	1775371158
		},
		"connecting_to":	{
			"host":	"192.168.4.2",
			"port":	5203
		},
		"cookie":	"wpmbj5ofc5jlyqea4jdf5mj466wmi5x6oa72",
		"tcp_mss_default":	9448,
		"target_bitrate":	20000000,
		"fq_rate":	0,
		"sock_bufsize":	0,
		"sndbuf_actual":	16384,
		"rcvbuf_actual":	131072,
		"test_start":	{
			"protocol":	"TCP",
			"num_streams":	1,
			"blksize":	131072,
			"omit":	0,
			"duration":	3,
			"bytes":	0,
			"blocks":	0,
			"reverse":	0,
			"tos":	0,
			"target_bitrate":	20000000,
			"bidir":	0,
			"fqrate":	0,
			"interval":	1
		}
	},
	"intervals":	[{
			"streams":	[{
					"socket":	5,
					"start":	0,
					"end":	1.001227,
					"seconds":	1.0012270212173462,
					"bytes":	2621440,
					"bits_per_second":	20945819.035628591,
					"retransmits":	0,
					"snd_cwnd":	264544,
					"snd_wnd":	-1,
					"rtt":	131,
					"rttvar":	57,
					"pmtu":	9500,
					"omitted":	false,
					"sender":	true
				}],
			"sum":	{
				"start":	0,
				"end":	1.001227,
				"seconds":	1.0012270212173462,
				"bytes":	2621440,
				"bits_per_second":	20945819.035628591,
				"retransmits":	0,
				"omitted":	false,
				"sender":	true
			}
		}, {
			"streams":	[{
					"socket":	5,
					"start":	1.001227,
					"end":	2.00094,
					"seconds":	0.99971300363540649,
					"bytes":	2490368,
					"bits_per_second":	19928663.453962494,
					"retransmits":	0,
					"snd_cwnd":	264544,
					"snd_wnd":	-1,
					"rtt":	126,
					"rttvar":	56,
					"pmtu":	9500,
					"omitted":	false,
					"sender":	true
				}],
			"sum":	{
				"start":	1.001227,
				"end":	2.00094,
				"seconds":	0.99971300363540649,
				"bytes":	2490368,
				"bits_per_second":	19928663.453962494,
				"retransmits":	0,
				"omitted":	false,
				"sender":	true
			}
		}, {
			"streams":	[{
					"socket":	5,
					"start":	2.00094,
					"end":	3.000323,
					"seconds":	0.999382972717285,
					"bytes":	2490368,
					"bits_per_second":	19935244.5897995,
					"retransmits":	0,
					"snd_cwnd":	264544,
					"snd_wnd":	-1,
					"rtt":	153,
					"rttvar":	86,
					"pmtu":	9500,
					"omitted":	false,
					"sender":	true
				}],
			"sum":	{
				"start":	2.00094,
				"end":	3.000323,
				"seconds":	0.999382972717285,
				"bytes":	2490368,
				"bits_per_second":	19935244.5897995,
				"retransmits":	0,
				"omitted":	false,
				"sender":	true
			}
		}],
	"end":	{
		"streams":	[{
				"sender":	{
					"socket":	5,
					"start":	0,
					"end":	3.000323,
					"seconds":	3.000323,
					"bytes":	7602176,
					"bits_per_second":	20270286.89911053,
					"retransmits":	0,
					"max_snd_cwnd":	264544,
					"max_snd_wnd":	0,
					"max_rtt":	153,
					"min_rtt":	126,
					"mean_rtt":	136,
					"sender":	true
				},
				"receiver":	{
					"socket":	5,
					"start":	0,
					"end":	3.000463,
					"seconds":	3.000323,
					"bytes":	7602176,
					"bits_per_second":	20269341.098357156,
					"sender":	true
				}
			}],
		"sum_sent":	{
			"start":	0,
			"end":	3.000323,
			"seconds":	3.000323,
			"bytes":	7602176,
			"bits_per_second":	20270286.89911053,
			"retransmits":	0,
			"sender":	true
		},
		"sum_received":	{
			"start":	0,
			"end":	3.000463,
			"seconds":	3.000463,
			"bytes":	7602176,
			"bits_per_second":	20269341.098357156,
			"sender":	true
		},
		"cpu_utilization_percent":	{
			"host_total":	0.53263710007653364,
			"host_user":	0,
			"host_system":	0.53267041904938972,
			"remote_total":	0.21163125370354693,
			"remote_user":	0.21159792594705817,
			"remote_system":	0
		},
		"sender_tcp_congestion":	"cubic",
		"receiver_tcp_congestion":	"cubic"
	}
}
