{
	"start":	{
		"connected":	[{
				"socket":	5,
				"local_host":	"192.168.1.2",
				"local_port":	41108,
				"remote_host":	"192.168.4.2",
				"remote_port":	5202
			}],
		"version":	"iperf 3.19.1",
		"system_info":	"Linux h1 6.6.87.2-microsoft-standard-WSL2 #1 SMP PREEMPT_DYNAMIC Thu Jun  5 18:30:46 UTC 2025 x86_64",
		"timestamp":	{
			"time":	"Sun, 05 Apr 2026 06:18:51 UTC",
			"timesecs":	1775369931
		},
		"connecting_to":	{
			"host":	"192.168.4.2",
			"port":	5202
		},
		"cookie":	"35xrw76ks4dtry3u25nk4r6emablolp5usxg",
		"tcp_mss_default":	9448,
		"target_bitrate":	20000000,
		"fq_rate":	0,
		"sock_bufsize":	0,
		"sndbuf_actual":	16384,
		"rcvbuf_actual":	131072,
		"test_start":	{
			"protocol":	"TCP",
			"num_streams":	1,
			"blksize":	131072,
			"omit":	0,
			"duration":	3,
			"bytes":	0,
			"blocks":	0,
			"reverse":	0,
			"tos":	0,
			"target_bitrate":	20000000,
			"bidir":	0,
			"fqrate":	0,
			"interval":	1
		}
	},
	"intervals":	[{
			"streams":	[{
					"socket":	5,
					"start":	0,
					"end":	1.000379,
					"seconds":	1.0003789663314819,
					"bytes":	2621440,
					"bits_per_second":	20963575.510693967,
					"retransmits":	0,
					"snd_cwnd":	321232,
					"snd_wnd":	-1,
					"rtt":	127,
					"rttvar":	47,
					"pmtu":	9500,
					"omitted":	false,
					"sender":	true
				}],
			"sum":	{
				"start":	0,
				"end":	1.000379,
				"seconds":	1.0003789663314819,
				"bytes":	2621440,
				"bits_per_second":	20963575.510693967,
				"retransmits":	0,
				"omitted":	false,
				"sender":	true
			}
		}, {
			"streams":	[{
					"socket":	5,
					"start":	1.000379,
					"end":	2.001421,
					"seconds":	1.0010420083999634,
					"bytes":	2490368,
					"bits_per_second":	19902205.7344469,
					"retransmits":	0,
					"snd_cwnd":	321232,
					"snd_wnd":	-1,
					"rtt":	133,
					"rttvar":	54,
					"pmtu":	9500,
					"omitted":	false,
					"sender":	true
				}],
			"sum":	{
				"start":	1.000379,
				"end":	2.001421,
				"seconds":	1.0010420083999634,
				"bytes":	2490368,
				"bits_per_second":	19902205.7344469,
				"retransmits":	0,
				"omitted":	false,
				"sender":	true
			}
		}, {
			"streams":	[{
					"socket":	5,
					"start":	2.001421,
					"end":	3.000853,
					"seconds":	0.9994320273399353,
					"bytes":	2490368,
					"bits_per_second":	19934266.118153565,
					"retransmits":	0,
					"snd_cwnd":	321232,
					"snd_wnd":	-1,
					"rtt":	144,
					"rttvar":	66,
					"pmtu":	9500,
					"omitted":	false,
					"sender":	true
				}],
			"sum":	{
				"start":	2.001421,
				"end":	3.000853,
				"seconds":	0.9994320273399353,
				"bytes":	2490368,
				"bits_per_second":	19934266.118153565,
				"retransmits":	0,
				"omitted":	false,
				"sender":	true
			}
		}],
	"end":	{
		"streams":	[{
				"sender":	{
					"socket":	5,
					"start":	0,
					"end":	3.000853,
					"seconds":	3.000853,
					"bytes":	7602176,
					"bits_per_second":	20266706.833023809,
					"retransmits":	0,
					"max_snd_cwnd":	321232,
					"max_snd_wnd":	0,
					"max_rtt":	144,
					"min_rtt":	127,
					"mean_rtt":	134,
					"sender":	true
				},
				"receiver":	{
					"socket":	5,
					"start":	0,
					"end":	3.000987,
					"seconds":	3.000853,
					"bytes":	7602176,
					"bits_per_second":	20265801.88451333,
					"sender":	true
				}
			}],
		"sum_sent":	{
			"start":	0,
			"end":	3.000853,
			"seconds":	3.000853,
			"bytes":	7602176,
			"bits_per_second":	20266706.833023809,
			"retransmits":	0,
			"sender":	true
		},
		"sum_received":	{
			"start":	0,
			"end":	3.000987,
			"seconds":	3.000987,
			"bytes":	7602176,
			"bits_per_second":	20265801.88451333,
			"sender":	true
		},
		"cpu_utilization_percent":	{
			"host_total":	0.63313215022072178,
			"host_user":	0,
			"host_system":	0.633165464198634,
			"remote_total":	0.250814137960105,
			"remote_user":	0,
			"remote_system":	0.250814137960105
		},
		"sender_tcp_congestion":	"cubic",
		"receiver_tcp_congestion":	"cubic"
	}
}
