{
	"start":	{
		"connected":	[{
				"socket":	5,
				"local_host":	"192.168.1.2",
				"local_port":	38618,
				"remote_host":	"192.168.4.2",
				"remote_port":	5204
			}],
		"version":	"iperf 3.19.1",
		"system_info":	"Linux h1 6.6.87.2-microsoft-standard-WSL2 #1 SMP PREEMPT_DYNAMIC Thu Jun  5 18:30:46 UTC 2025 x86_64",
		"timestamp":	{
			"time":	"Sun, 05 Apr 2026 06:30:33 UTC",
			"timesecs":	1775370633
		},
		"connecting_to":	{
			"host":	"192.168.4.2",
			"port":	5204
		},
		"cookie":	"g64ev6c4eremkbria23nyfl3oo2gb4gtinpj",
		"tcp_mss_default":	9448,
		"target_bitrate":	20000000,
		"fq_rate":	0,
		"sock_bufsize":	0,
		"sndbuf_actual":	16384,
		"rcvbuf_actual":	131072,
		"test_start":	{
			"protocol":	"TCP",
			"num_streams":	1,
			"blksize":	131072,
			"omit":	0,
			"duration":	3,
			"bytes":	0,
			"blocks":	0,
			"reverse":	0,
			"tos":	0,
			"target_bitrate":	20000000,
			"bidir":	0,
			"fqrate":	0,
			"interval":	1
		}
	},
	"intervals":	[{
			"streams":	[{
					"socket":	5,
					"start":	0,
					"end":	1.001108,
					"seconds":	1.0011080503463745,
					"bytes":	2621440,
					"bits_per_second":	20948308.219821066,
					"retransmits":	0,
					"snd_cwnd":	330680,
					"snd_wnd":	-1,
					"rtt":	181,
					"rttvar":	163,
					"pmtu":	9500,
					"omitted":	false,
					"sender":	true
				}],
			"sum":	{
				"start":	0,
				"end":	1.001108,
				"seconds":	1.0011080503463745,
				"bytes":	2621440,
				"bits_per_second":	20948308.219821066,
				"retransmits":	0,
				"omitted":	false,
				"sender":	true
			}
		}, {
			"streams":	[{
					"socket":	5,
					"start":	1.001108,
					"end":	2.001237,
					"seconds":	1.0001289844512939,
					"bytes":	2490368,
					"bits_per_second":	19920374.581415046,
					"retransmits":	0,
					"snd_cwnd":	330680,
					"snd_wnd":	-1,
					"rtt":	140,
					"rttvar":	64,
					"pmtu":	9500,
					"omitted":	false,
					"sender":	true
				}],
			"sum":	{
				"start":	1.001108,
				"end":	2.001237,
				"seconds":	1.0001289844512939,
				"bytes":	2490368,
				"bits_per_second":	19920374.581415046,
				"retransmits":	0,
				"omitted":	false,
				"sender":	true
			}
		}, {
			"streams":	[{
					"socket":	5,
					"start":	2.001237,
					"end":	3.001206,
					"seconds":	0.9999690055847168,
					"bytes":	2490368,
					"bits_per_second":	19923561.519139644,
					"retransmits":	0,
					"snd_cwnd":	330680,
					"snd_wnd":	-1,
					"rtt":	126,
					"rttvar":	61,
					"pmtu":	9500,
					"omitted":	false,
					"sender":	true
				}],
			"sum":	{
				"start":	2.001237,
				"end":	3.001206,
				"seconds":	0.9999690055847168,
				"bytes":	2490368,
				"bits_per_second":	19923561.519139644,
				"retransmits":	0,
				"omitted":	false,
				"sender":	true
			}
		}],
	"end":	{
		"streams":	[{
				"sender":	{
					"socket":	5,
					"start":	0,
					"end":	3.001206,
					"seconds":	3.001206,
					"bytes":	7602176,
					"bits_per_second":	20264323.075457,
					"retransmits":	0,
					"max_snd_cwnd":	330680,
					"max_snd_wnd":	0,
					"max_rtt":	181,
					"min_rtt":	126,
					"mean_rtt":	149,
					"sender":	true
				},
				"receiver":	{
					"socket":	5,
					"start":	0,
					"end":	3.001355,
					"seconds":	3.001206,
					"bytes":	7602176,
					"bits_per_second":	20263317.068457413,
					"sender":	true
				}
			}],
		"sum_sent":	{
			"start":	0,
			"end":	3.001206,
			"seconds":	3.001206,
			"bytes":	7602176,
			"bits_per_second":	20264323.075457,
			"retransmits":	0,
			"sender":	true
		},
		"sum_received":	{
			"start":	0,
			"end":	3.001355,
			"seconds":	3.001355,
			"bytes":	7602176,
			"bits_per_second":	20263317.068457413,
			"sender":	true
		},
		"cpu_utilization_percent":	{
			"host_total":	0.64169160098473765,
			"host_user":	0.37991873349763389,
			"host_system":	0.2618061761609155,
			"remote_total":	0.21939805303802165,
			"remote_user":	0.00446459211952846,
			"remote_system":	0.21496677877013148
		},
		"sender_tcp_congestion":	"cubic",
		"receiver_tcp_congestion":	"cubic"
	}
}
