{
	"start":	{
		"connected":	[{
				"socket":	5,
				"local_host":	"192.168.1.2",
				"local_port":	35674,
				"remote_host":	"192.168.4.2",
				"remote_port":	5203
			}],
		"version":	"iperf 3.19.1",
		"system_info":	"Linux h1 6.6.87.2-microsoft-standard-WSL2 #1 SMP PREEMPT_DYNAMIC Thu Jun  5 18:30:46 UTC 2025 x86_64",
		"timestamp":	{
			"time":	"Sun, 05 Apr 2026 06:38:48 UTC",
			"timesecs":	1775371128
		},
		"connecting_to":	{
			"host":	"192.168.4.2",
			"port":	5203
		},
		"cookie":	"yvian37vhg3d3qmsnl5bstvv4j3b2fjmeqbh",
		"tcp_mss_default":	9448,
		"target_bitrate":	20000000,
		"fq_rate":	0,
		"sock_bufsize":	0,
		"sndbuf_actual":	16384,
		"rcvbuf_actual":	131072,
		"test_start":	{
			"protocol":	"TCP",
			"num_streams":	1,
			"blksize":	131072,
			"omit":	0,
			"duration":	3,
			"bytes":	0,
			"blocks":	0,
			"reverse":	0,
			"tos":	0,
			"target_bitrate":	20000000,
			"bidir":	0,
			"fqrate":	0,
			"interval":	1
		}
	},
	"intervals":	[{
			"streams":	[{
					"socket":	5,
					"start":	0,
					"end":	1.000807,
					"seconds":	1.0008070468902588,
					"bytes":	2621440,
					"bits_per_second":	20954608.648253836,
					"retransmits":	0,
					"snd_cwnd":	151168,
					"snd_wnd":	-1,
					"rtt":	157,
					"rttvar":	71,
					"pmtu":	9500,
					"omitted":	false,
					"sender":	true
				}],
			"sum":	{
				"start":	0,
				"end":	1.000807,
				"seconds":	1.0008070468902588,
				"bytes":	2621440,
				"bits_per_second":	20954608.648253836,
				"retransmits":	0,
				"omitted":	false,
				"sender":	true
			}
		}, {
			"streams":	[{
					"socket":	5,
					"start":	1.000807,
					"end":	2.001199,
					"seconds":	1.000391960144043,
					"bytes":	2490368,
					"bits_per_second":	19915138.059617516,
					"retransmits":	0,
					"snd_cwnd":	151168,
					"snd_wnd":	-1,
					"rtt":	115,
					"rttvar":	43,
					"pmtu":	9500,
					"omitted":	false,
					"sender":	true
				}],
			"sum":	{
				"start":	1.000807,
				"end":	2.001199,
				"seconds":	1.000391960144043,
				"bytes":	2490368,
				"bits_per_second":	19915138.059617516,
				"retransmits":	0,
				"omitted":	false,
				"sender":	true
			}
		}, {
			"streams":	[{
					"socket":	5,
					"start":	2.001199,
					"end":	3.001225,
					"seconds":	1.0000259876251221,
					"bytes":	2490368,
					"bits_per_second":	19922426.263454743,
					"retransmits":	0,
					"snd_cwnd":	151168,
					"snd_wnd":	-1,
					"rtt":	143,
					"rttvar":	69,
					"pmtu":	9500,
					"omitted":	false,
					"sender":	true
				}],
			"sum":	{
				"start":	2.001199,
				"end":	3.001225,
				"seconds":	1.0000259876251221,
				"bytes":	2490368,
				"bits_per_second":	19922426.263454743,
				"retransmits":	0,
				"omitted":	false,
				"sender":	true
			}
		}],
	"end":	{
		"streams":	[{
				"sender":	{
					"socket":	5,
					"start":	0,
					"end":	3.001225,
					"seconds":	3.001225,
					"bytes":	7602176,
					"bits_per_second":	20264194.78712859,
					"retransmits":	0,
					"max_snd_cwnd":	151168,
					"max_snd_wnd":	0,
					"max_rtt":	157,
					"min_rtt":	115,
					"mean_rtt":	138,
					"sender":	true
				},
				"receiver":	{
					"socket":	5,
					"start":	0,
					"end":	3.00138,
					"seconds":	3.001225,
					"bytes":	7602176,
					"bits_per_second":	20263148.285122175,
					"sender":	true
				}
			}],
		"sum_sent":	{
			"start":	0,
			"end":	3.001225,
			"seconds":	3.001225,
			"bytes":	7602176,
			"bits_per_second":	20264194.78712859,
			"retransmits":	0,
			"sender":	true
		},
		"sum_received":	{
			"start":	0,
			"end":	3.00138,
			"seconds":	3.00138,
			"bytes":	7602176,
			"bits_per_second":	20263148.285122175,
			"sender":	true
		},
		"cpu_utilization_percent":	{
			"host_total":	0.550935190835423,
			"host_user":	0,
			"host_system":	0.550935190835423,
			"remote_total":	0.23792182730360373,
			"remote_user":	0.11891093707415792,
			"remote_system":	0.11891093707415792
		},
		"sender_tcp_congestion":	"cubic",
		"receiver_tcp_congestion":	"cubic"
	}
}
