{
	"start":	{
		"connected":	[{
				"socket":	5,
				"local_host":	"192.168.1.2",
				"local_port":	53456,
				"remote_host":	"192.168.4.2",
				"remote_port":	5204
			}],
		"version":	"iperf 3.19.1",
		"system_info":	"Linux h1 6.6.87.2-microsoft-standard-WSL2 #1 SMP PREEMPT_DYNAMIC Thu Jun  5 18:30:46 UTC 2025 x86_64",
		"timestamp":	{
			"time":	"Sun, 05 Apr 2026 06:23:25 UTC",
			"timesecs":	1775370205
		},
		"connecting_to":	{
			"host":	"192.168.4.2",
			"port":	5204
		},
		"cookie":	"ys3woqo2i4v44pumj42j2w373tj3thqtbsjh",
		"tcp_mss_default":	9448,
		"target_bitrate":	20000000,
		"fq_rate":	0,
		"sock_bufsize":	0,
		"sndbuf_actual":	16384,
		"rcvbuf_actual":	131072,
		"test_start":	{
			"protocol":	"TCP",
			"num_streams":	1,
			"blksize":	131072,
			"omit":	0,
			"duration":	3,
			"bytes":	0,
			"blocks":	0,
			"reverse":	0,
			"tos":	0,
			"target_bitrate":	20000000,
			"bidir":	0,
			"fqrate":	0,
			"interval":	1
		}
	},
	"intervals":	[{
			"streams":	[{
					"socket":	5,
					"start":	0,
					"end":	1.001128,
					"seconds":	1.0011279582977295,
					"bytes":	2621440,
					"bits_per_second":	20947891.651791424,
					"retransmits":	0,
					"snd_cwnd":	264544,
					"snd_wnd":	-1,
					"rtt":	110,
					"rttvar":	46,
					"pmtu":	9500,
					"omitted":	false,
					"sender":	true
				}],
			"sum":	{
				"start":	0,
				"end":	1.001128,
				"seconds":	1.0011279582977295,
				"bytes":	2621440,
				"bits_per_second":	20947891.651791424,
				"retransmits":	0,
				"omitted":	false,
				"sender":	true
			}
		}, {
			"streams":	[{
					"socket":	5,
					"start":	1.001128,
					"end":	2.000351,
					"seconds":	0.999222993850708,
					"bytes":	2490368,
					"bits_per_second":	19938436.287602734,
					"retransmits":	0,
					"snd_cwnd":	264544,
					"snd_wnd":	-1,
					"rtt":	128,
					"rttvar":	50,
					"pmtu":	9500,
					"omitted":	false,
					"sender":	true
				}],
			"sum":	{
				"start":	1.001128,
				"end":	2.000351,
				"seconds":	0.999222993850708,
				"bytes":	2490368,
				"bits_per_second":	19938436.287602734,
				"retransmits":	0,
				"omitted":	false,
				"sender":	true
			}
		}, {
			"streams":	[{
					"socket":	5,
					"start":	2.000351,
					"end":	3.001261,
					"seconds":	1.0009100437164307,
					"bytes":	2490368,
					"bits_per_second":	19904829.734773248,
					"retransmits":	0,
					"snd_cwnd":	264544,
					"snd_wnd":	-1,
					"rtt":	116,
					"rttvar":	36,
					"pmtu":	9500,
					"omitted":	false,
					"sender":	true
				}],
			"sum":	{
				"start":	2.000351,
				"end":	3.001261,
				"seconds":	1.0009100437164307,
				"bytes":	2490368,
				"bits_per_second":	19904829.734773248,
				"retransmits":	0,
				"omitted":	false,
				"sender":	true
			}
		}],
	"end":	{
		"streams":	[{
				"sender":	{
					"socket":	5,
					"start":	0,
					"end":	3.001261,
					"seconds":	3.001261,
					"bytes":	7602176,
					"bits_per_second":	20263951.7189608,
					"retransmits":	0,
					"max_snd_cwnd":	264544,
					"max_snd_wnd":	0,
					"max_rtt":	128,
					"min_rtt":	110,
					"mean_rtt":	118,
					"sender":	true
				},
				"receiver":	{
					"socket":	5,
					"start":	0,
					"end":	3.001398,
					"seconds":	3.001261,
					"bytes":	7602176,
					"bits_per_second":	20263026.76286184,
					"sender":	true
				}
			}],
		"sum_sent":	{
			"start":	0,
			"end":	3.001261,
			"seconds":	3.001261,
			"bytes":	7602176,
			"bits_per_second":	20263951.7189608,
			"retransmits":	0,
			"sender":	true
		},
		"sum_received":	{
			"start":	0,
			"end":	3.001398,
			"seconds":	3.001398,
			"bytes":	7602176,
			"bits_per_second":	20263026.76286184,
			"sender":	true
		},
		"cpu_utilization_percent":	{
			"host_total":	0.483271845992531,
			"host_user":	0.10355587353992547,
			"host_system":	0.37971597245260547,
			"remote_total":	0.18574429989891511,
			"remote_user":	0,
			"remote_system":	0.18574429989891511
		},
		"sender_tcp_congestion":	"cubic",
		"receiver_tcp_congestion":	"cubic"
	}
}
