{
	"start":	{
		"connected":	[{
				"socket":	5,
				"local_host":	"192.168.1.2",
				"local_port":	52364,
				"remote_host":	"192.168.4.2",
				"remote_port":	5203
			}],
		"version":	"iperf 3.19.1",
		"system_info":	"Linux h1 6.6.87.2-microsoft-standard-WSL2 #1 SMP PREEMPT_DYNAMIC Thu Jun  5 18:30:46 UTC 2025 x86_64",
		"timestamp":	{
			"time":	"Sun, 05 Apr 2026 06:31:05 UTC",
			"timesecs":	1775370665
		},
		"connecting_to":	{
			"host":	"192.168.4.2",
			"port":	5203
		},
		"cookie":	"2ikpszu35qenf6dsprxvf7kzjiphye3vntem",
		"tcp_mss_default":	9448,
		"target_bitrate":	20000000,
		"fq_rate":	0,
		"sock_bufsize":	0,
		"sndbuf_actual":	16384,
		"rcvbuf_actual":	131072,
		"test_start":	{
			"protocol":	"TCP",
			"num_streams":	1,
			"blksize":	131072,
			"omit":	0,
			"duration":	3,
			"bytes":	0,
			"blocks":	0,
			"reverse":	0,
			"tos":	0,
			"target_bitrate":	20000000,
			"bidir":	0,
			"fqrate":	0,
			"interval":	1
		}
	},
	"intervals":	[{
			"streams":	[{
					"socket":	5,
					"start":	0,
					"end":	1.001061,
					"seconds":	1.001060962677002,
					"bytes":	2621440,
					"bits_per_second":	20949293.581400577,
					"retransmits":	0,
					"snd_cwnd":	207856,
					"snd_wnd":	-1,
					"rtt":	144,
					"rttvar":	49,
					"pmtu":	9500,
					"omitted":	false,
					"sender":	true
				}],
			"sum":	{
				"start":	0,
				"end":	1.001061,
				"seconds":	1.001060962677002,
				"bytes":	2621440,
				"bits_per_second":	20949293.581400577,
				"retransmits":	0,
				"omitted":	false,
				"sender":	true
			}
		}, {
			"streams":	[{
					"socket":	5,
					"start":	1.001061,
					"end":	2.000335,
					"seconds":	0.99927401542663574,
					"bytes":	2490368,
					"bits_per_second":	19937418.258088082,
					"retransmits":	0,
					"snd_cwnd":	207856,
					"snd_wnd":	-1,
					"rtt":	153,
					"rttvar":	66,
					"pmtu":	9500,
					"omitted":	false,
					"sender":	true
				}],
			"sum":	{
				"start":	1.001061,
				"end":	2.000335,
				"seconds":	0.99927401542663574,
				"bytes":	2490368,
				"bits_per_second":	19937418.258088082,
				"retransmits":	0,
				"omitted":	false,
				"sender":	true
			}
		}, {
			"streams":	[{
					"socket":	5,
					"start":	2.000335,
					"end":	3.001221,
					"seconds":	1.0008859634399414,
					"bytes":	2490368,
					"bits_per_second":	19905308.624298122,
					"retransmits":	0,
					"snd_cwnd":	207856,
					"snd_wnd":	-1,
					"rtt":	130,
					"rttvar":	46,
					"pmtu":	9500,
					"omitted":	false,
					"sender":	true
				}],
			"sum":	{
				"start":	2.000335,
				"end":	3.001221,
				"seconds":	1.0008859634399414,
				"bytes":	2490368,
				"bits_per_second":	19905308.624298122,
				"retransmits":	0,
				"omitted":	false,
				"sender":	true
			}
		}],
	"end":	{
		"streams":	[{
				"sender":	{
					"socket":	5,
					"start":	0,
					"end":	3.001221,
					"seconds":	3.001221,
					"bytes":	7602176,
					"bits_per_second":	20264221.795062743,
					"retransmits":	0,
					"max_snd_cwnd":	207856,
					"max_snd_wnd":	0,
					"max_rtt":	153,
					"min_rtt":	130,
					"mean_rtt":	142,
					"sender":	true
				},
				"receiver":	{
					"socket":	5,
					"start":	0,
					"end":	3.00137,
					"seconds":	3.001221,
					"bytes":	7602176,
					"bits_per_second":	20263215.79811886,
					"sender":	true
				}
			}],
		"sum_sent":	{
			"start":	0,
			"end":	3.001221,
			"seconds":	3.001221,
			"bytes":	7602176,
			"bits_per_second":	20264221.795062743,
			"retransmits":	0,
			"sender":	true
		},
		"sum_received":	{
			"start":	0,
			"end":	3.00137,
			"seconds":	3.00137,
			"bytes":	7602176,
			"bits_per_second":	20263215.79811886,
			"sender":	true
		},
		"cpu_utilization_percent":	{
			"host_total":	0.62800006262014,
			"host_user":	0.31456627725599878,
			"host_system":	0.31346709394919575,
			"remote_total":	0.2292259027935574,
			"remote_user":	0.010761623052662652,
			"remote_system":	0.21843096202246548
		},
		"sender_tcp_congestion":	"cubic",
		"receiver_tcp_congestion":	"cubic"
	}
}
