{
	"start":	{
		"connected":	[{
				"socket":	5,
				"local_host":	"192.168.1.2",
				"local_port":	57516,
				"remote_host":	"192.168.4.2",
				"remote_port":	5202
			}],
		"version":	"iperf 3.19.1",
		"system_info":	"Linux h1 6.6.87.2-microsoft-standard-WSL2 #1 SMP PREEMPT_DYNAMIC Thu Jun  5 18:30:46 UTC 2025 x86_64",
		"timestamp":	{
			"time":	"Sun, 05 Apr 2026 06:31:51 UTC",
			"timesecs":	1775370711
		},
		"connecting_to":	{
			"host":	"192.168.4.2",
			"port":	5202
		},
		"cookie":	"5vtu6hzbo325za3fivgw63r44gc2uiuwz4im",
		"tcp_mss_default":	9448,
		"target_bitrate":	20000000,
		"fq_rate":	0,
		"sock_bufsize":	0,
		"sndbuf_actual":	16384,
		"rcvbuf_actual":	131072,
		"test_start":	{
			"protocol":	"TCP",
			"num_streams":	1,
			"blksize":	131072,
			"omit":	0,
			"duration":	3,
			"bytes":	0,
			"blocks":	0,
			"reverse":	0,
			"tos":	0,
			"target_bitrate":	20000000,
			"bidir":	0,
			"fqrate":	0,
			"interval":	1
		}
	},
	"intervals":	[{
			"streams":	[{
					"socket":	5,
					"start":	0,
					"end":	1.000724,
					"seconds":	1.0007239580154419,
					"bytes":	2621440,
					"bits_per_second":	20956348.483540948,
					"retransmits":	0,
					"snd_cwnd":	188960,
					"snd_wnd":	-1,
					"rtt":	118,
					"rttvar":	67,
					"pmtu":	9500,
					"omitted":	false,
					"sender":	true
				}],
			"sum":	{
				"start":	0,
				"end":	1.000724,
				"seconds":	1.0007239580154419,
				"bytes":	2621440,
				"bits_per_second":	20956348.483540948,
				"retransmits":	0,
				"omitted":	false,
				"sender":	true
			}
		}, {
			"streams":	[{
					"socket":	5,
					"start":	1.000724,
					"end":	2.001265,
					"seconds":	1.0005409717559814,
					"bytes":	2490368,
					"bits_per_second":	19912172.077305935,
					"retransmits":	0,
					"snd_cwnd":	188960,
					"snd_wnd":	-1,
					"rtt":	140,
					"rttvar":	55,
					"pmtu":	9500,
					"omitted":	false,
					"sender":	true
				}],
			"sum":	{
				"start":	1.000724,
				"end":	2.001265,
				"seconds":	1.0005409717559814,
				"bytes":	2490368,
				"bits_per_second":	19912172.077305935,
				"retransmits":	0,
				"omitted":	false,
				"sender":	true
			}
		}, {
			"streams":	[{
					"socket":	5,
					"start":	2.001265,
					"end":	3.002395,
					"seconds":	1.0011299848556519,
					"bytes":	2490368,
					"bits_per_second":	19900456.785212155,
					"retransmits":	0,
					"snd_cwnd":	188960,
					"snd_wnd":	-1,
					"rtt":	115,
					"rttvar":	35,
					"pmtu":	9500,
					"omitted":	false,
					"sender":	true
				}],
			"sum":	{
				"start":	2.001265,
				"end":	3.002395,
				"seconds":	1.0011299848556519,
				"bytes":	2490368,
				"bits_per_second":	19900456.785212155,
				"retransmits":	0,
				"omitted":	false,
				"sender":	true
			}
		}],
	"end":	{
		"streams":	[{
				"sender":	{
					"socket":	5,
					"start":	0,
					"end":	3.002395,
					"seconds":	3.002395,
					"bytes":	7602176,
					"bits_per_second":	20256298.055385783,
					"retransmits":	0,
					"max_snd_cwnd":	188960,
					"max_snd_wnd":	0,
					"max_rtt":	140,
					"min_rtt":	115,
					"mean_rtt":	124,
					"sender":	true
				},
				"receiver":	{
					"socket":	5,
					"start":	0,
					"end":	3.002554,
					"seconds":	3.002395,
					"bytes":	7602176,
					"bits_per_second":	20255225.384789083,
					"sender":	true
				}
			}],
		"sum_sent":	{
			"start":	0,
			"end":	3.002395,
			"seconds":	3.002395,
			"bytes":	7602176,
			"bits_per_second":	20256298.055385783,
			"retransmits":	0,
			"sender":	true
		},
		"sum_received":	{
			"start":	0,
			"end":	3.002554,
			"seconds":	3.002554,
			"bytes":	7602176,
			"bits_per_second":	20255225.384789083,
			"sender":	true
		},
		"cpu_utilization_percent":	{
			"host_total":	0.508384904873856,
			"host_user":	0,
			"host_system":	0.508384904873856,
			"remote_total":	0.19036885464292186,
			"remote_user":	0.0047625518218925517,
			"remote_system":	0.1856063028210293
		},
		"sender_tcp_congestion":	"cubic",
		"receiver_tcp_congestion":	"cubic"
	}
}
