{
	"start":	{
		"connected":	[{
				"socket":	5,
				"local_host":	"192.168.1.2",
				"local_port":	49980,
				"remote_host":	"192.168.4.2",
				"remote_port":	5202
			}],
		"version":	"iperf 3.19.1",
		"system_info":	"Linux h1 6.6.87.2-microsoft-standard-WSL2 #1 SMP PREEMPT_DYNAMIC Thu Jun  5 18:30:46 UTC 2025 x86_64",
		"timestamp":	{
			"time":	"Sun, 05 Apr 2026 06:18:58 UTC",
			"timesecs":	1775369938
		},
		"connecting_to":	{
			"host":	"192.168.4.2",
			"port":	5202
		},
		"cookie":	"uoe3gt5sptmgowd2z6moenzonb5gjqj66sa5",
		"tcp_mss_default":	9448,
		"target_bitrate":	20000000,
		"fq_rate":	0,
		"sock_bufsize":	0,
		"sndbuf_actual":	16384,
		"rcvbuf_actual":	131072,
		"test_start":	{
			"protocol":	"TCP",
			"num_streams":	1,
			"blksize":	131072,
			"omit":	0,
			"duration":	3,
			"bytes":	0,
			"blocks":	0,
			"reverse":	0,
			"tos":	0,
			"target_bitrate":	20000000,
			"bidir":	0,
			"fqrate":	0,
			"interval":	1
		}
	},
	"intervals":	[{
			"streams":	[{
					"socket":	5,
					"start":	0,
					"end":	1.001127,
					"seconds":	1.0011270046234131,
					"bytes":	2621440,
					"bits_per_second":	20947911.606768325,
					"retransmits":	0,
					"snd_cwnd":	377920,
					"snd_wnd":	-1,
					"rtt":	162,
					"rttvar":	75,
					"pmtu":	9500,
					"omitted":	false,
					"sender":	true
				}],
			"sum":	{
				"start":	0,
				"end":	1.001127,
				"seconds":	1.0011270046234131,
				"bytes":	2621440,
				"bits_per_second":	20947911.606768325,
				"retransmits":	0,
				"omitted":	false,
				"sender":	true
			}
		}, {
			"streams":	[{
					"socket":	5,
					"start":	1.001127,
					"end":	2.001114,
					"seconds":	0.999987006187439,
					"bytes":	2490368,
					"bits_per_second":	19923202.878363818,
					"retransmits":	0,
					"snd_cwnd":	377920,
					"snd_wnd":	-1,
					"rtt":	144,
					"rttvar":	62,
					"pmtu":	9500,
					"omitted":	false,
					"sender":	true
				}],
			"sum":	{
				"start":	1.001127,
				"end":	2.001114,
				"seconds":	0.999987006187439,
				"bytes":	2490368,
				"bits_per_second":	19923202.878363818,
				"retransmits":	0,
				"omitted":	false,
				"sender":	true
			}
		}, {
			"streams":	[{
					"socket":	5,
					"start":	2.001114,
					"end":	3.001289,
					"seconds":	1.0001749992370605,
					"bytes":	2490368,
					"bits_per_second":	19919458.110028084,
					"retransmits":	0,
					"snd_cwnd":	377920,
					"snd_wnd":	-1,
					"rtt":	137,
					"rttvar":	63,
					"pmtu":	9500,
					"omitted":	false,
					"sender":	true
				}],
			"sum":	{
				"start":	2.001114,
				"end":	3.001289,
				"seconds":	1.0001749992370605,
				"bytes":	2490368,
				"bits_per_second":	19919458.110028084,
				"retransmits":	0,
				"omitted":	false,
				"sender":	true
			}
		}],
	"end":	{
		"streams":	[{
				"sender":	{
					"socket":	5,
					"start":	0,
					"end":	3.001289,
					"seconds":	3.001289,
					"bytes":	7602176,
					"bits_per_second":	20263762.6699728,
					"retransmits":	0,
					"max_snd_cwnd":	377920,
					"max_snd_wnd":	0,
					"max_rtt":	162,
					"min_rtt":	137,
					"mean_rtt":	147,
					"sender":	true
				},
				"receiver":	{
					"socket":	5,
					"start":	0,
					"end":	3.001537,
					"seconds":	3.001289,
					"bytes":	7602176,
					"bits_per_second":	20262088.390048165,
					"sender":	true
				}
			}],
		"sum_sent":	{
			"start":	0,
			"end":	3.001289,
			"seconds":	3.001289,
			"bytes":	7602176,
			"bits_per_second":	20263762.6699728,
			"retransmits":	0,
			"sender":	true
		},
		"sum_received":	{
			"start":	0,
			"end":	3.001537,
			"seconds":	3.001537,
			"bytes":	7602176,
			"bits_per_second":	20262088.390048165,
			"sender":	true
		},
		"cpu_utilization_percent":	{
			"host_total":	0.60913522981964752,
			"host_user":	0,
			"host_system":	0.60916853773903845,
			"remote_total":	0.239841069893066,
			"remote_user":	0,
			"remote_system":	0.239841069893066
		},
		"sender_tcp_congestion":	"cubic",
		"receiver_tcp_congestion":	"cubic"
	}
}
