{
	"start":	{
		"connected":	[{
				"socket":	5,
				"local_host":	"192.168.1.2",
				"local_port":	54632,
				"remote_host":	"192.168.4.2",
				"remote_port":	5204
			}],
		"version":	"iperf 3.19.1",
		"system_info":	"Linux h1 6.6.87.2-microsoft-standard-WSL2 #1 SMP PREEMPT_DYNAMIC Thu Jun  5 18:30:46 UTC 2025 x86_64",
		"timestamp":	{
			"time":	"Sun, 05 Apr 2026 06:19:22 UTC",
			"timesecs":	1775369962
		},
		"connecting_to":	{
			"host":	"192.168.4.2",
			"port":	5204
		},
		"cookie":	"oypxy6wbzjgoj4m5tvoaedourv6nfvi3doqs",
		"tcp_mss_default":	9448,
		"target_bitrate":	20000000,
		"fq_rate":	0,
		"sock_bufsize":	0,
		"sndbuf_actual":	16384,
		"rcvbuf_actual":	131072,
		"test_start":	{
			"protocol":	"TCP",
			"num_streams":	1,
			"blksize":	131072,
			"omit":	0,
			"duration":	3,
			"bytes":	0,
			"blocks":	0,
			"reverse":	0,
			"tos":	0,
			"target_bitrate":	20000000,
			"bidir":	0,
			"fqrate":	0,
			"interval":	1
		}
	},
	"intervals":	[{
			"streams":	[{
					"socket":	5,
					"start":	0,
					"end":	1.001084,
					"seconds":	1.0010839700698853,
					"bytes":	2621440,
					"bits_per_second":	20948812.114668049,
					"retransmits":	0,
					"snd_cwnd":	359024,
					"snd_wnd":	-1,
					"rtt":	107,
					"rttvar":	52,
					"pmtu":	9500,
					"omitted":	false,
					"sender":	true
				}],
			"sum":	{
				"start":	0,
				"end":	1.001084,
				"seconds":	1.0010839700698853,
				"bytes":	2621440,
				"bits_per_second":	20948812.114668049,
				"retransmits":	0,
				"omitted":	false,
				"sender":	true
			}
		}, {
			"streams":	[{
					"socket":	5,
					"start":	1.001084,
					"end":	2.000106,
					"seconds":	0.99902200698852539,
					"bytes":	2490368,
					"bits_per_second":	19942447.574359421,
					"retransmits":	0,
					"snd_cwnd":	359024,
					"snd_wnd":	-1,
					"rtt":	118,
					"rttvar":	45,
					"pmtu":	9500,
					"omitted":	false,
					"sender":	true
				}],
			"sum":	{
				"start":	1.001084,
				"end":	2.000106,
				"seconds":	0.99902200698852539,
				"bytes":	2490368,
				"bits_per_second":	19942447.574359421,
				"retransmits":	0,
				"omitted":	false,
				"sender":	true
			}
		}, {
			"streams":	[{
					"socket":	5,
					"start":	2.000106,
					"end":	3.000854,
					"seconds":	1.0007480382919312,
					"bytes":	2490368,
					"bits_per_second":	19908052.014775191,
					"retransmits":	0,
					"snd_cwnd":	359024,
					"snd_wnd":	-1,
					"rtt":	113,
					"rttvar":	72,
					"pmtu":	9500,
					"omitted":	false,
					"sender":	true
				}],
			"sum":	{
				"start":	2.000106,
				"end":	3.000854,
				"seconds":	1.0007480382919312,
				"bytes":	2490368,
				"bits_per_second":	19908052.014775191,
				"retransmits":	0,
				"omitted":	false,
				"sender":	true
			}
		}],
	"end":	{
		"streams":	[{
				"sender":	{
					"socket":	5,
					"start":	0,
					"end":	3.000854,
					"seconds":	3.000854,
					"bytes":	7602176,
					"bits_per_second":	20266700.0793774,
					"retransmits":	0,
					"max_snd_cwnd":	359024,
					"max_snd_wnd":	0,
					"max_rtt":	118,
					"min_rtt":	107,
					"mean_rtt":	112,
					"sender":	true
				},
				"receiver":	{
					"socket":	5,
					"start":	0,
					"end":	3.000993,
					"seconds":	3.000854,
					"bytes":	7602176,
					"bits_per_second":	20265761.366321083,
					"sender":	true
				}
			}],
		"sum_sent":	{
			"start":	0,
			"end":	3.000854,
			"seconds":	3.000854,
			"bytes":	7602176,
			"bits_per_second":	20266700.0793774,
			"retransmits":	0,
			"sender":	true
		},
		"sum_received":	{
			"start":	0,
			"end":	3.000993,
			"seconds":	3.000993,
			"bytes":	7602176,
			"bits_per_second":	20265761.366321083,
			"sender":	true
		},
		"cpu_utilization_percent":	{
			"host_total":	0.48628359147647926,
			"host_user":	0,
			"host_system":	0.48628359147647926,
			"remote_total":	0.17747228286802672,
			"remote_user":	0,
			"remote_system":	0.17747228286802672
		},
		"sender_tcp_congestion":	"cubic",
		"receiver_tcp_congestion":	"cubic"
	}
}
