{
	"start":	{
		"connected":	[{
				"socket":	5,
				"local_host":	"192.168.1.2",
				"local_port":	43198,
				"remote_host":	"192.168.4.2",
				"remote_port":	5204
			}],
		"version":	"iperf 3.19.1",
		"system_info":	"Linux h1 6.6.87.2-microsoft-standard-WSL2 #1 SMP PREEMPT_DYNAMIC Thu Jun  5 18:30:46 UTC 2025 x86_64",
		"timestamp":	{
			"time":	"Sun, 05 Apr 2026 06:24:01 UTC",
			"timesecs":	1775370241
		},
		"connecting_to":	{
			"host":	"192.168.4.2",
			"port":	5204
		},
		"cookie":	"bzuokxn3r6sokc2hrrty6ez52wpg7awokzsj",
		"tcp_mss_default":	9448,
		"target_bitrate":	20000000,
		"fq_rate":	0,
		"sock_bufsize":	0,
		"sndbuf_actual":	16384,
		"rcvbuf_actual":	131072,
		"test_start":	{
			"protocol":	"TCP",
			"num_streams":	1,
			"blksize":	131072,
			"omit":	0,
			"duration":	3,
			"bytes":	0,
			"blocks":	0,
			"reverse":	0,
			"tos":	0,
			"target_bitrate":	20000000,
			"bidir":	0,
			"fqrate":	0,
			"interval":	1
		}
	},
	"intervals":	[{
			"streams":	[{
					"socket":	5,
					"start":	0,
					"end":	1.001132,
					"seconds":	1.0011320114135742,
					"bytes":	2621440,
					"bits_per_second":	20947806.843563739,
					"retransmits":	0,
					"snd_cwnd":	377920,
					"snd_wnd":	-1,
					"rtt":	118,
					"rttvar":	68,
					"pmtu":	9500,
					"omitted":	false,
					"sender":	true
				}],
			"sum":	{
				"start":	0,
				"end":	1.001132,
				"seconds":	1.0011320114135742,
				"bytes":	2621440,
				"bits_per_second":	20947806.843563739,
				"retransmits":	0,
				"omitted":	false,
				"sender":	true
			}
		}, {
			"streams":	[{
					"socket":	5,
					"start":	1.001132,
					"end":	2.000167,
					"seconds":	0.99903500080108643,
					"bytes":	2490368,
					"bits_per_second":	19942188.19563337,
					"retransmits":	0,
					"snd_cwnd":	377920,
					"snd_wnd":	-1,
					"rtt":	206,
					"rttvar":	174,
					"pmtu":	9500,
					"omitted":	false,
					"sender":	true
				}],
			"sum":	{
				"start":	1.001132,
				"end":	2.000167,
				"seconds":	0.99903500080108643,
				"bytes":	2490368,
				"bits_per_second":	19942188.19563337,
				"retransmits":	0,
				"omitted":	false,
				"sender":	true
			}
		}, {
			"streams":	[{
					"socket":	5,
					"start":	2.000167,
					"end":	3.001432,
					"seconds":	1.0012650489807129,
					"bytes":	2490368,
					"bits_per_second":	19897772.343378551,
					"retransmits":	0,
					"snd_cwnd":	377920,
					"snd_wnd":	-1,
					"rtt":	131,
					"rttvar":	57,
					"pmtu":	9500,
					"omitted":	false,
					"sender":	true
				}],
			"sum":	{
				"start":	2.000167,
				"end":	3.001432,
				"seconds":	1.0012650489807129,
				"bytes":	2490368,
				"bits_per_second":	19897772.343378551,
				"retransmits":	0,
				"omitted":	false,
				"sender":	true
			}
		}],
	"end":	{
		"streams":	[{
				"sender":	{
					"socket":	5,
					"start":	0,
					"end":	3.001432,
					"seconds":	3.001432,
					"bytes":	7602176,
					"bits_per_second":	20262797.224791367,
					"retransmits":	0,
					"max_snd_cwnd":	377920,
					"max_snd_wnd":	0,
					"max_rtt":	206,
					"min_rtt":	118,
					"mean_rtt":	151,
					"sender":	true
				},
				"receiver":	{
					"socket":	5,
					"start":	0,
					"end":	3.001615,
					"seconds":	3.001432,
					"bytes":	7602176,
					"bits_per_second":	20261561.859199129,
					"sender":	true
				}
			}],
		"sum_sent":	{
			"start":	0,
			"end":	3.001432,
			"seconds":	3.001432,
			"bytes":	7602176,
			"bits_per_second":	20262797.224791367,
			"retransmits":	0,
			"sender":	true
		},
		"sum_received":	{
			"start":	0,
			"end":	3.001615,
			"seconds":	3.001615,
			"bytes":	7602176,
			"bits_per_second":	20261561.859199129,
			"sender":	true
		},
		"cpu_utilization_percent":	{
			"host_total":	0.58432572228874236,
			"host_user":	0,
			"host_system":	0.58432572228874236,
			"remote_total":	0.19685721405565174,
			"remote_user":	0,
			"remote_system":	0.19689052886595051
		},
		"sender_tcp_congestion":	"cubic",
		"receiver_tcp_congestion":	"cubic"
	}
}
