{
	"start":	{
		"connected":	[{
				"socket":	5,
				"local_host":	"192.168.1.2",
				"local_port":	36494,
				"remote_host":	"192.168.4.2",
				"remote_port":	5203
			}],
		"version":	"iperf 3.19.1",
		"system_info":	"Linux h1 6.6.87.2-microsoft-standard-WSL2 #1 SMP PREEMPT_DYNAMIC Thu Jun  5 18:30:46 UTC 2025 x86_64",
		"timestamp":	{
			"time":	"Sun, 05 Apr 2026 06:40:32 UTC",
			"timesecs":	1775371232
		},
		"connecting_to":	{
			"host":	"192.168.4.2",
			"port":	5203
		},
		"cookie":	"xq37tuj2xaw4fp6xcklnds2v3y6kpz23gicn",
		"tcp_mss_default":	9448,
		"target_bitrate":	20000000,
		"fq_rate":	0,
		"sock_bufsize":	0,
		"sndbuf_actual":	16384,
		"rcvbuf_actual":	131072,
		"test_start":	{
			"protocol":	"TCP",
			"num_streams":	1,
			"blksize":	131072,
			"omit":	0,
			"duration":	3,
			"bytes":	0,
			"blocks":	0,
			"reverse":	0,
			"tos":	0,
			"target_bitrate":	20000000,
			"bidir":	0,
			"fqrate":	0,
			"interval":	1
		}
	},
	"intervals":	[{
			"streams":	[{
					"socket":	5,
					"start":	0,
					"end":	1.001084,
					"seconds":	1.0010839700698853,
					"bytes":	2621440,
					"bits_per_second":	20948812.114668049,
					"retransmits":	0,
					"snd_cwnd":	311784,
					"snd_wnd":	-1,
					"rtt":	137,
					"rttvar":	64,
					"pmtu":	9500,
					"omitted":	false,
					"sender":	true
				}],
			"sum":	{
				"start":	0,
				"end":	1.001084,
				"seconds":	1.0010839700698853,
				"bytes":	2621440,
				"bits_per_second":	20948812.114668049,
				"retransmits":	0,
				"omitted":	false,
				"sender":	true
			}
		}, {
			"streams":	[{
					"socket":	5,
					"start":	1.001084,
					"end":	2.001192,
					"seconds":	1.000108003616333,
					"bytes":	2490368,
					"bits_per_second":	19920792.482371684,
					"retransmits":	0,
					"snd_cwnd":	311784,
					"snd_wnd":	-1,
					"rtt":	128,
					"rttvar":	51,
					"pmtu":	9500,
					"omitted":	false,
					"sender":	true
				}],
			"sum":	{
				"start":	1.001084,
				"end":	2.001192,
				"seconds":	1.000108003616333,
				"bytes":	2490368,
				"bits_per_second":	19920792.482371684,
				"retransmits":	0,
				"omitted":	false,
				"sender":	true
			}
		}, {
			"streams":	[{
					"socket":	5,
					"start":	2.001192,
					"end":	3.0015,
					"seconds":	1.0003080368041992,
					"bytes":	2490368,
					"bits_per_second":	19916808.889839727,
					"retransmits":	0,
					"snd_cwnd":	311784,
					"snd_wnd":	-1,
					"rtt":	125,
					"rttvar":	53,
					"pmtu":	9500,
					"omitted":	false,
					"sender":	true
				}],
			"sum":	{
				"start":	2.001192,
				"end":	3.0015,
				"seconds":	1.0003080368041992,
				"bytes":	2490368,
				"bits_per_second":	19916808.889839727,
				"retransmits":	0,
				"omitted":	false,
				"sender":	true
			}
		}],
	"end":	{
		"streams":	[{
				"sender":	{
					"socket":	5,
					"start":	0,
					"end":	3.0015,
					"seconds":	3.0015,
					"bytes":	7602176,
					"bits_per_second":	20262338.164251208,
					"retransmits":	0,
					"max_snd_cwnd":	311784,
					"max_snd_wnd":	0,
					"max_rtt":	137,
					"min_rtt":	125,
					"mean_rtt":	130,
					"sender":	true
				},
				"receiver":	{
					"socket":	5,
					"start":	0,
					"end":	3.001671,
					"seconds":	3.0015,
					"bytes":	7602176,
					"bits_per_second":	20261183.8539267,
					"sender":	true
				}
			}],
		"sum_sent":	{
			"start":	0,
			"end":	3.0015,
			"seconds":	3.0015,
			"bytes":	7602176,
			"bits_per_second":	20262338.164251208,
			"retransmits":	0,
			"sender":	true
		},
		"sum_received":	{
			"start":	0,
			"end":	3.001671,
			"seconds":	3.001671,
			"bytes":	7602176,
			"bits_per_second":	20261183.8539267,
			"sender":	true
		},
		"cpu_utilization_percent":	{
			"host_total":	0.56875084303482548,
			"host_user":	0,
			"host_system":	0.56875084303482548,
			"remote_total":	0.20248451633085263,
			"remote_user":	0.0052969789563352366,
			"remote_system":	0.19722085170757611
		},
		"sender_tcp_congestion":	"cubic",
		"receiver_tcp_congestion":	"cubic"
	}
}
