{
	"start":	{
		"connected":	[{
				"socket":	5,
				"local_host":	"192.168.1.2",
				"local_port":	48930,
				"remote_host":	"192.168.4.2",
				"remote_port":	5205
			}],
		"version":	"iperf 3.19.1",
		"system_info":	"Linux h1 6.6.87.2-microsoft-standard-WSL2 #1 SMP PREEMPT_DYNAMIC Thu Jun  5 18:30:46 UTC 2025 x86_64",
		"timestamp":	{
			"time":	"Sun, 05 Apr 2026 06:28:28 UTC",
			"timesecs":	1775370508
		},
		"connecting_to":	{
			"host":	"192.168.4.2",
			"port":	5205
		},
		"cookie":	"eh6uxa266kskn5qa2htqdlux5jw43sy6ojte",
		"tcp_mss_default":	9448,
		"target_bitrate":	20000000,
		"fq_rate":	0,
		"sock_bufsize":	0,
		"sndbuf_actual":	16384,
		"rcvbuf_actual":	131072,
		"test_start":	{
			"protocol":	"TCP",
			"num_streams":	1,
			"blksize":	131072,
			"omit":	0,
			"duration":	3,
			"bytes":	0,
			"blocks":	0,
			"reverse":	0,
			"tos":	0,
			"target_bitrate":	20000000,
			"bidir":	0,
			"fqrate":	0,
			"interval":	1
		}
	},
	"intervals":	[{
			"streams":	[{
					"socket":	5,
					"start":	0,
					"end":	1.001105,
					"seconds":	1.0011049509048462,
					"bytes":	2621440,
					"bits_per_second":	20948373.076214381,
					"retransmits":	0,
					"snd_cwnd":	359024,
					"snd_wnd":	-1,
					"rtt":	138,
					"rttvar":	56,
					"pmtu":	9500,
					"omitted":	false,
					"sender":	true
				}],
			"sum":	{
				"start":	0,
				"end":	1.001105,
				"seconds":	1.0011049509048462,
				"bytes":	2621440,
				"bits_per_second":	20948373.076214381,
				"retransmits":	0,
				"omitted":	false,
				"sender":	true
			}
		}, {
			"streams":	[{
					"socket":	5,
					"start":	1.001105,
					"end":	2.001051,
					"seconds":	0.9999459981918335,
					"bytes":	2490368,
					"bits_per_second":	19924019.933102332,
					"retransmits":	0,
					"snd_cwnd":	359024,
					"snd_wnd":	-1,
					"rtt":	191,
					"rttvar":	164,
					"pmtu":	9500,
					"omitted":	false,
					"sender":	true
				}],
			"sum":	{
				"start":	1.001105,
				"end":	2.001051,
				"seconds":	0.9999459981918335,
				"bytes":	2490368,
				"bits_per_second":	19924019.933102332,
				"retransmits":	0,
				"omitted":	false,
				"sender":	true
			}
		}, {
			"streams":	[{
					"socket":	5,
					"start":	2.001051,
					"end":	3.001297,
					"seconds":	1.0002460479736328,
					"bytes":	2490368,
					"bits_per_second":	19918043.205830473,
					"retransmits":	0,
					"snd_cwnd":	359024,
					"snd_wnd":	-1,
					"rtt":	135,
					"rttvar":	60,
					"pmtu":	9500,
					"omitted":	false,
					"sender":	true
				}],
			"sum":	{
				"start":	2.001051,
				"end":	3.001297,
				"seconds":	1.0002460479736328,
				"bytes":	2490368,
				"bits_per_second":	19918043.205830473,
				"retransmits":	0,
				"omitted":	false,
				"sender":	true
			}
		}],
	"end":	{
		"streams":	[{
				"sender":	{
					"socket":	5,
					"start":	0,
					"end":	3.001297,
					"seconds":	3.001297,
					"bytes":	7602176,
					"bits_per_second":	20263708.65662412,
					"retransmits":	0,
					"max_snd_cwnd":	359024,
					"max_snd_wnd":	0,
					"max_rtt":	191,
					"min_rtt":	135,
					"mean_rtt":	154,
					"sender":	true
				},
				"receiver":	{
					"socket":	5,
					"start":	0,
					"end":	3.001456,
					"seconds":	3.001297,
					"bytes":	7602176,
					"bits_per_second":	20262635.201049089,
					"sender":	true
				}
			}],
		"sum_sent":	{
			"start":	0,
			"end":	3.001297,
			"seconds":	3.001297,
			"bytes":	7602176,
			"bits_per_second":	20263708.65662412,
			"retransmits":	0,
			"sender":	true
		},
		"sum_received":	{
			"start":	0,
			"end":	3.001456,
			"seconds":	3.001456,
			"bytes":	7602176,
			"bits_per_second":	20262635.201049089,
			"sender":	true
		},
		"cpu_utilization_percent":	{
			"host_total":	0.64735686758809363,
			"host_user":	0,
			"host_system":	0.64732356219798248,
			"remote_total":	0.22878583586790191,
			"remote_user":	0.0326836908382717,
			"remote_system":	0.19610214502963022
		},
		"sender_tcp_congestion":	"cubic",
		"receiver_tcp_congestion":	"cubic"
	}
}
