{
	"start":	{
		"connected":	[{
				"socket":	5,
				"local_host":	"192.168.1.2",
				"local_port":	51680,
				"remote_host":	"192.168.4.2",
				"remote_port":	5203
			}],
		"version":	"iperf 3.19.1",
		"system_info":	"Linux h1 6.6.87.2-microsoft-standard-WSL2 #1 SMP PREEMPT_DYNAMIC Thu Jun  5 18:30:46 UTC 2025 x86_64",
		"timestamp":	{
			"time":	"Sun, 05 Apr 2026 06:19:37 UTC",
			"timesecs":	1775369977
		},
		"connecting_to":	{
			"host":	"192.168.4.2",
			"port":	5203
		},
		"cookie":	"ujwdjmz5ft2fcp4l4jx7ixsn6oelfv77sqcb",
		"tcp_mss_default":	9448,
		"target_bitrate":	20000000,
		"fq_rate":	0,
		"sock_bufsize":	0,
		"sndbuf_actual":	16384,
		"rcvbuf_actual":	131072,
		"test_start":	{
			"protocol":	"TCP",
			"num_streams":	1,
			"blksize":	131072,
			"omit":	0,
			"duration":	3,
			"bytes":	0,
			"blocks":	0,
			"reverse":	0,
			"tos":	0,
			"target_bitrate":	20000000,
			"bidir":	0,
			"fqrate":	0,
			"interval":	1
		}
	},
	"intervals":	[{
			"streams":	[{
					"socket":	5,
					"start":	0,
					"end":	1.001086,
					"seconds":	1.0010859966278076,
					"bytes":	2621440,
					"bits_per_second":	20948769.706741761,
					"retransmits":	0,
					"snd_cwnd":	311784,
					"snd_wnd":	-1,
					"rtt":	142,
					"rttvar":	68,
					"pmtu":	9500,
					"omitted":	false,
					"sender":	true
				}],
			"sum":	{
				"start":	0,
				"end":	1.001086,
				"seconds":	1.0010859966278076,
				"bytes":	2621440,
				"bits_per_second":	20948769.706741761,
				"retransmits":	0,
				"omitted":	false,
				"sender":	true
			}
		}, {
			"streams":	[{
					"socket":	5,
					"start":	1.001086,
					"end":	2.001127,
					"seconds":	1.0000410079956055,
					"bytes":	2490368,
					"bits_per_second":	19922127.033502158,
					"retransmits":	0,
					"snd_cwnd":	311784,
					"snd_wnd":	-1,
					"rtt":	111,
					"rttvar":	65,
					"pmtu":	9500,
					"omitted":	false,
					"sender":	true
				}],
			"sum":	{
				"start":	1.001086,
				"end":	2.001127,
				"seconds":	1.0000410079956055,
				"bytes":	2490368,
				"bits_per_second":	19922127.033502158,
				"retransmits":	0,
				"omitted":	false,
				"sender":	true
			}
		}, {
			"streams":	[{
					"socket":	5,
					"start":	2.001127,
					"end":	3.000649,
					"seconds":	0.99952197074890137,
					"bytes":	2490368,
					"bits_per_second":	19932472.304808412,
					"retransmits":	0,
					"snd_cwnd":	311784,
					"snd_wnd":	-1,
					"rtt":	179,
					"rttvar":	94,
					"pmtu":	9500,
					"omitted":	false,
					"sender":	true
				}],
			"sum":	{
				"start":	2.001127,
				"end":	3.000649,
				"seconds":	0.99952197074890137,
				"bytes":	2490368,
				"bits_per_second":	19932472.304808412,
				"retransmits":	0,
				"omitted":	false,
				"sender":	true
			}
		}],
	"end":	{
		"streams":	[{
				"sender":	{
					"socket":	5,
					"start":	0,
					"end":	3.000649,
					"seconds":	3.000649,
					"bytes":	7602176,
					"bits_per_second":	20268084.671016168,
					"retransmits":	0,
					"max_snd_cwnd":	311784,
					"max_snd_wnd":	0,
					"max_rtt":	179,
					"min_rtt":	111,
					"mean_rtt":	144,
					"sender":	true
				},
				"receiver":	{
					"socket":	5,
					"start":	0,
					"end":	3.000793,
					"seconds":	3.000649,
					"bytes":	7602176,
					"bits_per_second":	20267112.060045462,
					"sender":	true
				}
			}],
		"sum_sent":	{
			"start":	0,
			"end":	3.000649,
			"seconds":	3.000649,
			"bytes":	7602176,
			"bits_per_second":	20268084.671016168,
			"retransmits":	0,
			"sender":	true
		},
		"sum_received":	{
			"start":	0,
			"end":	3.000793,
			"seconds":	3.000793,
			"bytes":	7602176,
			"bits_per_second":	20267112.060045462,
			"sender":	true
		},
		"cpu_utilization_percent":	{
			"host_total":	0.55805508591036668,
			"host_user":	0,
			"host_system":	0.55805508591036668,
			"remote_total":	0.17971712464597259,
			"remote_user":	0,
			"remote_system":	0.17975044879294941
		},
		"sender_tcp_congestion":	"cubic",
		"receiver_tcp_congestion":	"cubic"
	}
}
