{
	"start":	{
		"connected":	[{
				"socket":	5,
				"local_host":	"192.168.1.2",
				"local_port":	37528,
				"remote_host":	"192.168.4.2",
				"remote_port":	5202
			}],
		"version":	"iperf 3.19.1",
		"system_info":	"Linux h1 6.6.87.2-microsoft-standard-WSL2 #1 SMP PREEMPT_DYNAMIC Thu Jun  5 18:30:46 UTC 2025 x86_64",
		"timestamp":	{
			"time":	"Sun, 05 Apr 2026 06:40:59 UTC",
			"timesecs":	1775371259
		},
		"connecting_to":	{
			"host":	"192.168.4.2",
			"port":	5202
		},
		"cookie":	"pjylqznv3xotshy6yrml5t3cikifsqf3b4d7",
		"tcp_mss_default":	9448,
		"target_bitrate":	20000000,
		"fq_rate":	0,
		"sock_bufsize":	0,
		"sndbuf_actual":	16384,
		"rcvbuf_actual":	131072,
		"test_start":	{
			"protocol":	"TCP",
			"num_streams":	1,
			"blksize":	131072,
			"omit":	0,
			"duration":	3,
			"bytes":	0,
			"blocks":	0,
			"reverse":	0,
			"tos":	0,
			"target_bitrate":	20000000,
			"bidir":	0,
			"fqrate":	0,
			"interval":	1
		}
	},
	"intervals":	[{
			"streams":	[{
					"socket":	5,
					"start":	0,
					"end":	1.000127,
					"seconds":	1.0001269578933716,
					"bytes":	2621440,
					"bits_per_second":	20968857.837982483,
					"retransmits":	0,
					"snd_cwnd":	321232,
					"snd_wnd":	-1,
					"rtt":	123,
					"rttvar":	80,
					"pmtu":	9500,
					"omitted":	false,
					"sender":	true
				}],
			"sum":	{
				"start":	0,
				"end":	1.000127,
				"seconds":	1.0001269578933716,
				"bytes":	2621440,
				"bits_per_second":	20968857.837982483,
				"retransmits":	0,
				"omitted":	false,
				"sender":	true
			}
		}, {
			"streams":	[{
					"socket":	5,
					"start":	1.000127,
					"end":	2.001386,
					"seconds":	1.0012589693069458,
					"bytes":	2490368,
					"bits_per_second":	19897893.1632346,
					"retransmits":	0,
					"snd_cwnd":	321232,
					"snd_wnd":	-1,
					"rtt":	147,
					"rttvar":	60,
					"pmtu":	9500,
					"omitted":	false,
					"sender":	true
				}],
			"sum":	{
				"start":	1.000127,
				"end":	2.001386,
				"seconds":	1.0012589693069458,
				"bytes":	2490368,
				"bits_per_second":	19897893.1632346,
				"retransmits":	0,
				"omitted":	false,
				"sender":	true
			}
		}, {
			"streams":	[{
					"socket":	5,
					"start":	2.001386,
					"end":	3.000236,
					"seconds":	0.99884998798370361,
					"bytes":	2490368,
					"bits_per_second":	19945882.003980208,
					"retransmits":	0,
					"snd_cwnd":	321232,
					"snd_wnd":	-1,
					"rtt":	210,
					"rttvar":	134,
					"pmtu":	9500,
					"omitted":	false,
					"sender":	true
				}],
			"sum":	{
				"start":	2.001386,
				"end":	3.000236,
				"seconds":	0.99884998798370361,
				"bytes":	2490368,
				"bits_per_second":	19945882.003980208,
				"retransmits":	0,
				"omitted":	false,
				"sender":	true
			}
		}],
	"end":	{
		"streams":	[{
				"sender":	{
					"socket":	5,
					"start":	0,
					"end":	3.000236,
					"seconds":	3.000236,
					"bytes":	7602176,
					"bits_per_second":	20270874.691190958,
					"retransmits":	0,
					"max_snd_cwnd":	321232,
					"max_snd_wnd":	0,
					"max_rtt":	210,
					"min_rtt":	123,
					"mean_rtt":	160,
					"sender":	true
				},
				"receiver":	{
					"socket":	5,
					"start":	0,
					"end":	3.000414,
					"seconds":	3.000236,
					"bytes":	7602176,
					"bits_per_second":	20269672.118580967,
					"sender":	true
				}
			}],
		"sum_sent":	{
			"start":	0,
			"end":	3.000236,
			"seconds":	3.000236,
			"bytes":	7602176,
			"bits_per_second":	20270874.691190958,
			"retransmits":	0,
			"sender":	true
		},
		"sum_received":	{
			"start":	0,
			"end":	3.000414,
			"seconds":	3.000414,
			"bytes":	7602176,
			"bits_per_second":	20269672.118580967,
			"sender":	true
		},
		"cpu_utilization_percent":	{
			"host_total":	0.53061851407491756,
			"host_user":	0.032451490186422821,
			"host_system":	0.49816702388849482,
			"remote_total":	0.19190435577561121,
			"remote_user":	0,
			"remote_system":	0.19190435577561121
		},
		"sender_tcp_congestion":	"cubic",
		"receiver_tcp_congestion":	"cubic"
	}
}
