{
	"start":	{
		"connected":	[{
				"socket":	5,
				"local_host":	"192.168.1.2",
				"local_port":	48008,
				"remote_host":	"192.168.4.2",
				"remote_port":	5204
			}],
		"version":	"iperf 3.19.1",
		"system_info":	"Linux h1 6.6.87.2-microsoft-standard-WSL2 #1 SMP PREEMPT_DYNAMIC Thu Jun  5 18:30:46 UTC 2025 x86_64",
		"timestamp":	{
			"time":	"Sun, 05 Apr 2026 06:19:03 UTC",
			"timesecs":	1775369943
		},
		"connecting_to":	{
			"host":	"192.168.4.2",
			"port":	5204
		},
		"cookie":	"mfgifhbo3kjl32oho6seekqychplntjwh46t",
		"tcp_mss_default":	9448,
		"target_bitrate":	20000000,
		"fq_rate":	0,
		"sock_bufsize":	0,
		"sndbuf_actual":	16384,
		"rcvbuf_actual":	131072,
		"test_start":	{
			"protocol":	"TCP",
			"num_streams":	1,
			"blksize":	131072,
			"omit":	0,
			"duration":	3,
			"bytes":	0,
			"blocks":	0,
			"reverse":	0,
			"tos":	0,
			"target_bitrate":	20000000,
			"bidir":	0,
			"fqrate":	0,
			"interval":	1
		}
	},
	"intervals":	[{
			"streams":	[{
					"socket":	5,
					"start":	0,
					"end":	1.001068,
					"seconds":	1.0010679960250854,
					"bytes":	2621440,
					"bits_per_second":	20949146.394921292,
					"retransmits":	0,
					"snd_cwnd":	264544,
					"snd_wnd":	-1,
					"rtt":	114,
					"rttvar":	58,
					"pmtu":	9500,
					"omitted":	false,
					"sender":	true
				}],
			"sum":	{
				"start":	0,
				"end":	1.001068,
				"seconds":	1.0010679960250854,
				"bytes":	2621440,
				"bits_per_second":	20949146.394921292,
				"retransmits":	0,
				"omitted":	false,
				"sender":	true
			}
		}, {
			"streams":	[{
					"socket":	5,
					"start":	1.001068,
					"end":	2.001086,
					"seconds":	1.0000180006027222,
					"bytes":	2490368,
					"bits_per_second":	19922585.381455351,
					"retransmits":	0,
					"snd_cwnd":	264544,
					"snd_wnd":	-1,
					"rtt":	122,
					"rttvar":	76,
					"pmtu":	9500,
					"omitted":	false,
					"sender":	true
				}],
			"sum":	{
				"start":	1.001068,
				"end":	2.001086,
				"seconds":	1.0000180006027222,
				"bytes":	2490368,
				"bits_per_second":	19922585.381455351,
				"retransmits":	0,
				"omitted":	false,
				"sender":	true
			}
		}, {
			"streams":	[{
					"socket":	5,
					"start":	2.001086,
					"end":	3.001203,
					"seconds":	1.0001169443130493,
					"bytes":	2490368,
					"bits_per_second":	19920614.397433773,
					"retransmits":	0,
					"snd_cwnd":	264544,
					"snd_wnd":	-1,
					"rtt":	136,
					"rttvar":	57,
					"pmtu":	9500,
					"omitted":	false,
					"sender":	true
				}],
			"sum":	{
				"start":	2.001086,
				"end":	3.001203,
				"seconds":	1.0001169443130493,
				"bytes":	2490368,
				"bits_per_second":	19920614.397433773,
				"retransmits":	0,
				"omitted":	false,
				"sender":	true
			}
		}],
	"end":	{
		"streams":	[{
				"sender":	{
					"socket":	5,
					"start":	0,
					"end":	3.001203,
					"seconds":	3.001203,
					"bytes":	7602176,
					"bits_per_second":	20264343.331657339,
					"retransmits":	0,
					"max_snd_cwnd":	264544,
					"max_snd_wnd":	0,
					"max_rtt":	136,
					"min_rtt":	114,
					"mean_rtt":	124,
					"sender":	true
				},
				"receiver":	{
					"socket":	5,
					"start":	0,
					"end":	3.001357,
					"seconds":	3.001203,
					"bytes":	7602176,
					"bits_per_second":	20263303.56568712,
					"sender":	true
				}
			}],
		"sum_sent":	{
			"start":	0,
			"end":	3.001203,
			"seconds":	3.001203,
			"bytes":	7602176,
			"bits_per_second":	20264343.331657339,
			"retransmits":	0,
			"sender":	true
		},
		"sum_received":	{
			"start":	0,
			"end":	3.001357,
			"seconds":	3.001357,
			"bytes":	7602176,
			"bits_per_second":	20263303.56568712,
			"sender":	true
		},
		"cpu_utilization_percent":	{
			"host_total":	0.531476031783306,
			"host_user":	0,
			"host_system":	0.53150934063463362,
			"remote_total":	0.18341458993928494,
			"remote_user":	0,
			"remote_system":	0.183381272120949
		},
		"sender_tcp_congestion":	"cubic",
		"receiver_tcp_congestion":	"cubic"
	}
}
