{
	"start":	{
		"connected":	[{
				"socket":	5,
				"local_host":	"192.168.1.2",
				"local_port":	43954,
				"remote_host":	"192.168.4.2",
				"remote_port":	5202
			}],
		"version":	"iperf 3.19.1",
		"system_info":	"Linux h1 6.6.87.2-microsoft-standard-WSL2 #1 SMP PREEMPT_DYNAMIC Thu Jun  5 18:30:46 UTC 2025 x86_64",
		"timestamp":	{
			"time":	"Sun, 05 Apr 2026 06:14:53 UTC",
			"timesecs":	1775369693
		},
		"connecting_to":	{
			"host":	"192.168.4.2",
			"port":	5202
		},
		"cookie":	"imsb2xzhe3464pb6h3up4ukqqd4n7ys6dgmf",
		"tcp_mss_default":	9448,
		"target_bitrate":	20000000,
		"fq_rate":	0,
		"sock_bufsize":	0,
		"sndbuf_actual":	16384,
		"rcvbuf_actual":	131072,
		"test_start":	{
			"protocol":	"TCP",
			"num_streams":	1,
			"blksize":	131072,
			"omit":	0,
			"duration":	3,
			"bytes":	0,
			"blocks":	0,
			"reverse":	0,
			"tos":	0,
			"target_bitrate":	20000000,
			"bidir":	0,
			"fqrate":	0,
			"interval":	1
		}
	},
	"intervals":	[{
			"streams":	[{
					"socket":	5,
					"start":	0,
					"end":	1.001114,
					"seconds":	1.0011140108108521,
					"bytes":	2621440,
					"bits_per_second":	20948183.4971165,
					"retransmits":	0,
					"snd_cwnd":	321232,
					"snd_wnd":	-1,
					"rtt":	149,
					"rttvar":	117,
					"pmtu":	9500,
					"omitted":	false,
					"sender":	true
				}],
			"sum":	{
				"start":	0,
				"end":	1.001114,
				"seconds":	1.0011140108108521,
				"bytes":	2621440,
				"bits_per_second":	20948183.4971165,
				"retransmits":	0,
				"omitted":	false,
				"sender":	true
			}
		}, {
			"streams":	[{
					"socket":	5,
					"start":	1.001114,
					"end":	2.001095,
					"seconds":	0.99998098611831665,
					"bytes":	2490368,
					"bits_per_second":	19923322.819702834,
					"retransmits":	0,
					"snd_cwnd":	321232,
					"snd_wnd":	-1,
					"rtt":	100,
					"rttvar":	43,
					"pmtu":	9500,
					"omitted":	false,
					"sender":	true
				}],
			"sum":	{
				"start":	1.001114,
				"end":	2.001095,
				"seconds":	0.99998098611831665,
				"bytes":	2490368,
				"bits_per_second":	19923322.819702834,
				"retransmits":	0,
				"omitted":	false,
				"sender":	true
			}
		}, {
			"streams":	[{
					"socket":	5,
					"start":	2.001095,
					"end":	3.001364,
					"seconds":	1.0002690553665161,
					"bytes":	2490368,
					"bits_per_second":	19917585.066849723,
					"retransmits":	0,
					"snd_cwnd":	321232,
					"snd_wnd":	-1,
					"rtt":	160,
					"rttvar":	90,
					"pmtu":	9500,
					"omitted":	false,
					"sender":	true
				}],
			"sum":	{
				"start":	2.001095,
				"end":	3.001364,
				"seconds":	1.0002690553665161,
				"bytes":	2490368,
				"bits_per_second":	19917585.066849723,
				"retransmits":	0,
				"omitted":	false,
				"sender":	true
			}
		}],
	"end":	{
		"streams":	[{
				"sender":	{
					"socket":	5,
					"start":	0,
					"end":	3.001364,
					"seconds":	3.001364,
					"bytes":	7602176,
					"bits_per_second":	20263256.306132812,
					"retransmits":	0,
					"max_snd_cwnd":	321232,
					"max_snd_wnd":	0,
					"max_rtt":	160,
					"min_rtt":	100,
					"mean_rtt":	136,
					"sender":	true
				},
				"receiver":	{
					"socket":	5,
					"start":	0,
					"end":	3.001642,
					"seconds":	3.001364,
					"bytes":	7602176,
					"bits_per_second":	20261379.604896255,
					"sender":	true
				}
			}],
		"sum_sent":	{
			"start":	0,
			"end":	3.001364,
			"seconds":	3.001364,
			"bytes":	7602176,
			"bits_per_second":	20263256.306132812,
			"retransmits":	0,
			"sender":	true
		},
		"sum_received":	{
			"start":	0,
			"end":	3.001642,
			"seconds":	3.001642,
			"bytes":	7602176,
			"bits_per_second":	20261379.604896255,
			"sender":	true
		},
		"cpu_utilization_percent":	{
			"host_total":	0.61798439501975522,
			"host_user":	0,
			"host_system":	0.618084311655975,
			"remote_total":	0.222642358016774,
			"remote_user":	0,
			"remote_system":	0.22277561694720449
		},
		"sender_tcp_congestion":	"cubic",
		"receiver_tcp_congestion":	"cubic"
	}
}
