{
	"start":	{
		"connected":	[{
				"socket":	5,
				"local_host":	"192.168.1.2",
				"local_port":	40590,
				"remote_host":	"192.168.4.2",
				"remote_port":	5203
			}],
		"version":	"iperf 3.19.1",
		"system_info":	"Linux h1 6.6.87.2-microsoft-standard-WSL2 #1 SMP PREEMPT_DYNAMIC Thu Jun  5 18:30:46 UTC 2025 x86_64",
		"timestamp":	{
			"time":	"Sun, 05 Apr 2026 06:17:51 UTC",
			"timesecs":	1775369871
		},
		"connecting_to":	{
			"host":	"192.168.4.2",
			"port":	5203
		},
		"cookie":	"lhheyajzirakvizeqonlkz4e4zck77z3unin",
		"tcp_mss_default":	9448,
		"target_bitrate":	20000000,
		"fq_rate":	0,
		"sock_bufsize":	0,
		"sndbuf_actual":	16384,
		"rcvbuf_actual":	131072,
		"test_start":	{
			"protocol":	"TCP",
			"num_streams":	1,
			"blksize":	131072,
			"omit":	0,
			"duration":	3,
			"bytes":	0,
			"blocks":	0,
			"reverse":	0,
			"tos":	0,
			"target_bitrate":	20000000,
			"bidir":	0,
			"fqrate":	0,
			"interval":	1
		}
	},
	"intervals":	[{
			"streams":	[{
					"socket":	5,
					"start":	0,
					"end":	1.001047,
					"seconds":	1.0010470151901245,
					"bytes":	2621440,
					"bits_per_second":	20949585.465790506,
					"retransmits":	0,
					"snd_cwnd":	264544,
					"snd_wnd":	-1,
					"rtt":	107,
					"rttvar":	58,
					"pmtu":	9500,
					"omitted":	false,
					"sender":	true
				}],
			"sum":	{
				"start":	0,
				"end":	1.001047,
				"seconds":	1.0010470151901245,
				"bytes":	2621440,
				"bits_per_second":	20949585.465790506,
				"retransmits":	0,
				"omitted":	false,
				"sender":	true
			}
		}, {
			"streams":	[{
					"socket":	5,
					"start":	1.001047,
					"end":	2.001176,
					"seconds":	1.0001289844512939,
					"bytes":	2490368,
					"bits_per_second":	19920374.581415046,
					"retransmits":	0,
					"snd_cwnd":	264544,
					"snd_wnd":	-1,
					"rtt":	133,
					"rttvar":	46,
					"pmtu":	9500,
					"omitted":	false,
					"sender":	true
				}],
			"sum":	{
				"start":	1.001047,
				"end":	2.001176,
				"seconds":	1.0001289844512939,
				"bytes":	2490368,
				"bits_per_second":	19920374.581415046,
				"retransmits":	0,
				"omitted":	false,
				"sender":	true
			}
		}, {
			"streams":	[{
					"socket":	5,
					"start":	2.001176,
					"end":	3.001408,
					"seconds":	1.0002319812774658,
					"bytes":	2490368,
					"bits_per_second":	19918323.321910806,
					"retransmits":	0,
					"snd_cwnd":	264544,
					"snd_wnd":	-1,
					"rtt":	112,
					"rttvar":	76,
					"pmtu":	9500,
					"omitted":	false,
					"sender":	true
				}],
			"sum":	{
				"start":	2.001176,
				"end":	3.001408,
				"seconds":	1.0002319812774658,
				"bytes":	2490368,
				"bits_per_second":	19918323.321910806,
				"retransmits":	0,
				"omitted":	false,
				"sender":	true
			}
		}],
	"end":	{
		"streams":	[{
				"sender":	{
					"socket":	5,
					"start":	0,
					"end":	3.001408,
					"seconds":	3.001408,
					"bytes":	7602176,
					"bits_per_second":	20262959.251124807,
					"retransmits":	0,
					"max_snd_cwnd":	264544,
					"max_snd_wnd":	0,
					"max_rtt":	133,
					"min_rtt":	107,
					"mean_rtt":	117,
					"sender":	true
				},
				"receiver":	{
					"socket":	5,
					"start":	0,
					"end":	3.002959,
					"seconds":	3.001408,
					"bytes":	7602176,
					"bits_per_second":	20252493.623789068,
					"sender":	true
				}
			}],
		"sum_sent":	{
			"start":	0,
			"end":	3.001408,
			"seconds":	3.001408,
			"bytes":	7602176,
			"bits_per_second":	20262959.251124807,
			"retransmits":	0,
			"sender":	true
		},
		"sum_received":	{
			"start":	0,
			"end":	3.002959,
			"seconds":	3.002959,
			"bytes":	7602176,
			"bits_per_second":	20252493.623789068,
			"sender":	true
		},
		"cpu_utilization_percent":	{
			"host_total":	0.53798897988167571,
			"host_user":	0.0792668168996454,
			"host_system":	0.4586888715847604,
			"remote_total":	0.15607850345790308,
			"remote_user":	0.00249752245772194,
			"remote_system":	0.15354768070074484
		},
		"sender_tcp_congestion":	"cubic",
		"receiver_tcp_congestion":	"cubic"
	}
}
