{
	"start":	{
		"connected":	[{
				"socket":	5,
				"local_host":	"192.168.1.2",
				"local_port":	47034,
				"remote_host":	"192.168.4.2",
				"remote_port":	5202
			}],
		"version":	"iperf 3.19.1",
		"system_info":	"Linux h1 6.6.87.2-microsoft-standard-WSL2 #1 SMP PREEMPT_DYNAMIC Thu Jun  5 18:30:46 UTC 2025 x86_64",
		"timestamp":	{
			"time":	"Sun, 05 Apr 2026 06:14:45 UTC",
			"timesecs":	1775369685
		},
		"connecting_to":	{
			"host":	"192.168.4.2",
			"port":	5202
		},
		"cookie":	"wevqergjm74344mjt7grslnj22mlsxwdf7gj",
		"tcp_mss_default":	9448,
		"target_bitrate":	20000000,
		"fq_rate":	0,
		"sock_bufsize":	0,
		"sndbuf_actual":	16384,
		"rcvbuf_actual":	131072,
		"test_start":	{
			"protocol":	"TCP",
			"num_streams":	1,
			"blksize":	131072,
			"omit":	0,
			"duration":	3,
			"bytes":	0,
			"blocks":	0,
			"reverse":	0,
			"tos":	0,
			"target_bitrate":	20000000,
			"bidir":	0,
			"fqrate":	0,
			"interval":	1
		}
	},
	"intervals":	[{
			"streams":	[{
					"socket":	5,
					"start":	0,
					"end":	1.001347,
					"seconds":	1.0013469457626343,
					"bytes":	2621440,
					"bits_per_second":	20943310.496670976,
					"retransmits":	0,
					"snd_cwnd":	302336,
					"snd_wnd":	-1,
					"rtt":	142,
					"rttvar":	79,
					"pmtu":	9500,
					"omitted":	false,
					"sender":	true
				}],
			"sum":	{
				"start":	0,
				"end":	1.001347,
				"seconds":	1.0013469457626343,
				"bytes":	2621440,
				"bits_per_second":	20943310.496670976,
				"retransmits":	0,
				"omitted":	false,
				"sender":	true
			}
		}, {
			"streams":	[{
					"socket":	5,
					"start":	1.001347,
					"end":	2.001088,
					"seconds":	0.999741017818451,
					"bytes":	2490368,
					"bits_per_second":	19928105.024113283,
					"retransmits":	0,
					"snd_cwnd":	302336,
					"snd_wnd":	-1,
					"rtt":	121,
					"rttvar":	67,
					"pmtu":	9500,
					"omitted":	false,
					"sender":	true
				}],
			"sum":	{
				"start":	1.001347,
				"end":	2.001088,
				"seconds":	0.999741017818451,
				"bytes":	2490368,
				"bits_per_second":	19928105.024113283,
				"retransmits":	0,
				"omitted":	false,
				"sender":	true
			}
		}, {
			"streams":	[{
					"socket":	5,
					"start":	2.001088,
					"end":	3.001926,
					"seconds":	1.000838041305542,
					"bytes":	2490368,
					"bits_per_second":	19906261.730430968,
					"retransmits":	0,
					"snd_cwnd":	302336,
					"snd_wnd":	-1,
					"rtt":	136,
					"rttvar":	51,
					"pmtu":	9500,
					"omitted":	false,
					"sender":	true
				}],
			"sum":	{
				"start":	2.001088,
				"end":	3.001926,
				"seconds":	1.000838041305542,
				"bytes":	2490368,
				"bits_per_second":	19906261.730430968,
				"retransmits":	0,
				"omitted":	false,
				"sender":	true
			}
		}],
	"end":	{
		"streams":	[{
				"sender":	{
					"socket":	5,
					"start":	0,
					"end":	3.001926,
					"seconds":	3.001926,
					"bytes":	7602176,
					"bits_per_second":	20259462.75824254,
					"retransmits":	0,
					"max_snd_cwnd":	302336,
					"max_snd_wnd":	0,
					"max_rtt":	142,
					"min_rtt":	121,
					"mean_rtt":	133,
					"sender":	true
				},
				"receiver":	{
					"socket":	5,
					"start":	0,
					"end":	3.002161,
					"seconds":	3.001926,
					"bytes":	7602176,
					"bits_per_second":	20257876.909332976,
					"sender":	true
				}
			}],
		"sum_sent":	{
			"start":	0,
			"end":	3.001926,
			"seconds":	3.001926,
			"bytes":	7602176,
			"bits_per_second":	20259462.75824254,
			"retransmits":	0,
			"sender":	true
		},
		"sum_received":	{
			"start":	0,
			"end":	3.002161,
			"seconds":	3.002161,
			"bytes":	7602176,
			"bits_per_second":	20257876.909332976,
			"sender":	true
		},
		"cpu_utilization_percent":	{
			"host_total":	0.73736182780589121,
			"host_user":	0.061663005356433119,
			"host_system":	0.67563230356557846,
			"remote_total":	0.271530047837519,
			"remote_user":	0.023149335530799276,
			"remote_system":	0.24844732909961409
		},
		"sender_tcp_congestion":	"cubic",
		"receiver_tcp_congestion":	"cubic"
	}
}
