{
	"start":	{
		"connected":	[{
				"socket":	5,
				"local_host":	"192.168.1.2",
				"local_port":	60092,
				"remote_host":	"192.168.4.2",
				"remote_port":	5202
			}],
		"version":	"iperf 3.19.1",
		"system_info":	"Linux h1 6.6.87.2-microsoft-standard-WSL2 #1 SMP PREEMPT_DYNAMIC Thu Jun  5 18:30:46 UTC 2025 x86_64",
		"timestamp":	{
			"time":	"Sun, 05 Apr 2026 06:15:02 UTC",
			"timesecs":	1775369702
		},
		"connecting_to":	{
			"host":	"192.168.4.2",
			"port":	5202
		},
		"cookie":	"lj7htxtvgbkqkurw6nqzzcye6cgata6ykmej",
		"tcp_mss_default":	9448,
		"target_bitrate":	20000000,
		"fq_rate":	0,
		"sock_bufsize":	0,
		"sndbuf_actual":	16384,
		"rcvbuf_actual":	131072,
		"test_start":	{
			"protocol":	"TCP",
			"num_streams":	1,
			"blksize":	131072,
			"omit":	0,
			"duration":	3,
			"bytes":	0,
			"blocks":	0,
			"reverse":	0,
			"tos":	0,
			"target_bitrate":	20000000,
			"bidir":	0,
			"fqrate":	0,
			"interval":	1
		}
	},
	"intervals":	[{
			"streams":	[{
					"socket":	5,
					"start":	0,
					"end":	1.001478,
					"seconds":	1.0014779567718506,
					"bytes":	2621440,
					"bits_per_second":	20940570.741665937,
					"retransmits":	0,
					"snd_cwnd":	264544,
					"snd_wnd":	-1,
					"rtt":	315,
					"rttvar":	165,
					"pmtu":	9500,
					"omitted":	false,
					"sender":	true
				}],
			"sum":	{
				"start":	0,
				"end":	1.001478,
				"seconds":	1.0014779567718506,
				"bytes":	2621440,
				"bits_per_second":	20940570.741665937,
				"retransmits":	0,
				"omitted":	false,
				"sender":	true
			}
		}, {
			"streams":	[{
					"socket":	5,
					"start":	1.001478,
					"end":	2.000569,
					"seconds":	0.99909102916717529,
					"bytes":	2490368,
					"bits_per_second":	19941069.85086976,
					"retransmits":	0,
					"snd_cwnd":	264544,
					"snd_wnd":	-1,
					"rtt":	388,
					"rttvar":	261,
					"pmtu":	9500,
					"omitted":	false,
					"sender":	true
				}],
			"sum":	{
				"start":	1.001478,
				"end":	2.000569,
				"seconds":	0.99909102916717529,
				"bytes":	2490368,
				"bits_per_second":	19941069.85086976,
				"retransmits":	0,
				"omitted":	false,
				"sender":	true
			}
		}, {
			"streams":	[{
					"socket":	5,
					"start":	2.000569,
					"end":	3.001449,
					"seconds":	1.0008800029754639,
					"bytes":	2490368,
					"bits_per_second":	19905427.164867036,
					"retransmits":	0,
					"snd_cwnd":	264544,
					"snd_wnd":	-1,
					"rtt":	140,
					"rttvar":	64,
					"pmtu":	9500,
					"omitted":	false,
					"sender":	true
				}],
			"sum":	{
				"start":	2.000569,
				"end":	3.001449,
				"seconds":	1.0008800029754639,
				"bytes":	2490368,
				"bits_per_second":	19905427.164867036,
				"retransmits":	0,
				"omitted":	false,
				"sender":	true
			}
		}],
	"end":	{
		"streams":	[{
				"sender":	{
					"socket":	5,
					"start":	0,
					"end":	3.001449,
					"seconds":	3.001449,
					"bytes":	7602176,
					"bits_per_second":	20262682.457706261,
					"retransmits":	0,
					"max_snd_cwnd":	264544,
					"max_snd_wnd":	0,
					"max_rtt":	388,
					"min_rtt":	140,
					"mean_rtt":	281,
					"sender":	true
				},
				"receiver":	{
					"socket":	5,
					"start":	0,
					"end":	3.001638,
					"seconds":	3.001449,
					"bytes":	7602176,
					"bits_per_second":	20261406.605326828,
					"sender":	true
				}
			}],
		"sum_sent":	{
			"start":	0,
			"end":	3.001449,
			"seconds":	3.001449,
			"bytes":	7602176,
			"bits_per_second":	20262682.457706261,
			"retransmits":	0,
			"sender":	true
		},
		"sum_received":	{
			"start":	0,
			"end":	3.001638,
			"seconds":	3.001638,
			"bytes":	7602176,
			"bits_per_second":	20261406.605326828,
			"sender":	true
		},
		"cpu_utilization_percent":	{
			"host_total":	0.92673695737462947,
			"host_user":	0.0280092640391024,
			"host_system":	0.898727693335527,
			"remote_total":	0.30746135994600354,
			"remote_user":	0.055369030255743613,
			"remote_system":	0.2520590149909484
		},
		"sender_tcp_congestion":	"cubic",
		"receiver_tcp_congestion":	"cubic"
	}
}
