{
	"start":	{
		"connected":	[{
				"socket":	5,
				"local_host":	"192.168.1.2",
				"local_port":	42904,
				"remote_host":	"192.168.8.2",
				"remote_port":	5203
			}],
		"version":	"iperf 3.19.1",
		"system_info":	"Linux h1 6.6.87.2-microsoft-standard-WSL2 #1 SMP PREEMPT_DYNAMIC Thu Jun  5 18:30:46 UTC 2025 x86_64",
		"timestamp":	{
			"time":	"Mon, 06 Apr 2026 04:24:02 UTC",
			"timesecs":	1775449442
		},
		"connecting_to":	{
			"host":	"192.168.8.2",
			"port":	5203
		},
		"cookie":	"kcgw47b24psjfzmrg6k4ioa4wefpqxtuk7qp",
		"tcp_mss_default":	9448,
		"target_bitrate":	20000000,
		"fq_rate":	0,
		"sock_bufsize":	0,
		"sndbuf_actual":	16384,
		"rcvbuf_actual":	131072,
		"test_start":	{
			"protocol":	"TCP",
			"num_streams":	1,
			"blksize":	131072,
			"omit":	0,
			"duration":	3,
			"bytes":	0,
			"blocks":	0,
			"reverse":	0,
			"tos":	0,
			"target_bitrate":	20000000,
			"bidir":	0,
			"fqrate":	0,
			"interval":	1
		}
	},
	"intervals":	[{
			"streams":	[{
					"socket":	5,
					"start":	0,
					"end":	1.001157,
					"seconds":	1.00115704536438,
					"bytes":	2621440,
					"bits_per_second":	20947283.043258443,
					"retransmits":	0,
					"snd_cwnd":	359024,
					"snd_wnd":	-1,
					"rtt":	236,
					"rttvar":	107,
					"pmtu":	9500,
					"omitted":	false,
					"sender":	true
				}],
			"sum":	{
				"start":	0,
				"end":	1.001157,
				"seconds":	1.00115704536438,
				"bytes":	2621440,
				"bits_per_second":	20947283.043258443,
				"retransmits":	0,
				"omitted":	false,
				"sender":	true
			}
		}, {
			"streams":	[{
					"socket":	5,
					"start":	1.001157,
					"end":	2.001208,
					"seconds":	1.0000510215759277,
					"bytes":	2490368,
					"bits_per_second":	19921927.551860787,
					"retransmits":	0,
					"snd_cwnd":	359024,
					"snd_wnd":	-1,
					"rtt":	250,
					"rttvar":	182,
					"pmtu":	9500,
					"omitted":	false,
					"sender":	true
				}],
			"sum":	{
				"start":	1.001157,
				"end":	2.001208,
				"seconds":	1.0000510215759277,
				"bytes":	2490368,
				"bits_per_second":	19921927.551860787,
				"retransmits":	0,
				"omitted":	false,
				"sender":	true
			}
		}, {
			"streams":	[{
					"socket":	5,
					"start":	2.001208,
					"end":	3.001488,
					"seconds":	1.0002800226211548,
					"bytes":	2490368,
					"bits_per_second":	19917366.68677387,
					"retransmits":	0,
					"snd_cwnd":	359024,
					"snd_wnd":	-1,
					"rtt":	246,
					"rttvar":	97,
					"pmtu":	9500,
					"omitted":	false,
					"sender":	true
				}],
			"sum":	{
				"start":	2.001208,
				"end":	3.001488,
				"seconds":	1.0002800226211548,
				"bytes":	2490368,
				"bits_per_second":	19917366.68677387,
				"retransmits":	0,
				"omitted":	false,
				"sender":	true
			}
		}],
	"end":	{
		"streams":	[{
				"sender":	{
					"socket":	5,
					"start":	0,
					"end":	3.001488,
					"seconds":	3.001488,
					"bytes":	7602176,
					"bits_per_second":	20262419.173423313,
					"retransmits":	0,
					"max_snd_cwnd":	359024,
					"max_snd_wnd":	0,
					"max_rtt":	250,
					"min_rtt":	236,
					"mean_rtt":	244,
					"sender":	true
				},
				"receiver":	{
					"socket":	5,
					"start":	0,
					"end":	3.00185,
					"seconds":	3.001488,
					"bytes":	7602176,
					"bits_per_second":	20259975.681662973,
					"sender":	true
				}
			}],
		"sum_sent":	{
			"start":	0,
			"end":	3.001488,
			"seconds":	3.001488,
			"bytes":	7602176,
			"bits_per_second":	20262419.173423313,
			"retransmits":	0,
			"sender":	true
		},
		"sum_received":	{
			"start":	0,
			"end":	3.00185,
			"seconds":	3.00185,
			"bytes":	7602176,
			"bits_per_second":	20259975.681662973,
			"sender":	true
		},
		"cpu_utilization_percent":	{
			"host_total":	1.0356429712460065,
			"host_user":	0.141606762513312,
			"host_system":	0.89416932907348234,
			"remote_total":	0.337623219149949,
			"remote_user":	0.0039641996131074423,
			"remote_system":	0.33369233213863242
		},
		"sender_tcp_congestion":	"cubic",
		"receiver_tcp_congestion":	"cubic"
	}
}
