{
	"start":	{
		"connected":	[{
				"socket":	5,
				"local_host":	"192.168.1.2",
				"local_port":	51286,
				"remote_host":	"192.168.8.2",
				"remote_port":	5203
			}],
		"version":	"iperf 3.19.1",
		"system_info":	"Linux h1 6.6.87.2-microsoft-standard-WSL2 #1 SMP PREEMPT_DYNAMIC Thu Jun  5 18:30:46 UTC 2025 x86_64",
		"timestamp":	{
			"time":	"Mon, 06 Apr 2026 04:16:47 UTC",
			"timesecs":	1775449007
		},
		"connecting_to":	{
			"host":	"192.168.8.2",
			"port":	5203
		},
		"cookie":	"rwcc3ylmcemgrcbdvm5gpox53tsvah2jn2gi",
		"tcp_mss_default":	9448,
		"target_bitrate":	20000000,
		"fq_rate":	0,
		"sock_bufsize":	0,
		"sndbuf_actual":	16384,
		"rcvbuf_actual":	131072,
		"test_start":	{
			"protocol":	"TCP",
			"num_streams":	1,
			"blksize":	131072,
			"omit":	0,
			"duration":	3,
			"bytes":	0,
			"blocks":	0,
			"reverse":	0,
			"tos":	0,
			"target_bitrate":	20000000,
			"bidir":	0,
			"fqrate":	0,
			"interval":	1
		}
	},
	"intervals":	[{
			"streams":	[{
					"socket":	5,
					"start":	0,
					"end":	1.001179,
					"seconds":	1.0011789798736572,
					"bytes":	2621440,
					"bits_per_second":	20946824.115950257,
					"retransmits":	0,
					"snd_cwnd":	264544,
					"snd_wnd":	-1,
					"rtt":	197,
					"rttvar":	100,
					"pmtu":	9500,
					"omitted":	false,
					"sender":	true
				}],
			"sum":	{
				"start":	0,
				"end":	1.001179,
				"seconds":	1.0011789798736572,
				"bytes":	2621440,
				"bits_per_second":	20946824.115950257,
				"retransmits":	0,
				"omitted":	false,
				"sender":	true
			}
		}, {
			"streams":	[{
					"socket":	5,
					"start":	1.001179,
					"end":	2.001354,
					"seconds":	1.0001749992370605,
					"bytes":	2490368,
					"bits_per_second":	19919458.110028084,
					"retransmits":	0,
					"snd_cwnd":	264544,
					"snd_wnd":	-1,
					"rtt":	431,
					"rttvar":	318,
					"pmtu":	9500,
					"omitted":	false,
					"sender":	true
				}],
			"sum":	{
				"start":	1.001179,
				"end":	2.001354,
				"seconds":	1.0001749992370605,
				"bytes":	2490368,
				"bits_per_second":	19919458.110028084,
				"retransmits":	0,
				"omitted":	false,
				"sender":	true
			}
		}, {
			"streams":	[{
					"socket":	5,
					"start":	2.001354,
					"end":	3.001643,
					"seconds":	1.0002889633178711,
					"bytes":	2490368,
					"bits_per_second":	19917188.663081251,
					"retransmits":	0,
					"snd_cwnd":	264544,
					"snd_wnd":	-1,
					"rtt":	669,
					"rttvar":	464,
					"pmtu":	9500,
					"omitted":	false,
					"sender":	true
				}],
			"sum":	{
				"start":	2.001354,
				"end":	3.001643,
				"seconds":	1.0002889633178711,
				"bytes":	2490368,
				"bits_per_second":	19917188.663081251,
				"retransmits":	0,
				"omitted":	false,
				"sender":	true
			}
		}],
	"end":	{
		"streams":	[{
				"sender":	{
					"socket":	5,
					"start":	0,
					"end":	3.001643,
					"seconds":	3.001643,
					"bytes":	7602176,
					"bits_per_second":	20261372.854799856,
					"retransmits":	0,
					"max_snd_cwnd":	264544,
					"max_snd_wnd":	0,
					"max_rtt":	669,
					"min_rtt":	197,
					"mean_rtt":	432,
					"sender":	true
				},
				"receiver":	{
					"socket":	5,
					"start":	0,
					"end":	3.002901,
					"seconds":	3.001643,
					"bytes":	7602176,
					"bits_per_second":	20252884.793737788,
					"sender":	true
				}
			}],
		"sum_sent":	{
			"start":	0,
			"end":	3.001643,
			"seconds":	3.001643,
			"bytes":	7602176,
			"bits_per_second":	20261372.854799856,
			"retransmits":	0,
			"sender":	true
		},
		"sum_received":	{
			"start":	0,
			"end":	3.002901,
			"seconds":	3.002901,
			"bytes":	7602176,
			"bits_per_second":	20252884.793737788,
			"sender":	true
		},
		"cpu_utilization_percent":	{
			"host_total":	1.7352345387199264,
			"host_user":	0.018248801090399166,
			"host_system":	1.717185542021028,
			"remote_total":	0.72565165789974939,
			"remote_user":	0,
			"remote_system":	0.725851461027068
		},
		"sender_tcp_congestion":	"cubic",
		"receiver_tcp_congestion":	"cubic"
	}
}
