{
	"start":	{
		"connected":	[{
				"socket":	5,
				"local_host":	"192.168.1.2",
				"local_port":	60150,
				"remote_host":	"192.168.8.2",
				"remote_port":	5202
			}],
		"version":	"iperf 3.19.1",
		"system_info":	"Linux h1 6.6.87.2-microsoft-standard-WSL2 #1 SMP PREEMPT_DYNAMIC Thu Jun  5 18:30:46 UTC 2025 x86_64",
		"timestamp":	{
			"time":	"Mon, 06 Apr 2026 04:23:55 UTC",
			"timesecs":	1775449435
		},
		"connecting_to":	{
			"host":	"192.168.8.2",
			"port":	5202
		},
		"cookie":	"ago4d5ej6gkc5k2qoikt45daa5flwvosueub",
		"tcp_mss_default":	9448,
		"target_bitrate":	20000000,
		"fq_rate":	0,
		"sock_bufsize":	0,
		"sndbuf_actual":	16384,
		"rcvbuf_actual":	131072,
		"test_start":	{
			"protocol":	"TCP",
			"num_streams":	1,
			"blksize":	131072,
			"omit":	0,
			"duration":	3,
			"bytes":	0,
			"blocks":	0,
			"reverse":	0,
			"tos":	0,
			"target_bitrate":	20000000,
			"bidir":	0,
			"fqrate":	0,
			"interval":	1
		}
	},
	"intervals":	[{
			"streams":	[{
					"socket":	5,
					"start":	0,
					"end":	1.000417,
					"seconds":	1.0004169940948486,
					"bytes":	2621440,
					"bits_per_second":	20962778.645093378,
					"retransmits":	0,
					"snd_cwnd":	264544,
					"snd_wnd":	-1,
					"rtt":	208,
					"rttvar":	120,
					"pmtu":	9500,
					"omitted":	false,
					"sender":	true
				}],
			"sum":	{
				"start":	0,
				"end":	1.000417,
				"seconds":	1.0004169940948486,
				"bytes":	2621440,
				"bits_per_second":	20962778.645093378,
				"retransmits":	0,
				"omitted":	false,
				"sender":	true
			}
		}, {
			"streams":	[{
					"socket":	5,
					"start":	1.000417,
					"end":	2.001142,
					"seconds":	1.0007250308990479,
					"bytes":	2490368,
					"bits_per_second":	19908509.715302411,
					"retransmits":	0,
					"snd_cwnd":	264544,
					"snd_wnd":	-1,
					"rtt":	319,
					"rttvar":	185,
					"pmtu":	9500,
					"omitted":	false,
					"sender":	true
				}],
			"sum":	{
				"start":	1.000417,
				"end":	2.001142,
				"seconds":	1.0007250308990479,
				"bytes":	2490368,
				"bits_per_second":	19908509.715302411,
				"retransmits":	0,
				"omitted":	false,
				"sender":	true
			}
		}, {
			"streams":	[{
					"socket":	5,
					"start":	2.001142,
					"end":	3.00124,
					"seconds":	1.0000979900360107,
					"bytes":	2490368,
					"bits_per_second":	19920991.941282306,
					"retransmits":	0,
					"snd_cwnd":	264544,
					"snd_wnd":	-1,
					"rtt":	250,
					"rttvar":	111,
					"pmtu":	9500,
					"omitted":	false,
					"sender":	true
				}],
			"sum":	{
				"start":	2.001142,
				"end":	3.00124,
				"seconds":	1.0000979900360107,
				"bytes":	2490368,
				"bits_per_second":	19920991.941282306,
				"retransmits":	0,
				"omitted":	false,
				"sender":	true
			}
		}],
	"end":	{
		"streams":	[{
				"sender":	{
					"socket":	5,
					"start":	0,
					"end":	3.00124,
					"seconds":	3.00124,
					"bytes":	7602176,
					"bits_per_second":	20264093.508016687,
					"retransmits":	0,
					"max_snd_cwnd":	264544,
					"max_snd_wnd":	0,
					"max_rtt":	319,
					"min_rtt":	208,
					"mean_rtt":	259,
					"sender":	true
				},
				"receiver":	{
					"socket":	5,
					"start":	0,
					"end":	3.001402,
					"seconds":	3.00124,
					"bytes":	7602176,
					"bits_per_second":	20262999.758113042,
					"sender":	true
				}
			}],
		"sum_sent":	{
			"start":	0,
			"end":	3.00124,
			"seconds":	3.00124,
			"bytes":	7602176,
			"bits_per_second":	20264093.508016687,
			"retransmits":	0,
			"sender":	true
		},
		"sum_received":	{
			"start":	0,
			"end":	3.001402,
			"seconds":	3.001402,
			"bytes":	7602176,
			"bits_per_second":	20262999.758113042,
			"sender":	true
		},
		"cpu_utilization_percent":	{
			"host_total":	1.3751037595847553,
			"host_user":	0,
			"host_system":	1.3749372781009923,
			"remote_total":	0.49102371732172034,
			"remote_user":	0.032981442441719459,
			"remote_system":	0.45800896029167587
		},
		"sender_tcp_congestion":	"cubic",
		"receiver_tcp_congestion":	"cubic"
	}
}
