{
	"start":	{
		"connected":	[{
				"socket":	5,
				"local_host":	"192.168.1.2",
				"local_port":	53870,
				"remote_host":	"192.168.8.2",
				"remote_port":	5202
			}],
		"version":	"iperf 3.19.1",
		"system_info":	"Linux h1 6.6.87.2-microsoft-standard-WSL2 #1 SMP PREEMPT_DYNAMIC Thu Jun  5 18:30:46 UTC 2025 x86_64",
		"timestamp":	{
			"time":	"Mon, 06 Apr 2026 04:25:40 UTC",
			"timesecs":	1775449540
		},
		"connecting_to":	{
			"host":	"192.168.8.2",
			"port":	5202
		},
		"cookie":	"6vftf2otursaymqm4axdp76lrrdzir3toh7g",
		"tcp_mss_default":	9448,
		"target_bitrate":	20000000,
		"fq_rate":	0,
		"sock_bufsize":	0,
		"sndbuf_actual":	16384,
		"rcvbuf_actual":	131072,
		"test_start":	{
			"protocol":	"TCP",
			"num_streams":	1,
			"blksize":	131072,
			"omit":	0,
			"duration":	3,
			"bytes":	0,
			"blocks":	0,
			"reverse":	0,
			"tos":	0,
			"target_bitrate":	20000000,
			"bidir":	0,
			"fqrate":	0,
			"interval":	1
		}
	},
	"intervals":	[{
			"streams":	[{
					"socket":	5,
					"start":	0,
					"end":	1.001088,
					"seconds":	1.00108802318573,
					"bytes":	2621440,
					"bits_per_second":	20948727.298987169,
					"retransmits":	0,
					"snd_cwnd":	160616,
					"snd_wnd":	-1,
					"rtt":	523,
					"rttvar":	275,
					"pmtu":	9500,
					"omitted":	false,
					"sender":	true
				}],
			"sum":	{
				"start":	0,
				"end":	1.001088,
				"seconds":	1.00108802318573,
				"bytes":	2621440,
				"bits_per_second":	20948727.298987169,
				"retransmits":	0,
				"omitted":	false,
				"sender":	true
			}
		}, {
			"streams":	[{
					"socket":	5,
					"start":	1.001088,
					"end":	2.001482,
					"seconds":	1.0003939867019653,
					"bytes":	2490368,
					"bits_per_second":	19915097.716331426,
					"retransmits":	0,
					"snd_cwnd":	160616,
					"snd_wnd":	-1,
					"rtt":	455,
					"rttvar":	329,
					"pmtu":	9500,
					"omitted":	false,
					"sender":	true
				}],
			"sum":	{
				"start":	1.001088,
				"end":	2.001482,
				"seconds":	1.0003939867019653,
				"bytes":	2490368,
				"bits_per_second":	19915097.716331426,
				"retransmits":	0,
				"omitted":	false,
				"sender":	true
			}
		}, {
			"streams":	[{
					"socket":	5,
					"start":	2.001482,
					"end":	3.001315,
					"seconds":	0.99983298778533936,
					"bytes":	2490368,
					"bits_per_second":	19926271.9308051,
					"retransmits":	0,
					"snd_cwnd":	160616,
					"snd_wnd":	-1,
					"rtt":	406,
					"rttvar":	174,
					"pmtu":	9500,
					"omitted":	false,
					"sender":	true
				}],
			"sum":	{
				"start":	2.001482,
				"end":	3.001315,
				"seconds":	0.99983298778533936,
				"bytes":	2490368,
				"bits_per_second":	19926271.9308051,
				"retransmits":	0,
				"omitted":	false,
				"sender":	true
			}
		}],
	"end":	{
		"streams":	[{
				"sender":	{
					"socket":	5,
					"start":	0,
					"end":	3.001315,
					"seconds":	3.001315,
					"bytes":	7602176,
					"bits_per_second":	20263587.127642382,
					"retransmits":	0,
					"max_snd_cwnd":	160616,
					"max_snd_wnd":	0,
					"max_rtt":	523,
					"min_rtt":	406,
					"mean_rtt":	461,
					"sender":	true
				},
				"receiver":	{
					"socket":	5,
					"start":	0,
					"end":	3.00324,
					"seconds":	3.001315,
					"bytes":	7602176,
					"bits_per_second":	20250598.686751641,
					"sender":	true
				}
			}],
		"sum_sent":	{
			"start":	0,
			"end":	3.001315,
			"seconds":	3.001315,
			"bytes":	7602176,
			"bits_per_second":	20263587.127642382,
			"retransmits":	0,
			"sender":	true
		},
		"sum_received":	{
			"start":	0,
			"end":	3.00324,
			"seconds":	3.00324,
			"bytes":	7602176,
			"bits_per_second":	20250598.686751641,
			"sender":	true
		},
		"cpu_utilization_percent":	{
			"host_total":	2.72227021030301,
			"host_user":	0,
			"host_system":	2.7225360927052171,
			"remote_total":	1.0200809711746215,
			"remote_user":	0.022208970093141156,
			"remote_system":	0.99823826595558
		},
		"sender_tcp_congestion":	"cubic",
		"receiver_tcp_congestion":	"cubic"
	}
}
