{
	"start":	{
		"connected":	[{
				"socket":	5,
				"local_host":	"192.168.1.2",
				"local_port":	55426,
				"remote_host":	"192.168.8.2",
				"remote_port":	5202
			}],
		"version":	"iperf 3.19.1",
		"system_info":	"Linux h1 6.6.87.2-microsoft-standard-WSL2 #1 SMP PREEMPT_DYNAMIC Thu Jun  5 18:30:46 UTC 2025 x86_64",
		"timestamp":	{
			"time":	"Mon, 06 Apr 2026 04:22:17 UTC",
			"timesecs":	1775449337
		},
		"connecting_to":	{
			"host":	"192.168.8.2",
			"port":	5202
		},
		"cookie":	"4zxu7ovuttpxr3gqqzu2fjmyjkmqd4f2ugvk",
		"tcp_mss_default":	9448,
		"target_bitrate":	20000000,
		"fq_rate":	0,
		"sock_bufsize":	0,
		"sndbuf_actual":	16384,
		"rcvbuf_actual":	131072,
		"test_start":	{
			"protocol":	"TCP",
			"num_streams":	1,
			"blksize":	131072,
			"omit":	0,
			"duration":	3,
			"bytes":	0,
			"blocks":	0,
			"reverse":	0,
			"tos":	0,
			"target_bitrate":	20000000,
			"bidir":	0,
			"fqrate":	0,
			"interval":	1
		}
	},
	"intervals":	[{
			"streams":	[{
					"socket":	5,
					"start":	0,
					"end":	1.001108,
					"seconds":	1.0011080503463745,
					"bytes":	2621440,
					"bits_per_second":	20948308.219821066,
					"retransmits":	0,
					"snd_cwnd":	264544,
					"snd_wnd":	-1,
					"rtt":	209,
					"rttvar":	85,
					"pmtu":	9500,
					"omitted":	false,
					"sender":	true
				}],
			"sum":	{
				"start":	0,
				"end":	1.001108,
				"seconds":	1.0011080503463745,
				"bytes":	2621440,
				"bits_per_second":	20948308.219821066,
				"retransmits":	0,
				"omitted":	false,
				"sender":	true
			}
		}, {
			"streams":	[{
					"socket":	5,
					"start":	1.001108,
					"end":	2.001097,
					"seconds":	0.99998897314071655,
					"bytes":	2490368,
					"bits_per_second":	19923163.689922489,
					"retransmits":	0,
					"snd_cwnd":	264544,
					"snd_wnd":	-1,
					"rtt":	191,
					"rttvar":	77,
					"pmtu":	9500,
					"omitted":	false,
					"sender":	true
				}],
			"sum":	{
				"start":	1.001108,
				"end":	2.001097,
				"seconds":	0.99998897314071655,
				"bytes":	2490368,
				"bits_per_second":	19923163.689922489,
				"retransmits":	0,
				"omitted":	false,
				"sender":	true
			}
		}, {
			"streams":	[{
					"socket":	5,
					"start":	2.001097,
					"end":	3.001273,
					"seconds":	1.000175952911377,
					"bytes":	2490368,
					"bits_per_second":	19919439.116694421,
					"retransmits":	0,
					"snd_cwnd":	264544,
					"snd_wnd":	-1,
					"rtt":	137,
					"rttvar":	72,
					"pmtu":	9500,
					"omitted":	false,
					"sender":	true
				}],
			"sum":	{
				"start":	2.001097,
				"end":	3.001273,
				"seconds":	1.000175952911377,
				"bytes":	2490368,
				"bits_per_second":	19919439.116694421,
				"retransmits":	0,
				"omitted":	false,
				"sender":	true
			}
		}],
	"end":	{
		"streams":	[{
				"sender":	{
					"socket":	5,
					"start":	0,
					"end":	3.001273,
					"seconds":	3.001273,
					"bytes":	7602176,
					"bits_per_second":	20263870.697534014,
					"retransmits":	0,
					"max_snd_cwnd":	264544,
					"max_snd_wnd":	0,
					"max_rtt":	209,
					"min_rtt":	137,
					"mean_rtt":	179,
					"sender":	true
				},
				"receiver":	{
					"socket":	5,
					"start":	0,
					"end":	3.001453,
					"seconds":	3.001273,
					"bytes":	7602176,
					"bits_per_second":	20262655.453875173,
					"sender":	true
				}
			}],
		"sum_sent":	{
			"start":	0,
			"end":	3.001273,
			"seconds":	3.001273,
			"bytes":	7602176,
			"bits_per_second":	20263870.697534014,
			"retransmits":	0,
			"sender":	true
		},
		"sum_received":	{
			"start":	0,
			"end":	3.001453,
			"seconds":	3.001453,
			"bytes":	7602176,
			"bits_per_second":	20262655.453875173,
			"sender":	true
		},
		"cpu_utilization_percent":	{
			"host_total":	0.77772001346822428,
			"host_user":	0,
			"host_system":	0.77772001346822428,
			"remote_total":	0.25720421681649142,
			"remote_user":	0,
			"remote_system":	0.25720421681649142
		},
		"sender_tcp_congestion":	"cubic",
		"receiver_tcp_congestion":	"cubic"
	}
}
