{
	"start":	{
		"connected":	[{
				"socket":	5,
				"local_host":	"192.168.1.2",
				"local_port":	33794,
				"remote_host":	"192.168.8.2",
				"remote_port":	5203
			}],
		"version":	"iperf 3.19.1",
		"system_info":	"Linux h1 6.6.87.2-microsoft-standard-WSL2 #1 SMP PREEMPT_DYNAMIC Thu Jun  5 18:30:46 UTC 2025 x86_64",
		"timestamp":	{
			"time":	"Mon, 06 Apr 2026 04:38:01 UTC",
			"timesecs":	1775450281
		},
		"connecting_to":	{
			"host":	"192.168.8.2",
			"port":	5203
		},
		"cookie":	"epp66nginrzhc6bpht5q62kn2znah56coqt7",
		"tcp_mss_default":	9448,
		"target_bitrate":	20000000,
		"fq_rate":	0,
		"sock_bufsize":	0,
		"sndbuf_actual":	16384,
		"rcvbuf_actual":	131072,
		"test_start":	{
			"protocol":	"TCP",
			"num_streams":	1,
			"blksize":	131072,
			"omit":	0,
			"duration":	3,
			"bytes":	0,
			"blocks":	0,
			"reverse":	0,
			"tos":	0,
			"target_bitrate":	20000000,
			"bidir":	0,
			"fqrate":	0,
			"interval":	1
		}
	},
	"intervals":	[{
			"streams":	[{
					"socket":	5,
					"start":	0,
					"end":	1.001808,
					"seconds":	1.0018080472946167,
					"bytes":	2621440,
					"bits_per_second":	20933670.932903368,
					"retransmits":	0,
					"snd_cwnd":	264544,
					"snd_wnd":	-1,
					"rtt":	314,
					"rttvar":	196,
					"pmtu":	9500,
					"omitted":	false,
					"sender":	true
				}],
			"sum":	{
				"start":	0,
				"end":	1.001808,
				"seconds":	1.0018080472946167,
				"bytes":	2621440,
				"bits_per_second":	20933670.932903368,
				"retransmits":	0,
				"omitted":	false,
				"sender":	true
			}
		}, {
			"streams":	[{
					"socket":	5,
					"start":	1.001808,
					"end":	2.001047,
					"seconds":	0.99923902750015259,
					"bytes":	2490368,
					"bits_per_second":	19938116.358247384,
					"retransmits":	0,
					"snd_cwnd":	264544,
					"snd_wnd":	-1,
					"rtt":	277,
					"rttvar":	204,
					"pmtu":	9500,
					"omitted":	false,
					"sender":	true
				}],
			"sum":	{
				"start":	1.001808,
				"end":	2.001047,
				"seconds":	0.99923902750015259,
				"bytes":	2490368,
				"bits_per_second":	19938116.358247384,
				"retransmits":	0,
				"omitted":	false,
				"sender":	true
			}
		}, {
			"streams":	[{
					"socket":	5,
					"start":	2.001047,
					"end":	3.001217,
					"seconds":	1.0001699924468994,
					"bytes":	2490368,
					"bits_per_second":	19919557.825624067,
					"retransmits":	0,
					"snd_cwnd":	264544,
					"snd_wnd":	-1,
					"rtt":	306,
					"rttvar":	157,
					"pmtu":	9500,
					"omitted":	false,
					"sender":	true
				}],
			"sum":	{
				"start":	2.001047,
				"end":	3.001217,
				"seconds":	1.0001699924468994,
				"bytes":	2490368,
				"bits_per_second":	19919557.825624067,
				"retransmits":	0,
				"omitted":	false,
				"sender":	true
			}
		}],
	"end":	{
		"streams":	[{
				"sender":	{
					"socket":	5,
					"start":	0,
					"end":	3.001217,
					"seconds":	3.001217,
					"bytes":	7602176,
					"bits_per_second":	20264248.803068887,
					"retransmits":	0,
					"max_snd_cwnd":	264544,
					"max_snd_wnd":	0,
					"max_rtt":	314,
					"min_rtt":	277,
					"mean_rtt":	299,
					"sender":	true
				},
				"receiver":	{
					"socket":	5,
					"start":	0,
					"end":	3.002359,
					"seconds":	3.001217,
					"bytes":	7602176,
					"bits_per_second":	20256540.9399742,
					"sender":	true
				}
			}],
		"sum_sent":	{
			"start":	0,
			"end":	3.001217,
			"seconds":	3.001217,
			"bytes":	7602176,
			"bits_per_second":	20264248.803068887,
			"retransmits":	0,
			"sender":	true
		},
		"sum_received":	{
			"start":	0,
			"end":	3.002359,
			"seconds":	3.002359,
			"bytes":	7602176,
			"bits_per_second":	20256540.9399742,
			"sender":	true
		},
		"cpu_utilization_percent":	{
			"host_total":	1.1922824772865677,
			"host_user":	0.075481146527650839,
			"host_system":	1.1167680351495088,
			"remote_total":	0.48661168387626674,
			"remote_user":	0,
			"remote_system":	0.48657837712172353
		},
		"sender_tcp_congestion":	"cubic",
		"receiver_tcp_congestion":	"cubic"
	}
}
