{
	"start":	{
		"connected":	[{
				"socket":	5,
				"local_host":	"192.168.1.2",
				"local_port":	34692,
				"remote_host":	"192.168.8.2",
				"remote_port":	5202
			}],
		"version":	"iperf 3.19.1",
		"system_info":	"Linux h1 6.6.87.2-microsoft-standard-WSL2 #1 SMP PREEMPT_DYNAMIC Thu Jun  5 18:30:46 UTC 2025 x86_64",
		"timestamp":	{
			"time":	"Mon, 06 Apr 2026 04:21:04 UTC",
			"timesecs":	1775449264
		},
		"connecting_to":	{
			"host":	"192.168.8.2",
			"port":	5202
		},
		"cookie":	"25v36qlmnph4c7k7wocrlwbnqis5hpt3uhk2",
		"tcp_mss_default":	9448,
		"target_bitrate":	20000000,
		"fq_rate":	0,
		"sock_bufsize":	0,
		"sndbuf_actual":	16384,
		"rcvbuf_actual":	131072,
		"test_start":	{
			"protocol":	"TCP",
			"num_streams":	1,
			"blksize":	131072,
			"omit":	0,
			"duration":	3,
			"bytes":	0,
			"blocks":	0,
			"reverse":	0,
			"tos":	0,
			"target_bitrate":	20000000,
			"bidir":	0,
			"fqrate":	0,
			"interval":	1
		}
	},
	"intervals":	[{
			"streams":	[{
					"socket":	5,
					"start":	0,
					"end":	1.001069,
					"seconds":	1.0010689496994019,
					"bytes":	2621440,
					"bits_per_second":	20949126.437591806,
					"retransmits":	0,
					"snd_cwnd":	292888,
					"snd_wnd":	-1,
					"rtt":	184,
					"rttvar":	116,
					"pmtu":	9500,
					"omitted":	false,
					"sender":	true
				}],
			"sum":	{
				"start":	0,
				"end":	1.001069,
				"seconds":	1.0010689496994019,
				"bytes":	2621440,
				"bits_per_second":	20949126.437591806,
				"retransmits":	0,
				"omitted":	false,
				"sender":	true
			}
		}, {
			"streams":	[{
					"socket":	5,
					"start":	1.001069,
					"end":	2.001049,
					"seconds":	0.99997997283935547,
					"bytes":	2490368,
					"bits_per_second":	19923343.007991,
					"retransmits":	0,
					"snd_cwnd":	292888,
					"snd_wnd":	-1,
					"rtt":	260,
					"rttvar":	186,
					"pmtu":	9500,
					"omitted":	false,
					"sender":	true
				}],
			"sum":	{
				"start":	1.001069,
				"end":	2.001049,
				"seconds":	0.99997997283935547,
				"bytes":	2490368,
				"bits_per_second":	19923343.007991,
				"retransmits":	0,
				"omitted":	false,
				"sender":	true
			}
		}, {
			"streams":	[{
					"socket":	5,
					"start":	2.001049,
					"end":	3.001322,
					"seconds":	1.0002729892730713,
					"bytes":	2490368,
					"bits_per_second":	19917506.7343152,
					"retransmits":	0,
					"snd_cwnd":	292888,
					"snd_wnd":	-1,
					"rtt":	304,
					"rttvar":	166,
					"pmtu":	9500,
					"omitted":	false,
					"sender":	true
				}],
			"sum":	{
				"start":	2.001049,
				"end":	3.001322,
				"seconds":	1.0002729892730713,
				"bytes":	2490368,
				"bits_per_second":	19917506.7343152,
				"retransmits":	0,
				"omitted":	false,
				"sender":	true
			}
		}],
	"end":	{
		"streams":	[{
				"sender":	{
					"socket":	5,
					"start":	0,
					"end":	3.001322,
					"seconds":	3.001322,
					"bytes":	7602176,
					"bits_per_second":	20263539.86676538,
					"retransmits":	0,
					"max_snd_cwnd":	292888,
					"max_snd_wnd":	0,
					"max_rtt":	304,
					"min_rtt":	184,
					"mean_rtt":	249,
					"sender":	true
				},
				"receiver":	{
					"socket":	5,
					"start":	0,
					"end":	3.001659,
					"seconds":	3.001322,
					"bytes":	7602176,
					"bits_per_second":	20261264.853869144,
					"sender":	true
				}
			}],
		"sum_sent":	{
			"start":	0,
			"end":	3.001322,
			"seconds":	3.001322,
			"bytes":	7602176,
			"bits_per_second":	20263539.86676538,
			"retransmits":	0,
			"sender":	true
		},
		"sum_received":	{
			"start":	0,
			"end":	3.001659,
			"seconds":	3.001659,
			"bytes":	7602176,
			"bits_per_second":	20261264.853869144,
			"sender":	true
		},
		"cpu_utilization_percent":	{
			"host_total":	0.97302417539082176,
			"host_user":	0.12593292281620788,
			"host_system":	0.84709125257461382,
			"remote_total":	0.37692037332240619,
			"remote_user":	0.13059288168851266,
			"remote_system":	0.24639412065516317
		},
		"sender_tcp_congestion":	"cubic",
		"receiver_tcp_congestion":	"cubic"
	}
}
