{
	"start":	{
		"connected":	[{
				"socket":	5,
				"local_host":	"192.168.1.2",
				"local_port":	48162,
				"remote_host":	"192.168.8.2",
				"remote_port":	5203
			}],
		"version":	"iperf 3.19.1",
		"system_info":	"Linux h1 6.6.87.2-microsoft-standard-WSL2 #1 SMP PREEMPT_DYNAMIC Thu Jun  5 18:30:46 UTC 2025 x86_64",
		"timestamp":	{
			"time":	"Mon, 06 Apr 2026 04:36:53 UTC",
			"timesecs":	1775450213
		},
		"connecting_to":	{
			"host":	"192.168.8.2",
			"port":	5203
		},
		"cookie":	"e6d6msgvy426665xoi4vhpopcujxmj5ljwwe",
		"tcp_mss_default":	9448,
		"target_bitrate":	20000000,
		"fq_rate":	0,
		"sock_bufsize":	0,
		"sndbuf_actual":	16384,
		"rcvbuf_actual":	131072,
		"test_start":	{
			"protocol":	"TCP",
			"num_streams":	1,
			"blksize":	131072,
			"omit":	0,
			"duration":	3,
			"bytes":	0,
			"blocks":	0,
			"reverse":	0,
			"tos":	0,
			"target_bitrate":	20000000,
			"bidir":	0,
			"fqrate":	0,
			"interval":	1
		}
	},
	"intervals":	[{
			"streams":	[{
					"socket":	5,
					"start":	0,
					"end":	1.00067,
					"seconds":	1.0006699562072754,
					"bytes":	2621440,
					"bits_per_second":	20957479.406582713,
					"retransmits":	0,
					"snd_cwnd":	377920,
					"snd_wnd":	-1,
					"rtt":	217,
					"rttvar":	106,
					"pmtu":	9500,
					"omitted":	false,
					"sender":	true
				}],
			"sum":	{
				"start":	0,
				"end":	1.00067,
				"seconds":	1.0006699562072754,
				"bytes":	2621440,
				"bits_per_second":	20957479.406582713,
				"retransmits":	0,
				"omitted":	false,
				"sender":	true
			}
		}, {
			"streams":	[{
					"socket":	5,
					"start":	1.00067,
					"end":	2.000485,
					"seconds":	0.99981498718261719,
					"bytes":	2490368,
					"bits_per_second":	19926630.682083439,
					"retransmits":	0,
					"snd_cwnd":	377920,
					"snd_wnd":	-1,
					"rtt":	237,
					"rttvar":	169,
					"pmtu":	9500,
					"omitted":	false,
					"sender":	true
				}],
			"sum":	{
				"start":	1.00067,
				"end":	2.000485,
				"seconds":	0.99981498718261719,
				"bytes":	2490368,
				"bits_per_second":	19926630.682083439,
				"retransmits":	0,
				"omitted":	false,
				"sender":	true
			}
		}, {
			"streams":	[{
					"socket":	5,
					"start":	2.000485,
					"end":	3.000772,
					"seconds":	1.0002870559692383,
					"bytes":	2490368,
					"bits_per_second":	19917226.641201973,
					"retransmits":	0,
					"snd_cwnd":	377920,
					"snd_wnd":	-1,
					"rtt":	143,
					"rttvar":	62,
					"pmtu":	9500,
					"omitted":	false,
					"sender":	true
				}],
			"sum":	{
				"start":	2.000485,
				"end":	3.000772,
				"seconds":	1.0002870559692383,
				"bytes":	2490368,
				"bits_per_second":	19917226.641201973,
				"retransmits":	0,
				"omitted":	false,
				"sender":	true
			}
		}],
	"end":	{
		"streams":	[{
				"sender":	{
					"socket":	5,
					"start":	0,
					"end":	3.000772,
					"seconds":	3.000772,
					"bytes":	7602176,
					"bits_per_second":	20267253.893331449,
					"retransmits":	0,
					"max_snd_cwnd":	377920,
					"max_snd_wnd":	0,
					"max_rtt":	237,
					"min_rtt":	143,
					"mean_rtt":	199,
					"sender":	true
				},
				"receiver":	{
					"socket":	5,
					"start":	0,
					"end":	3.001096,
					"seconds":	3.000772,
					"bytes":	7602176,
					"bits_per_second":	20265065.8292837,
					"sender":	true
				}
			}],
		"sum_sent":	{
			"start":	0,
			"end":	3.000772,
			"seconds":	3.000772,
			"bytes":	7602176,
			"bits_per_second":	20267253.893331449,
			"retransmits":	0,
			"sender":	true
		},
		"sum_received":	{
			"start":	0,
			"end":	3.001096,
			"seconds":	3.001096,
			"bytes":	7602176,
			"bits_per_second":	20265065.8292837,
			"sender":	true
		},
		"cpu_utilization_percent":	{
			"host_total":	0.83909882738029218,
			"host_user":	0.048469125167268451,
			"host_system":	0.79069632644005772,
			"remote_total":	0.27176339657596782,
			"remote_user":	0,
			"remote_system":	0.27176339657596782
		},
		"sender_tcp_congestion":	"cubic",
		"receiver_tcp_congestion":	"cubic"
	}
}
