{
	"start":	{
		"connected":	[{
				"socket":	5,
				"local_host":	"192.168.1.2",
				"local_port":	45382,
				"remote_host":	"192.168.8.2",
				"remote_port":	5204
			}],
		"version":	"iperf 3.19.1",
		"system_info":	"Linux h1 6.6.87.2-microsoft-standard-WSL2 #1 SMP PREEMPT_DYNAMIC Thu Jun  5 18:30:46 UTC 2025 x86_64",
		"timestamp":	{
			"time":	"Mon, 06 Apr 2026 04:30:41 UTC",
			"timesecs":	1775449841
		},
		"connecting_to":	{
			"host":	"192.168.8.2",
			"port":	5204
		},
		"cookie":	"62wwlqheksml7f2anme4shs4vozaa2yfo4pf",
		"tcp_mss_default":	9448,
		"target_bitrate":	20000000,
		"fq_rate":	0,
		"sock_bufsize":	0,
		"sndbuf_actual":	16384,
		"rcvbuf_actual":	131072,
		"test_start":	{
			"protocol":	"TCP",
			"num_streams":	1,
			"blksize":	131072,
			"omit":	0,
			"duration":	3,
			"bytes":	0,
			"blocks":	0,
			"reverse":	0,
			"tos":	0,
			"target_bitrate":	20000000,
			"bidir":	0,
			"fqrate":	0,
			"interval":	1
		}
	},
	"intervals":	[{
			"streams":	[{
					"socket":	5,
					"start":	0,
					"end":	1.001145,
					"seconds":	1.0011450052261353,
					"bytes":	2621440,
					"bits_per_second":	20947534.962992724,
					"retransmits":	0,
					"snd_cwnd":	330680,
					"snd_wnd":	-1,
					"rtt":	203,
					"rttvar":	72,
					"pmtu":	9500,
					"omitted":	false,
					"sender":	true
				}],
			"sum":	{
				"start":	0,
				"end":	1.001145,
				"seconds":	1.0011450052261353,
				"bytes":	2621440,
				"bits_per_second":	20947534.962992724,
				"retransmits":	0,
				"omitted":	false,
				"sender":	true
			}
		}, {
			"streams":	[{
					"socket":	5,
					"start":	1.001145,
					"end":	2.001279,
					"seconds":	1.0001339912414551,
					"bytes":	2490368,
					"bits_per_second":	19920274.8576417,
					"retransmits":	0,
					"snd_cwnd":	330680,
					"snd_wnd":	-1,
					"rtt":	165,
					"rttvar":	62,
					"pmtu":	9500,
					"omitted":	false,
					"sender":	true
				}],
			"sum":	{
				"start":	1.001145,
				"end":	2.001279,
				"seconds":	1.0001339912414551,
				"bytes":	2490368,
				"bits_per_second":	19920274.8576417,
				"retransmits":	0,
				"omitted":	false,
				"sender":	true
			}
		}, {
			"streams":	[{
					"socket":	5,
					"start":	2.001279,
					"end":	3.001717,
					"seconds":	1.0004379749298096,
					"bytes":	2490368,
					"bits_per_second":	19914222.069986686,
					"retransmits":	0,
					"snd_cwnd":	330680,
					"snd_wnd":	-1,
					"rtt":	204,
					"rttvar":	148,
					"pmtu":	9500,
					"omitted":	false,
					"sender":	true
				}],
			"sum":	{
				"start":	2.001279,
				"end":	3.001717,
				"seconds":	1.0004379749298096,
				"bytes":	2490368,
				"bits_per_second":	19914222.069986686,
				"retransmits":	0,
				"omitted":	false,
				"sender":	true
			}
		}],
	"end":	{
		"streams":	[{
				"sender":	{
					"socket":	5,
					"start":	0,
					"end":	3.001717,
					"seconds":	3.001717,
					"bytes":	7602176,
					"bits_per_second":	20260873.360146876,
					"retransmits":	0,
					"max_snd_cwnd":	330680,
					"max_snd_wnd":	0,
					"max_rtt":	204,
					"min_rtt":	165,
					"mean_rtt":	190,
					"sender":	true
				},
				"receiver":	{
					"socket":	5,
					"start":	0,
					"end":	3.002109,
					"seconds":	3.001717,
					"bytes":	7602176,
					"bits_per_second":	20258227.7991905,
					"sender":	true
				}
			}],
		"sum_sent":	{
			"start":	0,
			"end":	3.001717,
			"seconds":	3.001717,
			"bytes":	7602176,
			"bits_per_second":	20260873.360146876,
			"retransmits":	0,
			"sender":	true
		},
		"sum_received":	{
			"start":	0,
			"end":	3.002109,
			"seconds":	3.002109,
			"bytes":	7602176,
			"bits_per_second":	20258227.7991905,
			"sender":	true
		},
		"cpu_utilization_percent":	{
			"host_total":	0.808542588914546,
			"host_user":	0.11460707453954894,
			"host_system":	0.69400210767804138,
			"remote_total":	0.265237411298854,
			"remote_user":	0,
			"remote_system":	0.26527072002813917
		},
		"sender_tcp_congestion":	"cubic",
		"receiver_tcp_congestion":	"cubic"
	}
}
