{
	"start":	{
		"connected":	[{
				"socket":	5,
				"local_host":	"192.168.1.2",
				"local_port":	45274,
				"remote_host":	"192.168.8.2",
				"remote_port":	5203
			}],
		"version":	"iperf 3.19.1",
		"system_info":	"Linux h1 6.6.87.2-microsoft-standard-WSL2 #1 SMP PREEMPT_DYNAMIC Thu Jun  5 18:30:46 UTC 2025 x86_64",
		"timestamp":	{
			"time":	"Mon, 06 Apr 2026 04:13:54 UTC",
			"timesecs":	1775448834
		},
		"connecting_to":	{
			"host":	"192.168.8.2",
			"port":	5203
		},
		"cookie":	"iz4pxjb3uap7nsung3uoi3nwcu2bbnex5frv",
		"tcp_mss_default":	9448,
		"target_bitrate":	20000000,
		"fq_rate":	0,
		"sock_bufsize":	0,
		"sndbuf_actual":	16384,
		"rcvbuf_actual":	131072,
		"test_start":	{
			"protocol":	"TCP",
			"num_streams":	1,
			"blksize":	131072,
			"omit":	0,
			"duration":	3,
			"bytes":	0,
			"blocks":	0,
			"reverse":	0,
			"tos":	0,
			"target_bitrate":	20000000,
			"bidir":	0,
			"fqrate":	0,
			"interval":	1
		}
	},
	"intervals":	[{
			"streams":	[{
					"socket":	5,
					"start":	0,
					"end":	1.000405,
					"seconds":	1.000404953956604,
					"bytes":	2621440,
					"bits_per_second":	20963030.937679376,
					"retransmits":	0,
					"snd_cwnd":	321232,
					"snd_wnd":	-1,
					"rtt":	334,
					"rttvar":	179,
					"pmtu":	9500,
					"omitted":	false,
					"sender":	true
				}],
			"sum":	{
				"start":	0,
				"end":	1.000405,
				"seconds":	1.000404953956604,
				"bytes":	2621440,
				"bits_per_second":	20963030.937679376,
				"retransmits":	0,
				"omitted":	false,
				"sender":	true
			}
		}, {
			"streams":	[{
					"socket":	5,
					"start":	1.000405,
					"end":	2.00039,
					"seconds":	0.9999849796295166,
					"bytes":	2490368,
					"bits_per_second":	19923243.254494913,
					"retransmits":	0,
					"snd_cwnd":	321232,
					"snd_wnd":	-1,
					"rtt":	270,
					"rttvar":	130,
					"pmtu":	9500,
					"omitted":	false,
					"sender":	true
				}],
			"sum":	{
				"start":	1.000405,
				"end":	2.00039,
				"seconds":	0.9999849796295166,
				"bytes":	2490368,
				"bits_per_second":	19923243.254494913,
				"retransmits":	0,
				"omitted":	false,
				"sender":	true
			}
		}, {
			"streams":	[{
					"socket":	5,
					"start":	2.00039,
					"end":	3.000565,
					"seconds":	1.0001749992370605,
					"bytes":	2490368,
					"bits_per_second":	19919458.110028084,
					"retransmits":	0,
					"snd_cwnd":	321232,
					"snd_wnd":	-1,
					"rtt":	239,
					"rttvar":	141,
					"pmtu":	9500,
					"omitted":	false,
					"sender":	true
				}],
			"sum":	{
				"start":	2.00039,
				"end":	3.000565,
				"seconds":	1.0001749992370605,
				"bytes":	2490368,
				"bits_per_second":	19919458.110028084,
				"retransmits":	0,
				"omitted":	false,
				"sender":	true
			}
		}],
	"end":	{
		"streams":	[{
				"sender":	{
					"socket":	5,
					"start":	0,
					"end":	3.000565,
					"seconds":	3.000565,
					"bytes":	7602176,
					"bits_per_second":	20268652.070526719,
					"retransmits":	0,
					"max_snd_cwnd":	321232,
					"max_snd_wnd":	0,
					"max_rtt":	334,
					"min_rtt":	239,
					"mean_rtt":	281,
					"sender":	true
				},
				"receiver":	{
					"socket":	5,
					"start":	0,
					"end":	3.001197,
					"seconds":	3.000565,
					"bytes":	7602176,
					"bits_per_second":	20264383.844179507,
					"sender":	true
				}
			}],
		"sum_sent":	{
			"start":	0,
			"end":	3.000565,
			"seconds":	3.000565,
			"bytes":	7602176,
			"bits_per_second":	20268652.070526719,
			"retransmits":	0,
			"sender":	true
		},
		"sum_received":	{
			"start":	0,
			"end":	3.001197,
			"seconds":	3.001197,
			"bytes":	7602176,
			"bits_per_second":	20264383.844179507,
			"sender":	true
		},
		"cpu_utilization_percent":	{
			"host_total":	1.2266472662927832,
			"host_user":	0.045702803860354614,
			"host_system":	1.1809111513508976,
			"remote_total":	0.48472474012016831,
			"remote_user":	0.10898643283840188,
			"remote_system":	0.37567166929164819
		},
		"sender_tcp_congestion":	"cubic",
		"receiver_tcp_congestion":	"cubic"
	}
}
