{
	"start":	{
		"connected":	[{
				"socket":	5,
				"local_host":	"192.168.1.2",
				"local_port":	42100,
				"remote_host":	"192.168.8.2",
				"remote_port":	5203
			}],
		"version":	"iperf 3.19.1",
		"system_info":	"Linux h1 6.6.87.2-microsoft-standard-WSL2 #1 SMP PREEMPT_DYNAMIC Thu Jun  5 18:30:46 UTC 2025 x86_64",
		"timestamp":	{
			"time":	"Mon, 06 Apr 2026 04:17:55 UTC",
			"timesecs":	1775449075
		},
		"connecting_to":	{
			"host":	"192.168.8.2",
			"port":	5203
		},
		"cookie":	"vlu76xbpv6cnimuvx6ohlc3m4v7ma2mivxnl",
		"tcp_mss_default":	9448,
		"target_bitrate":	20000000,
		"fq_rate":	0,
		"sock_bufsize":	0,
		"sndbuf_actual":	16384,
		"rcvbuf_actual":	131072,
		"test_start":	{
			"protocol":	"TCP",
			"num_streams":	1,
			"blksize":	131072,
			"omit":	0,
			"duration":	3,
			"bytes":	0,
			"blocks":	0,
			"reverse":	0,
			"tos":	0,
			"target_bitrate":	20000000,
			"bidir":	0,
			"fqrate":	0,
			"interval":	1
		}
	},
	"intervals":	[{
			"streams":	[{
					"socket":	5,
					"start":	0,
					"end":	1.001132,
					"seconds":	1.0011320114135742,
					"bytes":	2621440,
					"bits_per_second":	20947806.843563739,
					"retransmits":	0,
					"snd_cwnd":	264544,
					"snd_wnd":	-1,
					"rtt":	130,
					"rttvar":	88,
					"pmtu":	9500,
					"omitted":	false,
					"sender":	true
				}],
			"sum":	{
				"start":	0,
				"end":	1.001132,
				"seconds":	1.0011320114135742,
				"bytes":	2621440,
				"bits_per_second":	20947806.843563739,
				"retransmits":	0,
				"omitted":	false,
				"sender":	true
			}
		}, {
			"streams":	[{
					"socket":	5,
					"start":	1.001132,
					"end":	2.001528,
					"seconds":	1.0003960132598877,
					"bytes":	2490368,
					"bits_per_second":	19915057.373208784,
					"retransmits":	0,
					"snd_cwnd":	264544,
					"snd_wnd":	-1,
					"rtt":	105,
					"rttvar":	71,
					"pmtu":	9500,
					"omitted":	false,
					"sender":	true
				}],
			"sum":	{
				"start":	1.001132,
				"end":	2.001528,
				"seconds":	1.0003960132598877,
				"bytes":	2490368,
				"bits_per_second":	19915057.373208784,
				"retransmits":	0,
				"omitted":	false,
				"sender":	true
			}
		}, {
			"streams":	[{
					"socket":	5,
					"start":	2.001528,
					"end":	3.001197,
					"seconds":	0.99966901540756226,
					"bytes":	2490368,
					"bits_per_second":	19929540.3707971,
					"retransmits":	0,
					"snd_cwnd":	264544,
					"snd_wnd":	-1,
					"rtt":	171,
					"rttvar":	84,
					"pmtu":	9500,
					"omitted":	false,
					"sender":	true
				}],
			"sum":	{
				"start":	2.001528,
				"end":	3.001197,
				"seconds":	0.99966901540756226,
				"bytes":	2490368,
				"bits_per_second":	19929540.3707971,
				"retransmits":	0,
				"omitted":	false,
				"sender":	true
			}
		}],
	"end":	{
		"streams":	[{
				"sender":	{
					"socket":	5,
					"start":	0,
					"end":	3.001197,
					"seconds":	3.001197,
					"bytes":	7602176,
					"bits_per_second":	20264383.844179507,
					"retransmits":	0,
					"max_snd_cwnd":	264544,
					"max_snd_wnd":	0,
					"max_rtt":	171,
					"min_rtt":	105,
					"mean_rtt":	135,
					"sender":	true
				},
				"receiver":	{
					"socket":	5,
					"start":	0,
					"end":	3.001363,
					"seconds":	3.001197,
					"bytes":	7602176,
					"bits_per_second":	20263263.057484217,
					"sender":	true
				}
			}],
		"sum_sent":	{
			"start":	0,
			"end":	3.001197,
			"seconds":	3.001197,
			"bytes":	7602176,
			"bits_per_second":	20264383.844179507,
			"retransmits":	0,
			"sender":	true
		},
		"sum_received":	{
			"start":	0,
			"end":	3.001363,
			"seconds":	3.001363,
			"bytes":	7602176,
			"bits_per_second":	20263263.057484217,
			"sender":	true
		},
		"cpu_utilization_percent":	{
			"host_total":	0.60860716825463446,
			"host_user":	0,
			"host_system":	0.60860716825463446,
			"remote_total":	0.194642305615074,
			"remote_user":	0,
			"remote_system":	0.19467562336680544
		},
		"sender_tcp_congestion":	"cubic",
		"receiver_tcp_congestion":	"cubic"
	}
}
