{
	"start":	{
		"connected":	[{
				"socket":	5,
				"local_host":	"192.168.1.2",
				"local_port":	56016,
				"remote_host":	"192.168.8.2",
				"remote_port":	5203
			}],
		"version":	"iperf 3.19.1",
		"system_info":	"Linux h1 6.6.87.2-microsoft-standard-WSL2 #1 SMP PREEMPT_DYNAMIC Thu Jun  5 18:30:46 UTC 2025 x86_64",
		"timestamp":	{
			"time":	"Mon, 06 Apr 2026 04:40:09 UTC",
			"timesecs":	1775450409
		},
		"connecting_to":	{
			"host":	"192.168.8.2",
			"port":	5203
		},
		"cookie":	"k7pclsn6tgpydjewguloa7fz27pyhrnk5g4j",
		"tcp_mss_default":	9448,
		"target_bitrate":	20000000,
		"fq_rate":	0,
		"sock_bufsize":	0,
		"sndbuf_actual":	16384,
		"rcvbuf_actual":	131072,
		"test_start":	{
			"protocol":	"TCP",
			"num_streams":	1,
			"blksize":	131072,
			"omit":	0,
			"duration":	3,
			"bytes":	0,
			"blocks":	0,
			"reverse":	0,
			"tos":	0,
			"target_bitrate":	20000000,
			"bidir":	0,
			"fqrate":	0,
			"interval":	1
		}
	},
	"intervals":	[{
			"streams":	[{
					"socket":	5,
					"start":	0,
					"end":	1.001107,
					"seconds":	1.0011069774627686,
					"bytes":	2621440,
					"bits_per_second":	20948330.670065615,
					"retransmits":	0,
					"snd_cwnd":	264544,
					"snd_wnd":	-1,
					"rtt":	161,
					"rttvar":	45,
					"pmtu":	9500,
					"omitted":	false,
					"sender":	true
				}],
			"sum":	{
				"start":	0,
				"end":	1.001107,
				"seconds":	1.0011069774627686,
				"bytes":	2621440,
				"bits_per_second":	20948330.670065615,
				"retransmits":	0,
				"omitted":	false,
				"sender":	true
			}
		}, {
			"streams":	[{
					"socket":	5,
					"start":	1.001107,
					"end":	2.000174,
					"seconds":	0.99906700849533081,
					"bytes":	2490368,
					"bits_per_second":	19941549.296083186,
					"retransmits":	0,
					"snd_cwnd":	264544,
					"snd_wnd":	-1,
					"rtt":	134,
					"rttvar":	61,
					"pmtu":	9500,
					"omitted":	false,
					"sender":	true
				}],
			"sum":	{
				"start":	1.001107,
				"end":	2.000174,
				"seconds":	0.99906700849533081,
				"bytes":	2490368,
				"bits_per_second":	19941549.296083186,
				"retransmits":	0,
				"omitted":	false,
				"sender":	true
			}
		}, {
			"streams":	[{
					"socket":	5,
					"start":	2.000174,
					"end":	3.001257,
					"seconds":	1.0010830163955688,
					"bytes":	2490368,
					"bits_per_second":	19901390.467828725,
					"retransmits":	0,
					"snd_cwnd":	264544,
					"snd_wnd":	-1,
					"rtt":	123,
					"rttvar":	55,
					"pmtu":	9500,
					"omitted":	false,
					"sender":	true
				}],
			"sum":	{
				"start":	2.000174,
				"end":	3.001257,
				"seconds":	1.0010830163955688,
				"bytes":	2490368,
				"bits_per_second":	19901390.467828725,
				"retransmits":	0,
				"omitted":	false,
				"sender":	true
			}
		}],
	"end":	{
		"streams":	[{
				"sender":	{
					"socket":	5,
					"start":	0,
					"end":	3.001257,
					"seconds":	3.001257,
					"bytes":	7602176,
					"bits_per_second":	20263978.726247039,
					"retransmits":	0,
					"max_snd_cwnd":	264544,
					"max_snd_wnd":	0,
					"max_rtt":	161,
					"min_rtt":	123,
					"mean_rtt":	139,
					"sender":	true
				},
				"receiver":	{
					"socket":	5,
					"start":	0,
					"end":	3.001438,
					"seconds":	3.001257,
					"bytes":	7602176,
					"bits_per_second":	20262756.71861288,
					"sender":	true
				}
			}],
		"sum_sent":	{
			"start":	0,
			"end":	3.001257,
			"seconds":	3.001257,
			"bytes":	7602176,
			"bits_per_second":	20263978.726247039,
			"retransmits":	0,
			"sender":	true
		},
		"sum_received":	{
			"start":	0,
			"end":	3.001438,
			"seconds":	3.001438,
			"bytes":	7602176,
			"bits_per_second":	20262756.71861288,
			"sender":	true
		},
		"cpu_utilization_percent":	{
			"host_total":	0.55989784553733679,
			"host_user":	0,
			"host_system":	0.55989784553733679,
			"remote_total":	0.17911110119010931,
			"remote_user":	0,
			"remote_system":	0.17914441798720568
		},
		"sender_tcp_congestion":	"cubic",
		"receiver_tcp_congestion":	"cubic"
	}
}
