{
	"start":	{
		"connected":	[{
				"socket":	5,
				"local_host":	"192.168.1.2",
				"local_port":	53014,
				"remote_host":	"192.168.8.2",
				"remote_port":	5203
			}],
		"version":	"iperf 3.19.1",
		"system_info":	"Linux h1 6.6.87.2-microsoft-standard-WSL2 #1 SMP PREEMPT_DYNAMIC Thu Jun  5 18:30:46 UTC 2025 x86_64",
		"timestamp":	{
			"time":	"Mon, 06 Apr 2026 04:15:24 UTC",
			"timesecs":	1775448924
		},
		"connecting_to":	{
			"host":	"192.168.8.2",
			"port":	5203
		},
		"cookie":	"kxvw7efzpc6p55vux74fyextvwal7xxrrxbi",
		"tcp_mss_default":	9448,
		"target_bitrate":	20000000,
		"fq_rate":	0,
		"sock_bufsize":	0,
		"sndbuf_actual":	16384,
		"rcvbuf_actual":	131072,
		"test_start":	{
			"protocol":	"TCP",
			"num_streams":	1,
			"blksize":	131072,
			"omit":	0,
			"duration":	3,
			"bytes":	0,
			"blocks":	0,
			"reverse":	0,
			"tos":	0,
			"target_bitrate":	20000000,
			"bidir":	0,
			"fqrate":	0,
			"interval":	1
		}
	},
	"intervals":	[{
			"streams":	[{
					"socket":	5,
					"start":	0,
					"end":	1.001117,
					"seconds":	1.0011169910430908,
					"bytes":	2621440,
					"bits_per_second":	20948121.136321146,
					"retransmits":	0,
					"snd_cwnd":	264544,
					"snd_wnd":	-1,
					"rtt":	225,
					"rttvar":	136,
					"pmtu":	9500,
					"omitted":	false,
					"sender":	true
				}],
			"sum":	{
				"start":	0,
				"end":	1.001117,
				"seconds":	1.0011169910430908,
				"bytes":	2621440,
				"bits_per_second":	20948121.136321146,
				"retransmits":	0,
				"omitted":	false,
				"sender":	true
			}
		}, {
			"streams":	[{
					"socket":	5,
					"start":	1.001117,
					"end":	2.000308,
					"seconds":	0.99919098615646362,
					"bytes":	2490368,
					"bits_per_second":	19939074.987692352,
					"retransmits":	0,
					"snd_cwnd":	264544,
					"snd_wnd":	-1,
					"rtt":	539,
					"rttvar":	477,
					"pmtu":	9500,
					"omitted":	false,
					"sender":	true
				}],
			"sum":	{
				"start":	1.001117,
				"end":	2.000308,
				"seconds":	0.99919098615646362,
				"bytes":	2490368,
				"bits_per_second":	19939074.987692352,
				"retransmits":	0,
				"omitted":	false,
				"sender":	true
			}
		}, {
			"streams":	[{
					"socket":	5,
					"start":	2.000308,
					"end":	3.001409,
					"seconds":	1.001101016998291,
					"bytes":	2490368,
					"bits_per_second":	19901032.624796554,
					"retransmits":	0,
					"snd_cwnd":	264544,
					"snd_wnd":	-1,
					"rtt":	400,
					"rttvar":	467,
					"pmtu":	9500,
					"omitted":	false,
					"sender":	true
				}],
			"sum":	{
				"start":	2.000308,
				"end":	3.001409,
				"seconds":	1.001101016998291,
				"bytes":	2490368,
				"bits_per_second":	19901032.624796554,
				"retransmits":	0,
				"omitted":	false,
				"sender":	true
			}
		}],
	"end":	{
		"streams":	[{
				"sender":	{
					"socket":	5,
					"start":	0,
					"end":	3.001409,
					"seconds":	3.001409,
					"bytes":	7602176,
					"bits_per_second":	20262952.499975841,
					"retransmits":	0,
					"max_snd_cwnd":	264544,
					"max_snd_wnd":	0,
					"max_rtt":	539,
					"min_rtt":	225,
					"mean_rtt":	388,
					"sender":	true
				},
				"receiver":	{
					"socket":	5,
					"start":	0,
					"end":	3.001581,
					"seconds":	3.001409,
					"bytes":	7602176,
					"bits_per_second":	20261791.369281724,
					"sender":	true
				}
			}],
		"sum_sent":	{
			"start":	0,
			"end":	3.001409,
			"seconds":	3.001409,
			"bytes":	7602176,
			"bits_per_second":	20262952.499975841,
			"retransmits":	0,
			"sender":	true
		},
		"sum_received":	{
			"start":	0,
			"end":	3.001581,
			"seconds":	3.001581,
			"bytes":	7602176,
			"bits_per_second":	20261791.369281724,
			"sender":	true
		},
		"cpu_utilization_percent":	{
			"host_total":	1.144717968495278,
			"host_user":	0.24771361136005696,
			"host_system":	0.897004357135221,
			"remote_total":	0.485703577229001,
			"remote_user":	0,
			"remote_system":	0.485703577229001
		},
		"sender_tcp_congestion":	"cubic",
		"receiver_tcp_congestion":	"cubic"
	}
}
