{
	"start":	{
		"connected":	[{
				"socket":	5,
				"local_host":	"192.168.1.2",
				"local_port":	53858,
				"remote_host":	"192.168.8.2",
				"remote_port":	5202
			}],
		"version":	"iperf 3.19.1",
		"system_info":	"Linux h1 6.6.87.2-microsoft-standard-WSL2 #1 SMP PREEMPT_DYNAMIC Thu Jun  5 18:30:46 UTC 2025 x86_64",
		"timestamp":	{
			"time":	"Mon, 06 Apr 2026 04:26:59 UTC",
			"timesecs":	1775449619
		},
		"connecting_to":	{
			"host":	"192.168.8.2",
			"port":	5202
		},
		"cookie":	"utfsrpntdjlb5k73hkbktzloli37f6nrd65f",
		"tcp_mss_default":	9448,
		"target_bitrate":	20000000,
		"fq_rate":	0,
		"sock_bufsize":	0,
		"sndbuf_actual":	16384,
		"rcvbuf_actual":	131072,
		"test_start":	{
			"protocol":	"TCP",
			"num_streams":	1,
			"blksize":	131072,
			"omit":	0,
			"duration":	3,
			"bytes":	0,
			"blocks":	0,
			"reverse":	0,
			"tos":	0,
			"target_bitrate":	20000000,
			"bidir":	0,
			"fqrate":	0,
			"interval":	1
		}
	},
	"intervals":	[{
			"streams":	[{
					"socket":	5,
					"start":	0,
					"end":	1.000911,
					"seconds":	1.0009109973907471,
					"bytes":	2621440,
					"bits_per_second":	20952432.388764031,
					"retransmits":	0,
					"snd_cwnd":	264544,
					"snd_wnd":	-1,
					"rtt":	244,
					"rttvar":	129,
					"pmtu":	9500,
					"omitted":	false,
					"sender":	true
				}],
			"sum":	{
				"start":	0,
				"end":	1.000911,
				"seconds":	1.0009109973907471,
				"bytes":	2621440,
				"bits_per_second":	20952432.388764031,
				"retransmits":	0,
				"omitted":	false,
				"sender":	true
			}
		}, {
			"streams":	[{
					"socket":	5,
					"start":	1.000911,
					"end":	2.000813,
					"seconds":	0.99990200996398926,
					"bytes":	2490368,
					"bits_per_second":	19924896.441319793,
					"retransmits":	0,
					"snd_cwnd":	264544,
					"snd_wnd":	-1,
					"rtt":	236,
					"rttvar":	115,
					"pmtu":	9500,
					"omitted":	false,
					"sender":	true
				}],
			"sum":	{
				"start":	1.000911,
				"end":	2.000813,
				"seconds":	0.99990200996398926,
				"bytes":	2490368,
				"bits_per_second":	19924896.441319793,
				"retransmits":	0,
				"omitted":	false,
				"sender":	true
			}
		}, {
			"streams":	[{
					"socket":	5,
					"start":	2.000813,
					"end":	3.001313,
					"seconds":	1.000499963760376,
					"bytes":	2490368,
					"bits_per_second":	19912988.227525443,
					"retransmits":	0,
					"snd_cwnd":	264544,
					"snd_wnd":	-1,
					"rtt":	216,
					"rttvar":	143,
					"pmtu":	9500,
					"omitted":	false,
					"sender":	true
				}],
			"sum":	{
				"start":	2.000813,
				"end":	3.001313,
				"seconds":	1.000499963760376,
				"bytes":	2490368,
				"bits_per_second":	19912988.227525443,
				"retransmits":	0,
				"omitted":	false,
				"sender":	true
			}
		}],
	"end":	{
		"streams":	[{
				"sender":	{
					"socket":	5,
					"start":	0,
					"end":	3.001313,
					"seconds":	3.001313,
					"bytes":	7602176,
					"bits_per_second":	20263600.630790591,
					"retransmits":	0,
					"max_snd_cwnd":	264544,
					"max_snd_wnd":	0,
					"max_rtt":	244,
					"min_rtt":	216,
					"mean_rtt":	232,
					"sender":	true
				},
				"receiver":	{
					"socket":	5,
					"start":	0,
					"end":	3.001495,
					"seconds":	3.001313,
					"bytes":	7602176,
					"bits_per_second":	20262371.9179942,
					"sender":	true
				}
			}],
		"sum_sent":	{
			"start":	0,
			"end":	3.001313,
			"seconds":	3.001313,
			"bytes":	7602176,
			"bits_per_second":	20263600.630790591,
			"retransmits":	0,
			"sender":	true
		},
		"sum_received":	{
			"start":	0,
			"end":	3.001495,
			"seconds":	3.001495,
			"bytes":	7602176,
			"bits_per_second":	20262371.9179942,
			"sender":	true
		},
		"cpu_utilization_percent":	{
			"host_total":	1.0413853075680282,
			"host_user":	0.16669225612056995,
			"host_system":	0.87465974630138033,
			"remote_total":	0.36800986157152138,
			"remote_user":	0.15215472006130168,
			"remote_system":	0.21578850927021037
		},
		"sender_tcp_congestion":	"cubic",
		"receiver_tcp_congestion":	"cubic"
	}
}
