{
	"start":	{
		"connected":	[{
				"socket":	5,
				"local_host":	"192.168.1.2",
				"local_port":	35824,
				"remote_host":	"192.168.8.2",
				"remote_port":	5202
			}],
		"version":	"iperf 3.19.1",
		"system_info":	"Linux h1 6.6.87.2-microsoft-standard-WSL2 #1 SMP PREEMPT_DYNAMIC Thu Jun  5 18:30:46 UTC 2025 x86_64",
		"timestamp":	{
			"time":	"Mon, 06 Apr 2026 04:11:41 UTC",
			"timesecs":	1775448701
		},
		"connecting_to":	{
			"host":	"192.168.8.2",
			"port":	5202
		},
		"cookie":	"5e54653vrif65n7k6gj6wnn5dcxgni2sac4z",
		"tcp_mss_default":	9448,
		"target_bitrate":	20000000,
		"fq_rate":	0,
		"sock_bufsize":	0,
		"sndbuf_actual":	16384,
		"rcvbuf_actual":	131072,
		"test_start":	{
			"protocol":	"TCP",
			"num_streams":	1,
			"blksize":	131072,
			"omit":	0,
			"duration":	3,
			"bytes":	0,
			"blocks":	0,
			"reverse":	0,
			"tos":	0,
			"target_bitrate":	20000000,
			"bidir":	0,
			"fqrate":	0,
			"interval":	1
		}
	},
	"intervals":	[{
			"streams":	[{
					"socket":	5,
					"start":	0,
					"end":	1.001756,
					"seconds":	1.001755952835083,
					"bytes":	2621440,
					"bits_per_second":	20934759.549617067,
					"retransmits":	0,
					"snd_cwnd":	264544,
					"snd_wnd":	-1,
					"rtt":	251,
					"rttvar":	174,
					"pmtu":	9500,
					"omitted":	false,
					"sender":	true
				}],
			"sum":	{
				"start":	0,
				"end":	1.001756,
				"seconds":	1.001755952835083,
				"bytes":	2621440,
				"bits_per_second":	20934759.549617067,
				"retransmits":	0,
				"omitted":	false,
				"sender":	true
			}
		}, {
			"streams":	[{
					"socket":	5,
					"start":	1.001756,
					"end":	2.000319,
					"seconds":	0.99856299161911,
					"bytes":	2490368,
					"bits_per_second":	19951614.6374463,
					"retransmits":	0,
					"snd_cwnd":	264544,
					"snd_wnd":	-1,
					"rtt":	549,
					"rttvar":	386,
					"pmtu":	9500,
					"omitted":	false,
					"sender":	true
				}],
			"sum":	{
				"start":	1.001756,
				"end":	2.000319,
				"seconds":	0.99856299161911,
				"bytes":	2490368,
				"bits_per_second":	19951614.6374463,
				"retransmits":	0,
				"omitted":	false,
				"sender":	true
			}
		}, {
			"streams":	[{
					"socket":	5,
					"start":	2.000319,
					"end":	3.000252,
					"seconds":	0.99993300437927246,
					"bytes":	2490368,
					"bits_per_second":	19924278.8394284,
					"retransmits":	0,
					"snd_cwnd":	264544,
					"snd_wnd":	-1,
					"rtt":	340,
					"rttvar":	164,
					"pmtu":	9500,
					"omitted":	false,
					"sender":	true
				}],
			"sum":	{
				"start":	2.000319,
				"end":	3.000252,
				"seconds":	0.99993300437927246,
				"bytes":	2490368,
				"bits_per_second":	19924278.8394284,
				"retransmits":	0,
				"omitted":	false,
				"sender":	true
			}
		}],
	"end":	{
		"streams":	[{
				"sender":	{
					"socket":	5,
					"start":	0,
					"end":	3.000252,
					"seconds":	3.000252,
					"bytes":	7602176,
					"bits_per_second":	20270766.58893986,
					"retransmits":	0,
					"max_snd_cwnd":	264544,
					"max_snd_wnd":	0,
					"max_rtt":	549,
					"min_rtt":	251,
					"mean_rtt":	380,
					"sender":	true
				},
				"receiver":	{
					"socket":	5,
					"start":	0,
					"end":	3.000407,
					"seconds":	3.000252,
					"bytes":	7602176,
					"bits_per_second":	20269719.408066973,
					"sender":	true
				}
			}],
		"sum_sent":	{
			"start":	0,
			"end":	3.000252,
			"seconds":	3.000252,
			"bytes":	7602176,
			"bits_per_second":	20270766.58893986,
			"retransmits":	0,
			"sender":	true
		},
		"sum_received":	{
			"start":	0,
			"end":	3.000407,
			"seconds":	3.000407,
			"bytes":	7602176,
			"bits_per_second":	20269719.408066973,
			"sender":	true
		},
		"cpu_utilization_percent":	{
			"host_total":	1.8944853630661129,
			"host_user":	0.0487670172406729,
			"host_system":	1.8456517242171879,
			"remote_total":	0.6827079426412016,
			"remote_user":	0,
			"remote_system":	0.6827079426412016
		},
		"sender_tcp_congestion":	"cubic",
		"receiver_tcp_congestion":	"cubic"
	}
}
