{
	"start":	{
		"connected":	[{
				"socket":	5,
				"local_host":	"192.168.1.2",
				"local_port":	33754,
				"remote_host":	"192.168.8.2",
				"remote_port":	5202
			}],
		"version":	"iperf 3.19.1",
		"system_info":	"Linux h1 6.6.87.2-microsoft-standard-WSL2 #1 SMP PREEMPT_DYNAMIC Thu Jun  5 18:30:46 UTC 2025 x86_64",
		"timestamp":	{
			"time":	"Mon, 06 Apr 2026 04:15:23 UTC",
			"timesecs":	1775448923
		},
		"connecting_to":	{
			"host":	"192.168.8.2",
			"port":	5202
		},
		"cookie":	"joj4veo6fz3pm7tpefb5m3yqwbdxj7drxuwk",
		"tcp_mss_default":	9448,
		"target_bitrate":	20000000,
		"fq_rate":	0,
		"sock_bufsize":	0,
		"sndbuf_actual":	16384,
		"rcvbuf_actual":	131072,
		"test_start":	{
			"protocol":	"TCP",
			"num_streams":	1,
			"blksize":	131072,
			"omit":	0,
			"duration":	3,
			"bytes":	0,
			"blocks":	0,
			"reverse":	0,
			"tos":	0,
			"target_bitrate":	20000000,
			"bidir":	0,
			"fqrate":	0,
			"interval":	1
		}
	},
	"intervals":	[{
			"streams":	[{
					"socket":	5,
					"start":	0,
					"end":	1.000571,
					"seconds":	1.0005710124969482,
					"bytes":	2621440,
					"bits_per_second":	20959551.833972368,
					"retransmits":	0,
					"snd_cwnd":	264544,
					"snd_wnd":	-1,
					"rtt":	247,
					"rttvar":	133,
					"pmtu":	9500,
					"omitted":	false,
					"sender":	true
				}],
			"sum":	{
				"start":	0,
				"end":	1.000571,
				"seconds":	1.0005710124969482,
				"bytes":	2621440,
				"bits_per_second":	20959551.833972368,
				"retransmits":	0,
				"omitted":	false,
				"sender":	true
			}
		}, {
			"streams":	[{
					"socket":	5,
					"start":	1.000571,
					"end":	2.001139,
					"seconds":	1.0005680322647095,
					"bytes":	2490368,
					"bits_per_second":	19911633.5497007,
					"retransmits":	0,
					"snd_cwnd":	264544,
					"snd_wnd":	-1,
					"rtt":	231,
					"rttvar":	122,
					"pmtu":	9500,
					"omitted":	false,
					"sender":	true
				}],
			"sum":	{
				"start":	1.000571,
				"end":	2.001139,
				"seconds":	1.0005680322647095,
				"bytes":	2490368,
				"bits_per_second":	19911633.5497007,
				"retransmits":	0,
				"omitted":	false,
				"sender":	true
			}
		}, {
			"streams":	[{
					"socket":	5,
					"start":	2.001139,
					"end":	3.001363,
					"seconds":	1.0002239942550659,
					"bytes":	2490368,
					"bits_per_second":	19918482.374378506,
					"retransmits":	0,
					"snd_cwnd":	264544,
					"snd_wnd":	-1,
					"rtt":	266,
					"rttvar":	163,
					"pmtu":	9500,
					"omitted":	false,
					"sender":	true
				}],
			"sum":	{
				"start":	2.001139,
				"end":	3.001363,
				"seconds":	1.0002239942550659,
				"bytes":	2490368,
				"bits_per_second":	19918482.374378506,
				"retransmits":	0,
				"omitted":	false,
				"sender":	true
			}
		}],
	"end":	{
		"streams":	[{
				"sender":	{
					"socket":	5,
					"start":	0,
					"end":	3.001363,
					"seconds":	3.001363,
					"bytes":	7602176,
					"bits_per_second":	20263263.057484217,
					"retransmits":	0,
					"max_snd_cwnd":	264544,
					"max_snd_wnd":	0,
					"max_rtt":	266,
					"min_rtt":	231,
					"mean_rtt":	248,
					"sender":	true
				},
				"receiver":	{
					"socket":	5,
					"start":	0,
					"end":	3.002588,
					"seconds":	3.001363,
					"bytes":	7602176,
					"bits_per_second":	20254996.023430455,
					"sender":	true
				}
			}],
		"sum_sent":	{
			"start":	0,
			"end":	3.001363,
			"seconds":	3.001363,
			"bytes":	7602176,
			"bits_per_second":	20263263.057484217,
			"retransmits":	0,
			"sender":	true
		},
		"sum_received":	{
			"start":	0,
			"end":	3.002588,
			"seconds":	3.002588,
			"bytes":	7602176,
			"bits_per_second":	20254996.023430455,
			"sender":	true
		},
		"cpu_utilization_percent":	{
			"host_total":	0.950902399883847,
			"host_user":	0,
			"host_system":	0.95116880573918128,
			"remote_total":	0.334975349770816,
			"remote_user":	0,
			"remote_system":	0.33524178472788163
		},
		"sender_tcp_congestion":	"cubic",
		"receiver_tcp_congestion":	"cubic"
	}
}
