{
	"start":	{
		"connected":	[{
				"socket":	5,
				"local_host":	"192.168.1.2",
				"local_port":	49986,
				"remote_host":	"192.168.8.2",
				"remote_port":	5204
			}],
		"version":	"iperf 3.19.1",
		"system_info":	"Linux h1 6.6.87.2-microsoft-standard-WSL2 #1 SMP PREEMPT_DYNAMIC Thu Jun  5 18:30:46 UTC 2025 x86_64",
		"timestamp":	{
			"time":	"Mon, 06 Apr 2026 04:24:14 UTC",
			"timesecs":	1775449454
		},
		"connecting_to":	{
			"host":	"192.168.8.2",
			"port":	5204
		},
		"cookie":	"mv7l2pyur2tpkidqqe3fomrcm353zreswmax",
		"tcp_mss_default":	9448,
		"target_bitrate":	20000000,
		"fq_rate":	0,
		"sock_bufsize":	0,
		"sndbuf_actual":	16384,
		"rcvbuf_actual":	131072,
		"test_start":	{
			"protocol":	"TCP",
			"num_streams":	1,
			"blksize":	131072,
			"omit":	0,
			"duration":	3,
			"bytes":	0,
			"blocks":	0,
			"reverse":	0,
			"tos":	0,
			"target_bitrate":	20000000,
			"bidir":	0,
			"fqrate":	0,
			"interval":	1
		}
	},
	"intervals":	[{
			"streams":	[{
					"socket":	5,
					"start":	0,
					"end":	1.000854,
					"seconds":	1.0008540153503418,
					"bytes":	2621440,
					"bits_per_second":	20953625.282363553,
					"retransmits":	0,
					"snd_cwnd":	207856,
					"snd_wnd":	-1,
					"rtt":	2962,
					"rttvar":	4333,
					"pmtu":	9500,
					"omitted":	false,
					"sender":	true
				}],
			"sum":	{
				"start":	0,
				"end":	1.000854,
				"seconds":	1.0008540153503418,
				"bytes":	2621440,
				"bits_per_second":	20953625.282363553,
				"retransmits":	0,
				"omitted":	false,
				"sender":	true
			}
		}, {
			"streams":	[{
					"socket":	5,
					"start":	1.000854,
					"end":	2.000821,
					"seconds":	0.99996697902679443,
					"bytes":	2490368,
					"bits_per_second":	19923601.896724392,
					"retransmits":	0,
					"snd_cwnd":	207856,
					"snd_wnd":	-1,
					"rtt":	378,
					"rttvar":	277,
					"pmtu":	9500,
					"omitted":	false,
					"sender":	true
				}],
			"sum":	{
				"start":	1.000854,
				"end":	2.000821,
				"seconds":	0.99996697902679443,
				"bytes":	2490368,
				"bits_per_second":	19923601.896724392,
				"retransmits":	0,
				"omitted":	false,
				"sender":	true
			}
		}, {
			"streams":	[{
					"socket":	5,
					"start":	2.000821,
					"end":	3.000936,
					"seconds":	1.0001150369644165,
					"bytes":	2490368,
					"bits_per_second":	19920652.388620015,
					"retransmits":	0,
					"snd_cwnd":	207856,
					"snd_wnd":	-1,
					"rtt":	541,
					"rttvar":	409,
					"pmtu":	9500,
					"omitted":	false,
					"sender":	true
				}],
			"sum":	{
				"start":	2.000821,
				"end":	3.000936,
				"seconds":	1.0001150369644165,
				"bytes":	2490368,
				"bits_per_second":	19920652.388620015,
				"retransmits":	0,
				"omitted":	false,
				"sender":	true
			}
		}],
	"end":	{
		"streams":	[{
				"sender":	{
					"socket":	5,
					"start":	0,
					"end":	3.000936,
					"seconds":	3.000936,
					"bytes":	7602176,
					"bits_per_second":	20266146.29568908,
					"retransmits":	0,
					"max_snd_cwnd":	207856,
					"max_snd_wnd":	0,
					"max_rtt":	2962,
					"min_rtt":	378,
					"mean_rtt":	1293,
					"sender":	true
				},
				"receiver":	{
					"socket":	5,
					"start":	0,
					"end":	3.001132,
					"seconds":	3.000936,
					"bytes":	7602176,
					"bits_per_second":	20264822.740219355,
					"sender":	true
				}
			}],
		"sum_sent":	{
			"start":	0,
			"end":	3.000936,
			"seconds":	3.000936,
			"bytes":	7602176,
			"bits_per_second":	20266146.29568908,
			"retransmits":	0,
			"sender":	true
		},
		"sum_received":	{
			"start":	0,
			"end":	3.001132,
			"seconds":	3.001132,
			"bytes":	7602176,
			"bits_per_second":	20264822.740219355,
			"sender":	true
		},
		"cpu_utilization_percent":	{
			"host_total":	2.6886441419863676,
			"host_user":	0.269494010837057,
			"host_system":	2.4191834431407608,
			"remote_total":	0.982550793557708,
			"remote_user":	0.032687273754751486,
			"remote_system":	0.94993016052416923
		},
		"sender_tcp_congestion":	"cubic",
		"receiver_tcp_congestion":	"cubic"
	}
}
