{
	"start":	{
		"connected":	[{
				"socket":	5,
				"local_host":	"192.168.1.2",
				"local_port":	41782,
				"remote_host":	"192.168.8.2",
				"remote_port":	5204
			}],
		"version":	"iperf 3.19.1",
		"system_info":	"Linux h1 6.6.87.2-microsoft-standard-WSL2 #1 SMP PREEMPT_DYNAMIC Thu Jun  5 18:30:46 UTC 2025 x86_64",
		"timestamp":	{
			"time":	"Mon, 06 Apr 2026 04:21:13 UTC",
			"timesecs":	1775449273
		},
		"connecting_to":	{
			"host":	"192.168.8.2",
			"port":	5204
		},
		"cookie":	"kt7vgkyqk3pf6ocis5bjizlz36ndqpshnylm",
		"tcp_mss_default":	9448,
		"target_bitrate":	20000000,
		"fq_rate":	0,
		"sock_bufsize":	0,
		"sndbuf_actual":	16384,
		"rcvbuf_actual":	131072,
		"test_start":	{
			"protocol":	"TCP",
			"num_streams":	1,
			"blksize":	131072,
			"omit":	0,
			"duration":	3,
			"bytes":	0,
			"blocks":	0,
			"reverse":	0,
			"tos":	0,
			"target_bitrate":	20000000,
			"bidir":	0,
			"fqrate":	0,
			"interval":	1
		}
	},
	"intervals":	[{
			"streams":	[{
					"socket":	5,
					"start":	0,
					"end":	1.001108,
					"seconds":	1.0011080503463745,
					"bytes":	2621440,
					"bits_per_second":	20948308.219821066,
					"retransmits":	0,
					"snd_cwnd":	283440,
					"snd_wnd":	-1,
					"rtt":	222,
					"rttvar":	108,
					"pmtu":	9500,
					"omitted":	false,
					"sender":	true
				}],
			"sum":	{
				"start":	0,
				"end":	1.001108,
				"seconds":	1.0011080503463745,
				"bytes":	2621440,
				"bits_per_second":	20948308.219821066,
				"retransmits":	0,
				"omitted":	false,
				"sender":	true
			}
		}, {
			"streams":	[{
					"socket":	5,
					"start":	1.001108,
					"end":	2.001131,
					"seconds":	1.0000230073928833,
					"bytes":	2490368,
					"bits_per_second":	19922485.635545772,
					"retransmits":	0,
					"snd_cwnd":	283440,
					"snd_wnd":	-1,
					"rtt":	284,
					"rttvar":	175,
					"pmtu":	9500,
					"omitted":	false,
					"sender":	true
				}],
			"sum":	{
				"start":	1.001108,
				"end":	2.001131,
				"seconds":	1.0000230073928833,
				"bytes":	2490368,
				"bits_per_second":	19922485.635545772,
				"retransmits":	0,
				"omitted":	false,
				"sender":	true
			}
		}, {
			"streams":	[{
					"socket":	5,
					"start":	2.001131,
					"end":	3.001285,
					"seconds":	1.0001540184020996,
					"bytes":	2490368,
					"bits_per_second":	19919875.97253269,
					"retransmits":	0,
					"snd_cwnd":	283440,
					"snd_wnd":	-1,
					"rtt":	202,
					"rttvar":	150,
					"pmtu":	9500,
					"omitted":	false,
					"sender":	true
				}],
			"sum":	{
				"start":	2.001131,
				"end":	3.001285,
				"seconds":	1.0001540184020996,
				"bytes":	2490368,
				"bits_per_second":	19919875.97253269,
				"retransmits":	0,
				"omitted":	false,
				"sender":	true
			}
		}],
	"end":	{
		"streams":	[{
				"sender":	{
					"socket":	5,
					"start":	0,
					"end":	3.001285,
					"seconds":	3.001285,
					"bytes":	7602176,
					"bits_per_second":	20263789.676755123,
					"retransmits":	0,
					"max_snd_cwnd":	283440,
					"max_snd_wnd":	0,
					"max_rtt":	284,
					"min_rtt":	202,
					"mean_rtt":	236,
					"sender":	true
				},
				"receiver":	{
					"socket":	5,
					"start":	0,
					"end":	3.001434,
					"seconds":	3.001285,
					"bytes":	7602176,
					"bits_per_second":	20262783.722713877,
					"sender":	true
				}
			}],
		"sum_sent":	{
			"start":	0,
			"end":	3.001285,
			"seconds":	3.001285,
			"bytes":	7602176,
			"bits_per_second":	20263789.676755123,
			"retransmits":	0,
			"sender":	true
		},
		"sum_received":	{
			"start":	0,
			"end":	3.001434,
			"seconds":	3.001434,
			"bytes":	7602176,
			"bits_per_second":	20262783.722713877,
			"sender":	true
		},
		"cpu_utilization_percent":	{
			"host_total":	1.3182901856882292,
			"host_user":	0,
			"host_system":	1.3182901856882292,
			"remote_total":	0.51901044850858635,
			"remote_user":	0,
			"remote_system":	0.518977131622689
		},
		"sender_tcp_congestion":	"cubic",
		"receiver_tcp_congestion":	"cubic"
	}
}
