{
	"start":	{
		"connected":	[{
				"socket":	5,
				"local_host":	"192.168.1.2",
				"local_port":	52292,
				"remote_host":	"192.168.8.2",
				"remote_port":	5202
			}],
		"version":	"iperf 3.19.1",
		"system_info":	"Linux h1 6.6.87.2-microsoft-standard-WSL2 #1 SMP PREEMPT_DYNAMIC Thu Jun  5 18:30:46 UTC 2025 x86_64",
		"timestamp":	{
			"time":	"Mon, 06 Apr 2026 04:21:30 UTC",
			"timesecs":	1775449290
		},
		"connecting_to":	{
			"host":	"192.168.8.2",
			"port":	5202
		},
		"cookie":	"377dmlomwayjuhinay7vvruoircn4gz226qa",
		"tcp_mss_default":	9448,
		"target_bitrate":	20000000,
		"fq_rate":	0,
		"sock_bufsize":	0,
		"sndbuf_actual":	16384,
		"rcvbuf_actual":	131072,
		"test_start":	{
			"protocol":	"TCP",
			"num_streams":	1,
			"blksize":	131072,
			"omit":	0,
			"duration":	3,
			"bytes":	0,
			"blocks":	0,
			"reverse":	0,
			"tos":	0,
			"target_bitrate":	20000000,
			"bidir":	0,
			"fqrate":	0,
			"interval":	1
		}
	},
	"intervals":	[{
			"streams":	[{
					"socket":	5,
					"start":	0,
					"end":	1.001134,
					"seconds":	1.0011340379714966,
					"bytes":	2621440,
					"bits_per_second":	20947764.439707406,
					"retransmits":	0,
					"snd_cwnd":	283440,
					"snd_wnd":	-1,
					"rtt":	188,
					"rttvar":	88,
					"pmtu":	9500,
					"omitted":	false,
					"sender":	true
				}],
			"sum":	{
				"start":	0,
				"end":	1.001134,
				"seconds":	1.0011340379714966,
				"bytes":	2621440,
				"bits_per_second":	20947764.439707406,
				"retransmits":	0,
				"omitted":	false,
				"sender":	true
			}
		}, {
			"streams":	[{
					"socket":	5,
					"start":	1.001134,
					"end":	2.001157,
					"seconds":	1.0000230073928833,
					"bytes":	2490368,
					"bits_per_second":	19922485.635545772,
					"retransmits":	0,
					"snd_cwnd":	283440,
					"snd_wnd":	-1,
					"rtt":	252,
					"rttvar":	122,
					"pmtu":	9500,
					"omitted":	false,
					"sender":	true
				}],
			"sum":	{
				"start":	1.001134,
				"end":	2.001157,
				"seconds":	1.0000230073928833,
				"bytes":	2490368,
				"bits_per_second":	19922485.635545772,
				"retransmits":	0,
				"omitted":	false,
				"sender":	true
			}
		}, {
			"streams":	[{
					"socket":	5,
					"start":	2.001157,
					"end":	3.001296,
					"seconds":	1.0001389980316162,
					"bytes":	2490368,
					"bits_per_second":	19920175.1348668,
					"retransmits":	0,
					"snd_cwnd":	283440,
					"snd_wnd":	-1,
					"rtt":	382,
					"rttvar":	215,
					"pmtu":	9500,
					"omitted":	false,
					"sender":	true
				}],
			"sum":	{
				"start":	2.001157,
				"end":	3.001296,
				"seconds":	1.0001389980316162,
				"bytes":	2490368,
				"bits_per_second":	19920175.1348668,
				"retransmits":	0,
				"omitted":	false,
				"sender":	true
			}
		}],
	"end":	{
		"streams":	[{
				"sender":	{
					"socket":	5,
					"start":	0,
					"end":	3.001296,
					"seconds":	3.001296,
					"bytes":	7602176,
					"bits_per_second":	20263715.408276957,
					"retransmits":	0,
					"max_snd_cwnd":	283440,
					"max_snd_wnd":	0,
					"max_rtt":	382,
					"min_rtt":	188,
					"mean_rtt":	274,
					"sender":	true
				},
				"receiver":	{
					"socket":	5,
					"start":	0,
					"end":	3.001428,
					"seconds":	3.001296,
					"bytes":	7602176,
					"bits_per_second":	20262824.229000326,
					"sender":	true
				}
			}],
		"sum_sent":	{
			"start":	0,
			"end":	3.001296,
			"seconds":	3.001296,
			"bytes":	7602176,
			"bits_per_second":	20263715.408276957,
			"retransmits":	0,
			"sender":	true
		},
		"sum_received":	{
			"start":	0,
			"end":	3.001428,
			"seconds":	3.001428,
			"bytes":	7602176,
			"bits_per_second":	20262824.229000326,
			"sender":	true
		},
		"cpu_utilization_percent":	{
			"host_total":	1.133114564514152,
			"host_user":	0.037605054332475317,
			"host_system":	1.0955428184671794,
			"remote_total":	0.42538999913709263,
			"remote_user":	0.01472606356661928,
			"remote_system":	0.410630618684576
		},
		"sender_tcp_congestion":	"cubic",
		"receiver_tcp_congestion":	"cubic"
	}
}
