{
	"start":	{
		"connected":	[{
				"socket":	5,
				"local_host":	"192.168.1.2",
				"local_port":	33026,
				"remote_host":	"192.168.8.2",
				"remote_port":	5202
			}],
		"version":	"iperf 3.19.1",
		"system_info":	"Linux h1 6.6.87.2-microsoft-standard-WSL2 #1 SMP PREEMPT_DYNAMIC Thu Jun  5 18:30:46 UTC 2025 x86_64",
		"timestamp":	{
			"time":	"Mon, 06 Apr 2026 04:23:41 UTC",
			"timesecs":	1775449421
		},
		"connecting_to":	{
			"host":	"192.168.8.2",
			"port":	5202
		},
		"cookie":	"rkl7azhlji2gjbxcnnfccoyrws5tpnqpkbgx",
		"tcp_mss_default":	9448,
		"target_bitrate":	20000000,
		"fq_rate":	0,
		"sock_bufsize":	0,
		"sndbuf_actual":	16384,
		"rcvbuf_actual":	131072,
		"test_start":	{
			"protocol":	"TCP",
			"num_streams":	1,
			"blksize":	131072,
			"omit":	0,
			"duration":	3,
			"bytes":	0,
			"blocks":	0,
			"reverse":	0,
			"tos":	0,
			"target_bitrate":	20000000,
			"bidir":	0,
			"fqrate":	0,
			"interval":	1
		}
	},
	"intervals":	[{
			"streams":	[{
					"socket":	5,
					"start":	0,
					"end":	1.001103,
					"seconds":	1.0011030435562134,
					"bytes":	2621440,
					"bits_per_second":	20948412.988040645,
					"retransmits":	0,
					"snd_cwnd":	359024,
					"snd_wnd":	-1,
					"rtt":	221,
					"rttvar":	106,
					"pmtu":	9500,
					"omitted":	false,
					"sender":	true
				}],
			"sum":	{
				"start":	0,
				"end":	1.001103,
				"seconds":	1.0011030435562134,
				"bytes":	2621440,
				"bits_per_second":	20948412.988040645,
				"retransmits":	0,
				"omitted":	false,
				"sender":	true
			}
		}, {
			"streams":	[{
					"socket":	5,
					"start":	1.001103,
					"end":	2.001084,
					"seconds":	0.99998098611831665,
					"bytes":	2490368,
					"bits_per_second":	19923322.819702834,
					"retransmits":	0,
					"snd_cwnd":	359024,
					"snd_wnd":	-1,
					"rtt":	247,
					"rttvar":	60,
					"pmtu":	9500,
					"omitted":	false,
					"sender":	true
				}],
			"sum":	{
				"start":	1.001103,
				"end":	2.001084,
				"seconds":	0.99998098611831665,
				"bytes":	2490368,
				"bits_per_second":	19923322.819702834,
				"retransmits":	0,
				"omitted":	false,
				"sender":	true
			}
		}, {
			"streams":	[{
					"socket":	5,
					"start":	2.001084,
					"end":	3.001172,
					"seconds":	1.0000879764556885,
					"bytes":	2490368,
					"bits_per_second":	19921191.404187169,
					"retransmits":	0,
					"snd_cwnd":	359024,
					"snd_wnd":	-1,
					"rtt":	193,
					"rttvar":	124,
					"pmtu":	9500,
					"omitted":	false,
					"sender":	true
				}],
			"sum":	{
				"start":	2.001084,
				"end":	3.001172,
				"seconds":	1.0000879764556885,
				"bytes":	2490368,
				"bits_per_second":	19921191.404187169,
				"retransmits":	0,
				"omitted":	false,
				"sender":	true
			}
		}],
	"end":	{
		"streams":	[{
				"sender":	{
					"socket":	5,
					"start":	0,
					"end":	3.001172,
					"seconds":	3.001172,
					"bytes":	7602176,
					"bits_per_second":	20264552.648098812,
					"retransmits":	0,
					"max_snd_cwnd":	359024,
					"max_snd_wnd":	0,
					"max_rtt":	247,
					"min_rtt":	193,
					"mean_rtt":	220,
					"sender":	true
				},
				"receiver":	{
					"socket":	5,
					"start":	0,
					"end":	3.001287,
					"seconds":	3.001172,
					"bytes":	7602176,
					"bits_per_second":	20263776.173354965,
					"sender":	true
				}
			}],
		"sum_sent":	{
			"start":	0,
			"end":	3.001172,
			"seconds":	3.001172,
			"bytes":	7602176,
			"bits_per_second":	20264552.648098812,
			"retransmits":	0,
			"sender":	true
		},
		"sum_received":	{
			"start":	0,
			"end":	3.001287,
			"seconds":	3.001287,
			"bytes":	7602176,
			"bits_per_second":	20263776.173354965,
			"sender":	true
		},
		"cpu_utilization_percent":	{
			"host_total":	0.92778776825656828,
			"host_user":	0,
			"host_system":	0.92778776825656828,
			"remote_total":	0.34724732692526189,
			"remote_user":	0.0821305565986155,
			"remote_system":	0.26508345164242786
		},
		"sender_tcp_congestion":	"cubic",
		"receiver_tcp_congestion":	"cubic"
	}
}
