{
	"start":	{
		"connected":	[{
				"socket":	5,
				"local_host":	"192.168.1.2",
				"local_port":	37850,
				"remote_host":	"192.168.8.2",
				"remote_port":	5202
			}],
		"version":	"iperf 3.19.1",
		"system_info":	"Linux h1 6.6.87.2-microsoft-standard-WSL2 #1 SMP PREEMPT_DYNAMIC Thu Jun  5 18:30:46 UTC 2025 x86_64",
		"timestamp":	{
			"time":	"Mon, 06 Apr 2026 04:40:39 UTC",
			"timesecs":	1775450439
		},
		"connecting_to":	{
			"host":	"192.168.8.2",
			"port":	5202
		},
		"cookie":	"rlfxsfy4wjn2g7krbn5u3m4dahh7vs7atmhe",
		"tcp_mss_default":	9448,
		"target_bitrate":	20000000,
		"fq_rate":	0,
		"sock_bufsize":	0,
		"sndbuf_actual":	16384,
		"rcvbuf_actual":	131072,
		"test_start":	{
			"protocol":	"TCP",
			"num_streams":	1,
			"blksize":	131072,
			"omit":	0,
			"duration":	3,
			"bytes":	0,
			"blocks":	0,
			"reverse":	0,
			"tos":	0,
			"target_bitrate":	20000000,
			"bidir":	0,
			"fqrate":	0,
			"interval":	1
		}
	},
	"intervals":	[{
			"streams":	[{
					"socket":	5,
					"start":	0,
					"end":	1.001474,
					"seconds":	1.0014740228652954,
					"bytes":	2621440,
					"bits_per_second":	20940652.99866575,
					"retransmits":	0,
					"snd_cwnd":	264544,
					"snd_wnd":	-1,
					"rtt":	197,
					"rttvar":	93,
					"pmtu":	9500,
					"omitted":	false,
					"sender":	true
				}],
			"sum":	{
				"start":	0,
				"end":	1.001474,
				"seconds":	1.0014740228652954,
				"bytes":	2621440,
				"bits_per_second":	20940652.99866575,
				"retransmits":	0,
				"omitted":	false,
				"sender":	true
			}
		}, {
			"streams":	[{
					"socket":	5,
					"start":	1.001474,
					"end":	2.001119,
					"seconds":	0.99964499473571777,
					"bytes":	2490368,
					"bits_per_second":	19930019.261755168,
					"retransmits":	0,
					"snd_cwnd":	264544,
					"snd_wnd":	-1,
					"rtt":	221,
					"rttvar":	178,
					"pmtu":	9500,
					"omitted":	false,
					"sender":	true
				}],
			"sum":	{
				"start":	1.001474,
				"end":	2.001119,
				"seconds":	0.99964499473571777,
				"bytes":	2490368,
				"bits_per_second":	19930019.261755168,
				"retransmits":	0,
				"omitted":	false,
				"sender":	true
			}
		}, {
			"streams":	[{
					"socket":	5,
					"start":	2.001119,
					"end":	3.001266,
					"seconds":	1.0001469850540161,
					"bytes":	2490368,
					"bits_per_second":	19920016.0553641,
					"retransmits":	0,
					"snd_cwnd":	264544,
					"snd_wnd":	-1,
					"rtt":	296,
					"rttvar":	196,
					"pmtu":	9500,
					"omitted":	false,
					"sender":	true
				}],
			"sum":	{
				"start":	2.001119,
				"end":	3.001266,
				"seconds":	1.0001469850540161,
				"bytes":	2490368,
				"bits_per_second":	19920016.0553641,
				"retransmits":	0,
				"omitted":	false,
				"sender":	true
			}
		}],
	"end":	{
		"streams":	[{
				"sender":	{
					"socket":	5,
					"start":	0,
					"end":	3.001266,
					"seconds":	3.001266,
					"bytes":	7602176,
					"bits_per_second":	20263917.959954232,
					"retransmits":	0,
					"max_snd_cwnd":	264544,
					"max_snd_wnd":	0,
					"max_rtt":	296,
					"min_rtt":	197,
					"mean_rtt":	238,
					"sender":	true
				},
				"receiver":	{
					"socket":	5,
					"start":	0,
					"end":	3.001402,
					"seconds":	3.001266,
					"bytes":	7602176,
					"bits_per_second":	20262999.758113042,
					"sender":	true
				}
			}],
		"sum_sent":	{
			"start":	0,
			"end":	3.001266,
			"seconds":	3.001266,
			"bytes":	7602176,
			"bits_per_second":	20263917.959954232,
			"retransmits":	0,
			"sender":	true
		},
		"sum_received":	{
			"start":	0,
			"end":	3.001402,
			"seconds":	3.001402,
			"bytes":	7602176,
			"bits_per_second":	20262999.758113042,
			"sender":	true
		},
		"cpu_utilization_percent":	{
			"host_total":	1.0072657967961747,
			"host_user":	0.22003233536045533,
			"host_system":	0.787200153483046,
			"remote_total":	0.33743926642942412,
			"remote_user":	0.00496430200414536,
			"remote_system":	0.33247496442527874
		},
		"sender_tcp_congestion":	"cubic",
		"receiver_tcp_congestion":	"cubic"
	}
}
