{
	"start":	{
		"connected":	[{
				"socket":	5,
				"local_host":	"192.168.1.2",
				"local_port":	52304,
				"remote_host":	"192.168.8.2",
				"remote_port":	5202
			}],
		"version":	"iperf 3.19.1",
		"system_info":	"Linux h1 6.6.87.2-microsoft-standard-WSL2 #1 SMP PREEMPT_DYNAMIC Thu Jun  5 18:30:46 UTC 2025 x86_64",
		"timestamp":	{
			"time":	"Mon, 06 Apr 2026 04:25:07 UTC",
			"timesecs":	1775449507
		},
		"connecting_to":	{
			"host":	"192.168.8.2",
			"port":	5202
		},
		"cookie":	"putlfvggwcszc2lo46qgb3pzbrywuz4y5uqe",
		"tcp_mss_default":	9448,
		"target_bitrate":	20000000,
		"fq_rate":	0,
		"sock_bufsize":	0,
		"sndbuf_actual":	16384,
		"rcvbuf_actual":	131072,
		"test_start":	{
			"protocol":	"TCP",
			"num_streams":	1,
			"blksize":	131072,
			"omit":	0,
			"duration":	3,
			"bytes":	0,
			"blocks":	0,
			"reverse":	0,
			"tos":	0,
			"target_bitrate":	20000000,
			"bidir":	0,
			"fqrate":	0,
			"interval":	1
		}
	},
	"intervals":	[{
			"streams":	[{
					"socket":	5,
					"start":	0,
					"end":	1.001068,
					"seconds":	1.0010679960250854,
					"bytes":	2621440,
					"bits_per_second":	20949146.394921292,
					"retransmits":	0,
					"snd_cwnd":	207856,
					"snd_wnd":	-1,
					"rtt":	188,
					"rttvar":	103,
					"pmtu":	9500,
					"omitted":	false,
					"sender":	true
				}],
			"sum":	{
				"start":	0,
				"end":	1.001068,
				"seconds":	1.0010679960250854,
				"bytes":	2621440,
				"bits_per_second":	20949146.394921292,
				"retransmits":	0,
				"omitted":	false,
				"sender":	true
			}
		}, {
			"streams":	[{
					"socket":	5,
					"start":	1.001068,
					"end":	2.000185,
					"seconds":	0.99911701679229736,
					"bytes":	2490368,
					"bits_per_second":	19940551.171837069,
					"retransmits":	0,
					"snd_cwnd":	207856,
					"snd_wnd":	-1,
					"rtt":	188,
					"rttvar":	79,
					"pmtu":	9500,
					"omitted":	false,
					"sender":	true
				}],
			"sum":	{
				"start":	1.001068,
				"end":	2.000185,
				"seconds":	0.99911701679229736,
				"bytes":	2490368,
				"bits_per_second":	19940551.171837069,
				"retransmits":	0,
				"omitted":	false,
				"sender":	true
			}
		}, {
			"streams":	[{
					"socket":	5,
					"start":	2.000185,
					"end":	3.001976,
					"seconds":	1.0017910003662109,
					"bytes":	2490368,
					"bits_per_second":	19887325.79222317,
					"retransmits":	0,
					"snd_cwnd":	207856,
					"snd_wnd":	-1,
					"rtt":	288,
					"rttvar":	183,
					"pmtu":	9500,
					"omitted":	false,
					"sender":	true
				}],
			"sum":	{
				"start":	2.000185,
				"end":	3.001976,
				"seconds":	1.0017910003662109,
				"bytes":	2490368,
				"bits_per_second":	19887325.79222317,
				"retransmits":	0,
				"omitted":	false,
				"sender":	true
			}
		}],
	"end":	{
		"streams":	[{
				"sender":	{
					"socket":	5,
					"start":	0,
					"end":	3.001976,
					"seconds":	3.001976,
					"bytes":	7602176,
					"bits_per_second":	20259125.322787389,
					"retransmits":	0,
					"max_snd_cwnd":	207856,
					"max_snd_wnd":	0,
					"max_rtt":	288,
					"min_rtt":	188,
					"mean_rtt":	221,
					"sender":	true
				},
				"receiver":	{
					"socket":	5,
					"start":	0,
					"end":	3.002311,
					"seconds":	3.001976,
					"bytes":	7602176,
					"bits_per_second":	20256864.7951528,
					"sender":	true
				}
			}],
		"sum_sent":	{
			"start":	0,
			"end":	3.001976,
			"seconds":	3.001976,
			"bytes":	7602176,
			"bits_per_second":	20259125.322787389,
			"retransmits":	0,
			"sender":	true
		},
		"sum_received":	{
			"start":	0,
			"end":	3.002311,
			"seconds":	3.002311,
			"bytes":	7602176,
			"bits_per_second":	20256864.7951528,
			"sender":	true
		},
		"cpu_utilization_percent":	{
			"host_total":	0.86764140374124576,
			"host_user":	0,
			"host_system":	0.86767469773217976,
			"remote_total":	0.29909993568352161,
			"remote_user":	0,
			"remote_system":	0.29913324302602534
		},
		"sender_tcp_congestion":	"cubic",
		"receiver_tcp_congestion":	"cubic"
	}
}
