{
	"start":	{
		"connected":	[{
				"socket":	5,
				"local_host":	"192.168.1.2",
				"local_port":	52976,
				"remote_host":	"192.168.8.2",
				"remote_port":	5202
			}],
		"version":	"iperf 3.19.1",
		"system_info":	"Linux h1 6.6.87.2-microsoft-standard-WSL2 #1 SMP PREEMPT_DYNAMIC Thu Jun  5 18:30:46 UTC 2025 x86_64",
		"timestamp":	{
			"time":	"Mon, 06 Apr 2026 04:18:23 UTC",
			"timesecs":	1775449103
		},
		"connecting_to":	{
			"host":	"192.168.8.2",
			"port":	5202
		},
		"cookie":	"2m5koyi7nwjsr32yhz7kxr2ai73eeqltuy7y",
		"tcp_mss_default":	9448,
		"target_bitrate":	20000000,
		"fq_rate":	0,
		"sock_bufsize":	0,
		"sndbuf_actual":	16384,
		"rcvbuf_actual":	131072,
		"test_start":	{
			"protocol":	"TCP",
			"num_streams":	1,
			"blksize":	131072,
			"omit":	0,
			"duration":	3,
			"bytes":	0,
			"blocks":	0,
			"reverse":	0,
			"tos":	0,
			"target_bitrate":	20000000,
			"bidir":	0,
			"fqrate":	0,
			"interval":	1
		}
	},
	"intervals":	[{
			"streams":	[{
					"socket":	5,
					"start":	0,
					"end":	1.001341,
					"seconds":	1.0013409852981567,
					"bytes":	2621440,
					"bits_per_second":	20943435.161355723,
					"retransmits":	0,
					"snd_cwnd":	283440,
					"snd_wnd":	-1,
					"rtt":	339,
					"rttvar":	149,
					"pmtu":	9500,
					"omitted":	false,
					"sender":	true
				}],
			"sum":	{
				"start":	0,
				"end":	1.001341,
				"seconds":	1.0013409852981567,
				"bytes":	2621440,
				"bits_per_second":	20943435.161355723,
				"retransmits":	0,
				"omitted":	false,
				"sender":	true
			}
		}, {
			"streams":	[{
					"socket":	5,
					"start":	1.001341,
					"end":	2.001321,
					"seconds":	0.99997997283935547,
					"bytes":	2490368,
					"bits_per_second":	19923343.007991,
					"retransmits":	0,
					"snd_cwnd":	283440,
					"snd_wnd":	-1,
					"rtt":	165,
					"rttvar":	114,
					"pmtu":	9500,
					"omitted":	false,
					"sender":	true
				}],
			"sum":	{
				"start":	1.001341,
				"end":	2.001321,
				"seconds":	0.99997997283935547,
				"bytes":	2490368,
				"bits_per_second":	19923343.007991,
				"retransmits":	0,
				"omitted":	false,
				"sender":	true
			}
		}, {
			"streams":	[{
					"socket":	5,
					"start":	2.001321,
					"end":	3.00046,
					"seconds":	0.99913901090621948,
					"bytes":	2490368,
					"bits_per_second":	19940112.219149448,
					"retransmits":	0,
					"snd_cwnd":	283440,
					"snd_wnd":	-1,
					"rtt":	133,
					"rttvar":	68,
					"pmtu":	9500,
					"omitted":	false,
					"sender":	true
				}],
			"sum":	{
				"start":	2.001321,
				"end":	3.00046,
				"seconds":	0.99913901090621948,
				"bytes":	2490368,
				"bits_per_second":	19940112.219149448,
				"retransmits":	0,
				"omitted":	false,
				"sender":	true
			}
		}],
	"end":	{
		"streams":	[{
				"sender":	{
					"socket":	5,
					"start":	0,
					"end":	3.00046,
					"seconds":	3.00046,
					"bytes":	7602176,
					"bits_per_second":	20269361.364590764,
					"retransmits":	0,
					"max_snd_cwnd":	283440,
					"max_snd_wnd":	0,
					"max_rtt":	339,
					"min_rtt":	133,
					"mean_rtt":	212,
					"sender":	true
				},
				"receiver":	{
					"socket":	5,
					"start":	0,
					"end":	3.001902,
					"seconds":	3.00046,
					"bytes":	7602176,
					"bits_per_second":	20259624.731253721,
					"sender":	true
				}
			}],
		"sum_sent":	{
			"start":	0,
			"end":	3.00046,
			"seconds":	3.00046,
			"bytes":	7602176,
			"bits_per_second":	20269361.364590764,
			"retransmits":	0,
			"sender":	true
		},
		"sum_received":	{
			"start":	0,
			"end":	3.001902,
			"seconds":	3.001902,
			"bytes":	7602176,
			"bits_per_second":	20259624.731253721,
			"sender":	true
		},
		"cpu_utilization_percent":	{
			"host_total":	1.6909707377854313,
			"host_user":	0,
			"host_system":	1.6908378651216232,
			"remote_total":	0.47247063337711082,
			"remote_user":	0.015421494765851414,
			"remote_system":	0.45658282991423588
		},
		"sender_tcp_congestion":	"cubic",
		"receiver_tcp_congestion":	"cubic"
	}
}
