{
	"start":	{
		"connected":	[{
				"socket":	5,
				"local_host":	"192.168.1.2",
				"local_port":	57432,
				"remote_host":	"192.168.8.2",
				"remote_port":	5202
			}],
		"version":	"iperf 3.19.1",
		"system_info":	"Linux h1 6.6.87.2-microsoft-standard-WSL2 #1 SMP PREEMPT_DYNAMIC Thu Jun  5 18:30:46 UTC 2025 x86_64",
		"timestamp":	{
			"time":	"Mon, 06 Apr 2026 04:31:49 UTC",
			"timesecs":	1775449909
		},
		"connecting_to":	{
			"host":	"192.168.8.2",
			"port":	5202
		},
		"cookie":	"sgk5fq6n5q6ma3ygogoyyxzthrn32avkofuz",
		"tcp_mss_default":	9448,
		"target_bitrate":	20000000,
		"fq_rate":	0,
		"sock_bufsize":	0,
		"sndbuf_actual":	16384,
		"rcvbuf_actual":	131072,
		"test_start":	{
			"protocol":	"TCP",
			"num_streams":	1,
			"blksize":	131072,
			"omit":	0,
			"duration":	3,
			"bytes":	0,
			"blocks":	0,
			"reverse":	0,
			"tos":	0,
			"target_bitrate":	20000000,
			"bidir":	0,
			"fqrate":	0,
			"interval":	1
		}
	},
	"intervals":	[{
			"streams":	[{
					"socket":	5,
					"start":	0,
					"end":	1.000397,
					"seconds":	1.0003969669342041,
					"bytes":	2621440,
					"bits_per_second":	20963198.303438373,
					"retransmits":	0,
					"snd_cwnd":	359024,
					"snd_wnd":	-1,
					"rtt":	165,
					"rttvar":	67,
					"pmtu":	9500,
					"omitted":	false,
					"sender":	true
				}],
			"sum":	{
				"start":	0,
				"end":	1.000397,
				"seconds":	1.0003969669342041,
				"bytes":	2621440,
				"bits_per_second":	20963198.303438373,
				"retransmits":	0,
				"omitted":	false,
				"sender":	true
			}
		}, {
			"streams":	[{
					"socket":	5,
					"start":	1.000397,
					"end":	2.00034,
					"seconds":	0.99994301795959473,
					"bytes":	2490368,
					"bits_per_second":	19924079.314692549,
					"retransmits":	0,
					"snd_cwnd":	359024,
					"snd_wnd":	-1,
					"rtt":	215,
					"rttvar":	113,
					"pmtu":	9500,
					"omitted":	false,
					"sender":	true
				}],
			"sum":	{
				"start":	1.000397,
				"end":	2.00034,
				"seconds":	0.99994301795959473,
				"bytes":	2490368,
				"bits_per_second":	19924079.314692549,
				"retransmits":	0,
				"omitted":	false,
				"sender":	true
			}
		}, {
			"streams":	[{
					"socket":	5,
					"start":	2.00034,
					"end":	3.000437,
					"seconds":	1.0000970363616943,
					"bytes":	2490368,
					"bits_per_second":	19921010.937577344,
					"retransmits":	0,
					"snd_cwnd":	359024,
					"snd_wnd":	-1,
					"rtt":	138,
					"rttvar":	74,
					"pmtu":	9500,
					"omitted":	false,
					"sender":	true
				}],
			"sum":	{
				"start":	2.00034,
				"end":	3.000437,
				"seconds":	1.0000970363616943,
				"bytes":	2490368,
				"bits_per_second":	19921010.937577344,
				"retransmits":	0,
				"omitted":	false,
				"sender":	true
			}
		}],
	"end":	{
		"streams":	[{
				"sender":	{
					"socket":	5,
					"start":	0,
					"end":	3.000437,
					"seconds":	3.000437,
					"bytes":	7602176,
					"bits_per_second":	20269516.740394816,
					"retransmits":	0,
					"max_snd_cwnd":	359024,
					"max_snd_wnd":	0,
					"max_rtt":	215,
					"min_rtt":	138,
					"mean_rtt":	172,
					"sender":	true
				},
				"receiver":	{
					"socket":	5,
					"start":	0,
					"end":	3.000619,
					"seconds":	3.000437,
					"bytes":	7602176,
					"bits_per_second":	20268287.3100517,
					"sender":	true
				}
			}],
		"sum_sent":	{
			"start":	0,
			"end":	3.000437,
			"seconds":	3.000437,
			"bytes":	7602176,
			"bits_per_second":	20269516.740394816,
			"retransmits":	0,
			"sender":	true
		},
		"sum_received":	{
			"start":	0,
			"end":	3.000619,
			"seconds":	3.000619,
			"bytes":	7602176,
			"bits_per_second":	20268287.3100517,
			"sender":	true
		},
		"cpu_utilization_percent":	{
			"host_total":	0.65223213215053732,
			"host_user":	0.063287934788112,
			"host_system":	0.58897750680178751,
			"remote_total":	0.19745649375254318,
			"remote_user":	0,
			"remote_system":	0.19745649375254318
		},
		"sender_tcp_congestion":	"cubic",
		"receiver_tcp_congestion":	"cubic"
	}
}
