{
	"start":	{
		"connected":	[{
				"socket":	5,
				"local_host":	"192.168.1.2",
				"local_port":	47838,
				"remote_host":	"192.168.8.2",
				"remote_port":	5202
			}],
		"version":	"iperf 3.19.1",
		"system_info":	"Linux h1 6.6.87.2-microsoft-standard-WSL2 #1 SMP PREEMPT_DYNAMIC Thu Jun  5 18:30:46 UTC 2025 x86_64",
		"timestamp":	{
			"time":	"Mon, 06 Apr 2026 04:30:38 UTC",
			"timesecs":	1775449838
		},
		"connecting_to":	{
			"host":	"192.168.8.2",
			"port":	5202
		},
		"cookie":	"k5euso4hm3f7rw32p4bk42db4m25effb6pps",
		"tcp_mss_default":	9448,
		"target_bitrate":	20000000,
		"fq_rate":	0,
		"sock_bufsize":	0,
		"sndbuf_actual":	16384,
		"rcvbuf_actual":	131072,
		"test_start":	{
			"protocol":	"TCP",
			"num_streams":	1,
			"blksize":	131072,
			"omit":	0,
			"duration":	3,
			"bytes":	0,
			"blocks":	0,
			"reverse":	0,
			"tos":	0,
			"target_bitrate":	20000000,
			"bidir":	0,
			"fqrate":	0,
			"interval":	1
		}
	},
	"intervals":	[{
			"streams":	[{
					"socket":	5,
					"start":	0,
					"end":	1.001094,
					"seconds":	1.0010939836502075,
					"bytes":	2621440,
					"bits_per_second":	20948602.571292311,
					"retransmits":	0,
					"snd_cwnd":	302336,
					"snd_wnd":	-1,
					"rtt":	187,
					"rttvar":	91,
					"pmtu":	9500,
					"omitted":	false,
					"sender":	true
				}],
			"sum":	{
				"start":	0,
				"end":	1.001094,
				"seconds":	1.0010939836502075,
				"bytes":	2621440,
				"bits_per_second":	20948602.571292311,
				"retransmits":	0,
				"omitted":	false,
				"sender":	true
			}
		}, {
			"streams":	[{
					"socket":	5,
					"start":	1.001094,
					"end":	2.001127,
					"seconds":	1.0000330209732056,
					"bytes":	2490368,
					"bits_per_second":	19922286.146722954,
					"retransmits":	0,
					"snd_cwnd":	302336,
					"snd_wnd":	-1,
					"rtt":	214,
					"rttvar":	122,
					"pmtu":	9500,
					"omitted":	false,
					"sender":	true
				}],
			"sum":	{
				"start":	1.001094,
				"end":	2.001127,
				"seconds":	1.0000330209732056,
				"bytes":	2490368,
				"bits_per_second":	19922286.146722954,
				"retransmits":	0,
				"omitted":	false,
				"sender":	true
			}
		}, {
			"streams":	[{
					"socket":	5,
					"start":	2.001127,
					"end":	3.001347,
					"seconds":	1.0002199411392212,
					"bytes":	2490368,
					"bits_per_second":	19918563.088542655,
					"retransmits":	0,
					"snd_cwnd":	302336,
					"snd_wnd":	-1,
					"rtt":	195,
					"rttvar":	65,
					"pmtu":	9500,
					"omitted":	false,
					"sender":	true
				}],
			"sum":	{
				"start":	2.001127,
				"end":	3.001347,
				"seconds":	1.0002199411392212,
				"bytes":	2490368,
				"bits_per_second":	19918563.088542655,
				"retransmits":	0,
				"omitted":	false,
				"sender":	true
			}
		}],
	"end":	{
		"streams":	[{
				"sender":	{
					"socket":	5,
					"start":	0,
					"end":	3.001347,
					"seconds":	3.001347,
					"bytes":	7602176,
					"bits_per_second":	20263371.079718541,
					"retransmits":	0,
					"max_snd_cwnd":	302336,
					"max_snd_wnd":	0,
					"max_rtt":	214,
					"min_rtt":	187,
					"mean_rtt":	198,
					"sender":	true
				},
				"receiver":	{
					"socket":	5,
					"start":	0,
					"end":	3.001597,
					"seconds":	3.001347,
					"bytes":	7602176,
					"bits_per_second":	20261683.363889292,
					"sender":	true
				}
			}],
		"sum_sent":	{
			"start":	0,
			"end":	3.001347,
			"seconds":	3.001347,
			"bytes":	7602176,
			"bits_per_second":	20263371.079718541,
			"retransmits":	0,
			"sender":	true
		},
		"sum_received":	{
			"start":	0,
			"end":	3.001597,
			"seconds":	3.001597,
			"bytes":	7602176,
			"bits_per_second":	20261683.363889292,
			"sender":	true
		},
		"cpu_utilization_percent":	{
			"host_total":	0.8812664925227236,
			"host_user":	0.13402178253633559,
			"host_system":	0.74727801559835028,
			"remote_total":	0.27698237793735747,
			"remote_user":	0.022587689709108537,
			"remote_system":	0.25446131858137316
		},
		"sender_tcp_congestion":	"cubic",
		"receiver_tcp_congestion":	"cubic"
	}
}
