{
	"start":	{
		"connected":	[{
				"socket":	5,
				"local_host":	"192.168.1.2",
				"local_port":	50416,
				"remote_host":	"192.168.8.2",
				"remote_port":	5202
			}],
		"version":	"iperf 3.19.1",
		"system_info":	"Linux h1 6.6.87.2-microsoft-standard-WSL2 #1 SMP PREEMPT_DYNAMIC Thu Jun  5 18:30:46 UTC 2025 x86_64",
		"timestamp":	{
			"time":	"Mon, 06 Apr 2026 04:29:53 UTC",
			"timesecs":	1775449793
		},
		"connecting_to":	{
			"host":	"192.168.8.2",
			"port":	5202
		},
		"cookie":	"jor4bnqu2rc72xtsgmxarsrhylntu7qftvwi",
		"tcp_mss_default":	9448,
		"target_bitrate":	20000000,
		"fq_rate":	0,
		"sock_bufsize":	0,
		"sndbuf_actual":	16384,
		"rcvbuf_actual":	131072,
		"test_start":	{
			"protocol":	"TCP",
			"num_streams":	1,
			"blksize":	131072,
			"omit":	0,
			"duration":	3,
			"bytes":	0,
			"blocks":	0,
			"reverse":	0,
			"tos":	0,
			"target_bitrate":	20000000,
			"bidir":	0,
			"fqrate":	0,
			"interval":	1
		}
	},
	"intervals":	[{
			"streams":	[{
					"socket":	5,
					"start":	0,
					"end":	1.001167,
					"seconds":	1.0011670589447021,
					"bytes":	2621440,
					"bits_per_second":	20947073.53047093,
					"retransmits":	0,
					"snd_cwnd":	207856,
					"snd_wnd":	-1,
					"rtt":	350,
					"rttvar":	262,
					"pmtu":	9500,
					"omitted":	false,
					"sender":	true
				}],
			"sum":	{
				"start":	0,
				"end":	1.001167,
				"seconds":	1.0011670589447021,
				"bytes":	2621440,
				"bits_per_second":	20947073.53047093,
				"retransmits":	0,
				"omitted":	false,
				"sender":	true
			}
		}, {
			"streams":	[{
					"socket":	5,
					"start":	1.001167,
					"end":	2.001086,
					"seconds":	0.99991899728775024,
					"bytes":	2490368,
					"bits_per_second":	19924557.943233781,
					"retransmits":	0,
					"snd_cwnd":	207856,
					"snd_wnd":	-1,
					"rtt":	229,
					"rttvar":	132,
					"pmtu":	9500,
					"omitted":	false,
					"sender":	true
				}],
			"sum":	{
				"start":	1.001167,
				"end":	2.001086,
				"seconds":	0.99991899728775024,
				"bytes":	2490368,
				"bits_per_second":	19924557.943233781,
				"retransmits":	0,
				"omitted":	false,
				"sender":	true
			}
		}, {
			"streams":	[{
					"socket":	5,
					"start":	2.001086,
					"end":	3.001247,
					"seconds":	1.0001610517501831,
					"bytes":	2490368,
					"bits_per_second":	19919735.89167146,
					"retransmits":	0,
					"snd_cwnd":	207856,
					"snd_wnd":	-1,
					"rtt":	306,
					"rttvar":	277,
					"pmtu":	9500,
					"omitted":	false,
					"sender":	true
				}],
			"sum":	{
				"start":	2.001086,
				"end":	3.001247,
				"seconds":	1.0001610517501831,
				"bytes":	2490368,
				"bits_per_second":	19919735.89167146,
				"retransmits":	0,
				"omitted":	false,
				"sender":	true
			}
		}],
	"end":	{
		"streams":	[{
				"sender":	{
					"socket":	5,
					"start":	0,
					"end":	3.001247,
					"seconds":	3.001247,
					"bytes":	7602176,
					"bits_per_second":	20264046.244777586,
					"retransmits":	0,
					"max_snd_cwnd":	207856,
					"max_snd_wnd":	0,
					"max_rtt":	350,
					"min_rtt":	229,
					"mean_rtt":	295,
					"sender":	true
				},
				"receiver":	{
					"socket":	5,
					"start":	0,
					"end":	3.001481,
					"seconds":	3.001247,
					"bytes":	7602176,
					"bits_per_second":	20262466.429072846,
					"sender":	true
				}
			}],
		"sum_sent":	{
			"start":	0,
			"end":	3.001247,
			"seconds":	3.001247,
			"bytes":	7602176,
			"bits_per_second":	20264046.244777586,
			"retransmits":	0,
			"sender":	true
		},
		"sum_received":	{
			"start":	0,
			"end":	3.001481,
			"seconds":	3.001481,
			"bytes":	7602176,
			"bits_per_second":	20262466.429072846,
			"sender":	true
		},
		"cpu_utilization_percent":	{
			"host_total":	1.1254967508258229,
			"host_user":	0.071267695785514867,
			"host_system":	1.0542290550403077,
			"remote_total":	0.38490472500284856,
			"remote_user":	0.0010661257855181471,
			"remote_system":	0.38383859921733043
		},
		"sender_tcp_congestion":	"cubic",
		"receiver_tcp_congestion":	"cubic"
	}
}
