{
	"start":	{
		"connected":	[{
				"socket":	5,
				"local_host":	"192.168.1.2",
				"local_port":	57016,
				"remote_host":	"192.168.8.2",
				"remote_port":	5203
			}],
		"version":	"iperf 3.19.1",
		"system_info":	"Linux h1 6.6.87.2-microsoft-standard-WSL2 #1 SMP PREEMPT_DYNAMIC Thu Jun  5 18:30:46 UTC 2025 x86_64",
		"timestamp":	{
			"time":	"Mon, 06 Apr 2026 04:11:33 UTC",
			"timesecs":	1775448693
		},
		"connecting_to":	{
			"host":	"192.168.8.2",
			"port":	5203
		},
		"cookie":	"g4fn353h3tvep46odiimnluhot5m5skp2w6u",
		"tcp_mss_default":	9448,
		"target_bitrate":	20000000,
		"fq_rate":	0,
		"sock_bufsize":	0,
		"sndbuf_actual":	16384,
		"rcvbuf_actual":	131072,
		"test_start":	{
			"protocol":	"TCP",
			"num_streams":	1,
			"blksize":	131072,
			"omit":	0,
			"duration":	3,
			"bytes":	0,
			"blocks":	0,
			"reverse":	0,
			"tos":	0,
			"target_bitrate":	20000000,
			"bidir":	0,
			"fqrate":	0,
			"interval":	1
		}
	},
	"intervals":	[{
			"streams":	[{
					"socket":	5,
					"start":	0,
					"end":	1.001526,
					"seconds":	1.0015259981155396,
					"bytes":	2621440,
					"bits_per_second":	20939566.261344973,
					"retransmits":	0,
					"snd_cwnd":	359024,
					"snd_wnd":	-1,
					"rtt":	127,
					"rttvar":	91,
					"pmtu":	9500,
					"omitted":	false,
					"sender":	true
				}],
			"sum":	{
				"start":	0,
				"end":	1.001526,
				"seconds":	1.0015259981155396,
				"bytes":	2621440,
				"bits_per_second":	20939566.261344973,
				"retransmits":	0,
				"omitted":	false,
				"sender":	true
			}
		}, {
			"streams":	[{
					"socket":	5,
					"start":	1.001526,
					"end":	2.00105,
					"seconds":	0.99952399730682373,
					"bytes":	2490368,
					"bits_per_second":	19932431.891261794,
					"retransmits":	0,
					"snd_cwnd":	359024,
					"snd_wnd":	-1,
					"rtt":	244,
					"rttvar":	143,
					"pmtu":	9500,
					"omitted":	false,
					"sender":	true
				}],
			"sum":	{
				"start":	1.001526,
				"end":	2.00105,
				"seconds":	0.99952399730682373,
				"bytes":	2490368,
				"bits_per_second":	19932431.891261794,
				"retransmits":	0,
				"omitted":	false,
				"sender":	true
			}
		}, {
			"streams":	[{
					"socket":	5,
					"start":	2.00105,
					"end":	3.00122,
					"seconds":	1.0001699924468994,
					"bytes":	2490368,
					"bits_per_second":	19919557.825624067,
					"retransmits":	0,
					"snd_cwnd":	359024,
					"snd_wnd":	-1,
					"rtt":	109,
					"rttvar":	54,
					"pmtu":	9500,
					"omitted":	false,
					"sender":	true
				}],
			"sum":	{
				"start":	2.00105,
				"end":	3.00122,
				"seconds":	1.0001699924468994,
				"bytes":	2490368,
				"bits_per_second":	19919557.825624067,
				"retransmits":	0,
				"omitted":	false,
				"sender":	true
			}
		}],
	"end":	{
		"streams":	[{
				"sender":	{
					"socket":	5,
					"start":	0,
					"end":	3.00122,
					"seconds":	3.00122,
					"bytes":	7602176,
					"bits_per_second":	20264228.547057532,
					"retransmits":	0,
					"max_snd_cwnd":	359024,
					"max_snd_wnd":	0,
					"max_rtt":	244,
					"min_rtt":	109,
					"mean_rtt":	160,
					"sender":	true
				},
				"receiver":	{
					"socket":	5,
					"start":	0,
					"end":	3.001427,
					"seconds":	3.00122,
					"bytes":	7602176,
					"bits_per_second":	20262830.980063815,
					"sender":	true
				}
			}],
		"sum_sent":	{
			"start":	0,
			"end":	3.00122,
			"seconds":	3.00122,
			"bytes":	7602176,
			"bits_per_second":	20264228.547057532,
			"retransmits":	0,
			"sender":	true
		},
		"sum_received":	{
			"start":	0,
			"end":	3.001427,
			"seconds":	3.001427,
			"bytes":	7602176,
			"bits_per_second":	20262830.980063815,
			"sender":	true
		},
		"cpu_utilization_percent":	{
			"host_total":	0.675026034910592,
			"host_user":	0.0327705174577938,
			"host_system":	0.642222214081398,
			"remote_total":	0.21819497548513314,
			"remote_user":	0,
			"remote_system":	0.21822829278174105
		},
		"sender_tcp_congestion":	"cubic",
		"receiver_tcp_congestion":	"cubic"
	}
}
