{
	"start":	{
		"connected":	[{
				"socket":	5,
				"local_host":	"192.168.1.2",
				"local_port":	52592,
				"remote_host":	"192.168.8.2",
				"remote_port":	5203
			}],
		"version":	"iperf 3.19.1",
		"system_info":	"Linux h1 6.6.87.2-microsoft-standard-WSL2 #1 SMP PREEMPT_DYNAMIC Thu Jun  5 18:30:46 UTC 2025 x86_64",
		"timestamp":	{
			"time":	"Mon, 06 Apr 2026 04:27:50 UTC",
			"timesecs":	1775449670
		},
		"connecting_to":	{
			"host":	"192.168.8.2",
			"port":	5203
		},
		"cookie":	"5jiuut3o4ys4do2r2545e5mdh465buyzijki",
		"tcp_mss_default":	9448,
		"target_bitrate":	20000000,
		"fq_rate":	0,
		"sock_bufsize":	0,
		"sndbuf_actual":	16384,
		"rcvbuf_actual":	131072,
		"test_start":	{
			"protocol":	"TCP",
			"num_streams":	1,
			"blksize":	131072,
			"omit":	0,
			"duration":	3,
			"bytes":	0,
			"blocks":	0,
			"reverse":	0,
			"tos":	0,
			"target_bitrate":	20000000,
			"bidir":	0,
			"fqrate":	0,
			"interval":	1
		}
	},
	"intervals":	[{
			"streams":	[{
					"socket":	5,
					"start":	0,
					"end":	1.00115,
					"seconds":	1.0011500120162964,
					"bytes":	2621440,
					"bits_per_second":	20947430.203555383,
					"retransmits":	0,
					"snd_cwnd":	264544,
					"snd_wnd":	-1,
					"rtt":	281,
					"rttvar":	168,
					"pmtu":	9500,
					"omitted":	false,
					"sender":	true
				}],
			"sum":	{
				"start":	0,
				"end":	1.00115,
				"seconds":	1.0011500120162964,
				"bytes":	2621440,
				"bits_per_second":	20947430.203555383,
				"retransmits":	0,
				"omitted":	false,
				"sender":	true
			}
		}, {
			"streams":	[{
					"socket":	5,
					"start":	1.00115,
					"end":	2.001266,
					"seconds":	1.0001159906387329,
					"bytes":	2490368,
					"bits_per_second":	19920633.39300878,
					"retransmits":	0,
					"snd_cwnd":	264544,
					"snd_wnd":	-1,
					"rtt":	292,
					"rttvar":	269,
					"pmtu":	9500,
					"omitted":	false,
					"sender":	true
				}],
			"sum":	{
				"start":	1.00115,
				"end":	2.001266,
				"seconds":	1.0001159906387329,
				"bytes":	2490368,
				"bits_per_second":	19920633.39300878,
				"retransmits":	0,
				"omitted":	false,
				"sender":	true
			}
		}, {
			"streams":	[{
					"socket":	5,
					"start":	2.001266,
					"end":	3.001689,
					"seconds":	1.0004229545593262,
					"bytes":	2490368,
					"bits_per_second":	19914521.062519811,
					"retransmits":	0,
					"snd_cwnd":	264544,
					"snd_wnd":	-1,
					"rtt":	685,
					"rttvar":	913,
					"pmtu":	9500,
					"omitted":	false,
					"sender":	true
				}],
			"sum":	{
				"start":	2.001266,
				"end":	3.001689,
				"seconds":	1.0004229545593262,
				"bytes":	2490368,
				"bits_per_second":	19914521.062519811,
				"retransmits":	0,
				"omitted":	false,
				"sender":	true
			}
		}],
	"end":	{
		"streams":	[{
				"sender":	{
					"socket":	5,
					"start":	0,
					"end":	3.001689,
					"seconds":	3.001689,
					"bytes":	7602176,
					"bits_per_second":	20261062.35522734,
					"retransmits":	0,
					"max_snd_cwnd":	264544,
					"max_snd_wnd":	0,
					"max_rtt":	685,
					"min_rtt":	281,
					"mean_rtt":	419,
					"sender":	true
				},
				"receiver":	{
					"socket":	5,
					"start":	0,
					"end":	3.001899,
					"seconds":	3.001689,
					"bytes":	7602176,
					"bits_per_second":	20259644.97806222,
					"sender":	true
				}
			}],
		"sum_sent":	{
			"start":	0,
			"end":	3.001689,
			"seconds":	3.001689,
			"bytes":	7602176,
			"bits_per_second":	20261062.35522734,
			"retransmits":	0,
			"sender":	true
		},
		"sum_received":	{
			"start":	0,
			"end":	3.001899,
			"seconds":	3.001899,
			"bytes":	7602176,
			"bits_per_second":	20259644.97806222,
			"sender":	true
		},
		"cpu_utilization_percent":	{
			"host_total":	2.8581876165185021,
			"host_user":	0.25000482891970072,
			"host_system":	2.6079163644428993,
			"remote_total":	0.97763511438277539,
			"remote_user":	0.1258187211061654,
			"remote_system":	0.85181639327661
		},
		"sender_tcp_congestion":	"cubic",
		"receiver_tcp_congestion":	"cubic"
	}
}
