{
	"start":	{
		"connected":	[{
				"socket":	5,
				"local_host":	"192.168.1.2",
				"local_port":	32892,
				"remote_host":	"192.168.8.2",
				"remote_port":	5202
			}],
		"version":	"iperf 3.19.1",
		"system_info":	"Linux h1 6.6.87.2-microsoft-standard-WSL2 #1 SMP PREEMPT_DYNAMIC Thu Jun  5 18:30:46 UTC 2025 x86_64",
		"timestamp":	{
			"time":	"Mon, 06 Apr 2026 04:13:22 UTC",
			"timesecs":	1775448802
		},
		"connecting_to":	{
			"host":	"192.168.8.2",
			"port":	5202
		},
		"cookie":	"ae2htmb5dlmf3bumw6xvdj2qodjeoewbkx5u",
		"tcp_mss_default":	9448,
		"target_bitrate":	20000000,
		"fq_rate":	0,
		"sock_bufsize":	0,
		"sndbuf_actual":	16384,
		"rcvbuf_actual":	131072,
		"test_start":	{
			"protocol":	"TCP",
			"num_streams":	1,
			"blksize":	131072,
			"omit":	0,
			"duration":	3,
			"bytes":	0,
			"blocks":	0,
			"reverse":	0,
			"tos":	0,
			"target_bitrate":	20000000,
			"bidir":	0,
			"fqrate":	0,
			"interval":	1
		}
	},
	"intervals":	[{
			"streams":	[{
					"socket":	5,
					"start":	0,
					"end":	1.001092,
					"seconds":	1.0010919570922852,
					"bytes":	2621440,
					"bits_per_second":	20948644.978541918,
					"retransmits":	0,
					"snd_cwnd":	264544,
					"snd_wnd":	-1,
					"rtt":	343,
					"rttvar":	224,
					"pmtu":	9500,
					"omitted":	false,
					"sender":	true
				}],
			"sum":	{
				"start":	0,
				"end":	1.001092,
				"seconds":	1.0010919570922852,
				"bytes":	2621440,
				"bits_per_second":	20948644.978541918,
				"retransmits":	0,
				"omitted":	false,
				"sender":	true
			}
		}, {
			"streams":	[{
					"socket":	5,
					"start":	1.001092,
					"end":	2.001176,
					"seconds":	1.0000840425491333,
					"bytes":	2490368,
					"bits_per_second":	19921269.765706919,
					"retransmits":	0,
					"snd_cwnd":	264544,
					"snd_wnd":	-1,
					"rtt":	175,
					"rttvar":	68,
					"pmtu":	9500,
					"omitted":	false,
					"sender":	true
				}],
			"sum":	{
				"start":	1.001092,
				"end":	2.001176,
				"seconds":	1.0000840425491333,
				"bytes":	2490368,
				"bits_per_second":	19921269.765706919,
				"retransmits":	0,
				"omitted":	false,
				"sender":	true
			}
		}, {
			"streams":	[{
					"socket":	5,
					"start":	2.001176,
					"end":	3.001326,
					"seconds":	1.0001499652862549,
					"bytes":	2490368,
					"bits_per_second":	19919956.6979916,
					"retransmits":	0,
					"snd_cwnd":	264544,
					"snd_wnd":	-1,
					"rtt":	237,
					"rttvar":	148,
					"pmtu":	9500,
					"omitted":	false,
					"sender":	true
				}],
			"sum":	{
				"start":	2.001176,
				"end":	3.001326,
				"seconds":	1.0001499652862549,
				"bytes":	2490368,
				"bits_per_second":	19919956.6979916,
				"retransmits":	0,
				"omitted":	false,
				"sender":	true
			}
		}],
	"end":	{
		"streams":	[{
				"sender":	{
					"socket":	5,
					"start":	0,
					"end":	3.001326,
					"seconds":	3.001326,
					"bytes":	7602176,
					"bits_per_second":	20263512.860648926,
					"retransmits":	0,
					"max_snd_cwnd":	264544,
					"max_snd_wnd":	0,
					"max_rtt":	343,
					"min_rtt":	175,
					"mean_rtt":	251,
					"sender":	true
				},
				"receiver":	{
					"socket":	5,
					"start":	0,
					"end":	3.001586,
					"seconds":	3.001326,
					"bytes":	7602176,
					"bits_per_second":	20261757.6174729,
					"sender":	true
				}
			}],
		"sum_sent":	{
			"start":	0,
			"end":	3.001326,
			"seconds":	3.001326,
			"bytes":	7602176,
			"bits_per_second":	20263512.860648926,
			"retransmits":	0,
			"sender":	true
		},
		"sum_received":	{
			"start":	0,
			"end":	3.001586,
			"seconds":	3.001586,
			"bytes":	7602176,
			"bits_per_second":	20261757.6174729,
			"sender":	true
		},
		"cpu_utilization_percent":	{
			"host_total":	1.2772105394098834,
			"host_user":	0.041664460215436232,
			"host_system":	1.2355127742702141,
			"remote_total":	0.41520718382054578,
			"remote_user":	0.14935198628480353,
			"remote_system":	0.26588851272340336
		},
		"sender_tcp_congestion":	"cubic",
		"receiver_tcp_congestion":	"cubic"
	}
}
