{
	"start":	{
		"connected":	[{
				"socket":	5,
				"local_host":	"192.168.1.2",
				"local_port":	40582,
				"remote_host":	"192.168.8.2",
				"remote_port":	5204
			}],
		"version":	"iperf 3.19.1",
		"system_info":	"Linux h1 6.6.87.2-microsoft-standard-WSL2 #1 SMP PREEMPT_DYNAMIC Thu Jun  5 18:30:46 UTC 2025 x86_64",
		"timestamp":	{
			"time":	"Mon, 06 Apr 2026 04:16:06 UTC",
			"timesecs":	1775448966
		},
		"connecting_to":	{
			"host":	"192.168.8.2",
			"port":	5204
		},
		"cookie":	"anaydc5e65h3an64qx6t3vcuokhvhsy4zerm",
		"tcp_mss_default":	9448,
		"target_bitrate":	20000000,
		"fq_rate":	0,
		"sock_bufsize":	0,
		"sndbuf_actual":	16384,
		"rcvbuf_actual":	131072,
		"test_start":	{
			"protocol":	"TCP",
			"num_streams":	1,
			"blksize":	131072,
			"omit":	0,
			"duration":	3,
			"bytes":	0,
			"blocks":	0,
			"reverse":	0,
			"tos":	0,
			"target_bitrate":	20000000,
			"bidir":	0,
			"fqrate":	0,
			"interval":	1
		}
	},
	"intervals":	[{
			"streams":	[{
					"socket":	5,
					"start":	0,
					"end":	1.000363,
					"seconds":	1.0003629922866821,
					"bytes":	2621440,
					"bits_per_second":	20963910.2622761,
					"retransmits":	0,
					"snd_cwnd":	311784,
					"snd_wnd":	-1,
					"rtt":	131,
					"rttvar":	57,
					"pmtu":	9500,
					"omitted":	false,
					"sender":	true
				}],
			"sum":	{
				"start":	0,
				"end":	1.000363,
				"seconds":	1.0003629922866821,
				"bytes":	2621440,
				"bits_per_second":	20963910.2622761,
				"retransmits":	0,
				"omitted":	false,
				"sender":	true
			}
		}, {
			"streams":	[{
					"socket":	5,
					"start":	1.000363,
					"end":	2.000516,
					"seconds":	1.0001529455184937,
					"bytes":	2490368,
					"bits_per_second":	19919897.340972845,
					"retransmits":	0,
					"snd_cwnd":	311784,
					"snd_wnd":	-1,
					"rtt":	260,
					"rttvar":	126,
					"pmtu":	9500,
					"omitted":	false,
					"sender":	true
				}],
			"sum":	{
				"start":	1.000363,
				"end":	2.000516,
				"seconds":	1.0001529455184937,
				"bytes":	2490368,
				"bits_per_second":	19919897.340972845,
				"retransmits":	0,
				"omitted":	false,
				"sender":	true
			}
		}, {
			"streams":	[{
					"socket":	5,
					"start":	2.000516,
					"end":	3.000559,
					"seconds":	1.0000430345535278,
					"bytes":	2490368,
					"bits_per_second":	19922086.661895163,
					"retransmits":	0,
					"snd_cwnd":	311784,
					"snd_wnd":	-1,
					"rtt":	293,
					"rttvar":	158,
					"pmtu":	9500,
					"omitted":	false,
					"sender":	true
				}],
			"sum":	{
				"start":	2.000516,
				"end":	3.000559,
				"seconds":	1.0000430345535278,
				"bytes":	2490368,
				"bits_per_second":	19922086.661895163,
				"retransmits":	0,
				"omitted":	false,
				"sender":	true
			}
		}],
	"end":	{
		"streams":	[{
				"sender":	{
					"socket":	5,
					"start":	0,
					"end":	3.000559,
					"seconds":	3.000559,
					"bytes":	7602176,
					"bits_per_second":	20268692.600278813,
					"retransmits":	0,
					"max_snd_cwnd":	311784,
					"max_snd_wnd":	0,
					"max_rtt":	293,
					"min_rtt":	131,
					"mean_rtt":	228,
					"sender":	true
				},
				"receiver":	{
					"socket":	5,
					"start":	0,
					"end":	3.000822,
					"seconds":	3.000559,
					"bytes":	7602176,
					"bits_per_second":	20266916.198295,
					"sender":	true
				}
			}],
		"sum_sent":	{
			"start":	0,
			"end":	3.000559,
			"seconds":	3.000559,
			"bytes":	7602176,
			"bits_per_second":	20268692.600278813,
			"retransmits":	0,
			"sender":	true
		},
		"sum_received":	{
			"start":	0,
			"end":	3.000822,
			"seconds":	3.000822,
			"bytes":	7602176,
			"bits_per_second":	20266916.198295,
			"sender":	true
		},
		"cpu_utilization_percent":	{
			"host_total":	0.91209903703262,
			"host_user":	0.14567600763125083,
			"host_system":	0.766489654604951,
			"remote_total":	0.34340075718117469,
			"remote_user":	0.14585784708219326,
			"remote_system":	0.19767620491011434
		},
		"sender_tcp_congestion":	"cubic",
		"receiver_tcp_congestion":	"cubic"
	}
}
