{
	"start":	{
		"connected":	[{
				"socket":	5,
				"local_host":	"192.168.1.2",
				"local_port":	50366,
				"remote_host":	"192.168.8.2",
				"remote_port":	5202
			}],
		"version":	"iperf 3.19.1",
		"system_info":	"Linux h1 6.6.87.2-microsoft-standard-WSL2 #1 SMP PREEMPT_DYNAMIC Thu Jun  5 18:30:46 UTC 2025 x86_64",
		"timestamp":	{
			"time":	"Mon, 06 Apr 2026 04:16:44 UTC",
			"timesecs":	1775449004
		},
		"connecting_to":	{
			"host":	"192.168.8.2",
			"port":	5202
		},
		"cookie":	"ohnhqnlef36a5rus77yymepmbzvk2xnsok6d",
		"tcp_mss_default":	9448,
		"target_bitrate":	20000000,
		"fq_rate":	0,
		"sock_bufsize":	0,
		"sndbuf_actual":	16384,
		"rcvbuf_actual":	131072,
		"test_start":	{
			"protocol":	"TCP",
			"num_streams":	1,
			"blksize":	131072,
			"omit":	0,
			"duration":	3,
			"bytes":	0,
			"blocks":	0,
			"reverse":	0,
			"tos":	0,
			"target_bitrate":	20000000,
			"bidir":	0,
			"fqrate":	0,
			"interval":	1
		}
	},
	"intervals":	[{
			"streams":	[{
					"socket":	5,
					"start":	0,
					"end":	1.000634,
					"seconds":	1.0006339550018311,
					"bytes":	2621440,
					"bits_per_second":	20958233.423091888,
					"retransmits":	0,
					"snd_cwnd":	264544,
					"snd_wnd":	-1,
					"rtt":	194,
					"rttvar":	75,
					"pmtu":	9500,
					"omitted":	false,
					"sender":	true
				}],
			"sum":	{
				"start":	0,
				"end":	1.000634,
				"seconds":	1.0006339550018311,
				"bytes":	2621440,
				"bits_per_second":	20958233.423091888,
				"retransmits":	0,
				"omitted":	false,
				"sender":	true
			}
		}, {
			"streams":	[{
					"socket":	5,
					"start":	1.000634,
					"end":	2.000554,
					"seconds":	0.99992001056671143,
					"bytes":	2490368,
					"bits_per_second":	19924537.752483357,
					"retransmits":	0,
					"snd_cwnd":	264544,
					"snd_wnd":	-1,
					"rtt":	199,
					"rttvar":	91,
					"pmtu":	9500,
					"omitted":	false,
					"sender":	true
				}],
			"sum":	{
				"start":	1.000634,
				"end":	2.000554,
				"seconds":	0.99992001056671143,
				"bytes":	2490368,
				"bits_per_second":	19924537.752483357,
				"retransmits":	0,
				"omitted":	false,
				"sender":	true
			}
		}, {
			"streams":	[{
					"socket":	5,
					"start":	2.000554,
					"end":	3.000653,
					"seconds":	1.0000989437103271,
					"bytes":	2490368,
					"bits_per_second":	19920972.945023492,
					"retransmits":	0,
					"snd_cwnd":	264544,
					"snd_wnd":	-1,
					"rtt":	506,
					"rttvar":	701,
					"pmtu":	9500,
					"omitted":	false,
					"sender":	true
				}],
			"sum":	{
				"start":	2.000554,
				"end":	3.000653,
				"seconds":	1.0000989437103271,
				"bytes":	2490368,
				"bits_per_second":	19920972.945023492,
				"retransmits":	0,
				"omitted":	false,
				"sender":	true
			}
		}],
	"end":	{
		"streams":	[{
				"sender":	{
					"socket":	5,
					"start":	0,
					"end":	3.000653,
					"seconds":	3.000653,
					"bytes":	7602176,
					"bits_per_second":	20268057.652784247,
					"retransmits":	0,
					"max_snd_cwnd":	264544,
					"max_snd_wnd":	0,
					"max_rtt":	506,
					"min_rtt":	194,
					"mean_rtt":	299,
					"sender":	true
				},
				"receiver":	{
					"socket":	5,
					"start":	0,
					"end":	3.000823,
					"seconds":	3.000653,
					"bytes":	7602176,
					"bits_per_second":	20266909.444509055,
					"sender":	true
				}
			}],
		"sum_sent":	{
			"start":	0,
			"end":	3.000653,
			"seconds":	3.000653,
			"bytes":	7602176,
			"bits_per_second":	20268057.652784247,
			"retransmits":	0,
			"sender":	true
		},
		"sum_received":	{
			"start":	0,
			"end":	3.000823,
			"seconds":	3.000823,
			"bytes":	7602176,
			"bits_per_second":	20266909.444509055,
			"sender":	true
		},
		"cpu_utilization_percent":	{
			"host_total":	0.959036081988444,
			"host_user":	0.14139613195329465,
			"host_system":	0.817606649014906,
			"remote_total":	0.35436130323917026,
			"remote_user":	0,
			"remote_system":	0.35429465638883373
		},
		"sender_tcp_congestion":	"cubic",
		"receiver_tcp_congestion":	"cubic"
	}
}
