{
	"start":	{
		"connected":	[{
				"socket":	5,
				"local_host":	"192.168.1.2",
				"local_port":	54838,
				"remote_host":	"192.168.8.2",
				"remote_port":	5202
			}],
		"version":	"iperf 3.19.1",
		"system_info":	"Linux h1 6.6.87.2-microsoft-standard-WSL2 #1 SMP PREEMPT_DYNAMIC Thu Jun  5 18:30:46 UTC 2025 x86_64",
		"timestamp":	{
			"time":	"Mon, 06 Apr 2026 04:16:12 UTC",
			"timesecs":	1775448972
		},
		"connecting_to":	{
			"host":	"192.168.8.2",
			"port":	5202
		},
		"cookie":	"tzy6wlebve6g7djlw2ylandio276e5373lq6",
		"tcp_mss_default":	9448,
		"target_bitrate":	20000000,
		"fq_rate":	0,
		"sock_bufsize":	0,
		"sndbuf_actual":	16384,
		"rcvbuf_actual":	131072,
		"test_start":	{
			"protocol":	"TCP",
			"num_streams":	1,
			"blksize":	131072,
			"omit":	0,
			"duration":	3,
			"bytes":	0,
			"blocks":	0,
			"reverse":	0,
			"tos":	0,
			"target_bitrate":	20000000,
			"bidir":	0,
			"fqrate":	0,
			"interval":	1
		}
	},
	"intervals":	[{
			"streams":	[{
					"socket":	5,
					"start":	0,
					"end":	1.000816,
					"seconds":	1.0008159875869751,
					"bytes":	2621440,
					"bits_per_second":	20954421.45220276,
					"retransmits":	0,
					"snd_cwnd":	207856,
					"snd_wnd":	-1,
					"rtt":	167,
					"rttvar":	97,
					"pmtu":	9500,
					"omitted":	false,
					"sender":	true
				}],
			"sum":	{
				"start":	0,
				"end":	1.000816,
				"seconds":	1.0008159875869751,
				"bytes":	2621440,
				"bits_per_second":	20954421.45220276,
				"retransmits":	0,
				"omitted":	false,
				"sender":	true
			}
		}, {
			"streams":	[{
					"socket":	5,
					"start":	1.000816,
					"end":	2.000826,
					"seconds":	1.0000100135803223,
					"bytes":	2490368,
					"bits_per_second":	19922744.501997691,
					"retransmits":	0,
					"snd_cwnd":	207856,
					"snd_wnd":	-1,
					"rtt":	215,
					"rttvar":	91,
					"pmtu":	9500,
					"omitted":	false,
					"sender":	true
				}],
			"sum":	{
				"start":	1.000816,
				"end":	2.000826,
				"seconds":	1.0000100135803223,
				"bytes":	2490368,
				"bits_per_second":	19922744.501997691,
				"retransmits":	0,
				"omitted":	false,
				"sender":	true
			}
		}, {
			"streams":	[{
					"socket":	5,
					"start":	2.000826,
					"end":	3.001271,
					"seconds":	1.0004450082778931,
					"bytes":	2490368,
					"bits_per_second":	19914082.068632815,
					"retransmits":	0,
					"snd_cwnd":	207856,
					"snd_wnd":	-1,
					"rtt":	201,
					"rttvar":	89,
					"pmtu":	9500,
					"omitted":	false,
					"sender":	true
				}],
			"sum":	{
				"start":	2.000826,
				"end":	3.001271,
				"seconds":	1.0004450082778931,
				"bytes":	2490368,
				"bits_per_second":	19914082.068632815,
				"retransmits":	0,
				"omitted":	false,
				"sender":	true
			}
		}],
	"end":	{
		"streams":	[{
				"sender":	{
					"socket":	5,
					"start":	0,
					"end":	3.001271,
					"seconds":	3.001271,
					"bytes":	7602176,
					"bits_per_second":	20263884.20106015,
					"retransmits":	0,
					"max_snd_cwnd":	207856,
					"max_snd_wnd":	0,
					"max_rtt":	215,
					"min_rtt":	167,
					"mean_rtt":	194,
					"sender":	true
				},
				"receiver":	{
					"socket":	5,
					"start":	0,
					"end":	3.001388,
					"seconds":	3.001271,
					"bytes":	7602176,
					"bits_per_second":	20263094.275048744,
					"sender":	true
				}
			}],
		"sum_sent":	{
			"start":	0,
			"end":	3.001271,
			"seconds":	3.001271,
			"bytes":	7602176,
			"bits_per_second":	20263884.20106015,
			"retransmits":	0,
			"sender":	true
		},
		"sum_received":	{
			"start":	0,
			"end":	3.001388,
			"seconds":	3.001388,
			"bytes":	7602176,
			"bits_per_second":	20263094.275048744,
			"sender":	true
		},
		"cpu_utilization_percent":	{
			"host_total":	0.80941538188959739,
			"host_user":	0.165153508837661,
			"host_system":	0.644694822359234,
			"remote_total":	0.30222170099075812,
			"remote_user":	0.00862919419651707,
			"remote_system":	0.293592506794241
		},
		"sender_tcp_congestion":	"cubic",
		"receiver_tcp_congestion":	"cubic"
	}
}
