{
	"start":	{
		"connected":	[{
				"socket":	5,
				"local_host":	"192.168.1.2",
				"local_port":	38892,
				"remote_host":	"192.168.8.2",
				"remote_port":	5205
			}],
		"version":	"iperf 3.19.1",
		"system_info":	"Linux h1 6.6.87.2-microsoft-standard-WSL2 #1 SMP PREEMPT_DYNAMIC Thu Jun  5 18:30:46 UTC 2025 x86_64",
		"timestamp":	{
			"time":	"Mon, 06 Apr 2026 04:25:11 UTC",
			"timesecs":	1775449511
		},
		"connecting_to":	{
			"host":	"192.168.8.2",
			"port":	5205
		},
		"cookie":	"tei3a4ri4fv3mo6hlt2rmdqjknpqqilux3nu",
		"tcp_mss_default":	9448,
		"target_bitrate":	20000000,
		"fq_rate":	0,
		"sock_bufsize":	0,
		"sndbuf_actual":	16384,
		"rcvbuf_actual":	131072,
		"test_start":	{
			"protocol":	"TCP",
			"num_streams":	1,
			"blksize":	131072,
			"omit":	0,
			"duration":	3,
			"bytes":	0,
			"blocks":	0,
			"reverse":	0,
			"tos":	0,
			"target_bitrate":	20000000,
			"bidir":	0,
			"fqrate":	0,
			"interval":	1
		}
	},
	"intervals":	[{
			"streams":	[{
					"socket":	5,
					"start":	0,
					"end":	1.001343,
					"seconds":	1.0013430118560791,
					"bytes":	2621440,
					"bits_per_second":	20943392.775196388,
					"retransmits":	0,
					"snd_cwnd":	226752,
					"snd_wnd":	-1,
					"rtt":	227,
					"rttvar":	88,
					"pmtu":	9500,
					"omitted":	false,
					"sender":	true
				}],
			"sum":	{
				"start":	0,
				"end":	1.001343,
				"seconds":	1.0013430118560791,
				"bytes":	2621440,
				"bits_per_second":	20943392.775196388,
				"retransmits":	0,
				"omitted":	false,
				"sender":	true
			}
		}, {
			"streams":	[{
					"socket":	5,
					"start":	1.001343,
					"end":	2.001445,
					"seconds":	1.0001020431518555,
					"bytes":	2490368,
					"bits_per_second":	19920911.207432561,
					"retransmits":	0,
					"snd_cwnd":	226752,
					"snd_wnd":	-1,
					"rtt":	410,
					"rttvar":	315,
					"pmtu":	9500,
					"omitted":	false,
					"sender":	true
				}],
			"sum":	{
				"start":	1.001343,
				"end":	2.001445,
				"seconds":	1.0001020431518555,
				"bytes":	2490368,
				"bits_per_second":	19920911.207432561,
				"retransmits":	0,
				"omitted":	false,
				"sender":	true
			}
		}, {
			"streams":	[{
					"socket":	5,
					"start":	2.001445,
					"end":	3.001215,
					"seconds":	0.99976998567581177,
					"bytes":	2490368,
					"bits_per_second":	19927527.616797522,
					"retransmits":	0,
					"snd_cwnd":	226752,
					"snd_wnd":	-1,
					"rtt":	188,
					"rttvar":	89,
					"pmtu":	9500,
					"omitted":	false,
					"sender":	true
				}],
			"sum":	{
				"start":	2.001445,
				"end":	3.001215,
				"seconds":	0.99976998567581177,
				"bytes":	2490368,
				"bits_per_second":	19927527.616797522,
				"retransmits":	0,
				"omitted":	false,
				"sender":	true
			}
		}],
	"end":	{
		"streams":	[{
				"sender":	{
					"socket":	5,
					"start":	0,
					"end":	3.001215,
					"seconds":	3.001215,
					"bytes":	7602176,
					"bits_per_second":	20264262.307098959,
					"retransmits":	0,
					"max_snd_cwnd":	226752,
					"max_snd_wnd":	0,
					"max_rtt":	410,
					"min_rtt":	188,
					"mean_rtt":	275,
					"sender":	true
				},
				"receiver":	{
					"socket":	5,
					"start":	0,
					"end":	3.001659,
					"seconds":	3.001215,
					"bytes":	7602176,
					"bits_per_second":	20261264.853869144,
					"sender":	true
				}
			}],
		"sum_sent":	{
			"start":	0,
			"end":	3.001215,
			"seconds":	3.001215,
			"bytes":	7602176,
			"bits_per_second":	20264262.307098959,
			"retransmits":	0,
			"sender":	true
		},
		"sum_received":	{
			"start":	0,
			"end":	3.001659,
			"seconds":	3.001659,
			"bytes":	7602176,
			"bits_per_second":	20261264.853869144,
			"sender":	true
		},
		"cpu_utilization_percent":	{
			"host_total":	1.7815270904142224,
			"host_user":	0.139947790365166,
			"host_system":	1.6415461763116916,
			"remote_total":	0.49014644440654842,
			"remote_user":	0,
			"remote_system":	0.48931376833219647
		},
		"sender_tcp_congestion":	"cubic",
		"receiver_tcp_congestion":	"cubic"
	}
}
