{
	"start":	{
		"connected":	[{
				"socket":	5,
				"local_host":	"192.168.1.2",
				"local_port":	45818,
				"remote_host":	"192.168.8.2",
				"remote_port":	5202
			}],
		"version":	"iperf 3.19.1",
		"system_info":	"Linux h1 6.6.87.2-microsoft-standard-WSL2 #1 SMP PREEMPT_DYNAMIC Thu Jun  5 18:30:46 UTC 2025 x86_64",
		"timestamp":	{
			"time":	"Mon, 06 Apr 2026 04:26:50 UTC",
			"timesecs":	1775449610
		},
		"connecting_to":	{
			"host":	"192.168.8.2",
			"port":	5202
		},
		"cookie":	"d5avwpj7lvyekvkjatpcc3ufkmc4hjuigm7j",
		"tcp_mss_default":	9448,
		"target_bitrate":	20000000,
		"fq_rate":	0,
		"sock_bufsize":	0,
		"sndbuf_actual":	16384,
		"rcvbuf_actual":	131072,
		"test_start":	{
			"protocol":	"TCP",
			"num_streams":	1,
			"blksize":	131072,
			"omit":	0,
			"duration":	3,
			"bytes":	0,
			"blocks":	0,
			"reverse":	0,
			"tos":	0,
			"target_bitrate":	20000000,
			"bidir":	0,
			"fqrate":	0,
			"interval":	1
		}
	},
	"intervals":	[{
			"streams":	[{
					"socket":	5,
					"start":	0,
					"end":	1.001103,
					"seconds":	1.0011030435562134,
					"bytes":	2621440,
					"bits_per_second":	20948412.988040645,
					"retransmits":	0,
					"snd_cwnd":	264544,
					"snd_wnd":	-1,
					"rtt":	482,
					"rttvar":	386,
					"pmtu":	9500,
					"omitted":	false,
					"sender":	true
				}],
			"sum":	{
				"start":	0,
				"end":	1.001103,
				"seconds":	1.0011030435562134,
				"bytes":	2621440,
				"bits_per_second":	20948412.988040645,
				"retransmits":	0,
				"omitted":	false,
				"sender":	true
			}
		}, {
			"streams":	[{
					"socket":	5,
					"start":	1.001103,
					"end":	2.001126,
					"seconds":	1.0000230073928833,
					"bytes":	2490368,
					"bits_per_second":	19922485.635545772,
					"retransmits":	0,
					"snd_cwnd":	264544,
					"snd_wnd":	-1,
					"rtt":	407,
					"rttvar":	339,
					"pmtu":	9500,
					"omitted":	false,
					"sender":	true
				}],
			"sum":	{
				"start":	1.001103,
				"end":	2.001126,
				"seconds":	1.0000230073928833,
				"bytes":	2490368,
				"bits_per_second":	19922485.635545772,
				"retransmits":	0,
				"omitted":	false,
				"sender":	true
			}
		}, {
			"streams":	[{
					"socket":	5,
					"start":	2.001126,
					"end":	3.000839,
					"seconds":	0.99971300363540649,
					"bytes":	2490368,
					"bits_per_second":	19928663.453962494,
					"retransmits":	0,
					"snd_cwnd":	264544,
					"snd_wnd":	-1,
					"rtt":	228,
					"rttvar":	142,
					"pmtu":	9500,
					"omitted":	false,
					"sender":	true
				}],
			"sum":	{
				"start":	2.001126,
				"end":	3.000839,
				"seconds":	0.99971300363540649,
				"bytes":	2490368,
				"bits_per_second":	19928663.453962494,
				"retransmits":	0,
				"omitted":	false,
				"sender":	true
			}
		}],
	"end":	{
		"streams":	[{
				"sender":	{
					"socket":	5,
					"start":	0,
					"end":	3.000839,
					"seconds":	3.000839,
					"bytes":	7602176,
					"bits_per_second":	20266801.384546123,
					"retransmits":	0,
					"max_snd_cwnd":	264544,
					"max_snd_wnd":	0,
					"max_rtt":	482,
					"min_rtt":	228,
					"mean_rtt":	372,
					"sender":	true
				},
				"receiver":	{
					"socket":	5,
					"start":	0,
					"end":	3.000993,
					"seconds":	3.000839,
					"bytes":	7602176,
					"bits_per_second":	20265761.366321083,
					"sender":	true
				}
			}],
		"sum_sent":	{
			"start":	0,
			"end":	3.000839,
			"seconds":	3.000839,
			"bytes":	7602176,
			"bits_per_second":	20266801.384546123,
			"retransmits":	0,
			"sender":	true
		},
		"sum_received":	{
			"start":	0,
			"end":	3.000993,
			"seconds":	3.000993,
			"bytes":	7602176,
			"bits_per_second":	20265761.366321083,
			"sender":	true
		},
		"cpu_utilization_percent":	{
			"host_total":	1.4683955677312071,
			"host_user":	0,
			"host_system":	1.4683955677312071,
			"remote_total":	0.52885017488943,
			"remote_user":	0,
			"remote_system":	0.52888349668231571
		},
		"sender_tcp_congestion":	"cubic",
		"receiver_tcp_congestion":	"cubic"
	}
}
