{
	"start":	{
		"connected":	[{
				"socket":	5,
				"local_host":	"192.168.1.2",
				"local_port":	45644,
				"remote_host":	"192.168.8.2",
				"remote_port":	5202
			}],
		"version":	"iperf 3.19.1",
		"system_info":	"Linux h1 6.6.87.2-microsoft-standard-WSL2 #1 SMP PREEMPT_DYNAMIC Thu Jun  5 18:30:46 UTC 2025 x86_64",
		"timestamp":	{
			"time":	"Mon, 06 Apr 2026 04:20:50 UTC",
			"timesecs":	1775449250
		},
		"connecting_to":	{
			"host":	"192.168.8.2",
			"port":	5202
		},
		"cookie":	"fl47a5xcbsymm35emqm6aaw7qrfqneqzye4z",
		"tcp_mss_default":	9448,
		"target_bitrate":	20000000,
		"fq_rate":	0,
		"sock_bufsize":	0,
		"sndbuf_actual":	16384,
		"rcvbuf_actual":	131072,
		"test_start":	{
			"protocol":	"TCP",
			"num_streams":	1,
			"blksize":	131072,
			"omit":	0,
			"duration":	3,
			"bytes":	0,
			"blocks":	0,
			"reverse":	0,
			"tos":	0,
			"target_bitrate":	20000000,
			"bidir":	0,
			"fqrate":	0,
			"interval":	1
		}
	},
	"intervals":	[{
			"streams":	[{
					"socket":	5,
					"start":	0,
					"end":	1.001615,
					"seconds":	1.001615047454834,
					"bytes":	2621440,
					"bits_per_second":	20937704.613453977,
					"retransmits":	0,
					"snd_cwnd":	264544,
					"snd_wnd":	-1,
					"rtt":	172,
					"rttvar":	113,
					"pmtu":	9500,
					"omitted":	false,
					"sender":	true
				}],
			"sum":	{
				"start":	0,
				"end":	1.001615,
				"seconds":	1.001615047454834,
				"bytes":	2621440,
				"bits_per_second":	20937704.613453977,
				"retransmits":	0,
				"omitted":	false,
				"sender":	true
			}
		}, {
			"streams":	[{
					"socket":	5,
					"start":	1.001615,
					"end":	2.001194,
					"seconds":	0.99957901239395142,
					"bytes":	2490368,
					"bits_per_second":	19931334.844941724,
					"retransmits":	0,
					"snd_cwnd":	264544,
					"snd_wnd":	-1,
					"rtt":	152,
					"rttvar":	77,
					"pmtu":	9500,
					"omitted":	false,
					"sender":	true
				}],
			"sum":	{
				"start":	1.001615,
				"end":	2.001194,
				"seconds":	0.99957901239395142,
				"bytes":	2490368,
				"bits_per_second":	19931334.844941724,
				"retransmits":	0,
				"omitted":	false,
				"sender":	true
			}
		}, {
			"streams":	[{
					"socket":	5,
					"start":	2.001194,
					"end":	3.000416,
					"seconds":	0.99922198057174683,
					"bytes":	2490368,
					"bits_per_second":	19938456.506531462,
					"retransmits":	0,
					"snd_cwnd":	264544,
					"snd_wnd":	-1,
					"rtt":	186,
					"rttvar":	73,
					"pmtu":	9500,
					"omitted":	false,
					"sender":	true
				}],
			"sum":	{
				"start":	2.001194,
				"end":	3.000416,
				"seconds":	0.99922198057174683,
				"bytes":	2490368,
				"bits_per_second":	19938456.506531462,
				"retransmits":	0,
				"omitted":	false,
				"sender":	true
			}
		}],
	"end":	{
		"streams":	[{
				"sender":	{
					"socket":	5,
					"start":	0,
					"end":	3.000416,
					"seconds":	3.000416,
					"bytes":	7602176,
					"bits_per_second":	20269658.607339781,
					"retransmits":	0,
					"max_snd_cwnd":	264544,
					"max_snd_wnd":	0,
					"max_rtt":	186,
					"min_rtt":	152,
					"mean_rtt":	170,
					"sender":	true
				},
				"receiver":	{
					"socket":	5,
					"start":	0,
					"end":	3.000679,
					"seconds":	3.000416,
					"bytes":	7602176,
					"bits_per_second":	20267882.036032513,
					"sender":	true
				}
			}],
		"sum_sent":	{
			"start":	0,
			"end":	3.000416,
			"seconds":	3.000416,
			"bytes":	7602176,
			"bits_per_second":	20269658.607339781,
			"retransmits":	0,
			"sender":	true
		},
		"sum_received":	{
			"start":	0,
			"end":	3.000679,
			"seconds":	3.000679,
			"bytes":	7602176,
			"bits_per_second":	20267882.036032513,
			"sender":	true
		},
		"cpu_utilization_percent":	{
			"host_total":	0.848162348228314,
			"host_user":	0.17977390333254706,
			"host_system":	0.668488393322379,
			"remote_total":	0.26630302024482816,
			"remote_user":	0.00033325368570245043,
			"remote_system":	0.26596976655912569
		},
		"sender_tcp_congestion":	"cubic",
		"receiver_tcp_congestion":	"cubic"
	}
}
