{
	"start":	{
		"connected":	[{
				"socket":	5,
				"local_host":	"192.168.1.2",
				"local_port":	42578,
				"remote_host":	"192.168.8.2",
				"remote_port":	5204
			}],
		"version":	"iperf 3.19.1",
		"system_info":	"Linux h1 6.6.87.2-microsoft-standard-WSL2 #1 SMP PREEMPT_DYNAMIC Thu Jun  5 18:30:46 UTC 2025 x86_64",
		"timestamp":	{
			"time":	"Mon, 06 Apr 2026 04:15:47 UTC",
			"timesecs":	1775448947
		},
		"connecting_to":	{
			"host":	"192.168.8.2",
			"port":	5204
		},
		"cookie":	"6d7psan4sp36m2bvigtlvikeb5232dxlgyjo",
		"tcp_mss_default":	9448,
		"target_bitrate":	20000000,
		"fq_rate":	0,
		"sock_bufsize":	0,
		"sndbuf_actual":	16384,
		"rcvbuf_actual":	131072,
		"test_start":	{
			"protocol":	"TCP",
			"num_streams":	1,
			"blksize":	131072,
			"omit":	0,
			"duration":	3,
			"bytes":	0,
			"blocks":	0,
			"reverse":	0,
			"tos":	0,
			"target_bitrate":	20000000,
			"bidir":	0,
			"fqrate":	0,
			"interval":	1
		}
	},
	"intervals":	[{
			"streams":	[{
					"socket":	5,
					"start":	0,
					"end":	1.000187,
					"seconds":	1.0001870393753052,
					"bytes":	2621440,
					"bits_per_second":	20967598.233524751,
					"retransmits":	0,
					"snd_cwnd":	264544,
					"snd_wnd":	-1,
					"rtt":	245,
					"rttvar":	162,
					"pmtu":	9500,
					"omitted":	false,
					"sender":	true
				}],
			"sum":	{
				"start":	0,
				"end":	1.000187,
				"seconds":	1.0001870393753052,
				"bytes":	2621440,
				"bits_per_second":	20967598.233524751,
				"retransmits":	0,
				"omitted":	false,
				"sender":	true
			}
		}, {
			"streams":	[{
					"socket":	5,
					"start":	1.000187,
					"end":	2.001111,
					"seconds":	1.0009239912033081,
					"bytes":	2490368,
					"bits_per_second":	19904552.36870553,
					"retransmits":	0,
					"snd_cwnd":	264544,
					"snd_wnd":	-1,
					"rtt":	222,
					"rttvar":	117,
					"pmtu":	9500,
					"omitted":	false,
					"sender":	true
				}],
			"sum":	{
				"start":	1.000187,
				"end":	2.001111,
				"seconds":	1.0009239912033081,
				"bytes":	2490368,
				"bits_per_second":	19904552.36870553,
				"retransmits":	0,
				"omitted":	false,
				"sender":	true
			}
		}, {
			"streams":	[{
					"socket":	5,
					"start":	2.001111,
					"end":	3.001427,
					"seconds":	1.0003160238265991,
					"bytes":	2490368,
					"bits_per_second":	19916649.864096913,
					"retransmits":	0,
					"snd_cwnd":	264544,
					"snd_wnd":	-1,
					"rtt":	169,
					"rttvar":	92,
					"pmtu":	9500,
					"omitted":	false,
					"sender":	true
				}],
			"sum":	{
				"start":	2.001111,
				"end":	3.001427,
				"seconds":	1.0003160238265991,
				"bytes":	2490368,
				"bits_per_second":	19916649.864096913,
				"retransmits":	0,
				"omitted":	false,
				"sender":	true
			}
		}],
	"end":	{
		"streams":	[{
				"sender":	{
					"socket":	5,
					"start":	0,
					"end":	3.001427,
					"seconds":	3.001427,
					"bytes":	7602176,
					"bits_per_second":	20262830.980063815,
					"retransmits":	0,
					"max_snd_cwnd":	264544,
					"max_snd_wnd":	0,
					"max_rtt":	245,
					"min_rtt":	169,
					"mean_rtt":	212,
					"sender":	true
				},
				"receiver":	{
					"socket":	5,
					"start":	0,
					"end":	3.001674,
					"seconds":	3.001427,
					"bytes":	7602176,
					"bits_per_second":	20261163.604042277,
					"sender":	true
				}
			}],
		"sum_sent":	{
			"start":	0,
			"end":	3.001427,
			"seconds":	3.001427,
			"bytes":	7602176,
			"bits_per_second":	20262830.980063815,
			"retransmits":	0,
			"sender":	true
		},
		"sum_received":	{
			"start":	0,
			"end":	3.001674,
			"seconds":	3.001674,
			"bytes":	7602176,
			"bits_per_second":	20261163.604042277,
			"sender":	true
		},
		"cpu_utilization_percent":	{
			"host_total":	0.99089602619120176,
			"host_user":	0.066610380894810542,
			"host_system":	0.9242190349154964,
			"remote_total":	0.31029124868074581,
			"remote_user":	0,
			"remote_system":	0.31105748217007984
		},
		"sender_tcp_congestion":	"cubic",
		"receiver_tcp_congestion":	"cubic"
	}
}
