{
	"start":	{
		"connected":	[{
				"socket":	5,
				"local_host":	"192.168.1.2",
				"local_port":	43434,
				"remote_host":	"192.168.8.2",
				"remote_port":	5202
			}],
		"version":	"iperf 3.19.1",
		"system_info":	"Linux h1 6.6.87.2-microsoft-standard-WSL2 #1 SMP PREEMPT_DYNAMIC Thu Jun  5 18:30:46 UTC 2025 x86_64",
		"timestamp":	{
			"time":	"Mon, 06 Apr 2026 04:14:28 UTC",
			"timesecs":	1775448868
		},
		"connecting_to":	{
			"host":	"192.168.8.2",
			"port":	5202
		},
		"cookie":	"q4qysf4p7u7w4i2i4kfoohirkvoxl63iljr5",
		"tcp_mss_default":	9448,
		"target_bitrate":	20000000,
		"fq_rate":	0,
		"sock_bufsize":	0,
		"sndbuf_actual":	16384,
		"rcvbuf_actual":	131072,
		"test_start":	{
			"protocol":	"TCP",
			"num_streams":	1,
			"blksize":	131072,
			"omit":	0,
			"duration":	3,
			"bytes":	0,
			"blocks":	0,
			"reverse":	0,
			"tos":	0,
			"target_bitrate":	20000000,
			"bidir":	0,
			"fqrate":	0,
			"interval":	1
		}
	},
	"intervals":	[{
			"streams":	[{
					"socket":	5,
					"start":	0,
					"end":	1.001195,
					"seconds":	1.001194953918457,
					"bytes":	2621440,
					"bits_per_second":	20946489.909804359,
					"retransmits":	0,
					"snd_cwnd":	340128,
					"snd_wnd":	-1,
					"rtt":	279,
					"rttvar":	133,
					"pmtu":	9500,
					"omitted":	false,
					"sender":	true
				}],
			"sum":	{
				"start":	0,
				"end":	1.001195,
				"seconds":	1.001194953918457,
				"bytes":	2621440,
				"bits_per_second":	20946489.909804359,
				"retransmits":	0,
				"omitted":	false,
				"sender":	true
			}
		}, {
			"streams":	[{
					"socket":	5,
					"start":	1.001195,
					"end":	2.001157,
					"seconds":	0.9999619722366333,
					"bytes":	2490368,
					"bits_per_second":	19923701.653811879,
					"retransmits":	0,
					"snd_cwnd":	340128,
					"snd_wnd":	-1,
					"rtt":	206,
					"rttvar":	79,
					"pmtu":	9500,
					"omitted":	false,
					"sender":	true
				}],
			"sum":	{
				"start":	1.001195,
				"end":	2.001157,
				"seconds":	0.9999619722366333,
				"bytes":	2490368,
				"bits_per_second":	19923701.653811879,
				"retransmits":	0,
				"omitted":	false,
				"sender":	true
			}
		}, {
			"streams":	[{
					"socket":	5,
					"start":	2.001157,
					"end":	3.001398,
					"seconds":	1.0002410411834717,
					"bytes":	2490368,
					"bits_per_second":	19918142.907261077,
					"retransmits":	0,
					"snd_cwnd":	340128,
					"snd_wnd":	-1,
					"rtt":	258,
					"rttvar":	96,
					"pmtu":	9500,
					"omitted":	false,
					"sender":	true
				}],
			"sum":	{
				"start":	2.001157,
				"end":	3.001398,
				"seconds":	1.0002410411834717,
				"bytes":	2490368,
				"bits_per_second":	19918142.907261077,
				"retransmits":	0,
				"omitted":	false,
				"sender":	true
			}
		}],
	"end":	{
		"streams":	[{
				"sender":	{
					"socket":	5,
					"start":	0,
					"end":	3.001398,
					"seconds":	3.001398,
					"bytes":	7602176,
					"bits_per_second":	20263026.76286184,
					"retransmits":	0,
					"max_snd_cwnd":	340128,
					"max_snd_wnd":	0,
					"max_rtt":	279,
					"min_rtt":	206,
					"mean_rtt":	247,
					"sender":	true
				},
				"receiver":	{
					"socket":	5,
					"start":	0,
					"end":	3.001663,
					"seconds":	3.001398,
					"bytes":	7602176,
					"bits_per_second":	20261237.853816368,
					"sender":	true
				}
			}],
		"sum_sent":	{
			"start":	0,
			"end":	3.001398,
			"seconds":	3.001398,
			"bytes":	7602176,
			"bits_per_second":	20263026.76286184,
			"retransmits":	0,
			"sender":	true
		},
		"sum_received":	{
			"start":	0,
			"end":	3.001663,
			"seconds":	3.001663,
			"bytes":	7602176,
			"bits_per_second":	20261237.853816368,
			"sender":	true
		},
		"cpu_utilization_percent":	{
			"host_total":	1.0141559546194185,
			"host_user":	0.11080050114996731,
			"host_system":	0.903388756896307,
			"remote_total":	0.34506066544939334,
			"remote_user":	0,
			"remote_system":	0.34489409822336065
		},
		"sender_tcp_congestion":	"cubic",
		"receiver_tcp_congestion":	"cubic"
	}
}
