{
	"start":	{
		"connected":	[{
				"socket":	5,
				"local_host":	"192.168.1.2",
				"local_port":	37302,
				"remote_host":	"192.168.8.2",
				"remote_port":	5204
			}],
		"version":	"iperf 3.19.1",
		"system_info":	"Linux h1 6.6.87.2-microsoft-standard-WSL2 #1 SMP PREEMPT_DYNAMIC Thu Jun  5 18:30:46 UTC 2025 x86_64",
		"timestamp":	{
			"time":	"Mon, 06 Apr 2026 04:37:55 UTC",
			"timesecs":	1775450275
		},
		"connecting_to":	{
			"host":	"192.168.8.2",
			"port":	5204
		},
		"cookie":	"a7ojazepu47pwwtifdfhhku7gzyn5gfvs46i",
		"tcp_mss_default":	9448,
		"target_bitrate":	20000000,
		"fq_rate":	0,
		"sock_bufsize":	0,
		"sndbuf_actual":	16384,
		"rcvbuf_actual":	131072,
		"test_start":	{
			"protocol":	"TCP",
			"num_streams":	1,
			"blksize":	131072,
			"omit":	0,
			"duration":	3,
			"bytes":	0,
			"blocks":	0,
			"reverse":	0,
			"tos":	0,
			"target_bitrate":	20000000,
			"bidir":	0,
			"fqrate":	0,
			"interval":	1
		}
	},
	"intervals":	[{
			"streams":	[{
					"socket":	5,
					"start":	0,
					"end":	1.000232,
					"seconds":	1.0002319812774658,
					"bytes":	2621440,
					"bits_per_second":	20966656.128327165,
					"retransmits":	0,
					"snd_cwnd":	359024,
					"snd_wnd":	-1,
					"rtt":	210,
					"rttvar":	85,
					"pmtu":	9500,
					"omitted":	false,
					"sender":	true
				}],
			"sum":	{
				"start":	0,
				"end":	1.000232,
				"seconds":	1.0002319812774658,
				"bytes":	2621440,
				"bits_per_second":	20966656.128327165,
				"retransmits":	0,
				"omitted":	false,
				"sender":	true
			}
		}, {
			"streams":	[{
					"socket":	5,
					"start":	1.000232,
					"end":	2.000238,
					"seconds":	1.0000059604644775,
					"bytes":	2490368,
					"bits_per_second":	19922825.2507078,
					"retransmits":	0,
					"snd_cwnd":	359024,
					"snd_wnd":	-1,
					"rtt":	233,
					"rttvar":	111,
					"pmtu":	9500,
					"omitted":	false,
					"sender":	true
				}],
			"sum":	{
				"start":	1.000232,
				"end":	2.000238,
				"seconds":	1.0000059604644775,
				"bytes":	2490368,
				"bits_per_second":	19922825.2507078,
				"retransmits":	0,
				"omitted":	false,
				"sender":	true
			}
		}, {
			"streams":	[{
					"socket":	5,
					"start":	2.000238,
					"end":	3.001194,
					"seconds":	1.0009560585021973,
					"bytes":	2490368,
					"bits_per_second":	19903914.693130624,
					"retransmits":	0,
					"snd_cwnd":	359024,
					"snd_wnd":	-1,
					"rtt":	237,
					"rttvar":	134,
					"pmtu":	9500,
					"omitted":	false,
					"sender":	true
				}],
			"sum":	{
				"start":	2.000238,
				"end":	3.001194,
				"seconds":	1.0009560585021973,
				"bytes":	2490368,
				"bits_per_second":	19903914.693130624,
				"retransmits":	0,
				"omitted":	false,
				"sender":	true
			}
		}],
	"end":	{
		"streams":	[{
				"sender":	{
					"socket":	5,
					"start":	0,
					"end":	3.001194,
					"seconds":	3.001194,
					"bytes":	7602176,
					"bits_per_second":	20264404.100501336,
					"retransmits":	0,
					"max_snd_cwnd":	359024,
					"max_snd_wnd":	0,
					"max_rtt":	237,
					"min_rtt":	210,
					"mean_rtt":	226,
					"sender":	true
				},
				"receiver":	{
					"socket":	5,
					"start":	0,
					"end":	3.001551,
					"seconds":	3.001194,
					"bytes":	7602176,
					"bits_per_second":	20261993.882496081,
					"sender":	true
				}
			}],
		"sum_sent":	{
			"start":	0,
			"end":	3.001194,
			"seconds":	3.001194,
			"bytes":	7602176,
			"bits_per_second":	20264404.100501336,
			"retransmits":	0,
			"sender":	true
		},
		"sum_received":	{
			"start":	0,
			"end":	3.001551,
			"seconds":	3.001551,
			"bytes":	7602176,
			"bits_per_second":	20261993.882496081,
			"sender":	true
		},
		"cpu_utilization_percent":	{
			"host_total":	0.86230642737877039,
			"host_user":	0,
			"host_system":	0.862539582193234,
			"remote_total":	0.30287351707415722,
			"remote_user":	0,
			"remote_system":	0.30314004310392217
		},
		"sender_tcp_congestion":	"cubic",
		"receiver_tcp_congestion":	"cubic"
	}
}
