{
	"start":	{
		"connected":	[{
				"socket":	5,
				"local_host":	"192.168.1.2",
				"local_port":	40360,
				"remote_host":	"192.168.8.2",
				"remote_port":	5202
			}],
		"version":	"iperf 3.19.1",
		"system_info":	"Linux h1 6.6.87.2-microsoft-standard-WSL2 #1 SMP PREEMPT_DYNAMIC Thu Jun  5 18:30:46 UTC 2025 x86_64",
		"timestamp":	{
			"time":	"Mon, 06 Apr 2026 04:34:08 UTC",
			"timesecs":	1775450048
		},
		"connecting_to":	{
			"host":	"192.168.8.2",
			"port":	5202
		},
		"cookie":	"yblyzkvqbnk6v22ucz3sq5faj457pgwtlc5c",
		"tcp_mss_default":	9448,
		"target_bitrate":	20000000,
		"fq_rate":	0,
		"sock_bufsize":	0,
		"sndbuf_actual":	16384,
		"rcvbuf_actual":	131072,
		"test_start":	{
			"protocol":	"TCP",
			"num_streams":	1,
			"blksize":	131072,
			"omit":	0,
			"duration":	3,
			"bytes":	0,
			"blocks":	0,
			"reverse":	0,
			"tos":	0,
			"target_bitrate":	20000000,
			"bidir":	0,
			"fqrate":	0,
			"interval":	1
		}
	},
	"intervals":	[{
			"streams":	[{
					"socket":	5,
					"start":	0,
					"end":	1.000838,
					"seconds":	1.000838041305542,
					"bytes":	2621440,
					"bits_per_second":	20953959.716243125,
					"retransmits":	0,
					"snd_cwnd":	283440,
					"snd_wnd":	-1,
					"rtt":	123,
					"rttvar":	72,
					"pmtu":	9500,
					"omitted":	false,
					"sender":	true
				}],
			"sum":	{
				"start":	0,
				"end":	1.000838,
				"seconds":	1.000838041305542,
				"bytes":	2621440,
				"bits_per_second":	20953959.716243125,
				"retransmits":	0,
				"omitted":	false,
				"sender":	true
			}
		}, {
			"streams":	[{
					"socket":	5,
					"start":	1.000838,
					"end":	2.000781,
					"seconds":	0.99994301795959473,
					"bytes":	2490368,
					"bits_per_second":	19924079.314692549,
					"retransmits":	0,
					"snd_cwnd":	283440,
					"snd_wnd":	-1,
					"rtt":	184,
					"rttvar":	83,
					"pmtu":	9500,
					"omitted":	false,
					"sender":	true
				}],
			"sum":	{
				"start":	1.000838,
				"end":	2.000781,
				"seconds":	0.99994301795959473,
				"bytes":	2490368,
				"bits_per_second":	19924079.314692549,
				"retransmits":	0,
				"omitted":	false,
				"sender":	true
			}
		}, {
			"streams":	[{
					"socket":	5,
					"start":	2.000781,
					"end":	3.001381,
					"seconds":	1.0005999803543091,
					"bytes":	2490368,
					"bits_per_second":	19910997.792489816,
					"retransmits":	0,
					"snd_cwnd":	283440,
					"snd_wnd":	-1,
					"rtt":	141,
					"rttvar":	69,
					"pmtu":	9500,
					"omitted":	false,
					"sender":	true
				}],
			"sum":	{
				"start":	2.000781,
				"end":	3.001381,
				"seconds":	1.0005999803543091,
				"bytes":	2490368,
				"bits_per_second":	19910997.792489816,
				"retransmits":	0,
				"omitted":	false,
				"sender":	true
			}
		}],
	"end":	{
		"streams":	[{
				"sender":	{
					"socket":	5,
					"start":	0,
					"end":	3.001381,
					"seconds":	3.001381,
					"bytes":	7602176,
					"bits_per_second":	20263141.533847254,
					"retransmits":	0,
					"max_snd_cwnd":	283440,
					"max_snd_wnd":	0,
					"max_rtt":	184,
					"min_rtt":	123,
					"mean_rtt":	149,
					"sender":	true
				},
				"receiver":	{
					"socket":	5,
					"start":	0,
					"end":	3.001647,
					"seconds":	3.001381,
					"bytes":	7602176,
					"bits_per_second":	20261345.854459234,
					"sender":	true
				}
			}],
		"sum_sent":	{
			"start":	0,
			"end":	3.001381,
			"seconds":	3.001381,
			"bytes":	7602176,
			"bits_per_second":	20263141.533847254,
			"retransmits":	0,
			"sender":	true
		},
		"sum_received":	{
			"start":	0,
			"end":	3.001647,
			"seconds":	3.001647,
			"bytes":	7602176,
			"bits_per_second":	20261345.854459234,
			"sender":	true
		},
		"cpu_utilization_percent":	{
			"host_total":	0.67565114847041,
			"host_user":	0,
			"host_system":	0.675717754459021,
			"remote_total":	0.260386128375425,
			"remote_user":	0.11490170890056822,
			"remote_system":	0.14551773397439313
		},
		"sender_tcp_congestion":	"cubic",
		"receiver_tcp_congestion":	"cubic"
	}
}
