{
	"start":	{
		"connected":	[{
				"socket":	5,
				"local_host":	"192.168.1.2",
				"local_port":	37588,
				"remote_host":	"192.168.8.2",
				"remote_port":	5203
			}],
		"version":	"iperf 3.19.1",
		"system_info":	"Linux h1 6.6.87.2-microsoft-standard-WSL2 #1 SMP PREEMPT_DYNAMIC Thu Jun  5 18:30:46 UTC 2025 x86_64",
		"timestamp":	{
			"time":	"Mon, 06 Apr 2026 04:15:53 UTC",
			"timesecs":	1775448953
		},
		"connecting_to":	{
			"host":	"192.168.8.2",
			"port":	5203
		},
		"cookie":	"xqvkb5o2abz2rjzhgdqfx22fjbqgc3dslwpp",
		"tcp_mss_default":	9448,
		"target_bitrate":	20000000,
		"fq_rate":	0,
		"sock_bufsize":	0,
		"sndbuf_actual":	16384,
		"rcvbuf_actual":	131072,
		"test_start":	{
			"protocol":	"TCP",
			"num_streams":	1,
			"blksize":	131072,
			"omit":	0,
			"duration":	3,
			"bytes":	0,
			"blocks":	0,
			"reverse":	0,
			"tos":	0,
			"target_bitrate":	20000000,
			"bidir":	0,
			"fqrate":	0,
			"interval":	1
		}
	},
	"intervals":	[{
			"streams":	[{
					"socket":	5,
					"start":	0,
					"end":	1.001109,
					"seconds":	1.0011090040206909,
					"bytes":	2621440,
					"bits_per_second":	20948288.264088534,
					"retransmits":	0,
					"snd_cwnd":	359024,
					"snd_wnd":	-1,
					"rtt":	198,
					"rttvar":	127,
					"pmtu":	9500,
					"omitted":	false,
					"sender":	true
				}],
			"sum":	{
				"start":	0,
				"end":	1.001109,
				"seconds":	1.0011090040206909,
				"bytes":	2621440,
				"bits_per_second":	20948288.264088534,
				"retransmits":	0,
				"omitted":	false,
				"sender":	true
			}
		}, {
			"streams":	[{
					"socket":	5,
					"start":	1.001109,
					"end":	2.001077,
					"seconds":	0.99996799230575562,
					"bytes":	2490368,
					"bits_per_second":	19923581.707911558,
					"retransmits":	0,
					"snd_cwnd":	359024,
					"snd_wnd":	-1,
					"rtt":	165,
					"rttvar":	75,
					"pmtu":	9500,
					"omitted":	false,
					"sender":	true
				}],
			"sum":	{
				"start":	1.001109,
				"end":	2.001077,
				"seconds":	0.99996799230575562,
				"bytes":	2490368,
				"bits_per_second":	19923581.707911558,
				"retransmits":	0,
				"omitted":	false,
				"sender":	true
			}
		}, {
			"streams":	[{
					"socket":	5,
					"start":	2.001077,
					"end":	3.001168,
					"seconds":	1.0000909566879272,
					"bytes":	2490368,
					"bits_per_second":	19921132.0398099,
					"retransmits":	0,
					"snd_cwnd":	359024,
					"snd_wnd":	-1,
					"rtt":	214,
					"rttvar":	128,
					"pmtu":	9500,
					"omitted":	false,
					"sender":	true
				}],
			"sum":	{
				"start":	2.001077,
				"end":	3.001168,
				"seconds":	1.0000909566879272,
				"bytes":	2490368,
				"bits_per_second":	19921132.0398099,
				"retransmits":	0,
				"omitted":	false,
				"sender":	true
			}
		}],
	"end":	{
		"streams":	[{
				"sender":	{
					"socket":	5,
					"start":	0,
					"end":	3.001168,
					"seconds":	3.001168,
					"bytes":	7602176,
					"bits_per_second":	20264579.656986881,
					"retransmits":	0,
					"max_snd_cwnd":	359024,
					"max_snd_wnd":	0,
					"max_rtt":	214,
					"min_rtt":	165,
					"mean_rtt":	192,
					"sender":	true
				},
				"receiver":	{
					"socket":	5,
					"start":	0,
					"end":	3.004388,
					"seconds":	3.001168,
					"bytes":	7602176,
					"bits_per_second":	20242860.775638834,
					"sender":	true
				}
			}],
		"sum_sent":	{
			"start":	0,
			"end":	3.001168,
			"seconds":	3.001168,
			"bytes":	7602176,
			"bits_per_second":	20264579.656986881,
			"retransmits":	0,
			"sender":	true
		},
		"sum_received":	{
			"start":	0,
			"end":	3.004388,
			"seconds":	3.004388,
			"bytes":	7602176,
			"bits_per_second":	20242860.775638834,
			"sender":	true
		},
		"cpu_utilization_percent":	{
			"host_total":	0.809580670786848,
			"host_user":	0,
			"host_system":	0.809580670786848,
			"remote_total":	0.26840383593815531,
			"remote_user":	0.0023964628208763866,
			"remote_system":	0.2660739415289699
		},
		"sender_tcp_congestion":	"cubic",
		"receiver_tcp_congestion":	"cubic"
	}
}
