{
	"start":	{
		"connected":	[{
				"socket":	5,
				"local_host":	"192.168.1.2",
				"local_port":	57988,
				"remote_host":	"192.168.8.2",
				"remote_port":	5202
			}],
		"version":	"iperf 3.19.1",
		"system_info":	"Linux h1 6.6.87.2-microsoft-standard-WSL2 #1 SMP PREEMPT_DYNAMIC Thu Jun  5 18:30:46 UTC 2025 x86_64",
		"timestamp":	{
			"time":	"Mon, 06 Apr 2026 04:12:59 UTC",
			"timesecs":	1775448779
		},
		"connecting_to":	{
			"host":	"192.168.8.2",
			"port":	5202
		},
		"cookie":	"6twqflqrt3lta2gb5e6ez62vrf3hr4xjauqz",
		"tcp_mss_default":	9448,
		"target_bitrate":	20000000,
		"fq_rate":	0,
		"sock_bufsize":	0,
		"sndbuf_actual":	16384,
		"rcvbuf_actual":	131072,
		"test_start":	{
			"protocol":	"TCP",
			"num_streams":	1,
			"blksize":	131072,
			"omit":	0,
			"duration":	3,
			"bytes":	0,
			"blocks":	0,
			"reverse":	0,
			"tos":	0,
			"target_bitrate":	20000000,
			"bidir":	0,
			"fqrate":	0,
			"interval":	1
		}
	},
	"intervals":	[{
			"streams":	[{
					"socket":	5,
					"start":	0,
					"end":	1.001376,
					"seconds":	1.0013760328292847,
					"bytes":	2621440,
					"bits_per_second":	20942702.154301751,
					"retransmits":	0,
					"snd_cwnd":	264544,
					"snd_wnd":	-1,
					"rtt":	216,
					"rttvar":	89,
					"pmtu":	9500,
					"omitted":	false,
					"sender":	true
				}],
			"sum":	{
				"start":	0,
				"end":	1.001376,
				"seconds":	1.0013760328292847,
				"bytes":	2621440,
				"bits_per_second":	20942702.154301751,
				"retransmits":	0,
				"omitted":	false,
				"sender":	true
			}
		}, {
			"streams":	[{
					"socket":	5,
					"start":	1.001376,
					"end":	2.001485,
					"seconds":	1.0001089572906494,
					"bytes":	2490368,
					"bits_per_second":	19920773.486493271,
					"retransmits":	0,
					"snd_cwnd":	264544,
					"snd_wnd":	-1,
					"rtt":	304,
					"rttvar":	236,
					"pmtu":	9500,
					"omitted":	false,
					"sender":	true
				}],
			"sum":	{
				"start":	1.001376,
				"end":	2.001485,
				"seconds":	1.0001089572906494,
				"bytes":	2490368,
				"bits_per_second":	19920773.486493271,
				"retransmits":	0,
				"omitted":	false,
				"sender":	true
			}
		}, {
			"streams":	[{
					"socket":	5,
					"start":	2.001485,
					"end":	3.001331,
					"seconds":	0.99984598159790039,
					"bytes":	2490368,
					"bits_per_second":	19926012.972678266,
					"retransmits":	0,
					"snd_cwnd":	264544,
					"snd_wnd":	-1,
					"rtt":	317,
					"rttvar":	167,
					"pmtu":	9500,
					"omitted":	false,
					"sender":	true
				}],
			"sum":	{
				"start":	2.001485,
				"end":	3.001331,
				"seconds":	0.99984598159790039,
				"bytes":	2490368,
				"bits_per_second":	19926012.972678266,
				"retransmits":	0,
				"omitted":	false,
				"sender":	true
			}
		}],
	"end":	{
		"streams":	[{
				"sender":	{
					"socket":	5,
					"start":	0,
					"end":	3.001331,
					"seconds":	3.001331,
					"bytes":	7602176,
					"bits_per_second":	20263479.103104588,
					"retransmits":	0,
					"max_snd_cwnd":	264544,
					"max_snd_wnd":	0,
					"max_rtt":	317,
					"min_rtt":	216,
					"mean_rtt":	279,
					"sender":	true
				},
				"receiver":	{
					"socket":	5,
					"start":	0,
					"end":	3.001465,
					"seconds":	3.001331,
					"bytes":	7602176,
					"bits_per_second":	20262574.442813758,
					"sender":	true
				}
			}],
		"sum_sent":	{
			"start":	0,
			"end":	3.001331,
			"seconds":	3.001331,
			"bytes":	7602176,
			"bits_per_second":	20263479.103104588,
			"retransmits":	0,
			"sender":	true
		},
		"sum_received":	{
			"start":	0,
			"end":	3.001465,
			"seconds":	3.001465,
			"bytes":	7602176,
			"bits_per_second":	20262574.442813758,
			"sender":	true
		},
		"cpu_utilization_percent":	{
			"host_total":	1.0571684123526235,
			"host_user":	0.121544231111194,
			"host_system":	0.935657481030775,
			"remote_total":	0.36031719907433629,
			"remote_user":	0,
			"remote_system":	0.36031719907433629
		},
		"sender_tcp_congestion":	"cubic",
		"receiver_tcp_congestion":	"cubic"
	}
}
