{
	"start":	{
		"connected":	[{
				"socket":	5,
				"local_host":	"192.168.1.2",
				"local_port":	54278,
				"remote_host":	"192.168.8.2",
				"remote_port":	5203
			}],
		"version":	"iperf 3.19.1",
		"system_info":	"Linux h1 6.6.87.2-microsoft-standard-WSL2 #1 SMP PREEMPT_DYNAMIC Thu Jun  5 18:30:46 UTC 2025 x86_64",
		"timestamp":	{
			"time":	"Mon, 06 Apr 2026 04:14:22 UTC",
			"timesecs":	1775448862
		},
		"connecting_to":	{
			"host":	"192.168.8.2",
			"port":	5203
		},
		"cookie":	"xo7dtkcqhblfqobc6ifkkfcp4egmvpzkuowl",
		"tcp_mss_default":	9448,
		"target_bitrate":	20000000,
		"fq_rate":	0,
		"sock_bufsize":	0,
		"sndbuf_actual":	16384,
		"rcvbuf_actual":	131072,
		"test_start":	{
			"protocol":	"TCP",
			"num_streams":	1,
			"blksize":	131072,
			"omit":	0,
			"duration":	3,
			"bytes":	0,
			"blocks":	0,
			"reverse":	0,
			"tos":	0,
			"target_bitrate":	20000000,
			"bidir":	0,
			"fqrate":	0,
			"interval":	1
		}
	},
	"intervals":	[{
			"streams":	[{
					"socket":	5,
					"start":	0,
					"end":	1.001203,
					"seconds":	1.0012029409408569,
					"bytes":	2621440,
					"bits_per_second":	20946322.810730565,
					"retransmits":	0,
					"snd_cwnd":	264544,
					"snd_wnd":	-1,
					"rtt":	204,
					"rttvar":	69,
					"pmtu":	9500,
					"omitted":	false,
					"sender":	true
				}],
			"sum":	{
				"start":	0,
				"end":	1.001203,
				"seconds":	1.0012029409408569,
				"bytes":	2621440,
				"bits_per_second":	20946322.810730565,
				"retransmits":	0,
				"omitted":	false,
				"sender":	true
			}
		}, {
			"streams":	[{
					"socket":	5,
					"start":	1.001203,
					"end":	2.001124,
					"seconds":	0.99992102384567261,
					"bytes":	2490368,
					"bits_per_second":	19924517.561773859,
					"retransmits":	0,
					"snd_cwnd":	264544,
					"snd_wnd":	-1,
					"rtt":	259,
					"rttvar":	157,
					"pmtu":	9500,
					"omitted":	false,
					"sender":	true
				}],
			"sum":	{
				"start":	1.001203,
				"end":	2.001124,
				"seconds":	0.99992102384567261,
				"bytes":	2490368,
				"bits_per_second":	19924517.561773859,
				"retransmits":	0,
				"omitted":	false,
				"sender":	true
			}
		}, {
			"streams":	[{
					"socket":	5,
					"start":	2.001124,
					"end":	3.001628,
					"seconds":	1.0005040168762207,
					"bytes":	2490368,
					"bits_per_second":	19912907.558535874,
					"retransmits":	0,
					"snd_cwnd":	264544,
					"snd_wnd":	-1,
					"rtt":	222,
					"rttvar":	108,
					"pmtu":	9500,
					"omitted":	false,
					"sender":	true
				}],
			"sum":	{
				"start":	2.001124,
				"end":	3.001628,
				"seconds":	1.0005040168762207,
				"bytes":	2490368,
				"bits_per_second":	19912907.558535874,
				"retransmits":	0,
				"omitted":	false,
				"sender":	true
			}
		}],
	"end":	{
		"streams":	[{
				"sender":	{
					"socket":	5,
					"start":	0,
					"end":	3.001628,
					"seconds":	3.001628,
					"bytes":	7602176,
					"bits_per_second":	20261474.106718086,
					"retransmits":	0,
					"max_snd_cwnd":	264544,
					"max_snd_wnd":	0,
					"max_rtt":	259,
					"min_rtt":	204,
					"mean_rtt":	228,
					"sender":	true
				},
				"receiver":	{
					"socket":	5,
					"start":	0,
					"end":	3.00181,
					"seconds":	3.001628,
					"bytes":	7602176,
					"bits_per_second":	20260245.651790086,
					"sender":	true
				}
			}],
		"sum_sent":	{
			"start":	0,
			"end":	3.001628,
			"seconds":	3.001628,
			"bytes":	7602176,
			"bits_per_second":	20261474.106718086,
			"retransmits":	0,
			"sender":	true
		},
		"sum_received":	{
			"start":	0,
			"end":	3.00181,
			"seconds":	3.00181,
			"bytes":	7602176,
			"bits_per_second":	20260245.651790086,
			"sender":	true
		},
		"cpu_utilization_percent":	{
			"host_total":	1.1727178659885176,
			"host_user":	0.14074079748012028,
			"host_system":	1.0320436756061162,
			"remote_total":	0.40605095541401276,
			"remote_user":	0.0017655837752844922,
			"remote_system":	0.4042853716387283
		},
		"sender_tcp_congestion":	"cubic",
		"receiver_tcp_congestion":	"cubic"
	}
}
