{
	"start":	{
		"connected":	[{
				"socket":	5,
				"local_host":	"192.168.1.2",
				"local_port":	51452,
				"remote_host":	"192.168.8.2",
				"remote_port":	5203
			}],
		"version":	"iperf 3.19.1",
		"system_info":	"Linux h1 6.6.87.2-microsoft-standard-WSL2 #1 SMP PREEMPT_DYNAMIC Thu Jun  5 18:30:46 UTC 2025 x86_64",
		"timestamp":	{
			"time":	"Mon, 06 Apr 2026 04:27:23 UTC",
			"timesecs":	1775449643
		},
		"connecting_to":	{
			"host":	"192.168.8.2",
			"port":	5203
		},
		"cookie":	"uixo5acemgd7znztn3zpdrodw5igzj5wp3gu",
		"tcp_mss_default":	9448,
		"target_bitrate":	20000000,
		"fq_rate":	0,
		"sock_bufsize":	0,
		"sndbuf_actual":	16384,
		"rcvbuf_actual":	131072,
		"test_start":	{
			"protocol":	"TCP",
			"num_streams":	1,
			"blksize":	131072,
			"omit":	0,
			"duration":	3,
			"bytes":	0,
			"blocks":	0,
			"reverse":	0,
			"tos":	0,
			"target_bitrate":	20000000,
			"bidir":	0,
			"fqrate":	0,
			"interval":	1
		}
	},
	"intervals":	[{
			"streams":	[{
					"socket":	5,
					"start":	0,
					"end":	1.000241,
					"seconds":	1.0002410411834717,
					"bytes":	2621440,
					"bits_per_second":	20966466.218169555,
					"retransmits":	0,
					"snd_cwnd":	264544,
					"snd_wnd":	-1,
					"rtt":	414,
					"rttvar":	296,
					"pmtu":	9500,
					"omitted":	false,
					"sender":	true
				}],
			"sum":	{
				"start":	0,
				"end":	1.000241,
				"seconds":	1.0002410411834717,
				"bytes":	2621440,
				"bits_per_second":	20966466.218169555,
				"retransmits":	0,
				"omitted":	false,
				"sender":	true
			}
		}, {
			"streams":	[{
					"socket":	5,
					"start":	1.000241,
					"end":	2.000176,
					"seconds":	0.99993497133255,
					"bytes":	2490368,
					"bits_per_second":	19924239.646754183,
					"retransmits":	0,
					"snd_cwnd":	264544,
					"snd_wnd":	-1,
					"rtt":	287,
					"rttvar":	171,
					"pmtu":	9500,
					"omitted":	false,
					"sender":	true
				}],
			"sum":	{
				"start":	1.000241,
				"end":	2.000176,
				"seconds":	0.99993497133255,
				"bytes":	2490368,
				"bits_per_second":	19924239.646754183,
				"retransmits":	0,
				"omitted":	false,
				"sender":	true
			}
		}, {
			"streams":	[{
					"socket":	5,
					"start":	2.000176,
					"end":	3.000501,
					"seconds":	1.0003249645233154,
					"bytes":	2490368,
					"bits_per_second":	19916471.853218094,
					"retransmits":	0,
					"snd_cwnd":	264544,
					"snd_wnd":	-1,
					"rtt":	201,
					"rttvar":	147,
					"pmtu":	9500,
					"omitted":	false,
					"sender":	true
				}],
			"sum":	{
				"start":	2.000176,
				"end":	3.000501,
				"seconds":	1.0003249645233154,
				"bytes":	2490368,
				"bits_per_second":	19916471.853218094,
				"retransmits":	0,
				"omitted":	false,
				"sender":	true
			}
		}],
	"end":	{
		"streams":	[{
				"sender":	{
					"socket":	5,
					"start":	0,
					"end":	3.000501,
					"seconds":	3.000501,
					"bytes":	7602176,
					"bits_per_second":	20269084.396239161,
					"retransmits":	0,
					"max_snd_cwnd":	264544,
					"max_snd_wnd":	0,
					"max_rtt":	414,
					"min_rtt":	201,
					"mean_rtt":	300,
					"sender":	true
				},
				"receiver":	{
					"socket":	5,
					"start":	0,
					"end":	3.00079,
					"seconds":	3.000501,
					"bytes":	7602176,
					"bits_per_second":	20267132.321821921,
					"sender":	true
				}
			}],
		"sum_sent":	{
			"start":	0,
			"end":	3.000501,
			"seconds":	3.000501,
			"bytes":	7602176,
			"bits_per_second":	20269084.396239161,
			"retransmits":	0,
			"sender":	true
		},
		"sum_received":	{
			"start":	0,
			"end":	3.00079,
			"seconds":	3.00079,
			"bytes":	7602176,
			"bits_per_second":	20267132.321821921,
			"sender":	true
		},
		"cpu_utilization_percent":	{
			"host_total":	1.4100394811054711,
			"host_user":	0.16830524414754494,
			"host_system":	1.2417342369579261,
			"remote_total":	0.4463452607557411,
			"remote_user":	0.015029245378590357,
			"remote_system":	0.43144931245367923
		},
		"sender_tcp_congestion":	"cubic",
		"receiver_tcp_congestion":	"cubic"
	}
}
