{
	"start":	{
		"connected":	[{
				"socket":	5,
				"local_host":	"192.168.1.2",
				"local_port":	51034,
				"remote_host":	"192.168.8.2",
				"remote_port":	5202
			}],
		"version":	"iperf 3.19.1",
		"system_info":	"Linux h1 6.6.87.2-microsoft-standard-WSL2 #1 SMP PREEMPT_DYNAMIC Thu Jun  5 18:30:46 UTC 2025 x86_64",
		"timestamp":	{
			"time":	"Mon, 06 Apr 2026 04:29:18 UTC",
			"timesecs":	1775449758
		},
		"connecting_to":	{
			"host":	"192.168.8.2",
			"port":	5202
		},
		"cookie":	"vtizcbgv52jhukrhgaq25c5qg7qwctr47pse",
		"tcp_mss_default":	9448,
		"target_bitrate":	20000000,
		"fq_rate":	0,
		"sock_bufsize":	0,
		"sndbuf_actual":	16384,
		"rcvbuf_actual":	131072,
		"test_start":	{
			"protocol":	"TCP",
			"num_streams":	1,
			"blksize":	131072,
			"omit":	0,
			"duration":	3,
			"bytes":	0,
			"blocks":	0,
			"reverse":	0,
			"tos":	0,
			"target_bitrate":	20000000,
			"bidir":	0,
			"fqrate":	0,
			"interval":	1
		}
	},
	"intervals":	[{
			"streams":	[{
					"socket":	5,
					"start":	0,
					"end":	1.001147,
					"seconds":	1.0011470317840576,
					"bytes":	2621440,
					"bits_per_second":	20947492.5602371,
					"retransmits":	0,
					"snd_cwnd":	321232,
					"snd_wnd":	-1,
					"rtt":	160,
					"rttvar":	124,
					"pmtu":	9500,
					"omitted":	false,
					"sender":	true
				}],
			"sum":	{
				"start":	0,
				"end":	1.001147,
				"seconds":	1.0011470317840576,
				"bytes":	2621440,
				"bits_per_second":	20947492.5602371,
				"retransmits":	0,
				"omitted":	false,
				"sender":	true
			}
		}, {
			"streams":	[{
					"socket":	5,
					"start":	1.001147,
					"end":	2.001115,
					"seconds":	0.99996799230575562,
					"bytes":	2490368,
					"bits_per_second":	19923581.707911558,
					"retransmits":	0,
					"snd_cwnd":	321232,
					"snd_wnd":	-1,
					"rtt":	207,
					"rttvar":	116,
					"pmtu":	9500,
					"omitted":	false,
					"sender":	true
				}],
			"sum":	{
				"start":	1.001147,
				"end":	2.001115,
				"seconds":	0.99996799230575562,
				"bytes":	2490368,
				"bits_per_second":	19923581.707911558,
				"retransmits":	0,
				"omitted":	false,
				"sender":	true
			}
		}, {
			"streams":	[{
					"socket":	5,
					"start":	2.001115,
					"end":	3.001193,
					"seconds":	1.0000779628753662,
					"bytes":	2490368,
					"bits_per_second":	19921390.8710864,
					"retransmits":	0,
					"snd_cwnd":	321232,
					"snd_wnd":	-1,
					"rtt":	197,
					"rttvar":	76,
					"pmtu":	9500,
					"omitted":	false,
					"sender":	true
				}],
			"sum":	{
				"start":	2.001115,
				"end":	3.001193,
				"seconds":	1.0000779628753662,
				"bytes":	2490368,
				"bits_per_second":	19921390.8710864,
				"retransmits":	0,
				"omitted":	false,
				"sender":	true
			}
		}],
	"end":	{
		"streams":	[{
				"sender":	{
					"socket":	5,
					"start":	0,
					"end":	3.001193,
					"seconds":	3.001193,
					"bytes":	7602176,
					"bits_per_second":	20264410.852617607,
					"retransmits":	0,
					"max_snd_cwnd":	321232,
					"max_snd_wnd":	0,
					"max_rtt":	207,
					"min_rtt":	160,
					"mean_rtt":	188,
					"sender":	true
				},
				"receiver":	{
					"socket":	5,
					"start":	0,
					"end":	3.001375,
					"seconds":	3.001193,
					"bytes":	7602176,
					"bits_per_second":	20263182.041564282,
					"sender":	true
				}
			}],
		"sum_sent":	{
			"start":	0,
			"end":	3.001193,
			"seconds":	3.001193,
			"bytes":	7602176,
			"bits_per_second":	20264410.852617607,
			"retransmits":	0,
			"sender":	true
		},
		"sum_received":	{
			"start":	0,
			"end":	3.001375,
			"seconds":	3.001375,
			"bytes":	7602176,
			"bits_per_second":	20263182.041564282,
			"sender":	true
		},
		"cpu_utilization_percent":	{
			"host_total":	0.87091975974351676,
			"host_user":	0.091924683043026756,
			"host_system":	0.779028382745071,
			"remote_total":	0.285764738024002,
			"remote_user":	0,
			"remote_system":	0.28579805558702215
		},
		"sender_tcp_congestion":	"cubic",
		"receiver_tcp_congestion":	"cubic"
	}
}
