{
	"start":	{
		"connected":	[{
				"socket":	5,
				"local_host":	"192.168.1.2",
				"local_port":	57912,
				"remote_host":	"192.168.8.2",
				"remote_port":	5205
			}],
		"version":	"iperf 3.19.1",
		"system_info":	"Linux h1 6.6.87.2-microsoft-standard-WSL2 #1 SMP PREEMPT_DYNAMIC Thu Jun  5 18:30:46 UTC 2025 x86_64",
		"timestamp":	{
			"time":	"Mon, 06 Apr 2026 04:32:11 UTC",
			"timesecs":	1775449931
		},
		"connecting_to":	{
			"host":	"192.168.8.2",
			"port":	5205
		},
		"cookie":	"qtnec4yubperugbnddypzcnnxffpcmhy3tua",
		"tcp_mss_default":	9448,
		"target_bitrate":	20000000,
		"fq_rate":	0,
		"sock_bufsize":	0,
		"sndbuf_actual":	16384,
		"rcvbuf_actual":	131072,
		"test_start":	{
			"protocol":	"TCP",
			"num_streams":	1,
			"blksize":	131072,
			"omit":	0,
			"duration":	3,
			"bytes":	0,
			"blocks":	0,
			"reverse":	0,
			"tos":	0,
			"target_bitrate":	20000000,
			"bidir":	0,
			"fqrate":	0,
			"interval":	1
		}
	},
	"intervals":	[{
			"streams":	[{
					"socket":	5,
					"start":	0,
					"end":	1.001171,
					"seconds":	1.0011709928512573,
					"bytes":	2621440,
					"bits_per_second":	20946991.223022491,
					"retransmits":	0,
					"snd_cwnd":	283440,
					"snd_wnd":	-1,
					"rtt":	350,
					"rttvar":	230,
					"pmtu":	9500,
					"omitted":	false,
					"sender":	true
				}],
			"sum":	{
				"start":	0,
				"end":	1.001171,
				"seconds":	1.0011709928512573,
				"bytes":	2621440,
				"bits_per_second":	20946991.223022491,
				"retransmits":	0,
				"omitted":	false,
				"sender":	true
			}
		}, {
			"streams":	[{
					"socket":	5,
					"start":	1.001171,
					"end":	2.001241,
					"seconds":	1.0000699758529663,
					"bytes":	2359296,
					"bits_per_second":	18873047.342414141,
					"retransmits":	0,
					"snd_cwnd":	283440,
					"snd_wnd":	-1,
					"rtt":	1877,
					"rttvar":	1460,
					"pmtu":	9500,
					"omitted":	false,
					"sender":	true
				}],
			"sum":	{
				"start":	1.001171,
				"end":	2.001241,
				"seconds":	1.0000699758529663,
				"bytes":	2359296,
				"bits_per_second":	18873047.342414141,
				"retransmits":	0,
				"omitted":	false,
				"sender":	true
			}
		}, {
			"streams":	[{
					"socket":	5,
					"start":	2.001241,
					"end":	3.001826,
					"seconds":	1.0005849599838257,
					"bytes":	2621440,
					"bits_per_second":	20959259.671801385,
					"retransmits":	0,
					"snd_cwnd":	283440,
					"snd_wnd":	-1,
					"rtt":	510,
					"rttvar":	332,
					"pmtu":	9500,
					"omitted":	false,
					"sender":	true
				}],
			"sum":	{
				"start":	2.001241,
				"end":	3.001826,
				"seconds":	1.0005849599838257,
				"bytes":	2621440,
				"bits_per_second":	20959259.671801385,
				"retransmits":	0,
				"omitted":	false,
				"sender":	true
			}
		}],
	"end":	{
		"streams":	[{
				"sender":	{
					"socket":	5,
					"start":	0,
					"end":	3.001826,
					"seconds":	3.001826,
					"bytes":	7602176,
					"bits_per_second":	20260137.662875865,
					"retransmits":	0,
					"max_snd_cwnd":	283440,
					"max_snd_wnd":	0,
					"max_rtt":	1877,
					"min_rtt":	350,
					"mean_rtt":	912,
					"sender":	true
				},
				"receiver":	{
					"socket":	5,
					"start":	0,
					"end":	3.002099,
					"seconds":	3.001826,
					"bytes":	7602176,
					"bits_per_second":	20258295.279402845,
					"sender":	true
				}
			}],
		"sum_sent":	{
			"start":	0,
			"end":	3.001826,
			"seconds":	3.001826,
			"bytes":	7602176,
			"bits_per_second":	20260137.662875865,
			"retransmits":	0,
			"sender":	true
		},
		"sum_received":	{
			"start":	0,
			"end":	3.002099,
			"seconds":	3.002099,
			"bytes":	7602176,
			"bits_per_second":	20258295.279402845,
			"sender":	true
		},
		"cpu_utilization_percent":	{
			"host_total":	3.2350103119970117,
			"host_user":	0.21393148465453643,
			"host_system":	3.0210455306133457,
			"remote_total":	1.12999055010261,
			"remote_user":	0,
			"remote_system":	1.12999055010261
		},
		"sender_tcp_congestion":	"cubic",
		"receiver_tcp_congestion":	"cubic"
	}
}
