{
	"start":	{
		"connected":	[{
				"socket":	5,
				"local_host":	"192.168.1.2",
				"local_port":	46676,
				"remote_host":	"192.168.8.2",
				"remote_port":	5202
			}],
		"version":	"iperf 3.19.1",
		"system_info":	"Linux h1 6.6.87.2-microsoft-standard-WSL2 #1 SMP PREEMPT_DYNAMIC Thu Jun  5 18:30:46 UTC 2025 x86_64",
		"timestamp":	{
			"time":	"Mon, 06 Apr 2026 04:19:17 UTC",
			"timesecs":	1775449157
		},
		"connecting_to":	{
			"host":	"192.168.8.2",
			"port":	5202
		},
		"cookie":	"6ntuhj54xrgnct6xivvdsdiqyqlqduozl3z5",
		"tcp_mss_default":	9448,
		"target_bitrate":	20000000,
		"fq_rate":	0,
		"sock_bufsize":	0,
		"sndbuf_actual":	16384,
		"rcvbuf_actual":	131072,
		"test_start":	{
			"protocol":	"TCP",
			"num_streams":	1,
			"blksize":	131072,
			"omit":	0,
			"duration":	3,
			"bytes":	0,
			"blocks":	0,
			"reverse":	0,
			"tos":	0,
			"target_bitrate":	20000000,
			"bidir":	0,
			"fqrate":	0,
			"interval":	1
		}
	},
	"intervals":	[{
			"streams":	[{
					"socket":	5,
					"start":	0,
					"end":	1.001122,
					"seconds":	1.001121997833252,
					"bytes":	2621440,
					"bits_per_second":	20948016.371020786,
					"retransmits":	0,
					"snd_cwnd":	264544,
					"snd_wnd":	-1,
					"rtt":	156,
					"rttvar":	77,
					"pmtu":	9500,
					"omitted":	false,
					"sender":	true
				}],
			"sum":	{
				"start":	0,
				"end":	1.001122,
				"seconds":	1.001121997833252,
				"bytes":	2621440,
				"bits_per_second":	20948016.371020786,
				"retransmits":	0,
				"omitted":	false,
				"sender":	true
			}
		}, {
			"streams":	[{
					"socket":	5,
					"start":	1.001122,
					"end":	2.001177,
					"seconds":	1.0000549554824829,
					"bytes":	2490368,
					"bits_per_second":	19921849.185166076,
					"retransmits":	0,
					"snd_cwnd":	264544,
					"snd_wnd":	-1,
					"rtt":	170,
					"rttvar":	74,
					"pmtu":	9500,
					"omitted":	false,
					"sender":	true
				}],
			"sum":	{
				"start":	1.001122,
				"end":	2.001177,
				"seconds":	1.0000549554824829,
				"bytes":	2490368,
				"bits_per_second":	19921849.185166076,
				"retransmits":	0,
				"omitted":	false,
				"sender":	true
			}
		}, {
			"streams":	[{
					"socket":	5,
					"start":	2.001177,
					"end":	3.001365,
					"seconds":	1.0001879930496216,
					"bytes":	2490368,
					"bits_per_second":	19919199.328972127,
					"retransmits":	0,
					"snd_cwnd":	264544,
					"snd_wnd":	-1,
					"rtt":	159,
					"rttvar":	110,
					"pmtu":	9500,
					"omitted":	false,
					"sender":	true
				}],
			"sum":	{
				"start":	2.001177,
				"end":	3.001365,
				"seconds":	1.0001879930496216,
				"bytes":	2490368,
				"bits_per_second":	19919199.328972127,
				"retransmits":	0,
				"omitted":	false,
				"sender":	true
			}
		}],
	"end":	{
		"streams":	[{
				"sender":	{
					"socket":	5,
					"start":	0,
					"end":	3.001365,
					"seconds":	3.001365,
					"bytes":	7602176,
					"bits_per_second":	20263249.554785907,
					"retransmits":	0,
					"max_snd_cwnd":	264544,
					"max_snd_wnd":	0,
					"max_rtt":	170,
					"min_rtt":	156,
					"mean_rtt":	161,
					"sender":	true
				},
				"receiver":	{
					"socket":	5,
					"start":	0,
					"end":	3.001671,
					"seconds":	3.001365,
					"bytes":	7602176,
					"bits_per_second":	20261183.8539267,
					"sender":	true
				}
			}],
		"sum_sent":	{
			"start":	0,
			"end":	3.001365,
			"seconds":	3.001365,
			"bytes":	7602176,
			"bits_per_second":	20263249.554785907,
			"retransmits":	0,
			"sender":	true
		},
		"sum_received":	{
			"start":	0,
			"end":	3.001671,
			"seconds":	3.001671,
			"bytes":	7602176,
			"bits_per_second":	20261183.8539267,
			"sender":	true
		},
		"cpu_utilization_percent":	{
			"host_total":	1.1501894112231894,
			"host_user":	0,
			"host_system":	1.1501894112231894,
			"remote_total":	0.25208922232790254,
			"remote_user":	0.013259086888661982,
			"remote_system":	0.23876350686191061
		},
		"sender_tcp_congestion":	"cubic",
		"receiver_tcp_congestion":	"cubic"
	}
}
