{
	"start":	{
		"connected":	[{
				"socket":	5,
				"local_host":	"192.168.1.2",
				"local_port":	35396,
				"remote_host":	"192.168.8.2",
				"remote_port":	5202
			}],
		"version":	"iperf 3.19.1",
		"system_info":	"Linux h1 6.6.87.2-microsoft-standard-WSL2 #1 SMP PREEMPT_DYNAMIC Thu Jun  5 18:30:46 UTC 2025 x86_64",
		"timestamp":	{
			"time":	"Mon, 06 Apr 2026 04:25:48 UTC",
			"timesecs":	1775449548
		},
		"connecting_to":	{
			"host":	"192.168.8.2",
			"port":	5202
		},
		"cookie":	"ipsknujhedca4okdhrbe6s5beoq4rhfbgwrt",
		"tcp_mss_default":	9448,
		"target_bitrate":	20000000,
		"fq_rate":	0,
		"sock_bufsize":	0,
		"sndbuf_actual":	16384,
		"rcvbuf_actual":	131072,
		"test_start":	{
			"protocol":	"TCP",
			"num_streams":	1,
			"blksize":	131072,
			"omit":	0,
			"duration":	3,
			"bytes":	0,
			"blocks":	0,
			"reverse":	0,
			"tos":	0,
			"target_bitrate":	20000000,
			"bidir":	0,
			"fqrate":	0,
			"interval":	1
		}
	},
	"intervals":	[{
			"streams":	[{
					"socket":	5,
					"start":	0,
					"end":	1.001139,
					"seconds":	1.0011390447616577,
					"bytes":	2621440,
					"bits_per_second":	20947659.677974813,
					"retransmits":	0,
					"snd_cwnd":	330680,
					"snd_wnd":	-1,
					"rtt":	222,
					"rttvar":	105,
					"pmtu":	9500,
					"omitted":	false,
					"sender":	true
				}],
			"sum":	{
				"start":	0,
				"end":	1.001139,
				"seconds":	1.0011390447616577,
				"bytes":	2621440,
				"bits_per_second":	20947659.677974813,
				"retransmits":	0,
				"omitted":	false,
				"sender":	true
			}
		}, {
			"streams":	[{
					"socket":	5,
					"start":	1.001139,
					"end":	2.001102,
					"seconds":	0.99996298551559448,
					"bytes":	2490368,
					"bits_per_second":	19923681.464796878,
					"retransmits":	0,
					"snd_cwnd":	330680,
					"snd_wnd":	-1,
					"rtt":	344,
					"rttvar":	276,
					"pmtu":	9500,
					"omitted":	false,
					"sender":	true
				}],
			"sum":	{
				"start":	1.001139,
				"end":	2.001102,
				"seconds":	0.99996298551559448,
				"bytes":	2490368,
				"bits_per_second":	19923681.464796878,
				"retransmits":	0,
				"omitted":	false,
				"sender":	true
			}
		}, {
			"streams":	[{
					"socket":	5,
					"start":	2.001102,
					"end":	3.00117,
					"seconds":	1.0000679492950439,
					"bytes":	2490368,
					"bits_per_second":	19921590.341980107,
					"retransmits":	0,
					"snd_cwnd":	330680,
					"snd_wnd":	-1,
					"rtt":	408,
					"rttvar":	197,
					"pmtu":	9500,
					"omitted":	false,
					"sender":	true
				}],
			"sum":	{
				"start":	2.001102,
				"end":	3.00117,
				"seconds":	1.0000679492950439,
				"bytes":	2490368,
				"bits_per_second":	19921590.341980107,
				"retransmits":	0,
				"omitted":	false,
				"sender":	true
			}
		}],
	"end":	{
		"streams":	[{
				"sender":	{
					"socket":	5,
					"start":	0,
					"end":	3.00117,
					"seconds":	3.00117,
					"bytes":	7602176,
					"bits_per_second":	20264566.152533844,
					"retransmits":	0,
					"max_snd_cwnd":	330680,
					"max_snd_wnd":	0,
					"max_rtt":	408,
					"min_rtt":	222,
					"mean_rtt":	324,
					"sender":	true
				},
				"receiver":	{
					"socket":	5,
					"start":	0,
					"end":	3.001667,
					"seconds":	3.00117,
					"bytes":	7602176,
					"bits_per_second":	20261210.853835553,
					"sender":	true
				}
			}],
		"sum_sent":	{
			"start":	0,
			"end":	3.00117,
			"seconds":	3.00117,
			"bytes":	7602176,
			"bits_per_second":	20264566.152533844,
			"retransmits":	0,
			"sender":	true
		},
		"sum_received":	{
			"start":	0,
			"end":	3.001667,
			"seconds":	3.001667,
			"bytes":	7602176,
			"bits_per_second":	20261210.853835553,
			"sender":	true
		},
		"cpu_utilization_percent":	{
			"host_total":	1.3197535119223038,
			"host_user":	0.0520482120290311,
			"host_system":	1.2676719996936381,
			"remote_total":	0.437386355837737,
			"remote_user":	0.016290801127629932,
			"remote_system":	0.421095554710107
		},
		"sender_tcp_congestion":	"cubic",
		"receiver_tcp_congestion":	"cubic"
	}
}
