{
	"start":	{
		"connected":	[{
				"socket":	5,
				"local_host":	"192.168.1.2",
				"local_port":	35490,
				"remote_host":	"192.168.8.2",
				"remote_port":	5202
			}],
		"version":	"iperf 3.19.1",
		"system_info":	"Linux h1 6.6.87.2-microsoft-standard-WSL2 #1 SMP PREEMPT_DYNAMIC Thu Jun  5 18:30:46 UTC 2025 x86_64",
		"timestamp":	{
			"time":	"Mon, 06 Apr 2026 04:27:09 UTC",
			"timesecs":	1775449629
		},
		"connecting_to":	{
			"host":	"192.168.8.2",
			"port":	5202
		},
		"cookie":	"g4n6sulxrlzfg5q464kqtub7i3fqqqwhljzr",
		"tcp_mss_default":	9448,
		"target_bitrate":	20000000,
		"fq_rate":	0,
		"sock_bufsize":	0,
		"sndbuf_actual":	16384,
		"rcvbuf_actual":	131072,
		"test_start":	{
			"protocol":	"TCP",
			"num_streams":	1,
			"blksize":	131072,
			"omit":	0,
			"duration":	3,
			"bytes":	0,
			"blocks":	0,
			"reverse":	0,
			"tos":	0,
			"target_bitrate":	20000000,
			"bidir":	0,
			"fqrate":	0,
			"interval":	1
		}
	},
	"intervals":	[{
			"streams":	[{
					"socket":	5,
					"start":	0,
					"end":	1.001316,
					"seconds":	1.0013159513473511,
					"bytes":	2621440,
					"bits_per_second":	20943958.769238755,
					"retransmits":	0,
					"snd_cwnd":	302336,
					"snd_wnd":	-1,
					"rtt":	230,
					"rttvar":	161,
					"pmtu":	9500,
					"omitted":	false,
					"sender":	true
				}],
			"sum":	{
				"start":	0,
				"end":	1.001316,
				"seconds":	1.0013159513473511,
				"bytes":	2621440,
				"bits_per_second":	20943958.769238755,
				"retransmits":	0,
				"omitted":	false,
				"sender":	true
			}
		}, {
			"streams":	[{
					"socket":	5,
					"start":	1.001316,
					"end":	2.001402,
					"seconds":	1.0000859498977661,
					"bytes":	2490368,
					"bits_per_second":	19921231.772165809,
					"retransmits":	0,
					"snd_cwnd":	302336,
					"snd_wnd":	-1,
					"rtt":	375,
					"rttvar":	333,
					"pmtu":	9500,
					"omitted":	false,
					"sender":	true
				}],
			"sum":	{
				"start":	1.001316,
				"end":	2.001402,
				"seconds":	1.0000859498977661,
				"bytes":	2490368,
				"bits_per_second":	19921231.772165809,
				"retransmits":	0,
				"omitted":	false,
				"sender":	true
			}
		}, {
			"streams":	[{
					"socket":	5,
					"start":	2.001402,
					"end":	3.001288,
					"seconds":	0.99988597631454468,
					"bytes":	2490368,
					"bits_per_second":	19925215.946555719,
					"retransmits":	0,
					"snd_cwnd":	302336,
					"snd_wnd":	-1,
					"rtt":	259,
					"rttvar":	156,
					"pmtu":	9500,
					"omitted":	false,
					"sender":	true
				}],
			"sum":	{
				"start":	2.001402,
				"end":	3.001288,
				"seconds":	0.99988597631454468,
				"bytes":	2490368,
				"bits_per_second":	19925215.946555719,
				"retransmits":	0,
				"omitted":	false,
				"sender":	true
			}
		}],
	"end":	{
		"streams":	[{
				"sender":	{
					"socket":	5,
					"start":	0,
					"end":	3.001288,
					"seconds":	3.001288,
					"bytes":	7602176,
					"bits_per_second":	20263769.42166163,
					"retransmits":	0,
					"max_snd_cwnd":	302336,
					"max_snd_wnd":	0,
					"max_rtt":	375,
					"min_rtt":	230,
					"mean_rtt":	288,
					"sender":	true
				},
				"receiver":	{
					"socket":	5,
					"start":	0,
					"end":	3.001453,
					"seconds":	3.001288,
					"bytes":	7602176,
					"bits_per_second":	20262655.453875173,
					"sender":	true
				}
			}],
		"sum_sent":	{
			"start":	0,
			"end":	3.001288,
			"seconds":	3.001288,
			"bytes":	7602176,
			"bits_per_second":	20263769.42166163,
			"retransmits":	0,
			"sender":	true
		},
		"sum_received":	{
			"start":	0,
			"end":	3.001453,
			"seconds":	3.001453,
			"bytes":	7602176,
			"bits_per_second":	20262655.453875173,
			"sender":	true
		},
		"cpu_utilization_percent":	{
			"host_total":	1.1351059517707367,
			"host_user":	0.11310759109807289,
			"host_system":	1.0227310953617561,
			"remote_total":	0.41402659605303754,
			"remote_user":	0.0076295236578535122,
			"remote_system":	0.40636375569798816
		},
		"sender_tcp_congestion":	"cubic",
		"receiver_tcp_congestion":	"cubic"
	}
}
