{
	"start":	{
		"connected":	[{
				"socket":	5,
				"local_host":	"192.168.1.2",
				"local_port":	49710,
				"remote_host":	"192.168.8.2",
				"remote_port":	5203
			}],
		"version":	"iperf 3.19.1",
		"system_info":	"Linux h1 6.6.87.2-microsoft-standard-WSL2 #1 SMP PREEMPT_DYNAMIC Thu Jun  5 18:30:46 UTC 2025 x86_64",
		"timestamp":	{
			"time":	"Mon, 06 Apr 2026 04:26:47 UTC",
			"timesecs":	1775449607
		},
		"connecting_to":	{
			"host":	"192.168.8.2",
			"port":	5203
		},
		"cookie":	"zeau737zbu54dief3wmfp76alpbhl2voovx6",
		"tcp_mss_default":	9448,
		"target_bitrate":	20000000,
		"fq_rate":	0,
		"sock_bufsize":	0,
		"sndbuf_actual":	16384,
		"rcvbuf_actual":	131072,
		"test_start":	{
			"protocol":	"TCP",
			"num_streams":	1,
			"blksize":	131072,
			"omit":	0,
			"duration":	3,
			"bytes":	0,
			"blocks":	0,
			"reverse":	0,
			"tos":	0,
			"target_bitrate":	20000000,
			"bidir":	0,
			"fqrate":	0,
			"interval":	1
		}
	},
	"intervals":	[{
			"streams":	[{
					"socket":	5,
					"start":	0,
					"end":	1.001117,
					"seconds":	1.0011169910430908,
					"bytes":	2621440,
					"bits_per_second":	20948121.136321146,
					"retransmits":	0,
					"snd_cwnd":	264544,
					"snd_wnd":	-1,
					"rtt":	187,
					"rttvar":	93,
					"pmtu":	9500,
					"omitted":	false,
					"sender":	true
				}],
			"sum":	{
				"start":	0,
				"end":	1.001117,
				"seconds":	1.0011169910430908,
				"bytes":	2621440,
				"bits_per_second":	20948121.136321146,
				"retransmits":	0,
				"omitted":	false,
				"sender":	true
			}
		}, {
			"streams":	[{
					"socket":	5,
					"start":	1.001117,
					"end":	2.001165,
					"seconds":	1.000048041343689,
					"bytes":	2490368,
					"bits_per_second":	19921986.920979362,
					"retransmits":	0,
					"snd_cwnd":	264544,
					"snd_wnd":	-1,
					"rtt":	277,
					"rttvar":	175,
					"pmtu":	9500,
					"omitted":	false,
					"sender":	true
				}],
			"sum":	{
				"start":	1.001117,
				"end":	2.001165,
				"seconds":	1.000048041343689,
				"bytes":	2490368,
				"bits_per_second":	19921986.920979362,
				"retransmits":	0,
				"omitted":	false,
				"sender":	true
			}
		}, {
			"streams":	[{
					"socket":	5,
					"start":	2.001165,
					"end":	3.001187,
					"seconds":	1.0000220537185669,
					"bytes":	2490368,
					"bits_per_second":	19922504.63468964,
					"retransmits":	0,
					"snd_cwnd":	264544,
					"snd_wnd":	-1,
					"rtt":	157,
					"rttvar":	97,
					"pmtu":	9500,
					"omitted":	false,
					"sender":	true
				}],
			"sum":	{
				"start":	2.001165,
				"end":	3.001187,
				"seconds":	1.0000220537185669,
				"bytes":	2490368,
				"bits_per_second":	19922504.63468964,
				"retransmits":	0,
				"omitted":	false,
				"sender":	true
			}
		}],
	"end":	{
		"streams":	[{
				"sender":	{
					"socket":	5,
					"start":	0,
					"end":	3.001187,
					"seconds":	3.001187,
					"bytes":	7602176,
					"bits_per_second":	20264451.365409754,
					"retransmits":	0,
					"max_snd_cwnd":	264544,
					"max_snd_wnd":	0,
					"max_rtt":	277,
					"min_rtt":	157,
					"mean_rtt":	207,
					"sender":	true
				},
				"receiver":	{
					"socket":	5,
					"start":	0,
					"end":	3.001409,
					"seconds":	3.001187,
					"bytes":	7602176,
					"bits_per_second":	20262952.499975841,
					"sender":	true
				}
			}],
		"sum_sent":	{
			"start":	0,
			"end":	3.001187,
			"seconds":	3.001187,
			"bytes":	7602176,
			"bits_per_second":	20264451.365409754,
			"retransmits":	0,
			"sender":	true
		},
		"sum_received":	{
			"start":	0,
			"end":	3.001409,
			"seconds":	3.001409,
			"bytes":	7602176,
			"bits_per_second":	20262952.499975841,
			"sender":	true
		},
		"cpu_utilization_percent":	{
			"host_total":	0.90384088243806882,
			"host_user":	0,
			"host_system":	0.90384088243806882,
			"remote_total":	0.29182357583997975,
			"remote_user":	0,
			"remote_system":	0.291856892836879
		},
		"sender_tcp_congestion":	"cubic",
		"receiver_tcp_congestion":	"cubic"
	}
}
