{
	"start":	{
		"connected":	[{
				"socket":	5,
				"local_host":	"192.168.1.2",
				"local_port":	35350,
				"remote_host":	"192.168.8.2",
				"remote_port":	5203
			}],
		"version":	"iperf 3.19.1",
		"system_info":	"Linux h1 6.6.87.2-microsoft-standard-WSL2 #1 SMP PREEMPT_DYNAMIC Thu Jun  5 18:30:46 UTC 2025 x86_64",
		"timestamp":	{
			"time":	"Mon, 06 Apr 2026 04:24:44 UTC",
			"timesecs":	1775449484
		},
		"connecting_to":	{
			"host":	"192.168.8.2",
			"port":	5203
		},
		"cookie":	"xxd3sdfjuzqemmyc2r6lvtx642brrpvtktcp",
		"tcp_mss_default":	9448,
		"target_bitrate":	20000000,
		"fq_rate":	0,
		"sock_bufsize":	0,
		"sndbuf_actual":	16384,
		"rcvbuf_actual":	131072,
		"test_start":	{
			"protocol":	"TCP",
			"num_streams":	1,
			"blksize":	131072,
			"omit":	0,
			"duration":	3,
			"bytes":	0,
			"blocks":	0,
			"reverse":	0,
			"tos":	0,
			"target_bitrate":	20000000,
			"bidir":	0,
			"fqrate":	0,
			"interval":	1
		}
	},
	"intervals":	[{
			"streams":	[{
					"socket":	5,
					"start":	0,
					"end":	1.001124,
					"seconds":	1.0011240243911743,
					"bytes":	2621440,
					"bits_per_second":	20947973.966316175,
					"retransmits":	0,
					"snd_cwnd":	349576,
					"snd_wnd":	-1,
					"rtt":	261,
					"rttvar":	114,
					"pmtu":	9500,
					"omitted":	false,
					"sender":	true
				}],
			"sum":	{
				"start":	0,
				"end":	1.001124,
				"seconds":	1.0011240243911743,
				"bytes":	2621440,
				"bits_per_second":	20947973.966316175,
				"retransmits":	0,
				"omitted":	false,
				"sender":	true
			}
		}, {
			"streams":	[{
					"socket":	5,
					"start":	1.001124,
					"end":	2.001071,
					"seconds":	0.99994701147079468,
					"bytes":	2490368,
					"bits_per_second":	19923999.743442293,
					"retransmits":	0,
					"snd_cwnd":	349576,
					"snd_wnd":	-1,
					"rtt":	187,
					"rttvar":	188,
					"pmtu":	9500,
					"omitted":	false,
					"sender":	true
				}],
			"sum":	{
				"start":	1.001124,
				"end":	2.001071,
				"seconds":	0.99994701147079468,
				"bytes":	2490368,
				"bits_per_second":	19923999.743442293,
				"retransmits":	0,
				"omitted":	false,
				"sender":	true
			}
		}, {
			"streams":	[{
					"socket":	5,
					"start":	2.001071,
					"end":	3.001217,
					"seconds":	1.0001460313797,
					"bytes":	2490368,
					"bits_per_second":	19920035.049798012,
					"retransmits":	0,
					"snd_cwnd":	349576,
					"snd_wnd":	-1,
					"rtt":	263,
					"rttvar":	167,
					"pmtu":	9500,
					"omitted":	false,
					"sender":	true
				}],
			"sum":	{
				"start":	2.001071,
				"end":	3.001217,
				"seconds":	1.0001460313797,
				"bytes":	2490368,
				"bits_per_second":	19920035.049798012,
				"retransmits":	0,
				"omitted":	false,
				"sender":	true
			}
		}],
	"end":	{
		"streams":	[{
				"sender":	{
					"socket":	5,
					"start":	0,
					"end":	3.001217,
					"seconds":	3.001217,
					"bytes":	7602176,
					"bits_per_second":	20264248.803068887,
					"retransmits":	0,
					"max_snd_cwnd":	349576,
					"max_snd_wnd":	0,
					"max_rtt":	263,
					"min_rtt":	187,
					"mean_rtt":	237,
					"sender":	true
				},
				"receiver":	{
					"socket":	5,
					"start":	0,
					"end":	3.001435,
					"seconds":	3.001217,
					"bytes":	7602176,
					"bits_per_second":	20262776.971681878,
					"sender":	true
				}
			}],
		"sum_sent":	{
			"start":	0,
			"end":	3.001217,
			"seconds":	3.001217,
			"bytes":	7602176,
			"bits_per_second":	20264248.803068887,
			"retransmits":	0,
			"sender":	true
		},
		"sum_received":	{
			"start":	0,
			"end":	3.001435,
			"seconds":	3.001435,
			"bytes":	7602176,
			"bits_per_second":	20262776.971681878,
			"sender":	true
		},
		"cpu_utilization_percent":	{
			"host_total":	1.0693723514171447,
			"host_user":	0.02930152164799749,
			"host_system":	1.0398710466670018,
			"remote_total":	0.37383544976858918,
			"remote_user":	0.0044643035619811918,
			"remote_system":	0.36927119911193673
		},
		"sender_tcp_congestion":	"cubic",
		"receiver_tcp_congestion":	"cubic"
	}
}
