{
	"start":	{
		"connected":	[{
				"socket":	5,
				"local_host":	"192.168.1.2",
				"local_port":	56264,
				"remote_host":	"192.168.8.2",
				"remote_port":	5204
			}],
		"version":	"iperf 3.19.1",
		"system_info":	"Linux h1 6.6.87.2-microsoft-standard-WSL2 #1 SMP PREEMPT_DYNAMIC Thu Jun  5 18:30:46 UTC 2025 x86_64",
		"timestamp":	{
			"time":	"Mon, 06 Apr 2026 04:37:00 UTC",
			"timesecs":	1775450220
		},
		"connecting_to":	{
			"host":	"192.168.8.2",
			"port":	5204
		},
		"cookie":	"ubqgx7gp2aackvrfnrd33bhm7cus64gnkzqg",
		"tcp_mss_default":	9448,
		"target_bitrate":	20000000,
		"fq_rate":	0,
		"sock_bufsize":	0,
		"sndbuf_actual":	16384,
		"rcvbuf_actual":	131072,
		"test_start":	{
			"protocol":	"TCP",
			"num_streams":	1,
			"blksize":	131072,
			"omit":	0,
			"duration":	3,
			"bytes":	0,
			"blocks":	0,
			"reverse":	0,
			"tos":	0,
			"target_bitrate":	20000000,
			"bidir":	0,
			"fqrate":	0,
			"interval":	1
		}
	},
	"intervals":	[{
			"streams":	[{
					"socket":	5,
					"start":	0,
					"end":	1.001139,
					"seconds":	1.0011390447616577,
					"bytes":	2621440,
					"bits_per_second":	20947659.677974813,
					"retransmits":	0,
					"snd_cwnd":	292888,
					"snd_wnd":	-1,
					"rtt":	257,
					"rttvar":	126,
					"pmtu":	9500,
					"omitted":	false,
					"sender":	true
				}],
			"sum":	{
				"start":	0,
				"end":	1.001139,
				"seconds":	1.0011390447616577,
				"bytes":	2621440,
				"bits_per_second":	20947659.677974813,
				"retransmits":	0,
				"omitted":	false,
				"sender":	true
			}
		}, {
			"streams":	[{
					"socket":	5,
					"start":	1.001139,
					"end":	2.001547,
					"seconds":	1.0004080533981323,
					"bytes":	2490368,
					"bits_per_second":	19914817.690968014,
					"retransmits":	0,
					"snd_cwnd":	292888,
					"snd_wnd":	-1,
					"rtt":	166,
					"rttvar":	64,
					"pmtu":	9500,
					"omitted":	false,
					"sender":	true
				}],
			"sum":	{
				"start":	1.001139,
				"end":	2.001547,
				"seconds":	1.0004080533981323,
				"bytes":	2490368,
				"bits_per_second":	19914817.690968014,
				"retransmits":	0,
				"omitted":	false,
				"sender":	true
			}
		}, {
			"streams":	[{
					"socket":	5,
					"start":	2.001547,
					"end":	3.001552,
					"seconds":	1.0000050067901611,
					"bytes":	2490368,
					"bits_per_second":	19922844.250499424,
					"retransmits":	0,
					"snd_cwnd":	292888,
					"snd_wnd":	-1,
					"rtt":	167,
					"rttvar":	63,
					"pmtu":	9500,
					"omitted":	false,
					"sender":	true
				}],
			"sum":	{
				"start":	2.001547,
				"end":	3.001552,
				"seconds":	1.0000050067901611,
				"bytes":	2490368,
				"bits_per_second":	19922844.250499424,
				"retransmits":	0,
				"omitted":	false,
				"sender":	true
			}
		}],
	"end":	{
		"streams":	[{
				"sender":	{
					"socket":	5,
					"start":	0,
					"end":	3.001552,
					"seconds":	3.001552,
					"bytes":	7602176,
					"bits_per_second":	20261987.131990381,
					"retransmits":	0,
					"max_snd_cwnd":	292888,
					"max_snd_wnd":	0,
					"max_rtt":	257,
					"min_rtt":	166,
					"mean_rtt":	196,
					"sender":	true
				},
				"receiver":	{
					"socket":	5,
					"start":	0,
					"end":	3.001918,
					"seconds":	3.001552,
					"bytes":	7602176,
					"bits_per_second":	20259516.7489585,
					"sender":	true
				}
			}],
		"sum_sent":	{
			"start":	0,
			"end":	3.001552,
			"seconds":	3.001552,
			"bytes":	7602176,
			"bits_per_second":	20261987.131990381,
			"retransmits":	0,
			"sender":	true
		},
		"sum_received":	{
			"start":	0,
			"end":	3.001918,
			"seconds":	3.001918,
			"bytes":	7602176,
			"bits_per_second":	20259516.7489585,
			"sender":	true
		},
		"cpu_utilization_percent":	{
			"host_total":	0.87225883271949567,
			"host_user":	0.17561051625296306,
			"host_system":	0.696781506088264,
			"remote_total":	0.32814079641846527,
			"remote_user":	0.074781858487407829,
			"remote_system":	0.25322569631237168
		},
		"sender_tcp_congestion":	"cubic",
		"receiver_tcp_congestion":	"cubic"
	}
}
