{
	"start":	{
		"connected":	[{
				"socket":	5,
				"local_host":	"192.168.1.2",
				"local_port":	38966,
				"remote_host":	"192.168.8.2",
				"remote_port":	5202
			}],
		"version":	"iperf 3.19.1",
		"system_info":	"Linux h1 6.6.87.2-microsoft-standard-WSL2 #1 SMP PREEMPT_DYNAMIC Thu Jun  5 18:30:46 UTC 2025 x86_64",
		"timestamp":	{
			"time":	"Mon, 06 Apr 2026 04:40:05 UTC",
			"timesecs":	1775450405
		},
		"connecting_to":	{
			"host":	"192.168.8.2",
			"port":	5202
		},
		"cookie":	"whdo56zhnsr32jhdu5vzlvigsofocgsnmbx5",
		"tcp_mss_default":	9448,
		"target_bitrate":	20000000,
		"fq_rate":	0,
		"sock_bufsize":	0,
		"sndbuf_actual":	16384,
		"rcvbuf_actual":	131072,
		"test_start":	{
			"protocol":	"TCP",
			"num_streams":	1,
			"blksize":	131072,
			"omit":	0,
			"duration":	3,
			"bytes":	0,
			"blocks":	0,
			"reverse":	0,
			"tos":	0,
			"target_bitrate":	20000000,
			"bidir":	0,
			"fqrate":	0,
			"interval":	1
		}
	},
	"intervals":	[{
			"streams":	[{
					"socket":	5,
					"start":	0,
					"end":	1.001077,
					"seconds":	1.0010770559310913,
					"bytes":	2621440,
					"bits_per_second":	20948956.801826417,
					"retransmits":	0,
					"snd_cwnd":	264544,
					"snd_wnd":	-1,
					"rtt":	128,
					"rttvar":	63,
					"pmtu":	9500,
					"omitted":	false,
					"sender":	true
				}],
			"sum":	{
				"start":	0,
				"end":	1.001077,
				"seconds":	1.0010770559310913,
				"bytes":	2621440,
				"bits_per_second":	20948956.801826417,
				"retransmits":	0,
				"omitted":	false,
				"sender":	true
			}
		}, {
			"streams":	[{
					"socket":	5,
					"start":	1.001077,
					"end":	2.001165,
					"seconds":	1.0000879764556885,
					"bytes":	2490368,
					"bits_per_second":	19921191.404187169,
					"retransmits":	0,
					"snd_cwnd":	264544,
					"snd_wnd":	-1,
					"rtt":	137,
					"rttvar":	63,
					"pmtu":	9500,
					"omitted":	false,
					"sender":	true
				}],
			"sum":	{
				"start":	1.001077,
				"end":	2.001165,
				"seconds":	1.0000879764556885,
				"bytes":	2490368,
				"bits_per_second":	19921191.404187169,
				"retransmits":	0,
				"omitted":	false,
				"sender":	true
			}
		}, {
			"streams":	[{
					"socket":	5,
					"start":	2.001165,
					"end":	3.000731,
					"seconds":	0.99956601858139038,
					"bytes":	2490368,
					"bits_per_second":	19931593.941413846,
					"retransmits":	0,
					"snd_cwnd":	264544,
					"snd_wnd":	-1,
					"rtt":	151,
					"rttvar":	47,
					"pmtu":	9500,
					"omitted":	false,
					"sender":	true
				}],
			"sum":	{
				"start":	2.001165,
				"end":	3.000731,
				"seconds":	0.99956601858139038,
				"bytes":	2490368,
				"bits_per_second":	19931593.941413846,
				"retransmits":	0,
				"omitted":	false,
				"sender":	true
			}
		}],
	"end":	{
		"streams":	[{
				"sender":	{
					"socket":	5,
					"start":	0,
					"end":	3.000731,
					"seconds":	3.000731,
					"bytes":	7602176,
					"bits_per_second":	20267530.811658893,
					"retransmits":	0,
					"max_snd_cwnd":	264544,
					"max_snd_wnd":	0,
					"max_rtt":	151,
					"min_rtt":	128,
					"mean_rtt":	138,
					"sender":	true
				},
				"receiver":	{
					"socket":	5,
					"start":	0,
					"end":	3.000878,
					"seconds":	3.000731,
					"bytes":	7602176,
					"bits_per_second":	20266537.993213985,
					"sender":	true
				}
			}],
		"sum_sent":	{
			"start":	0,
			"end":	3.000731,
			"seconds":	3.000731,
			"bytes":	7602176,
			"bits_per_second":	20267530.811658893,
			"retransmits":	0,
			"sender":	true
		},
		"sum_received":	{
			"start":	0,
			"end":	3.000878,
			"seconds":	3.000878,
			"bytes":	7602176,
			"bits_per_second":	20266537.993213985,
			"sender":	true
		},
		"cpu_utilization_percent":	{
			"host_total":	0.62770078230245563,
			"host_user":	0.049768347331097425,
			"host_system":	0.57789912282455025,
			"remote_total":	0.21373445476720473,
			"remote_user":	0,
			"remote_system":	0.21373445476720473
		},
		"sender_tcp_congestion":	"cubic",
		"receiver_tcp_congestion":	"cubic"
	}
}
