{
	"start":	{
		"connected":	[{
				"socket":	5,
				"local_host":	"192.168.1.2",
				"local_port":	35076,
				"remote_host":	"192.168.8.2",
				"remote_port":	5202
			}],
		"version":	"iperf 3.19.1",
		"system_info":	"Linux h1 6.6.87.2-microsoft-standard-WSL2 #1 SMP PREEMPT_DYNAMIC Thu Jun  5 18:30:46 UTC 2025 x86_64",
		"timestamp":	{
			"time":	"Mon, 06 Apr 2026 04:22:25 UTC",
			"timesecs":	1775449345
		},
		"connecting_to":	{
			"host":	"192.168.8.2",
			"port":	5202
		},
		"cookie":	"d274xir5f7ywyhc5q25rfrq7djduqeefcsg4",
		"tcp_mss_default":	9448,
		"target_bitrate":	20000000,
		"fq_rate":	0,
		"sock_bufsize":	0,
		"sndbuf_actual":	16384,
		"rcvbuf_actual":	131072,
		"test_start":	{
			"protocol":	"TCP",
			"num_streams":	1,
			"blksize":	131072,
			"omit":	0,
			"duration":	3,
			"bytes":	0,
			"blocks":	0,
			"reverse":	0,
			"tos":	0,
			"target_bitrate":	20000000,
			"bidir":	0,
			"fqrate":	0,
			"interval":	1
		}
	},
	"intervals":	[{
			"streams":	[{
					"socket":	5,
					"start":	0,
					"end":	1.001262,
					"seconds":	1.0012619495391846,
					"bytes":	2621440,
					"bits_per_second":	20945088.355401721,
					"retransmits":	0,
					"snd_cwnd":	264544,
					"snd_wnd":	-1,
					"rtt":	587,
					"rttvar":	424,
					"pmtu":	9500,
					"omitted":	false,
					"sender":	true
				}],
			"sum":	{
				"start":	0,
				"end":	1.001262,
				"seconds":	1.0012619495391846,
				"bytes":	2621440,
				"bits_per_second":	20945088.355401721,
				"retransmits":	0,
				"omitted":	false,
				"sender":	true
			}
		}, {
			"streams":	[{
					"socket":	5,
					"start":	1.001262,
					"end":	2.000709,
					"seconds":	0.999446988105774,
					"bytes":	2490368,
					"bits_per_second":	19933967.721248969,
					"retransmits":	0,
					"snd_cwnd":	264544,
					"snd_wnd":	-1,
					"rtt":	228,
					"rttvar":	82,
					"pmtu":	9500,
					"omitted":	false,
					"sender":	true
				}],
			"sum":	{
				"start":	1.001262,
				"end":	2.000709,
				"seconds":	0.999446988105774,
				"bytes":	2490368,
				"bits_per_second":	19933967.721248969,
				"retransmits":	0,
				"omitted":	false,
				"sender":	true
			}
		}, {
			"streams":	[{
					"socket":	5,
					"start":	2.000709,
					"end":	3.001483,
					"seconds":	1.0007740259170532,
					"bytes":	2490368,
					"bits_per_second":	19907535.051925164,
					"retransmits":	0,
					"snd_cwnd":	264544,
					"snd_wnd":	-1,
					"rtt":	211,
					"rttvar":	154,
					"pmtu":	9500,
					"omitted":	false,
					"sender":	true
				}],
			"sum":	{
				"start":	2.000709,
				"end":	3.001483,
				"seconds":	1.0007740259170532,
				"bytes":	2490368,
				"bits_per_second":	19907535.051925164,
				"retransmits":	0,
				"omitted":	false,
				"sender":	true
			}
		}],
	"end":	{
		"streams":	[{
				"sender":	{
					"socket":	5,
					"start":	0,
					"end":	3.001483,
					"seconds":	3.001483,
					"bytes":	7602176,
					"bits_per_second":	20262452.927436206,
					"retransmits":	0,
					"max_snd_cwnd":	264544,
					"max_snd_wnd":	0,
					"max_rtt":	587,
					"min_rtt":	211,
					"mean_rtt":	342,
					"sender":	true
				},
				"receiver":	{
					"socket":	5,
					"start":	0,
					"end":	3.001644,
					"seconds":	3.001483,
					"bytes":	7602176,
					"bits_per_second":	20261366.104707953,
					"sender":	true
				}
			}],
		"sum_sent":	{
			"start":	0,
			"end":	3.001483,
			"seconds":	3.001483,
			"bytes":	7602176,
			"bits_per_second":	20262452.927436206,
			"retransmits":	0,
			"sender":	true
		},
		"sum_received":	{
			"start":	0,
			"end":	3.001644,
			"seconds":	3.001644,
			"bytes":	7602176,
			"bits_per_second":	20261366.104707953,
			"sender":	true
		},
		"cpu_utilization_percent":	{
			"host_total":	1.3544381044458451,
			"host_user":	0,
			"host_system":	1.3544381044458451,
			"remote_total":	0.46516322855195413,
			"remote_user":	0,
			"remote_system":	0.46516322855195413
		},
		"sender_tcp_congestion":	"cubic",
		"receiver_tcp_congestion":	"cubic"
	}
}
