{
	"start":	{
		"connected":	[{
				"socket":	5,
				"local_host":	"192.168.1.2",
				"local_port":	37132,
				"remote_host":	"192.168.8.2",
				"remote_port":	5202
			}],
		"version":	"iperf 3.19.1",
		"system_info":	"Linux h1 6.6.87.2-microsoft-standard-WSL2 #1 SMP PREEMPT_DYNAMIC Thu Jun  5 18:30:46 UTC 2025 x86_64",
		"timestamp":	{
			"time":	"Mon, 06 Apr 2026 04:36:39 UTC",
			"timesecs":	1775450199
		},
		"connecting_to":	{
			"host":	"192.168.8.2",
			"port":	5202
		},
		"cookie":	"lsmf7ic3fgz3cartx6a2z6xmua6osvbs3772",
		"tcp_mss_default":	9448,
		"target_bitrate":	20000000,
		"fq_rate":	0,
		"sock_bufsize":	0,
		"sndbuf_actual":	16384,
		"rcvbuf_actual":	131072,
		"test_start":	{
			"protocol":	"TCP",
			"num_streams":	1,
			"blksize":	131072,
			"omit":	0,
			"duration":	3,
			"bytes":	0,
			"blocks":	0,
			"reverse":	0,
			"tos":	0,
			"target_bitrate":	20000000,
			"bidir":	0,
			"fqrate":	0,
			"interval":	1
		}
	},
	"intervals":	[{
			"streams":	[{
					"socket":	5,
					"start":	0,
					"end":	1.001091,
					"seconds":	1.0010910034179688,
					"bytes":	2621440,
					"bits_per_second":	20948664.934954084,
					"retransmits":	0,
					"snd_cwnd":	264544,
					"snd_wnd":	-1,
					"rtt":	195,
					"rttvar":	92,
					"pmtu":	9500,
					"omitted":	false,
					"sender":	true
				}],
			"sum":	{
				"start":	0,
				"end":	1.001091,
				"seconds":	1.0010910034179688,
				"bytes":	2621440,
				"bits_per_second":	20948664.934954084,
				"retransmits":	0,
				"omitted":	false,
				"sender":	true
			}
		}, {
			"streams":	[{
					"socket":	5,
					"start":	1.001091,
					"end":	2.000305,
					"seconds":	0.999213993549347,
					"bytes":	2490368,
					"bits_per_second":	19938615.880699325,
					"retransmits":	0,
					"snd_cwnd":	264544,
					"snd_wnd":	-1,
					"rtt":	149,
					"rttvar":	98,
					"pmtu":	9500,
					"omitted":	false,
					"sender":	true
				}],
			"sum":	{
				"start":	1.001091,
				"end":	2.000305,
				"seconds":	0.999213993549347,
				"bytes":	2490368,
				"bits_per_second":	19938615.880699325,
				"retransmits":	0,
				"omitted":	false,
				"sender":	true
			}
		}, {
			"streams":	[{
					"socket":	5,
					"start":	2.000305,
					"end":	3.000538,
					"seconds":	1.0002330541610718,
					"bytes":	2490368,
					"bits_per_second":	19918301.956847474,
					"retransmits":	0,
					"snd_cwnd":	264544,
					"snd_wnd":	-1,
					"rtt":	226,
					"rttvar":	131,
					"pmtu":	9500,
					"omitted":	false,
					"sender":	true
				}],
			"sum":	{
				"start":	2.000305,
				"end":	3.000538,
				"seconds":	1.0002330541610718,
				"bytes":	2490368,
				"bits_per_second":	19918301.956847474,
				"retransmits":	0,
				"omitted":	false,
				"sender":	true
			}
		}],
	"end":	{
		"streams":	[{
				"sender":	{
					"socket":	5,
					"start":	0,
					"end":	3.000538,
					"seconds":	3.000538,
					"bytes":	7602176,
					"bits_per_second":	20268834.455687612,
					"retransmits":	0,
					"max_snd_cwnd":	264544,
					"max_snd_wnd":	0,
					"max_rtt":	226,
					"min_rtt":	149,
					"mean_rtt":	190,
					"sender":	true
				},
				"receiver":	{
					"socket":	5,
					"start":	0,
					"end":	3.00084,
					"seconds":	3.000538,
					"bytes":	7602176,
					"bits_per_second":	20266794.6308367,
					"sender":	true
				}
			}],
		"sum_sent":	{
			"start":	0,
			"end":	3.000538,
			"seconds":	3.000538,
			"bytes":	7602176,
			"bits_per_second":	20268834.455687612,
			"retransmits":	0,
			"sender":	true
		},
		"sum_received":	{
			"start":	0,
			"end":	3.00084,
			"seconds":	3.00084,
			"bytes":	7602176,
			"bits_per_second":	20266794.6308367,
			"sender":	true
		},
		"cpu_utilization_percent":	{
			"host_total":	0.951547814244968,
			"host_user":	0,
			"host_system":	0.951547814244968,
			"remote_total":	0.33933289079765722,
			"remote_user":	0.0082308969878249361,
			"remote_system":	0.33123528768817762
		},
		"sender_tcp_congestion":	"cubic",
		"receiver_tcp_congestion":	"cubic"
	}
}
