{
	"start":	{
		"connected":	[{
				"socket":	5,
				"local_host":	"192.168.1.2",
				"local_port":	40662,
				"remote_host":	"192.168.8.2",
				"remote_port":	5203
			}],
		"version":	"iperf 3.19.1",
		"system_info":	"Linux h1 6.6.87.2-microsoft-standard-WSL2 #1 SMP PREEMPT_DYNAMIC Thu Jun  5 18:30:46 UTC 2025 x86_64",
		"timestamp":	{
			"time":	"Mon, 06 Apr 2026 04:18:53 UTC",
			"timesecs":	1775449133
		},
		"connecting_to":	{
			"host":	"192.168.8.2",
			"port":	5203
		},
		"cookie":	"u7z7gueoblnb5vhpzfrn3b2ovvmsuqbki7dj",
		"tcp_mss_default":	9448,
		"target_bitrate":	20000000,
		"fq_rate":	0,
		"sock_bufsize":	0,
		"sndbuf_actual":	16384,
		"rcvbuf_actual":	131072,
		"test_start":	{
			"protocol":	"TCP",
			"num_streams":	1,
			"blksize":	131072,
			"omit":	0,
			"duration":	3,
			"bytes":	0,
			"blocks":	0,
			"reverse":	0,
			"tos":	0,
			"target_bitrate":	20000000,
			"bidir":	0,
			"fqrate":	0,
			"interval":	1
		}
	},
	"intervals":	[{
			"streams":	[{
					"socket":	5,
					"start":	0,
					"end":	1.001311,
					"seconds":	1.00131094455719,
					"bytes":	2621440,
					"bits_per_second":	20944063.493957158,
					"retransmits":	0,
					"snd_cwnd":	264544,
					"snd_wnd":	-1,
					"rtt":	743,
					"rttvar":	488,
					"pmtu":	9500,
					"omitted":	false,
					"sender":	true
				}],
			"sum":	{
				"start":	0,
				"end":	1.001311,
				"seconds":	1.00131094455719,
				"bytes":	2621440,
				"bits_per_second":	20944063.493957158,
				"retransmits":	0,
				"omitted":	false,
				"sender":	true
			}
		}, {
			"streams":	[{
					"socket":	5,
					"start":	1.001311,
					"end":	2.001114,
					"seconds":	0.99980300664901733,
					"bytes":	2490368,
					"bits_per_second":	19926869.460789677,
					"retransmits":	0,
					"snd_cwnd":	264544,
					"snd_wnd":	-1,
					"rtt":	194,
					"rttvar":	88,
					"pmtu":	9500,
					"omitted":	false,
					"sender":	true
				}],
			"sum":	{
				"start":	1.001311,
				"end":	2.001114,
				"seconds":	0.99980300664901733,
				"bytes":	2490368,
				"bits_per_second":	19926869.460789677,
				"retransmits":	0,
				"omitted":	false,
				"sender":	true
			}
		}, {
			"streams":	[{
					"socket":	5,
					"start":	2.001114,
					"end":	3.001234,
					"seconds":	1.0001200437545776,
					"bytes":	2490368,
					"bits_per_second":	19920552.662065186,
					"retransmits":	0,
					"snd_cwnd":	264544,
					"snd_wnd":	-1,
					"rtt":	177,
					"rttvar":	93,
					"pmtu":	9500,
					"omitted":	false,
					"sender":	true
				}],
			"sum":	{
				"start":	2.001114,
				"end":	3.001234,
				"seconds":	1.0001200437545776,
				"bytes":	2490368,
				"bits_per_second":	19920552.662065186,
				"retransmits":	0,
				"omitted":	false,
				"sender":	true
			}
		}],
	"end":	{
		"streams":	[{
				"sender":	{
					"socket":	5,
					"start":	0,
					"end":	3.001234,
					"seconds":	3.001234,
					"bytes":	7602176,
					"bits_per_second":	20264134.01953996,
					"retransmits":	0,
					"max_snd_cwnd":	264544,
					"max_snd_wnd":	0,
					"max_rtt":	743,
					"min_rtt":	177,
					"mean_rtt":	371,
					"sender":	true
				},
				"receiver":	{
					"socket":	5,
					"start":	0,
					"end":	3.001392,
					"seconds":	3.001234,
					"bytes":	7602176,
					"bits_per_second":	20263067.27012,
					"sender":	true
				}
			}],
		"sum_sent":	{
			"start":	0,
			"end":	3.001234,
			"seconds":	3.001234,
			"bytes":	7602176,
			"bits_per_second":	20264134.01953996,
			"retransmits":	0,
			"sender":	true
		},
		"sum_received":	{
			"start":	0,
			"end":	3.001392,
			"seconds":	3.001392,
			"bytes":	7602176,
			"bits_per_second":	20263067.27012,
			"sender":	true
		},
		"cpu_utilization_percent":	{
			"host_total":	1.3995832020710688,
			"host_user":	0.19318031205896713,
			"host_system":	1.2063695888033343,
			"remote_total":	0.447318471360923,
			"remote_user":	0.015492558407778129,
			"remote_system":	0.431859230283054
		},
		"sender_tcp_congestion":	"cubic",
		"receiver_tcp_congestion":	"cubic"
	}
}
