{
	"start":	{
		"connected":	[{
				"socket":	5,
				"local_host":	"192.168.1.2",
				"local_port":	33690,
				"remote_host":	"192.168.8.2",
				"remote_port":	5204
			}],
		"version":	"iperf 3.19.1",
		"system_info":	"Linux h1 6.6.87.2-microsoft-standard-WSL2 #1 SMP PREEMPT_DYNAMIC Thu Jun  5 18:30:46 UTC 2025 x86_64",
		"timestamp":	{
			"time":	"Mon, 06 Apr 2026 04:22:53 UTC",
			"timesecs":	1775449373
		},
		"connecting_to":	{
			"host":	"192.168.8.2",
			"port":	5204
		},
		"cookie":	"3jnffftqyq3bo2ws52no6fcs2uhgozxqriyx",
		"tcp_mss_default":	9448,
		"target_bitrate":	20000000,
		"fq_rate":	0,
		"sock_bufsize":	0,
		"sndbuf_actual":	16384,
		"rcvbuf_actual":	131072,
		"test_start":	{
			"protocol":	"TCP",
			"num_streams":	1,
			"blksize":	131072,
			"omit":	0,
			"duration":	3,
			"bytes":	0,
			"blocks":	0,
			"reverse":	0,
			"tos":	0,
			"target_bitrate":	20000000,
			"bidir":	0,
			"fqrate":	0,
			"interval":	1
		}
	},
	"intervals":	[{
			"streams":	[{
					"socket":	5,
					"start":	0,
					"end":	1.001065,
					"seconds":	1.0010650157928467,
					"bytes":	2621440,
					"bits_per_second":	20949208.76182102,
					"retransmits":	0,
					"snd_cwnd":	264544,
					"snd_wnd":	-1,
					"rtt":	302,
					"rttvar":	278,
					"pmtu":	9500,
					"omitted":	false,
					"sender":	true
				}],
			"sum":	{
				"start":	0,
				"end":	1.001065,
				"seconds":	1.0010650157928467,
				"bytes":	2621440,
				"bits_per_second":	20949208.76182102,
				"retransmits":	0,
				"omitted":	false,
				"sender":	true
			}
		}, {
			"streams":	[{
					"socket":	5,
					"start":	1.001065,
					"end":	2.000968,
					"seconds":	0.99990302324295044,
					"bytes":	2490368,
					"bits_per_second":	19924876.249883328,
					"retransmits":	0,
					"snd_cwnd":	264544,
					"snd_wnd":	-1,
					"rtt":	316,
					"rttvar":	235,
					"pmtu":	9500,
					"omitted":	false,
					"sender":	true
				}],
			"sum":	{
				"start":	1.001065,
				"end":	2.000968,
				"seconds":	0.99990302324295044,
				"bytes":	2490368,
				"bits_per_second":	19924876.249883328,
				"retransmits":	0,
				"omitted":	false,
				"sender":	true
			}
		}, {
			"streams":	[{
					"socket":	5,
					"start":	2.000968,
					"end":	3.001213,
					"seconds":	1.0002449750900269,
					"bytes":	2490368,
					"bits_per_second":	19918064.570338722,
					"retransmits":	0,
					"snd_cwnd":	264544,
					"snd_wnd":	-1,
					"rtt":	375,
					"rttvar":	257,
					"pmtu":	9500,
					"omitted":	false,
					"sender":	true
				}],
			"sum":	{
				"start":	2.000968,
				"end":	3.001213,
				"seconds":	1.0002449750900269,
				"bytes":	2490368,
				"bits_per_second":	19918064.570338722,
				"retransmits":	0,
				"omitted":	false,
				"sender":	true
			}
		}],
	"end":	{
		"streams":	[{
				"sender":	{
					"socket":	5,
					"start":	0,
					"end":	3.001213,
					"seconds":	3.001213,
					"bytes":	7602176,
					"bits_per_second":	20264275.811147027,
					"retransmits":	0,
					"max_snd_cwnd":	264544,
					"max_snd_wnd":	0,
					"max_rtt":	375,
					"min_rtt":	302,
					"mean_rtt":	331,
					"sender":	true
				},
				"receiver":	{
					"socket":	5,
					"start":	0,
					"end":	3.001476,
					"seconds":	3.001213,
					"bytes":	7602176,
					"bits_per_second":	20262500.183243178,
					"sender":	true
				}
			}],
		"sum_sent":	{
			"start":	0,
			"end":	3.001213,
			"seconds":	3.001213,
			"bytes":	7602176,
			"bits_per_second":	20264275.811147027,
			"retransmits":	0,
			"sender":	true
		},
		"sum_received":	{
			"start":	0,
			"end":	3.001476,
			"seconds":	3.001476,
			"bytes":	7602176,
			"bits_per_second":	20262500.183243178,
			"sender":	true
		},
		"cpu_utilization_percent":	{
			"host_total":	1.3037795320167107,
			"host_user":	0.037996793083984237,
			"host_system":	1.2657827389327263,
			"remote_total":	0.46768592747769766,
			"remote_user":	0,
			"remote_system":	0.46761929605905145
		},
		"sender_tcp_congestion":	"cubic",
		"receiver_tcp_congestion":	"cubic"
	}
}
