{
	"start":	{
		"connected":	[{
				"socket":	5,
				"local_host":	"192.168.1.2",
				"local_port":	50168,
				"remote_host":	"192.168.8.2",
				"remote_port":	5204
			}],
		"version":	"iperf 3.19.1",
		"system_info":	"Linux h1 6.6.87.2-microsoft-standard-WSL2 #1 SMP PREEMPT_DYNAMIC Thu Jun  5 18:30:46 UTC 2025 x86_64",
		"timestamp":	{
			"time":	"Mon, 06 Apr 2026 04:32:10 UTC",
			"timesecs":	1775449930
		},
		"connecting_to":	{
			"host":	"192.168.8.2",
			"port":	5204
		},
		"cookie":	"i77zaqzilh7mzqkvy3ox4aqeflauns4hkcqz",
		"tcp_mss_default":	9448,
		"target_bitrate":	20000000,
		"fq_rate":	0,
		"sock_bufsize":	0,
		"sndbuf_actual":	16384,
		"rcvbuf_actual":	131072,
		"test_start":	{
			"protocol":	"TCP",
			"num_streams":	1,
			"blksize":	131072,
			"omit":	0,
			"duration":	3,
			"bytes":	0,
			"blocks":	0,
			"reverse":	0,
			"tos":	0,
			"target_bitrate":	20000000,
			"bidir":	0,
			"fqrate":	0,
			"interval":	1
		}
	},
	"intervals":	[{
			"streams":	[{
					"socket":	5,
					"start":	0,
					"end":	1.000282,
					"seconds":	1.0002820491790771,
					"bytes":	2621440,
					"bits_per_second":	20965606.667850479,
					"retransmits":	0,
					"snd_cwnd":	283440,
					"snd_wnd":	-1,
					"rtt":	123,
					"rttvar":	63,
					"pmtu":	9500,
					"omitted":	false,
					"sender":	true
				}],
			"sum":	{
				"start":	0,
				"end":	1.000282,
				"seconds":	1.0002820491790771,
				"bytes":	2621440,
				"bits_per_second":	20965606.667850479,
				"retransmits":	0,
				"omitted":	false,
				"sender":	true
			}
		}, {
			"streams":	[{
					"socket":	5,
					"start":	1.000282,
					"end":	2.001396,
					"seconds":	1.0011140108108521,
					"bytes":	2490368,
					"bits_per_second":	19900774.322260674,
					"retransmits":	0,
					"snd_cwnd":	283440,
					"snd_wnd":	-1,
					"rtt":	202,
					"rttvar":	120,
					"pmtu":	9500,
					"omitted":	false,
					"sender":	true
				}],
			"sum":	{
				"start":	1.000282,
				"end":	2.001396,
				"seconds":	1.0011140108108521,
				"bytes":	2490368,
				"bits_per_second":	19900774.322260674,
				"retransmits":	0,
				"omitted":	false,
				"sender":	true
			}
		}, {
			"streams":	[{
					"socket":	5,
					"start":	2.001396,
					"end":	3.006816,
					"seconds":	1.0054199695587158,
					"bytes":	2359296,
					"bits_per_second":	18772620.9658279,
					"retransmits":	0,
					"snd_cwnd":	283440,
					"snd_wnd":	-1,
					"rtt":	615,
					"rttvar":	366,
					"pmtu":	9500,
					"omitted":	false,
					"sender":	true
				}],
			"sum":	{
				"start":	2.001396,
				"end":	3.006816,
				"seconds":	1.0054199695587158,
				"bytes":	2359296,
				"bits_per_second":	18772620.9658279,
				"retransmits":	0,
				"omitted":	false,
				"sender":	true
			}
		}],
	"end":	{
		"streams":	[{
				"sender":	{
					"socket":	5,
					"start":	0,
					"end":	3.006816,
					"seconds":	3.006816,
					"bytes":	7471104,
					"bits_per_second":	19877781.680022988,
					"retransmits":	0,
					"max_snd_cwnd":	283440,
					"max_snd_wnd":	0,
					"max_rtt":	615,
					"min_rtt":	123,
					"mean_rtt":	313,
					"sender":	true
				},
				"receiver":	{
					"socket":	5,
					"start":	0,
					"end":	3.007009,
					"seconds":	3.006816,
					"bytes":	7471104,
					"bits_per_second":	19876505.856816523,
					"sender":	true
				}
			}],
		"sum_sent":	{
			"start":	0,
			"end":	3.006816,
			"seconds":	3.006816,
			"bytes":	7471104,
			"bits_per_second":	19877781.680022988,
			"retransmits":	0,
			"sender":	true
		},
		"sum_received":	{
			"start":	0,
			"end":	3.007009,
			"seconds":	3.007009,
			"bytes":	7471104,
			"bits_per_second":	19876505.856816523,
			"sender":	true
		},
		"cpu_utilization_percent":	{
			"host_total":	1.3026531796865495,
			"host_user":	0,
			"host_system":	1.3027529157848332,
			"remote_total":	0.53939979634498447,
			"remote_user":	0.0078149785537035346,
			"remote_system":	0.53168458347494518
		},
		"sender_tcp_congestion":	"cubic",
		"receiver_tcp_congestion":	"cubic"
	}
}
