{
	"start":	{
		"connected":	[{
				"socket":	5,
				"local_host":	"192.168.1.2",
				"local_port":	39312,
				"remote_host":	"192.168.8.2",
				"remote_port":	5202
			}],
		"version":	"iperf 3.19.1",
		"system_info":	"Linux h1 6.6.87.2-microsoft-standard-WSL2 #1 SMP PREEMPT_DYNAMIC Thu Jun  5 18:30:46 UTC 2025 x86_64",
		"timestamp":	{
			"time":	"Mon, 06 Apr 2026 04:36:55 UTC",
			"timesecs":	1775450215
		},
		"connecting_to":	{
			"host":	"192.168.8.2",
			"port":	5202
		},
		"cookie":	"ylh2e43l44rx5qfmlify63wb5xmggrjazymr",
		"tcp_mss_default":	9448,
		"target_bitrate":	20000000,
		"fq_rate":	0,
		"sock_bufsize":	0,
		"sndbuf_actual":	16384,
		"rcvbuf_actual":	131072,
		"test_start":	{
			"protocol":	"TCP",
			"num_streams":	1,
			"blksize":	131072,
			"omit":	0,
			"duration":	3,
			"bytes":	0,
			"blocks":	0,
			"reverse":	0,
			"tos":	0,
			"target_bitrate":	20000000,
			"bidir":	0,
			"fqrate":	0,
			"interval":	1
		}
	},
	"intervals":	[{
			"streams":	[{
					"socket":	5,
					"start":	0,
					"end":	1.001106,
					"seconds":	1.0011060237884521,
					"bytes":	2621440,
					"bits_per_second":	20948350.625878941,
					"retransmits":	0,
					"snd_cwnd":	264544,
					"snd_wnd":	-1,
					"rtt":	204,
					"rttvar":	96,
					"pmtu":	9500,
					"omitted":	false,
					"sender":	true
				}],
			"sum":	{
				"start":	0,
				"end":	1.001106,
				"seconds":	1.0011060237884521,
				"bytes":	2621440,
				"bits_per_second":	20948350.625878941,
				"retransmits":	0,
				"omitted":	false,
				"sender":	true
			}
		}, {
			"streams":	[{
					"socket":	5,
					"start":	1.001106,
					"end":	2.001086,
					"seconds":	0.99997997283935547,
					"bytes":	2490368,
					"bits_per_second":	19923343.007991,
					"retransmits":	0,
					"snd_cwnd":	264544,
					"snd_wnd":	-1,
					"rtt":	346,
					"rttvar":	292,
					"pmtu":	9500,
					"omitted":	false,
					"sender":	true
				}],
			"sum":	{
				"start":	1.001106,
				"end":	2.001086,
				"seconds":	0.99997997283935547,
				"bytes":	2490368,
				"bits_per_second":	19923343.007991,
				"retransmits":	0,
				"omitted":	false,
				"sender":	true
			}
		}, {
			"streams":	[{
					"socket":	5,
					"start":	2.001086,
					"end":	3.001289,
					"seconds":	1.000203013420105,
					"bytes":	2490368,
					"bits_per_second":	19918900.195946492,
					"retransmits":	0,
					"snd_cwnd":	264544,
					"snd_wnd":	-1,
					"rtt":	253,
					"rttvar":	169,
					"pmtu":	9500,
					"omitted":	false,
					"sender":	true
				}],
			"sum":	{
				"start":	2.001086,
				"end":	3.001289,
				"seconds":	1.000203013420105,
				"bytes":	2490368,
				"bits_per_second":	19918900.195946492,
				"retransmits":	0,
				"omitted":	false,
				"sender":	true
			}
		}],
	"end":	{
		"streams":	[{
				"sender":	{
					"socket":	5,
					"start":	0,
					"end":	3.001289,
					"seconds":	3.001289,
					"bytes":	7602176,
					"bits_per_second":	20263762.6699728,
					"retransmits":	0,
					"max_snd_cwnd":	264544,
					"max_snd_wnd":	0,
					"max_rtt":	346,
					"min_rtt":	204,
					"mean_rtt":	267,
					"sender":	true
				},
				"receiver":	{
					"socket":	5,
					"start":	0,
					"end":	3.001528,
					"seconds":	3.001289,
					"bytes":	7602176,
					"bits_per_second":	20262149.145368624,
					"sender":	true
				}
			}],
		"sum_sent":	{
			"start":	0,
			"end":	3.001289,
			"seconds":	3.001289,
			"bytes":	7602176,
			"bits_per_second":	20263762.6699728,
			"retransmits":	0,
			"sender":	true
		},
		"sum_received":	{
			"start":	0,
			"end":	3.001528,
			"seconds":	3.001528,
			"bytes":	7602176,
			"bits_per_second":	20262149.145368624,
			"sender":	true
		},
		"cpu_utilization_percent":	{
			"host_total":	1.1399528045017244,
			"host_user":	0,
			"host_system":	1.1399861111342406,
			"remote_total":	0.3857640119723772,
			"remote_user":	0,
			"remote_system":	0.3858306436352103
		},
		"sender_tcp_congestion":	"cubic",
		"receiver_tcp_congestion":	"cubic"
	}
}
