{
	"start":	{
		"connected":	[{
				"socket":	5,
				"local_host":	"192.168.1.2",
				"local_port":	40316,
				"remote_host":	"192.168.8.2",
				"remote_port":	5203
			}],
		"version":	"iperf 3.19.1",
		"system_info":	"Linux h1 6.6.87.2-microsoft-standard-WSL2 #1 SMP PREEMPT_DYNAMIC Thu Jun  5 18:30:46 UTC 2025 x86_64",
		"timestamp":	{
			"time":	"Mon, 06 Apr 2026 04:35:45 UTC",
			"timesecs":	1775450145
		},
		"connecting_to":	{
			"host":	"192.168.8.2",
			"port":	5203
		},
		"cookie":	"tvkqhtmai3ql55qbphl5pek6thn23c5huy6z",
		"tcp_mss_default":	9448,
		"target_bitrate":	20000000,
		"fq_rate":	0,
		"sock_bufsize":	0,
		"sndbuf_actual":	16384,
		"rcvbuf_actual":	131072,
		"test_start":	{
			"protocol":	"TCP",
			"num_streams":	1,
			"blksize":	131072,
			"omit":	0,
			"duration":	3,
			"bytes":	0,
			"blocks":	0,
			"reverse":	0,
			"tos":	0,
			"target_bitrate":	20000000,
			"bidir":	0,
			"fqrate":	0,
			"interval":	1
		}
	},
	"intervals":	[{
			"streams":	[{
					"socket":	5,
					"start":	0,
					"end":	1.001078,
					"seconds":	1.0010780096054077,
					"bytes":	2621440,
					"bits_per_second":	20948936.844858162,
					"retransmits":	0,
					"snd_cwnd":	207856,
					"snd_wnd":	-1,
					"rtt":	361,
					"rttvar":	359,
					"pmtu":	9500,
					"omitted":	false,
					"sender":	true
				}],
			"sum":	{
				"start":	0,
				"end":	1.001078,
				"seconds":	1.0010780096054077,
				"bytes":	2621440,
				"bits_per_second":	20948936.844858162,
				"retransmits":	0,
				"omitted":	false,
				"sender":	true
			}
		}, {
			"streams":	[{
					"socket":	5,
					"start":	1.001078,
					"end":	2.00124,
					"seconds":	1.0001620054244995,
					"bytes":	2490368,
					"bits_per_second":	19919716.89780806,
					"retransmits":	0,
					"snd_cwnd":	207856,
					"snd_wnd":	-1,
					"rtt":	238,
					"rttvar":	139,
					"pmtu":	9500,
					"omitted":	false,
					"sender":	true
				}],
			"sum":	{
				"start":	1.001078,
				"end":	2.00124,
				"seconds":	1.0001620054244995,
				"bytes":	2490368,
				"bits_per_second":	19919716.89780806,
				"retransmits":	0,
				"omitted":	false,
				"sender":	true
			}
		}, {
			"streams":	[{
					"socket":	5,
					"start":	2.00124,
					"end":	3.000489,
					"seconds":	0.99924898147583,
					"bytes":	2490368,
					"bits_per_second":	19937917.745560292,
					"retransmits":	0,
					"snd_cwnd":	207856,
					"snd_wnd":	-1,
					"rtt":	296,
					"rttvar":	262,
					"pmtu":	9500,
					"omitted":	false,
					"sender":	true
				}],
			"sum":	{
				"start":	2.00124,
				"end":	3.000489,
				"seconds":	0.99924898147583,
				"bytes":	2490368,
				"bits_per_second":	19937917.745560292,
				"retransmits":	0,
				"omitted":	false,
				"sender":	true
			}
		}],
	"end":	{
		"streams":	[{
				"sender":	{
					"socket":	5,
					"start":	0,
					"end":	3.000489,
					"seconds":	3.000489,
					"bytes":	7602176,
					"bits_per_second":	20269165.459363457,
					"retransmits":	0,
					"max_snd_cwnd":	207856,
					"max_snd_wnd":	0,
					"max_rtt":	361,
					"min_rtt":	238,
					"mean_rtt":	298,
					"sender":	true
				},
				"receiver":	{
					"socket":	5,
					"start":	0,
					"end":	3.000661,
					"seconds":	3.000489,
					"bytes":	7602176,
					"bits_per_second":	20268003.616536491,
					"sender":	true
				}
			}],
		"sum_sent":	{
			"start":	0,
			"end":	3.000489,
			"seconds":	3.000489,
			"bytes":	7602176,
			"bits_per_second":	20269165.459363457,
			"retransmits":	0,
			"sender":	true
		},
		"sum_received":	{
			"start":	0,
			"end":	3.000661,
			"seconds":	3.000661,
			"bytes":	7602176,
			"bits_per_second":	20268003.616536491,
			"sender":	true
		},
		"cpu_utilization_percent":	{
			"host_total":	1.336067012907574,
			"host_user":	0,
			"host_system":	1.336067012907574,
			"remote_total":	0.41210562781123122,
			"remote_user":	0,
			"remote_system":	0.4121389535129788
		},
		"sender_tcp_congestion":	"cubic",
		"receiver_tcp_congestion":	"cubic"
	}
}
