{
	"start":	{
		"connected":	[{
				"socket":	5,
				"local_host":	"192.168.1.2",
				"local_port":	46886,
				"remote_host":	"192.168.8.2",
				"remote_port":	5203
			}],
		"version":	"iperf 3.19.1",
		"system_info":	"Linux h1 6.6.87.2-microsoft-standard-WSL2 #1 SMP PREEMPT_DYNAMIC Thu Jun  5 18:30:46 UTC 2025 x86_64",
		"timestamp":	{
			"time":	"Mon, 06 Apr 2026 04:18:36 UTC",
			"timesecs":	1775449116
		},
		"connecting_to":	{
			"host":	"192.168.8.2",
			"port":	5203
		},
		"cookie":	"iy3mna273bfaosuyec2zx3yn34fpcv6u37dd",
		"tcp_mss_default":	9448,
		"target_bitrate":	20000000,
		"fq_rate":	0,
		"sock_bufsize":	0,
		"sndbuf_actual":	16384,
		"rcvbuf_actual":	131072,
		"test_start":	{
			"protocol":	"TCP",
			"num_streams":	1,
			"blksize":	131072,
			"omit":	0,
			"duration":	3,
			"bytes":	0,
			"blocks":	0,
			"reverse":	0,
			"tos":	0,
			"target_bitrate":	20000000,
			"bidir":	0,
			"fqrate":	0,
			"interval":	1
		}
	},
	"intervals":	[{
			"streams":	[{
					"socket":	5,
					"start":	0,
					"end":	1.001415,
					"seconds":	1.0014150142669678,
					"bytes":	2621440,
					"bits_per_second":	20941886.9312151,
					"retransmits":	0,
					"snd_cwnd":	340128,
					"snd_wnd":	-1,
					"rtt":	381,
					"rttvar":	377,
					"pmtu":	9500,
					"omitted":	false,
					"sender":	true
				}],
			"sum":	{
				"start":	0,
				"end":	1.001415,
				"seconds":	1.0014150142669678,
				"bytes":	2621440,
				"bits_per_second":	20941886.9312151,
				"retransmits":	0,
				"omitted":	false,
				"sender":	true
			}
		}, {
			"streams":	[{
					"socket":	5,
					"start":	1.001415,
					"end":	2.001061,
					"seconds":	0.999646008014679,
					"bytes":	2490368,
					"bits_per_second":	19929999.059934672,
					"retransmits":	0,
					"snd_cwnd":	340128,
					"snd_wnd":	-1,
					"rtt":	298,
					"rttvar":	154,
					"pmtu":	9500,
					"omitted":	false,
					"sender":	true
				}],
			"sum":	{
				"start":	1.001415,
				"end":	2.001061,
				"seconds":	0.999646008014679,
				"bytes":	2490368,
				"bits_per_second":	19929999.059934672,
				"retransmits":	0,
				"omitted":	false,
				"sender":	true
			}
		}, {
			"streams":	[{
					"socket":	5,
					"start":	2.001061,
					"end":	3.000942,
					"seconds":	0.99988102912902832,
					"bytes":	2490368,
					"bits_per_second":	19925314.532024261,
					"retransmits":	0,
					"snd_cwnd":	340128,
					"snd_wnd":	-1,
					"rtt":	548,
					"rttvar":	444,
					"pmtu":	9500,
					"omitted":	false,
					"sender":	true
				}],
			"sum":	{
				"start":	2.001061,
				"end":	3.000942,
				"seconds":	0.99988102912902832,
				"bytes":	2490368,
				"bits_per_second":	19925314.532024261,
				"retransmits":	0,
				"omitted":	false,
				"sender":	true
			}
		}],
	"end":	{
		"streams":	[{
				"sender":	{
					"socket":	5,
					"start":	0,
					"end":	3.000942,
					"seconds":	3.000942,
					"bytes":	7602176,
					"bits_per_second":	20266105.776119631,
					"retransmits":	0,
					"max_snd_cwnd":	340128,
					"max_snd_wnd":	0,
					"max_rtt":	548,
					"min_rtt":	298,
					"mean_rtt":	409,
					"sender":	true
				},
				"receiver":	{
					"socket":	5,
					"start":	0,
					"end":	3.001154,
					"seconds":	3.000942,
					"bytes":	7602176,
					"bits_per_second":	20264674.188662093,
					"sender":	true
				}
			}],
		"sum_sent":	{
			"start":	0,
			"end":	3.000942,
			"seconds":	3.000942,
			"bytes":	7602176,
			"bits_per_second":	20266105.776119631,
			"retransmits":	0,
			"sender":	true
		},
		"sum_received":	{
			"start":	0,
			"end":	3.001154,
			"seconds":	3.001154,
			"bytes":	7602176,
			"bits_per_second":	20264674.188662093,
			"sender":	true
		},
		"cpu_utilization_percent":	{
			"host_total":	2.5761523476595012,
			"host_user":	0.37591994140884549,
			"host_system":	2.2003989340886148,
			"remote_total":	0.76753143763453036,
			"remote_user":	0.0226577546165175,
			"remote_system":	0.7449403234727674
		},
		"sender_tcp_congestion":	"cubic",
		"receiver_tcp_congestion":	"cubic"
	}
}
