{
	"start":	{
		"connected":	[{
				"socket":	5,
				"local_host":	"192.168.1.2",
				"local_port":	48478,
				"remote_host":	"192.168.8.2",
				"remote_port":	5202
			}],
		"version":	"iperf 3.19.1",
		"system_info":	"Linux h1 6.6.87.2-microsoft-standard-WSL2 #1 SMP PREEMPT_DYNAMIC Thu Jun  5 18:30:46 UTC 2025 x86_64",
		"timestamp":	{
			"time":	"Mon, 06 Apr 2026 04:24:18 UTC",
			"timesecs":	1775449458
		},
		"connecting_to":	{
			"host":	"192.168.8.2",
			"port":	5202
		},
		"cookie":	"dkaclijrbhhpbuk5pe6ck55bm5oh6u4mcxn5",
		"tcp_mss_default":	9448,
		"target_bitrate":	20000000,
		"fq_rate":	0,
		"sock_bufsize":	0,
		"sndbuf_actual":	16384,
		"rcvbuf_actual":	131072,
		"test_start":	{
			"protocol":	"TCP",
			"num_streams":	1,
			"blksize":	131072,
			"omit":	0,
			"duration":	3,
			"bytes":	0,
			"blocks":	0,
			"reverse":	0,
			"tos":	0,
			"target_bitrate":	20000000,
			"bidir":	0,
			"fqrate":	0,
			"interval":	1
		}
	},
	"intervals":	[{
			"streams":	[{
					"socket":	5,
					"start":	0,
					"end":	1.001101,
					"seconds":	1.001101016998291,
					"bytes":	2621440,
					"bits_per_second":	20948455.394522689,
					"retransmits":	0,
					"snd_cwnd":	245648,
					"snd_wnd":	-1,
					"rtt":	595,
					"rttvar":	313,
					"pmtu":	9500,
					"omitted":	false,
					"sender":	true
				}],
			"sum":	{
				"start":	0,
				"end":	1.001101,
				"seconds":	1.001101016998291,
				"bytes":	2621440,
				"bits_per_second":	20948455.394522689,
				"retransmits":	0,
				"omitted":	false,
				"sender":	true
			}
		}, {
			"streams":	[{
					"socket":	5,
					"start":	1.001101,
					"end":	2.000282,
					"seconds":	0.99918097257614136,
					"bytes":	2490368,
					"bits_per_second":	19939274.8128836,
					"retransmits":	0,
					"snd_cwnd":	245648,
					"snd_wnd":	-1,
					"rtt":	400,
					"rttvar":	349,
					"pmtu":	9500,
					"omitted":	false,
					"sender":	true
				}],
			"sum":	{
				"start":	1.001101,
				"end":	2.000282,
				"seconds":	0.99918097257614136,
				"bytes":	2490368,
				"bits_per_second":	19939274.8128836,
				"retransmits":	0,
				"omitted":	false,
				"sender":	true
			}
		}, {
			"streams":	[{
					"socket":	5,
					"start":	2.000282,
					"end":	3.002096,
					"seconds":	1.0018140077590942,
					"bytes":	2490368,
					"bits_per_second":	19886869.065211616,
					"retransmits":	0,
					"snd_cwnd":	245648,
					"snd_wnd":	-1,
					"rtt":	701,
					"rttvar":	435,
					"pmtu":	9500,
					"omitted":	false,
					"sender":	true
				}],
			"sum":	{
				"start":	2.000282,
				"end":	3.002096,
				"seconds":	1.0018140077590942,
				"bytes":	2490368,
				"bits_per_second":	19886869.065211616,
				"retransmits":	0,
				"omitted":	false,
				"sender":	true
			}
		}],
	"end":	{
		"streams":	[{
				"sender":	{
					"socket":	5,
					"start":	0,
					"end":	3.002096,
					"seconds":	3.002096,
					"bytes":	7602176,
					"bits_per_second":	20258315.52355421,
					"retransmits":	0,
					"max_snd_cwnd":	245648,
					"max_snd_wnd":	0,
					"max_rtt":	701,
					"min_rtt":	400,
					"mean_rtt":	565,
					"sender":	true
				},
				"receiver":	{
					"socket":	5,
					"start":	0,
					"end":	3.002479,
					"seconds":	3.002096,
					"bytes":	7602176,
					"bits_per_second":	20255731.347329989,
					"sender":	true
				}
			}],
		"sum_sent":	{
			"start":	0,
			"end":	3.002096,
			"seconds":	3.002096,
			"bytes":	7602176,
			"bits_per_second":	20258315.52355421,
			"retransmits":	0,
			"sender":	true
		},
		"sum_received":	{
			"start":	0,
			"end":	3.002479,
			"seconds":	3.002479,
			"bytes":	7602176,
			"bits_per_second":	20255731.347329989,
			"sender":	true
		},
		"cpu_utilization_percent":	{
			"host_total":	1.8758082152111721,
			"host_user":	0.14502522213956306,
			"host_system":	1.7305167085232691,
			"remote_total":	0.654646823434198,
			"remote_user":	0.12972371679264355,
			"remote_system":	0.524956411832002
		},
		"sender_tcp_congestion":	"cubic",
		"receiver_tcp_congestion":	"cubic"
	}
}
