{
	"start":	{
		"connected":	[{
				"socket":	5,
				"local_host":	"192.168.1.2",
				"local_port":	47786,
				"remote_host":	"192.168.8.2",
				"remote_port":	5203
			}],
		"version":	"iperf 3.19.1",
		"system_info":	"Linux h1 6.6.87.2-microsoft-standard-WSL2 #1 SMP PREEMPT_DYNAMIC Thu Jun  5 18:30:46 UTC 2025 x86_64",
		"timestamp":	{
			"time":	"Mon, 06 Apr 2026 04:31:26 UTC",
			"timesecs":	1775449886
		},
		"connecting_to":	{
			"host":	"192.168.8.2",
			"port":	5203
		},
		"cookie":	"x5nvua4d7negaswtbbcj46jymk6274btq75t",
		"tcp_mss_default":	9448,
		"target_bitrate":	20000000,
		"fq_rate":	0,
		"sock_bufsize":	0,
		"sndbuf_actual":	16384,
		"rcvbuf_actual":	131072,
		"test_start":	{
			"protocol":	"TCP",
			"num_streams":	1,
			"blksize":	131072,
			"omit":	0,
			"duration":	3,
			"bytes":	0,
			"blocks":	0,
			"reverse":	0,
			"tos":	0,
			"target_bitrate":	20000000,
			"bidir":	0,
			"fqrate":	0,
			"interval":	1
		}
	},
	"intervals":	[{
			"streams":	[{
					"socket":	5,
					"start":	0,
					"end":	1.001058,
					"seconds":	1.0010579824447632,
					"bytes":	2621440,
					"bits_per_second":	20949355.949176677,
					"retransmits":	0,
					"snd_cwnd":	217304,
					"snd_wnd":	-1,
					"rtt":	179,
					"rttvar":	83,
					"pmtu":	9500,
					"omitted":	false,
					"sender":	true
				}],
			"sum":	{
				"start":	0,
				"end":	1.001058,
				"seconds":	1.0010579824447632,
				"bytes":	2621440,
				"bits_per_second":	20949355.949176677,
				"retransmits":	0,
				"omitted":	false,
				"sender":	true
			}
		}, {
			"streams":	[{
					"socket":	5,
					"start":	1.001058,
					"end":	2.001095,
					"seconds":	1.0000369548797607,
					"bytes":	2490368,
					"bits_per_second":	19922207.777207024,
					"retransmits":	0,
					"snd_cwnd":	217304,
					"snd_wnd":	-1,
					"rtt":	133,
					"rttvar":	43,
					"pmtu":	9500,
					"omitted":	false,
					"sender":	true
				}],
			"sum":	{
				"start":	1.001058,
				"end":	2.001095,
				"seconds":	1.0000369548797607,
				"bytes":	2490368,
				"bits_per_second":	19922207.777207024,
				"retransmits":	0,
				"omitted":	false,
				"sender":	true
			}
		}, {
			"streams":	[{
					"socket":	5,
					"start":	2.001095,
					"end":	3.001326,
					"seconds":	1.0002310276031494,
					"bytes":	2490368,
					"bits_per_second":	19918342.313116692,
					"retransmits":	0,
					"snd_cwnd":	217304,
					"snd_wnd":	-1,
					"rtt":	131,
					"rttvar":	64,
					"pmtu":	9500,
					"omitted":	false,
					"sender":	true
				}],
			"sum":	{
				"start":	2.001095,
				"end":	3.001326,
				"seconds":	1.0002310276031494,
				"bytes":	2490368,
				"bits_per_second":	19918342.313116692,
				"retransmits":	0,
				"omitted":	false,
				"sender":	true
			}
		}],
	"end":	{
		"streams":	[{
				"sender":	{
					"socket":	5,
					"start":	0,
					"end":	3.001326,
					"seconds":	3.001326,
					"bytes":	7602176,
					"bits_per_second":	20263512.860648926,
					"retransmits":	0,
					"max_snd_cwnd":	217304,
					"max_snd_wnd":	0,
					"max_rtt":	179,
					"min_rtt":	131,
					"mean_rtt":	147,
					"sender":	true
				},
				"receiver":	{
					"socket":	5,
					"start":	0,
					"end":	3.001478,
					"seconds":	3.001326,
					"bytes":	7602176,
					"bits_per_second":	20262486.681561548,
					"sender":	true
				}
			}],
		"sum_sent":	{
			"start":	0,
			"end":	3.001326,
			"seconds":	3.001326,
			"bytes":	7602176,
			"bits_per_second":	20263512.860648926,
			"retransmits":	0,
			"sender":	true
		},
		"sum_received":	{
			"start":	0,
			"end":	3.001478,
			"seconds":	3.001478,
			"bytes":	7602176,
			"bits_per_second":	20262486.681561548,
			"sender":	true
		},
		"cpu_utilization_percent":	{
			"host_total":	0.61093528189557145,
			"host_user":	0.031309517227229154,
			"host_system":	0.57962576466834226,
			"remote_total":	0.19280218502479743,
			"remote_user":	0,
			"remote_system":	0.19280218502479743
		},
		"sender_tcp_congestion":	"cubic",
		"receiver_tcp_congestion":	"cubic"
	}
}
