{
	"start":	{
		"connected":	[{
				"socket":	5,
				"local_host":	"192.168.1.2",
				"local_port":	59238,
				"remote_host":	"192.168.8.2",
				"remote_port":	5202
			}],
		"version":	"iperf 3.19.1",
		"system_info":	"Linux h1 6.6.87.2-microsoft-standard-WSL2 #1 SMP PREEMPT_DYNAMIC Thu Jun  5 18:30:46 UTC 2025 x86_64",
		"timestamp":	{
			"time":	"Mon, 06 Apr 2026 04:13:51 UTC",
			"timesecs":	1775448831
		},
		"connecting_to":	{
			"host":	"192.168.8.2",
			"port":	5202
		},
		"cookie":	"ebyclfjqu3sirvh2pto27755f62ve22l5gsk",
		"tcp_mss_default":	9448,
		"target_bitrate":	20000000,
		"fq_rate":	0,
		"sock_bufsize":	0,
		"sndbuf_actual":	16384,
		"rcvbuf_actual":	131072,
		"test_start":	{
			"protocol":	"TCP",
			"num_streams":	1,
			"blksize":	131072,
			"omit":	0,
			"duration":	3,
			"bytes":	0,
			"blocks":	0,
			"reverse":	0,
			"tos":	0,
			"target_bitrate":	20000000,
			"bidir":	0,
			"fqrate":	0,
			"interval":	1
		}
	},
	"intervals":	[{
			"streams":	[{
					"socket":	5,
					"start":	0,
					"end":	1.001316,
					"seconds":	1.0013159513473511,
					"bytes":	2621440,
					"bits_per_second":	20943958.769238755,
					"retransmits":	0,
					"snd_cwnd":	264544,
					"snd_wnd":	-1,
					"rtt":	286,
					"rttvar":	262,
					"pmtu":	9500,
					"omitted":	false,
					"sender":	true
				}],
			"sum":	{
				"start":	0,
				"end":	1.001316,
				"seconds":	1.0013159513473511,
				"bytes":	2621440,
				"bits_per_second":	20943958.769238755,
				"retransmits":	0,
				"omitted":	false,
				"sender":	true
			}
		}, {
			"streams":	[{
					"socket":	5,
					"start":	1.001316,
					"end":	2.001101,
					"seconds":	0.999785006046295,
					"bytes":	2490368,
					"bits_per_second":	19927228.233584318,
					"retransmits":	0,
					"snd_cwnd":	264544,
					"snd_wnd":	-1,
					"rtt":	502,
					"rttvar":	409,
					"pmtu":	9500,
					"omitted":	false,
					"sender":	true
				}],
			"sum":	{
				"start":	1.001316,
				"end":	2.001101,
				"seconds":	0.999785006046295,
				"bytes":	2490368,
				"bits_per_second":	19927228.233584318,
				"retransmits":	0,
				"omitted":	false,
				"sender":	true
			}
		}, {
			"streams":	[{
					"socket":	5,
					"start":	2.001101,
					"end":	3.002251,
					"seconds":	1.0011500120162964,
					"bytes":	2490368,
					"bits_per_second":	19900058.693377614,
					"retransmits":	0,
					"snd_cwnd":	264544,
					"snd_wnd":	-1,
					"rtt":	234,
					"rttvar":	107,
					"pmtu":	9500,
					"omitted":	false,
					"sender":	true
				}],
			"sum":	{
				"start":	2.001101,
				"end":	3.002251,
				"seconds":	1.0011500120162964,
				"bytes":	2490368,
				"bits_per_second":	19900058.693377614,
				"retransmits":	0,
				"omitted":	false,
				"sender":	true
			}
		}],
	"end":	{
		"streams":	[{
				"sender":	{
					"socket":	5,
					"start":	0,
					"end":	3.002251,
					"seconds":	3.002251,
					"bytes":	7602176,
					"bits_per_second":	20257269.628688607,
					"retransmits":	0,
					"max_snd_cwnd":	264544,
					"max_snd_wnd":	0,
					"max_rtt":	502,
					"min_rtt":	234,
					"mean_rtt":	340,
					"sender":	true
				},
				"receiver":	{
					"socket":	5,
					"start":	0,
					"end":	3.002583,
					"seconds":	3.002251,
					"bytes":	7602176,
					"bits_per_second":	20255029.752716243,
					"sender":	true
				}
			}],
		"sum_sent":	{
			"start":	0,
			"end":	3.002251,
			"seconds":	3.002251,
			"bytes":	7602176,
			"bits_per_second":	20257269.628688607,
			"retransmits":	0,
			"sender":	true
		},
		"sum_received":	{
			"start":	0,
			"end":	3.002583,
			"seconds":	3.002583,
			"bytes":	7602176,
			"bits_per_second":	20255029.752716243,
			"sender":	true
		},
		"cpu_utilization_percent":	{
			"host_total":	1.1243983215430937,
			"host_user":	0.33794210901845967,
			"host_system":	0.786689276048095,
			"remote_total":	0.44367623158287378,
			"remote_user":	0.14074281299123437,
			"remote_system":	0.30306663469480188
		},
		"sender_tcp_congestion":	"cubic",
		"receiver_tcp_congestion":	"cubic"
	}
}
