{
	"start":	{
		"connected":	[{
				"socket":	5,
				"local_host":	"192.168.1.2",
				"local_port":	36188,
				"remote_host":	"192.168.8.2",
				"remote_port":	5204
			}],
		"version":	"iperf 3.19.1",
		"system_info":	"Linux h1 6.6.87.2-microsoft-standard-WSL2 #1 SMP PREEMPT_DYNAMIC Thu Jun  5 18:30:46 UTC 2025 x86_64",
		"timestamp":	{
			"time":	"Mon, 06 Apr 2026 04:36:41 UTC",
			"timesecs":	1775450201
		},
		"connecting_to":	{
			"host":	"192.168.8.2",
			"port":	5204
		},
		"cookie":	"izf5x4tx3tkc42jgzty5idf2jbq7u6rdfrjy",
		"tcp_mss_default":	9448,
		"target_bitrate":	20000000,
		"fq_rate":	0,
		"sock_bufsize":	0,
		"sndbuf_actual":	16384,
		"rcvbuf_actual":	131072,
		"test_start":	{
			"protocol":	"TCP",
			"num_streams":	1,
			"blksize":	131072,
			"omit":	0,
			"duration":	3,
			"bytes":	0,
			"blocks":	0,
			"reverse":	0,
			"tos":	0,
			"target_bitrate":	20000000,
			"bidir":	0,
			"fqrate":	0,
			"interval":	1
		}
	},
	"intervals":	[{
			"streams":	[{
					"socket":	5,
					"start":	0,
					"end":	1.000657,
					"seconds":	1.0006569623947144,
					"bytes":	2621440,
					"bits_per_second":	20957751.545356933,
					"retransmits":	0,
					"snd_cwnd":	264544,
					"snd_wnd":	-1,
					"rtt":	166,
					"rttvar":	95,
					"pmtu":	9500,
					"omitted":	false,
					"sender":	true
				}],
			"sum":	{
				"start":	0,
				"end":	1.000657,
				"seconds":	1.0006569623947144,
				"bytes":	2621440,
				"bits_per_second":	20957751.545356933,
				"retransmits":	0,
				"omitted":	false,
				"sender":	true
			}
		}, {
			"streams":	[{
					"socket":	5,
					"start":	1.000657,
					"end":	2.001202,
					"seconds":	1.0005450248718262,
					"bytes":	2490368,
					"bits_per_second":	19912091.414928786,
					"retransmits":	0,
					"snd_cwnd":	264544,
					"snd_wnd":	-1,
					"rtt":	335,
					"rttvar":	184,
					"pmtu":	9500,
					"omitted":	false,
					"sender":	true
				}],
			"sum":	{
				"start":	1.000657,
				"end":	2.001202,
				"seconds":	1.0005450248718262,
				"bytes":	2490368,
				"bits_per_second":	19912091.414928786,
				"retransmits":	0,
				"omitted":	false,
				"sender":	true
			}
		}, {
			"streams":	[{
					"socket":	5,
					"start":	2.001202,
					"end":	3.001929,
					"seconds":	1.00072705745697,
					"bytes":	2490368,
					"bits_per_second":	19908469.398866691,
					"retransmits":	0,
					"snd_cwnd":	264544,
					"snd_wnd":	-1,
					"rtt":	314,
					"rttvar":	205,
					"pmtu":	9500,
					"omitted":	false,
					"sender":	true
				}],
			"sum":	{
				"start":	2.001202,
				"end":	3.001929,
				"seconds":	1.00072705745697,
				"bytes":	2490368,
				"bits_per_second":	19908469.398866691,
				"retransmits":	0,
				"omitted":	false,
				"sender":	true
			}
		}],
	"end":	{
		"streams":	[{
				"sender":	{
					"socket":	5,
					"start":	0,
					"end":	3.001929,
					"seconds":	3.001929,
					"bytes":	7602176,
					"bits_per_second":	20259442.511798248,
					"retransmits":	0,
					"max_snd_cwnd":	264544,
					"max_snd_wnd":	0,
					"max_rtt":	335,
					"min_rtt":	166,
					"mean_rtt":	271,
					"sender":	true
				},
				"receiver":	{
					"socket":	5,
					"start":	0,
					"end":	3.00258,
					"seconds":	3.001929,
					"bytes":	7602176,
					"bits_per_second":	20255049.990341641,
					"sender":	true
				}
			}],
		"sum_sent":	{
			"start":	0,
			"end":	3.001929,
			"seconds":	3.001929,
			"bytes":	7602176,
			"bits_per_second":	20259442.511798248,
			"retransmits":	0,
			"sender":	true
		},
		"sum_received":	{
			"start":	0,
			"end":	3.00258,
			"seconds":	3.00258,
			"bytes":	7602176,
			"bits_per_second":	20255049.990341641,
			"sender":	true
		},
		"cpu_utilization_percent":	{
			"host_total":	1.237252776709439,
			"host_user":	0.13552639684593112,
			"host_system":	1.1018595753395235,
			"remote_total":	0.47645072518358139,
			"remote_user":	0.0098247563210650431,
			"remote_system":	0.46679249015609375
		},
		"sender_tcp_congestion":	"cubic",
		"receiver_tcp_congestion":	"cubic"
	}
}
