{
	"start":	{
		"connected":	[{
				"socket":	5,
				"local_host":	"192.168.1.2",
				"local_port":	57480,
				"remote_host":	"192.168.8.2",
				"remote_port":	5203
			}],
		"version":	"iperf 3.19.1",
		"system_info":	"Linux h1 6.6.87.2-microsoft-standard-WSL2 #1 SMP PREEMPT_DYNAMIC Thu Jun  5 18:30:46 UTC 2025 x86_64",
		"timestamp":	{
			"time":	"Mon, 06 Apr 2026 04:35:36 UTC",
			"timesecs":	1775450136
		},
		"connecting_to":	{
			"host":	"192.168.8.2",
			"port":	5203
		},
		"cookie":	"7unlkyvk45y7lxjnusmmlk4z5uep76kur5mr",
		"tcp_mss_default":	9448,
		"target_bitrate":	20000000,
		"fq_rate":	0,
		"sock_bufsize":	0,
		"sndbuf_actual":	16384,
		"rcvbuf_actual":	131072,
		"test_start":	{
			"protocol":	"TCP",
			"num_streams":	1,
			"blksize":	131072,
			"omit":	0,
			"duration":	3,
			"bytes":	0,
			"blocks":	0,
			"reverse":	0,
			"tos":	0,
			"target_bitrate":	20000000,
			"bidir":	0,
			"fqrate":	0,
			"interval":	1
		}
	},
	"intervals":	[{
			"streams":	[{
					"socket":	5,
					"start":	0,
					"end":	1.001126,
					"seconds":	1.0011260509490967,
					"bytes":	2621440,
					"bits_per_second":	20947931.561783243,
					"retransmits":	0,
					"snd_cwnd":	359024,
					"snd_wnd":	-1,
					"rtt":	337,
					"rttvar":	295,
					"pmtu":	9500,
					"omitted":	false,
					"sender":	true
				}],
			"sum":	{
				"start":	0,
				"end":	1.001126,
				"seconds":	1.0011260509490967,
				"bytes":	2621440,
				"bits_per_second":	20947931.561783243,
				"retransmits":	0,
				"omitted":	false,
				"sender":	true
			}
		}, {
			"streams":	[{
					"socket":	5,
					"start":	1.001126,
					"end":	2.003514,
					"seconds":	1.0023880004882812,
					"bytes":	2490368,
					"bits_per_second":	19875481.340853218,
					"retransmits":	0,
					"snd_cwnd":	359024,
					"snd_wnd":	-1,
					"rtt":	215,
					"rttvar":	97,
					"pmtu":	9500,
					"omitted":	false,
					"sender":	true
				}],
			"sum":	{
				"start":	1.001126,
				"end":	2.003514,
				"seconds":	1.0023880004882812,
				"bytes":	2490368,
				"bits_per_second":	19875481.340853218,
				"retransmits":	0,
				"omitted":	false,
				"sender":	true
			}
		}, {
			"streams":	[{
					"socket":	5,
					"start":	2.003514,
					"end":	3.002298,
					"seconds":	0.99878400564193726,
					"bytes":	2490368,
					"bits_per_second":	19947199.6822728,
					"retransmits":	0,
					"snd_cwnd":	359024,
					"snd_wnd":	-1,
					"rtt":	200,
					"rttvar":	93,
					"pmtu":	9500,
					"omitted":	false,
					"sender":	true
				}],
			"sum":	{
				"start":	2.003514,
				"end":	3.002298,
				"seconds":	0.99878400564193726,
				"bytes":	2490368,
				"bits_per_second":	19947199.6822728,
				"retransmits":	0,
				"omitted":	false,
				"sender":	true
			}
		}],
	"end":	{
		"streams":	[{
				"sender":	{
					"socket":	5,
					"start":	0,
					"end":	3.002298,
					"seconds":	3.002298,
					"bytes":	7602176,
					"bits_per_second":	20256952.507712424,
					"retransmits":	0,
					"max_snd_cwnd":	359024,
					"max_snd_wnd":	0,
					"max_rtt":	337,
					"min_rtt":	200,
					"mean_rtt":	250,
					"sender":	true
				},
				"receiver":	{
					"socket":	5,
					"start":	0,
					"end":	3.002827,
					"seconds":	3.002298,
					"bytes":	7602176,
					"bits_per_second":	20253383.894576676,
					"sender":	true
				}
			}],
		"sum_sent":	{
			"start":	0,
			"end":	3.002298,
			"seconds":	3.002298,
			"bytes":	7602176,
			"bits_per_second":	20256952.507712424,
			"retransmits":	0,
			"sender":	true
		},
		"sum_received":	{
			"start":	0,
			"end":	3.002827,
			"seconds":	3.002827,
			"bytes":	7602176,
			"bits_per_second":	20253383.894576676,
			"sender":	true
		},
		"cpu_utilization_percent":	{
			"host_total":	1.2419907807836,
			"host_user":	0.11675499030204485,
			"host_system":	1.1256020023131272,
			"remote_total":	0.47228010186224617,
			"remote_user":	0.011089357912856295,
			"remote_system":	0.46122404532450362
		},
		"sender_tcp_congestion":	"cubic",
		"receiver_tcp_congestion":	"cubic"
	}
}
