{
	"start":	{
		"connected":	[{
				"socket":	5,
				"local_host":	"192.168.1.2",
				"local_port":	42428,
				"remote_host":	"192.168.8.2",
				"remote_port":	5204
			}],
		"version":	"iperf 3.19.1",
		"system_info":	"Linux h1 6.6.87.2-microsoft-standard-WSL2 #1 SMP PREEMPT_DYNAMIC Thu Jun  5 18:30:46 UTC 2025 x86_64",
		"timestamp":	{
			"time":	"Mon, 06 Apr 2026 04:25:04 UTC",
			"timesecs":	1775449504
		},
		"connecting_to":	{
			"host":	"192.168.8.2",
			"port":	5204
		},
		"cookie":	"4pwztanh3ou5yz7tcsn4odmbfq6bexxn4rnf",
		"tcp_mss_default":	9448,
		"target_bitrate":	20000000,
		"fq_rate":	0,
		"sock_bufsize":	0,
		"sndbuf_actual":	16384,
		"rcvbuf_actual":	131072,
		"test_start":	{
			"protocol":	"TCP",
			"num_streams":	1,
			"blksize":	131072,
			"omit":	0,
			"duration":	3,
			"bytes":	0,
			"blocks":	0,
			"reverse":	0,
			"tos":	0,
			"target_bitrate":	20000000,
			"bidir":	0,
			"fqrate":	0,
			"interval":	1
		}
	},
	"intervals":	[{
			"streams":	[{
					"socket":	5,
					"start":	0,
					"end":	1.000659,
					"seconds":	1.0006589889526367,
					"bytes":	2621440,
					"bits_per_second":	20957709.101229716,
					"retransmits":	0,
					"snd_cwnd":	264544,
					"snd_wnd":	-1,
					"rtt":	144,
					"rttvar":	77,
					"pmtu":	9500,
					"omitted":	false,
					"sender":	true
				}],
			"sum":	{
				"start":	0,
				"end":	1.000659,
				"seconds":	1.0006589889526367,
				"bytes":	2621440,
				"bits_per_second":	20957709.101229716,
				"retransmits":	0,
				"omitted":	false,
				"sender":	true
			}
		}, {
			"streams":	[{
					"socket":	5,
					"start":	1.000659,
					"end":	2.000684,
					"seconds":	1.0000250339508057,
					"bytes":	2490368,
					"bits_per_second":	19922445.26248537,
					"retransmits":	0,
					"snd_cwnd":	264544,
					"snd_wnd":	-1,
					"rtt":	183,
					"rttvar":	102,
					"pmtu":	9500,
					"omitted":	false,
					"sender":	true
				}],
			"sum":	{
				"start":	1.000659,
				"end":	2.000684,
				"seconds":	1.0000250339508057,
				"bytes":	2490368,
				"bits_per_second":	19922445.26248537,
				"retransmits":	0,
				"omitted":	false,
				"sender":	true
			}
		}, {
			"streams":	[{
					"socket":	5,
					"start":	2.000684,
					"end":	3.000817,
					"seconds":	1.0001330375671387,
					"bytes":	2490368,
					"bits_per_second":	19920293.852569167,
					"retransmits":	0,
					"snd_cwnd":	264544,
					"snd_wnd":	-1,
					"rtt":	175,
					"rttvar":	95,
					"pmtu":	9500,
					"omitted":	false,
					"sender":	true
				}],
			"sum":	{
				"start":	2.000684,
				"end":	3.000817,
				"seconds":	1.0001330375671387,
				"bytes":	2490368,
				"bits_per_second":	19920293.852569167,
				"retransmits":	0,
				"omitted":	false,
				"sender":	true
			}
		}],
	"end":	{
		"streams":	[{
				"sender":	{
					"socket":	5,
					"start":	0,
					"end":	3.000817,
					"seconds":	3.000817,
					"bytes":	7602176,
					"bits_per_second":	20266949.967292242,
					"retransmits":	0,
					"max_snd_cwnd":	264544,
					"max_snd_wnd":	0,
					"max_rtt":	183,
					"min_rtt":	144,
					"mean_rtt":	167,
					"sender":	true
				},
				"receiver":	{
					"socket":	5,
					"start":	0,
					"end":	3.000938,
					"seconds":	3.000817,
					"bytes":	7602176,
					"bits_per_second":	20266132.789147925,
					"sender":	true
				}
			}],
		"sum_sent":	{
			"start":	0,
			"end":	3.000817,
			"seconds":	3.000817,
			"bytes":	7602176,
			"bits_per_second":	20266949.967292242,
			"retransmits":	0,
			"sender":	true
		},
		"sum_received":	{
			"start":	0,
			"end":	3.000938,
			"seconds":	3.000938,
			"bytes":	7602176,
			"bits_per_second":	20266132.789147925,
			"sender":	true
		},
		"cpu_utilization_percent":	{
			"host_total":	0.77605882831039164,
			"host_user":	0,
			"host_system":	0.77605882831039164,
			"remote_total":	0.2692447518099878,
			"remote_user":	0,
			"remote_system":	0.2692447518099878
		},
		"sender_tcp_congestion":	"cubic",
		"receiver_tcp_congestion":	"cubic"
	}
}
