{
	"start":	{
		"connected":	[{
				"socket":	5,
				"local_host":	"192.168.1.2",
				"local_port":	37856,
				"remote_host":	"192.168.8.2",
				"remote_port":	5203
			}],
		"version":	"iperf 3.19.1",
		"system_info":	"Linux h1 6.6.87.2-microsoft-standard-WSL2 #1 SMP PREEMPT_DYNAMIC Thu Jun  5 18:30:46 UTC 2025 x86_64",
		"timestamp":	{
			"time":	"Mon, 06 Apr 2026 04:18:30 UTC",
			"timesecs":	1775449110
		},
		"connecting_to":	{
			"host":	"192.168.8.2",
			"port":	5203
		},
		"cookie":	"e2pcspsz7xxssqdiegfgmdlfqp3k4tpt6bve",
		"tcp_mss_default":	9448,
		"target_bitrate":	20000000,
		"fq_rate":	0,
		"sock_bufsize":	0,
		"sndbuf_actual":	16384,
		"rcvbuf_actual":	131072,
		"test_start":	{
			"protocol":	"TCP",
			"num_streams":	1,
			"blksize":	131072,
			"omit":	0,
			"duration":	3,
			"bytes":	0,
			"blocks":	0,
			"reverse":	0,
			"tos":	0,
			"target_bitrate":	20000000,
			"bidir":	0,
			"fqrate":	0,
			"interval":	1
		}
	},
	"intervals":	[{
			"streams":	[{
					"socket":	5,
					"start":	0,
					"end":	1.000963,
					"seconds":	1.0009629726409912,
					"bytes":	2621440,
					"bits_per_second":	20951344.428523347,
					"retransmits":	0,
					"snd_cwnd":	359024,
					"snd_wnd":	-1,
					"rtt":	221,
					"rttvar":	141,
					"pmtu":	9500,
					"omitted":	false,
					"sender":	true
				}],
			"sum":	{
				"start":	0,
				"end":	1.000963,
				"seconds":	1.0009629726409912,
				"bytes":	2621440,
				"bits_per_second":	20951344.428523347,
				"retransmits":	0,
				"omitted":	false,
				"sender":	true
			}
		}, {
			"streams":	[{
					"socket":	5,
					"start":	1.000963,
					"end":	2.001059,
					"seconds":	1.0000959634780884,
					"bytes":	2490368,
					"bits_per_second":	19921032.308452569,
					"retransmits":	0,
					"snd_cwnd":	359024,
					"snd_wnd":	-1,
					"rtt":	306,
					"rttvar":	168,
					"pmtu":	9500,
					"omitted":	false,
					"sender":	true
				}],
			"sum":	{
				"start":	1.000963,
				"end":	2.001059,
				"seconds":	1.0000959634780884,
				"bytes":	2490368,
				"bits_per_second":	19921032.308452569,
				"retransmits":	0,
				"omitted":	false,
				"sender":	true
			}
		}, {
			"streams":	[{
					"socket":	5,
					"start":	2.001059,
					"end":	3.001405,
					"seconds":	1.0003459453582764,
					"bytes":	2490368,
					"bits_per_second":	19916054.133517329,
					"retransmits":	0,
					"snd_cwnd":	359024,
					"snd_wnd":	-1,
					"rtt":	323,
					"rttvar":	158,
					"pmtu":	9500,
					"omitted":	false,
					"sender":	true
				}],
			"sum":	{
				"start":	2.001059,
				"end":	3.001405,
				"seconds":	1.0003459453582764,
				"bytes":	2490368,
				"bits_per_second":	19916054.133517329,
				"retransmits":	0,
				"omitted":	false,
				"sender":	true
			}
		}],
	"end":	{
		"streams":	[{
				"sender":	{
					"socket":	5,
					"start":	0,
					"end":	3.001405,
					"seconds":	3.001405,
					"bytes":	7602176,
					"bits_per_second":	20262979.504598677,
					"retransmits":	0,
					"max_snd_cwnd":	359024,
					"max_snd_wnd":	0,
					"max_rtt":	323,
					"min_rtt":	221,
					"mean_rtt":	283,
					"sender":	true
				},
				"receiver":	{
					"socket":	5,
					"start":	0,
					"end":	3.001727,
					"seconds":	3.001405,
					"bytes":	7602176,
					"bits_per_second":	20260805.862758338,
					"sender":	true
				}
			}],
		"sum_sent":	{
			"start":	0,
			"end":	3.001405,
			"seconds":	3.001405,
			"bytes":	7602176,
			"bits_per_second":	20262979.504598677,
			"retransmits":	0,
			"sender":	true
		},
		"sum_received":	{
			"start":	0,
			"end":	3.001727,
			"seconds":	3.001727,
			"bytes":	7602176,
			"bits_per_second":	20260805.862758338,
			"sender":	true
		},
		"cpu_utilization_percent":	{
			"host_total":	1.0189937124928037,
			"host_user":	0,
			"host_system":	1.0190270096764946,
			"remote_total":	0.34888892220206774,
			"remote_user":	0,
			"remote_system":	0.34888892220206774
		},
		"sender_tcp_congestion":	"cubic",
		"receiver_tcp_congestion":	"cubic"
	}
}
