{
	"start":	{
		"connected":	[{
				"socket":	5,
				"local_host":	"192.168.1.2",
				"local_port":	59170,
				"remote_host":	"192.168.8.2",
				"remote_port":	5203
			}],
		"version":	"iperf 3.19.1",
		"system_info":	"Linux h1 6.6.87.2-microsoft-standard-WSL2 #1 SMP PREEMPT_DYNAMIC Thu Jun  5 18:30:46 UTC 2025 x86_64",
		"timestamp":	{
			"time":	"Mon, 06 Apr 2026 04:12:00 UTC",
			"timesecs":	1775448720
		},
		"connecting_to":	{
			"host":	"192.168.8.2",
			"port":	5203
		},
		"cookie":	"ifgmpzzytqi6wq5hob36p3elf7vpg2lducn5",
		"tcp_mss_default":	9448,
		"target_bitrate":	20000000,
		"fq_rate":	0,
		"sock_bufsize":	0,
		"sndbuf_actual":	16384,
		"rcvbuf_actual":	131072,
		"test_start":	{
			"protocol":	"TCP",
			"num_streams":	1,
			"blksize":	131072,
			"omit":	0,
			"duration":	3,
			"bytes":	0,
			"blocks":	0,
			"reverse":	0,
			"tos":	0,
			"target_bitrate":	20000000,
			"bidir":	0,
			"fqrate":	0,
			"interval":	1
		}
	},
	"intervals":	[{
			"streams":	[{
					"socket":	5,
					"start":	0,
					"end":	1.00109,
					"seconds":	1.0010900497436523,
					"bytes":	2621440,
					"bits_per_second":	20948684.891404271,
					"retransmits":	0,
					"snd_cwnd":	283440,
					"snd_wnd":	-1,
					"rtt":	171,
					"rttvar":	56,
					"pmtu":	9500,
					"omitted":	false,
					"sender":	true
				}],
			"sum":	{
				"start":	0,
				"end":	1.00109,
				"seconds":	1.0010900497436523,
				"bytes":	2621440,
				"bits_per_second":	20948684.891404271,
				"retransmits":	0,
				"omitted":	false,
				"sender":	true
			}
		}, {
			"streams":	[{
					"socket":	5,
					"start":	1.00109,
					"end":	2.001144,
					"seconds":	1.0000540018081665,
					"bytes":	2490368,
					"bits_per_second":	19921868.183096059,
					"retransmits":	0,
					"snd_cwnd":	283440,
					"snd_wnd":	-1,
					"rtt":	375,
					"rttvar":	319,
					"pmtu":	9500,
					"omitted":	false,
					"sender":	true
				}],
			"sum":	{
				"start":	1.00109,
				"end":	2.001144,
				"seconds":	1.0000540018081665,
				"bytes":	2490368,
				"bits_per_second":	19921868.183096059,
				"retransmits":	0,
				"omitted":	false,
				"sender":	true
			}
		}, {
			"streams":	[{
					"socket":	5,
					"start":	2.001144,
					"end":	3.001324,
					"seconds":	1.0001800060272217,
					"bytes":	2490368,
					"bits_per_second":	19919358.395430434,
					"retransmits":	0,
					"snd_cwnd":	283440,
					"snd_wnd":	-1,
					"rtt":	224,
					"rttvar":	175,
					"pmtu":	9500,
					"omitted":	false,
					"sender":	true
				}],
			"sum":	{
				"start":	2.001144,
				"end":	3.001324,
				"seconds":	1.0001800060272217,
				"bytes":	2490368,
				"bits_per_second":	19919358.395430434,
				"retransmits":	0,
				"omitted":	false,
				"sender":	true
			}
		}],
	"end":	{
		"streams":	[{
				"sender":	{
					"socket":	5,
					"start":	0,
					"end":	3.001324,
					"seconds":	3.001324,
					"bytes":	7602176,
					"bits_per_second":	20263526.363698155,
					"retransmits":	0,
					"max_snd_cwnd":	283440,
					"max_snd_wnd":	0,
					"max_rtt":	375,
					"min_rtt":	171,
					"mean_rtt":	256,
					"sender":	true
				},
				"receiver":	{
					"socket":	5,
					"start":	0,
					"end":	3.001553,
					"seconds":	3.001324,
					"bytes":	7602176,
					"bits_per_second":	20261980.381489184,
					"sender":	true
				}
			}],
		"sum_sent":	{
			"start":	0,
			"end":	3.001324,
			"seconds":	3.001324,
			"bytes":	7602176,
			"bits_per_second":	20263526.363698155,
			"retransmits":	0,
			"sender":	true
		},
		"sum_received":	{
			"start":	0,
			"end":	3.001553,
			"seconds":	3.001553,
			"bytes":	7602176,
			"bits_per_second":	20261980.381489184,
			"sender":	true
		},
		"cpu_utilization_percent":	{
			"host_total":	0.900624541818922,
			"host_user":	0,
			"host_system":	0.90069115606018058,
			"remote_total":	0.36880428785791008,
			"remote_user":	0.0946164568668893,
			"remote_system":	0.27422114664484715
		},
		"sender_tcp_congestion":	"cubic",
		"receiver_tcp_congestion":	"cubic"
	}
}
