{
	"start":	{
		"connected":	[{
				"socket":	5,
				"local_host":	"192.168.1.2",
				"local_port":	60976,
				"remote_host":	"192.168.8.2",
				"remote_port":	5203
			}],
		"version":	"iperf 3.19.1",
		"system_info":	"Linux h1 6.6.87.2-microsoft-standard-WSL2 #1 SMP PREEMPT_DYNAMIC Thu Jun  5 18:30:46 UTC 2025 x86_64",
		"timestamp":	{
			"time":	"Mon, 06 Apr 2026 04:16:30 UTC",
			"timesecs":	1775448990
		},
		"connecting_to":	{
			"host":	"192.168.8.2",
			"port":	5203
		},
		"cookie":	"tm2k3j4jdewtc5cdquvfynxleitalz3xfnuz",
		"tcp_mss_default":	9448,
		"target_bitrate":	20000000,
		"fq_rate":	0,
		"sock_bufsize":	0,
		"sndbuf_actual":	16384,
		"rcvbuf_actual":	131072,
		"test_start":	{
			"protocol":	"TCP",
			"num_streams":	1,
			"blksize":	131072,
			"omit":	0,
			"duration":	3,
			"bytes":	0,
			"blocks":	0,
			"reverse":	0,
			"tos":	0,
			"target_bitrate":	20000000,
			"bidir":	0,
			"fqrate":	0,
			"interval":	1
		}
	},
	"intervals":	[{
			"streams":	[{
					"socket":	5,
					"start":	0,
					"end":	1.001545,
					"seconds":	1.0015449523925781,
					"bytes":	2621440,
					"bits_per_second":	20939169.979241971,
					"retransmits":	0,
					"snd_cwnd":	188960,
					"snd_wnd":	-1,
					"rtt":	304,
					"rttvar":	253,
					"pmtu":	9500,
					"omitted":	false,
					"sender":	true
				}],
			"sum":	{
				"start":	0,
				"end":	1.001545,
				"seconds":	1.0015449523925781,
				"bytes":	2621440,
				"bits_per_second":	20939169.979241971,
				"retransmits":	0,
				"omitted":	false,
				"sender":	true
			}
		}, {
			"streams":	[{
					"socket":	5,
					"start":	1.001545,
					"end":	2.001072,
					"seconds":	0.9995269775390625,
					"bytes":	2490368,
					"bits_per_second":	19932372.459873293,
					"retransmits":	0,
					"snd_cwnd":	188960,
					"snd_wnd":	-1,
					"rtt":	260,
					"rttvar":	125,
					"pmtu":	9500,
					"omitted":	false,
					"sender":	true
				}],
			"sum":	{
				"start":	1.001545,
				"end":	2.001072,
				"seconds":	0.9995269775390625,
				"bytes":	2490368,
				"bits_per_second":	19932372.459873293,
				"retransmits":	0,
				"omitted":	false,
				"sender":	true
			}
		}, {
			"streams":	[{
					"socket":	5,
					"start":	2.001072,
					"end":	3.001244,
					"seconds":	1.0001720190048218,
					"bytes":	2490368,
					"bits_per_second":	19919517.464429241,
					"retransmits":	0,
					"snd_cwnd":	188960,
					"snd_wnd":	-1,
					"rtt":	202,
					"rttvar":	66,
					"pmtu":	9500,
					"omitted":	false,
					"sender":	true
				}],
			"sum":	{
				"start":	2.001072,
				"end":	3.001244,
				"seconds":	1.0001720190048218,
				"bytes":	2490368,
				"bits_per_second":	19919517.464429241,
				"retransmits":	0,
				"omitted":	false,
				"sender":	true
			}
		}],
	"end":	{
		"streams":	[{
				"sender":	{
					"socket":	5,
					"start":	0,
					"end":	3.001244,
					"seconds":	3.001244,
					"bytes":	7602176,
					"bits_per_second":	20264066.500424493,
					"retransmits":	0,
					"max_snd_cwnd":	188960,
					"max_snd_wnd":	0,
					"max_rtt":	304,
					"min_rtt":	202,
					"mean_rtt":	255,
					"sender":	true
				},
				"receiver":	{
					"socket":	5,
					"start":	0,
					"end":	3.001413,
					"seconds":	3.001244,
					"bytes":	7602176,
					"bits_per_second":	20262925.49542499,
					"sender":	true
				}
			}],
		"sum_sent":	{
			"start":	0,
			"end":	3.001244,
			"seconds":	3.001244,
			"bytes":	7602176,
			"bits_per_second":	20264066.500424493,
			"retransmits":	0,
			"sender":	true
		},
		"sum_received":	{
			"start":	0,
			"end":	3.001413,
			"seconds":	3.001413,
			"bytes":	7602176,
			"bits_per_second":	20262925.49542499,
			"sender":	true
		},
		"cpu_utilization_percent":	{
			"host_total":	1.1612824591801156,
			"host_user":	0,
			"host_system":	1.1613823630393019,
			"remote_total":	0.45144621043390482,
			"remote_user":	0.24378095363430857,
			"remote_system":	0.20766525679959619
		},
		"sender_tcp_congestion":	"cubic",
		"receiver_tcp_congestion":	"cubic"
	}
}
