{
	"start":	{
		"connected":	[{
				"socket":	5,
				"local_host":	"192.168.1.2",
				"local_port":	37942,
				"remote_host":	"192.168.8.2",
				"remote_port":	5203
			}],
		"version":	"iperf 3.19.1",
		"system_info":	"Linux h1 6.6.87.2-microsoft-standard-WSL2 #1 SMP PREEMPT_DYNAMIC Thu Jun  5 18:30:46 UTC 2025 x86_64",
		"timestamp":	{
			"time":	"Mon, 06 Apr 2026 04:37:21 UTC",
			"timesecs":	1775450241
		},
		"connecting_to":	{
			"host":	"192.168.8.2",
			"port":	5203
		},
		"cookie":	"gv4bjmwoivjwkd66zyiuwsimf2rkpimovz7b",
		"tcp_mss_default":	9448,
		"target_bitrate":	20000000,
		"fq_rate":	0,
		"sock_bufsize":	0,
		"sndbuf_actual":	16384,
		"rcvbuf_actual":	131072,
		"test_start":	{
			"protocol":	"TCP",
			"num_streams":	1,
			"blksize":	131072,
			"omit":	0,
			"duration":	3,
			"bytes":	0,
			"blocks":	0,
			"reverse":	0,
			"tos":	0,
			"target_bitrate":	20000000,
			"bidir":	0,
			"fqrate":	0,
			"interval":	1
		}
	},
	"intervals":	[{
			"streams":	[{
					"socket":	5,
					"start":	0,
					"end":	1.001077,
					"seconds":	1.0010770559310913,
					"bytes":	2621440,
					"bits_per_second":	20948956.801826417,
					"retransmits":	0,
					"snd_cwnd":	368472,
					"snd_wnd":	-1,
					"rtt":	220,
					"rttvar":	146,
					"pmtu":	9500,
					"omitted":	false,
					"sender":	true
				}],
			"sum":	{
				"start":	0,
				"end":	1.001077,
				"seconds":	1.0010770559310913,
				"bytes":	2621440,
				"bits_per_second":	20948956.801826417,
				"retransmits":	0,
				"omitted":	false,
				"sender":	true
			}
		}, {
			"streams":	[{
					"socket":	5,
					"start":	1.001077,
					"end":	2.001443,
					"seconds":	1.0003659725189209,
					"bytes":	2490368,
					"bits_per_second":	19915655.417420927,
					"retransmits":	0,
					"snd_cwnd":	368472,
					"snd_wnd":	-1,
					"rtt":	168,
					"rttvar":	100,
					"pmtu":	9500,
					"omitted":	false,
					"sender":	true
				}],
			"sum":	{
				"start":	1.001077,
				"end":	2.001443,
				"seconds":	1.0003659725189209,
				"bytes":	2490368,
				"bits_per_second":	19915655.417420927,
				"retransmits":	0,
				"omitted":	false,
				"sender":	true
			}
		}, {
			"streams":	[{
					"socket":	5,
					"start":	2.001443,
					"end":	3.001474,
					"seconds":	1.0000309944152832,
					"bytes":	2490368,
					"bits_per_second":	19922326.519138459,
					"retransmits":	0,
					"snd_cwnd":	368472,
					"snd_wnd":	-1,
					"rtt":	156,
					"rttvar":	76,
					"pmtu":	9500,
					"omitted":	false,
					"sender":	true
				}],
			"sum":	{
				"start":	2.001443,
				"end":	3.001474,
				"seconds":	1.0000309944152832,
				"bytes":	2490368,
				"bits_per_second":	19922326.519138459,
				"retransmits":	0,
				"omitted":	false,
				"sender":	true
			}
		}],
	"end":	{
		"streams":	[{
				"sender":	{
					"socket":	5,
					"start":	0,
					"end":	3.001474,
					"seconds":	3.001474,
					"bytes":	7602176,
					"bits_per_second":	20262513.6849428,
					"retransmits":	0,
					"max_snd_cwnd":	368472,
					"max_snd_wnd":	0,
					"max_rtt":	220,
					"min_rtt":	156,
					"mean_rtt":	181,
					"sender":	true
				},
				"receiver":	{
					"socket":	5,
					"start":	0,
					"end":	3.001678,
					"seconds":	3.001474,
					"bytes":	7602176,
					"bits_per_second":	20261136.604259349,
					"sender":	true
				}
			}],
		"sum_sent":	{
			"start":	0,
			"end":	3.001474,
			"seconds":	3.001474,
			"bytes":	7602176,
			"bits_per_second":	20262513.6849428,
			"retransmits":	0,
			"sender":	true
		},
		"sum_received":	{
			"start":	0,
			"end":	3.001678,
			"seconds":	3.001678,
			"bytes":	7602176,
			"bits_per_second":	20261136.604259349,
			"sender":	true
		},
		"cpu_utilization_percent":	{
			"host_total":	0.92549861050343529,
			"host_user":	0.16159182431276026,
			"host_system":	0.76377359696808056,
			"remote_total":	0.28490313226874442,
			"remote_user":	0,
			"remote_system":	0.28486981805776818
		},
		"sender_tcp_congestion":	"cubic",
		"receiver_tcp_congestion":	"cubic"
	}
}
