{
	"start":	{
		"connected":	[{
				"socket":	5,
				"local_host":	"192.168.1.2",
				"local_port":	45292,
				"remote_host":	"192.168.8.2",
				"remote_port":	5203
			}],
		"version":	"iperf 3.19.1",
		"system_info":	"Linux h1 6.6.87.2-microsoft-standard-WSL2 #1 SMP PREEMPT_DYNAMIC Thu Jun  5 18:30:46 UTC 2025 x86_64",
		"timestamp":	{
			"time":	"Mon, 06 Apr 2026 04:26:12 UTC",
			"timesecs":	1775449572
		},
		"connecting_to":	{
			"host":	"192.168.8.2",
			"port":	5203
		},
		"cookie":	"trbuyjuocqb2myeh6jsnnmg2u2xckef54r3u",
		"tcp_mss_default":	9448,
		"target_bitrate":	20000000,
		"fq_rate":	0,
		"sock_bufsize":	0,
		"sndbuf_actual":	16384,
		"rcvbuf_actual":	131072,
		"test_start":	{
			"protocol":	"TCP",
			"num_streams":	1,
			"blksize":	131072,
			"omit":	0,
			"duration":	3,
			"bytes":	0,
			"blocks":	0,
			"reverse":	0,
			"tos":	0,
			"target_bitrate":	20000000,
			"bidir":	0,
			"fqrate":	0,
			"interval":	1
		}
	},
	"intervals":	[{
			"streams":	[{
					"socket":	5,
					"start":	0,
					"end":	1.001336,
					"seconds":	1.0013359785079956,
					"bytes":	2621440,
					"bits_per_second":	20943539.88083785,
					"retransmits":	0,
					"snd_cwnd":	283440,
					"snd_wnd":	-1,
					"rtt":	313,
					"rttvar":	181,
					"pmtu":	9500,
					"omitted":	false,
					"sender":	true
				}],
			"sum":	{
				"start":	0,
				"end":	1.001336,
				"seconds":	1.0013359785079956,
				"bytes":	2621440,
				"bits_per_second":	20943539.88083785,
				"retransmits":	0,
				"omitted":	false,
				"sender":	true
			}
		}, {
			"streams":	[{
					"socket":	5,
					"start":	1.001336,
					"end":	2.000761,
					"seconds":	0.99942499399185181,
					"bytes":	2490368,
					"bits_per_second":	19934406.40345085,
					"retransmits":	0,
					"snd_cwnd":	283440,
					"snd_wnd":	-1,
					"rtt":	355,
					"rttvar":	259,
					"pmtu":	9500,
					"omitted":	false,
					"sender":	true
				}],
			"sum":	{
				"start":	1.001336,
				"end":	2.000761,
				"seconds":	0.99942499399185181,
				"bytes":	2490368,
				"bits_per_second":	19934406.40345085,
				"retransmits":	0,
				"omitted":	false,
				"sender":	true
			}
		}, {
			"streams":	[{
					"socket":	5,
					"start":	2.000761,
					"end":	3.000807,
					"seconds":	1.0000460147857666,
					"bytes":	2490368,
					"bits_per_second":	19922027.292182114,
					"retransmits":	0,
					"snd_cwnd":	283440,
					"snd_wnd":	-1,
					"rtt":	279,
					"rttvar":	171,
					"pmtu":	9500,
					"omitted":	false,
					"sender":	true
				}],
			"sum":	{
				"start":	2.000761,
				"end":	3.000807,
				"seconds":	1.0000460147857666,
				"bytes":	2490368,
				"bits_per_second":	19922027.292182114,
				"retransmits":	0,
				"omitted":	false,
				"sender":	true
			}
		}],
	"end":	{
		"streams":	[{
				"sender":	{
					"socket":	5,
					"start":	0,
					"end":	3.000807,
					"seconds":	3.000807,
					"bytes":	7602176,
					"bits_per_second":	20267017.50562432,
					"retransmits":	0,
					"max_snd_cwnd":	283440,
					"max_snd_wnd":	0,
					"max_rtt":	355,
					"min_rtt":	279,
					"mean_rtt":	315,
					"sender":	true
				},
				"receiver":	{
					"socket":	5,
					"start":	0,
					"end":	3.000975,
					"seconds":	3.000807,
					"bytes":	7602176,
					"bits_per_second":	20265882.921383884,
					"sender":	true
				}
			}],
		"sum_sent":	{
			"start":	0,
			"end":	3.000807,
			"seconds":	3.000807,
			"bytes":	7602176,
			"bits_per_second":	20267017.50562432,
			"retransmits":	0,
			"sender":	true
		},
		"sum_received":	{
			"start":	0,
			"end":	3.000975,
			"seconds":	3.000975,
			"bytes":	7602176,
			"bits_per_second":	20265882.921383884,
			"sender":	true
		},
		"cpu_utilization_percent":	{
			"host_total":	1.9271017902486205,
			"host_user":	0,
			"host_system":	1.9271350959604168,
			"remote_total":	0.74724369541247349,
			"remote_user":	0.02962317258513663,
			"remote_system":	0.71758720092341666
		},
		"sender_tcp_congestion":	"cubic",
		"receiver_tcp_congestion":	"cubic"
	}
}
