{
	"start":	{
		"connected":	[{
				"socket":	5,
				"local_host":	"192.168.1.2",
				"local_port":	48746,
				"remote_host":	"192.168.8.2",
				"remote_port":	5203
			}],
		"version":	"iperf 3.19.1",
		"system_info":	"Linux h1 6.6.87.2-microsoft-standard-WSL2 #1 SMP PREEMPT_DYNAMIC Thu Jun  5 18:30:46 UTC 2025 x86_64",
		"timestamp":	{
			"time":	"Mon, 06 Apr 2026 04:25:46 UTC",
			"timesecs":	1775449546
		},
		"connecting_to":	{
			"host":	"192.168.8.2",
			"port":	5203
		},
		"cookie":	"7zqwpootehw5fuzrduuiuqc7us3vcf35ofil",
		"tcp_mss_default":	9448,
		"target_bitrate":	20000000,
		"fq_rate":	0,
		"sock_bufsize":	0,
		"sndbuf_actual":	16384,
		"rcvbuf_actual":	131072,
		"test_start":	{
			"protocol":	"TCP",
			"num_streams":	1,
			"blksize":	131072,
			"omit":	0,
			"duration":	3,
			"bytes":	0,
			"blocks":	0,
			"reverse":	0,
			"tos":	0,
			"target_bitrate":	20000000,
			"bidir":	0,
			"fqrate":	0,
			"interval":	1
		}
	},
	"intervals":	[{
			"streams":	[{
					"socket":	5,
					"start":	0,
					"end":	1.001087,
					"seconds":	1.001086950302124,
					"bytes":	2621440,
					"bits_per_second":	20948749.750129975,
					"retransmits":	0,
					"snd_cwnd":	264544,
					"snd_wnd":	-1,
					"rtt":	217,
					"rttvar":	169,
					"pmtu":	9500,
					"omitted":	false,
					"sender":	true
				}],
			"sum":	{
				"start":	0,
				"end":	1.001087,
				"seconds":	1.001086950302124,
				"bytes":	2621440,
				"bits_per_second":	20948749.750129975,
				"retransmits":	0,
				"omitted":	false,
				"sender":	true
			}
		}, {
			"streams":	[{
					"socket":	5,
					"start":	1.001087,
					"end":	2.001218,
					"seconds":	1.0001310110092163,
					"bytes":	2490368,
					"bits_per_second":	19920334.216910318,
					"retransmits":	0,
					"snd_cwnd":	264544,
					"snd_wnd":	-1,
					"rtt":	272,
					"rttvar":	222,
					"pmtu":	9500,
					"omitted":	false,
					"sender":	true
				}],
			"sum":	{
				"start":	1.001087,
				"end":	2.001218,
				"seconds":	1.0001310110092163,
				"bytes":	2490368,
				"bits_per_second":	19920334.216910318,
				"retransmits":	0,
				"omitted":	false,
				"sender":	true
			}
		}, {
			"streams":	[{
					"socket":	5,
					"start":	2.001218,
					"end":	3.002593,
					"seconds":	1.0013749599456787,
					"bytes":	2490368,
					"bits_per_second":	19895588.362905294,
					"retransmits":	0,
					"snd_cwnd":	264544,
					"snd_wnd":	-1,
					"rtt":	244,
					"rttvar":	151,
					"pmtu":	9500,
					"omitted":	false,
					"sender":	true
				}],
			"sum":	{
				"start":	2.001218,
				"end":	3.002593,
				"seconds":	1.0013749599456787,
				"bytes":	2490368,
				"bits_per_second":	19895588.362905294,
				"retransmits":	0,
				"omitted":	false,
				"sender":	true
			}
		}],
	"end":	{
		"streams":	[{
				"sender":	{
					"socket":	5,
					"start":	0,
					"end":	3.002593,
					"seconds":	3.002593,
					"bytes":	7602176,
					"bits_per_second":	20254962.294257,
					"retransmits":	0,
					"max_snd_cwnd":	264544,
					"max_snd_wnd":	0,
					"max_rtt":	272,
					"min_rtt":	217,
					"mean_rtt":	244,
					"sender":	true
				},
				"receiver":	{
					"socket":	5,
					"start":	0,
					"end":	3.003006,
					"seconds":	3.002593,
					"bytes":	7602176,
					"bits_per_second":	20252176.6523277,
					"sender":	true
				}
			}],
		"sum_sent":	{
			"start":	0,
			"end":	3.002593,
			"seconds":	3.002593,
			"bytes":	7602176,
			"bits_per_second":	20254962.294257,
			"retransmits":	0,
			"sender":	true
		},
		"sum_received":	{
			"start":	0,
			"end":	3.003006,
			"seconds":	3.003006,
			"bytes":	7602176,
			"bits_per_second":	20252176.6523277,
			"sender":	true
		},
		"cpu_utilization_percent":	{
			"host_total":	1.0289020650609371,
			"host_user":	0,
			"host_system":	1.0289020650609371,
			"remote_total":	0.36186555730525877,
			"remote_user":	0,
			"remote_system":	0.36193215628516218
		},
		"sender_tcp_congestion":	"cubic",
		"receiver_tcp_congestion":	"cubic"
	}
}
