{
	"start":	{
		"connected":	[{
				"socket":	5,
				"local_host":	"192.168.1.2",
				"local_port":	55022,
				"remote_host":	"192.168.8.2",
				"remote_port":	5203
			}],
		"version":	"iperf 3.19.1",
		"system_info":	"Linux h1 6.6.87.2-microsoft-standard-WSL2 #1 SMP PREEMPT_DYNAMIC Thu Jun  5 18:30:46 UTC 2025 x86_64",
		"timestamp":	{
			"time":	"Mon, 06 Apr 2026 04:14:34 UTC",
			"timesecs":	1775448874
		},
		"connecting_to":	{
			"host":	"192.168.8.2",
			"port":	5203
		},
		"cookie":	"aqn5j4ao5ctin7nlow5cvpjit7lwwsrd2fx6",
		"tcp_mss_default":	9448,
		"target_bitrate":	20000000,
		"fq_rate":	0,
		"sock_bufsize":	0,
		"sndbuf_actual":	16384,
		"rcvbuf_actual":	131072,
		"test_start":	{
			"protocol":	"TCP",
			"num_streams":	1,
			"blksize":	131072,
			"omit":	0,
			"duration":	3,
			"bytes":	0,
			"blocks":	0,
			"reverse":	0,
			"tos":	0,
			"target_bitrate":	20000000,
			"bidir":	0,
			"fqrate":	0,
			"interval":	1
		}
	},
	"intervals":	[{
			"streams":	[{
					"socket":	5,
					"start":	0,
					"end":	1.001185,
					"seconds":	1.0011850595474243,
					"bytes":	2621440,
					"bits_per_second":	20946696.916831706,
					"retransmits":	0,
					"snd_cwnd":	283440,
					"snd_wnd":	-1,
					"rtt":	208,
					"rttvar":	125,
					"pmtu":	9500,
					"omitted":	false,
					"sender":	true
				}],
			"sum":	{
				"start":	0,
				"end":	1.001185,
				"seconds":	1.0011850595474243,
				"bytes":	2621440,
				"bits_per_second":	20946696.916831706,
				"retransmits":	0,
				"omitted":	false,
				"sender":	true
			}
		}, {
			"streams":	[{
					"socket":	5,
					"start":	1.001185,
					"end":	2.00108,
					"seconds":	0.99989497661590576,
					"bytes":	2490368,
					"bits_per_second":	19925036.594771385,
					"retransmits":	0,
					"snd_cwnd":	283440,
					"snd_wnd":	-1,
					"rtt":	253,
					"rttvar":	188,
					"pmtu":	9500,
					"omitted":	false,
					"sender":	true
				}],
			"sum":	{
				"start":	1.001185,
				"end":	2.00108,
				"seconds":	0.99989497661590576,
				"bytes":	2490368,
				"bits_per_second":	19925036.594771385,
				"retransmits":	0,
				"omitted":	false,
				"sender":	true
			}
		}, {
			"streams":	[{
					"socket":	5,
					"start":	2.00108,
					"end":	3.001267,
					"seconds":	1.0001870393753052,
					"bytes":	2490368,
					"bits_per_second":	19919218.321848515,
					"retransmits":	0,
					"snd_cwnd":	283440,
					"snd_wnd":	-1,
					"rtt":	203,
					"rttvar":	83,
					"pmtu":	9500,
					"omitted":	false,
					"sender":	true
				}],
			"sum":	{
				"start":	2.00108,
				"end":	3.001267,
				"seconds":	1.0001870393753052,
				"bytes":	2490368,
				"bits_per_second":	19919218.321848515,
				"retransmits":	0,
				"omitted":	false,
				"sender":	true
			}
		}],
	"end":	{
		"streams":	[{
				"sender":	{
					"socket":	5,
					"start":	0,
					"end":	3.001267,
					"seconds":	3.001267,
					"bytes":	7602176,
					"bits_per_second":	20263911.208166417,
					"retransmits":	0,
					"max_snd_cwnd":	283440,
					"max_snd_wnd":	0,
					"max_rtt":	253,
					"min_rtt":	203,
					"mean_rtt":	221,
					"sender":	true
				},
				"receiver":	{
					"socket":	5,
					"start":	0,
					"end":	3.00147,
					"seconds":	3.001267,
					"bytes":	7602176,
					"bits_per_second":	20262540.688396022,
					"sender":	true
				}
			}],
		"sum_sent":	{
			"start":	0,
			"end":	3.001267,
			"seconds":	3.001267,
			"bytes":	7602176,
			"bits_per_second":	20263911.208166417,
			"retransmits":	0,
			"sender":	true
		},
		"sum_received":	{
			"start":	0,
			"end":	3.00147,
			"seconds":	3.00147,
			"bytes":	7602176,
			"bits_per_second":	20262540.688396022,
			"sender":	true
		},
		"cpu_utilization_percent":	{
			"host_total":	1.0177969639885656,
			"host_user":	0,
			"host_system":	1.0177636700087165,
			"remote_total":	0.36593792248272755,
			"remote_user":	0.0020655636556745367,
			"remote_system":	0.36347257231305147
		},
		"sender_tcp_congestion":	"cubic",
		"receiver_tcp_congestion":	"cubic"
	}
}
