{
	"start":	{
		"connected":	[{
				"socket":	5,
				"local_host":	"192.168.1.2",
				"local_port":	41180,
				"remote_host":	"192.168.8.2",
				"remote_port":	5202
			}],
		"version":	"iperf 3.19.1",
		"system_info":	"Linux h1 6.6.87.2-microsoft-standard-WSL2 #1 SMP PREEMPT_DYNAMIC Thu Jun  5 18:30:46 UTC 2025 x86_64",
		"timestamp":	{
			"time":	"Mon, 06 Apr 2026 04:36:15 UTC",
			"timesecs":	1775450175
		},
		"connecting_to":	{
			"host":	"192.168.8.2",
			"port":	5202
		},
		"cookie":	"mgkyktv42z45a53s2bnctvvfdv3t2skaj56l",
		"tcp_mss_default":	9448,
		"target_bitrate":	20000000,
		"fq_rate":	0,
		"sock_bufsize":	0,
		"sndbuf_actual":	16384,
		"rcvbuf_actual":	131072,
		"test_start":	{
			"protocol":	"TCP",
			"num_streams":	1,
			"blksize":	131072,
			"omit":	0,
			"duration":	3,
			"bytes":	0,
			"blocks":	0,
			"reverse":	0,
			"tos":	0,
			"target_bitrate":	20000000,
			"bidir":	0,
			"fqrate":	0,
			"interval":	1
		}
	},
	"intervals":	[{
			"streams":	[{
					"socket":	5,
					"start":	0,
					"end":	1.001058,
					"seconds":	1.0010579824447632,
					"bytes":	2621440,
					"bits_per_second":	20949355.949176677,
					"retransmits":	0,
					"snd_cwnd":	368472,
					"snd_wnd":	-1,
					"rtt":	162,
					"rttvar":	87,
					"pmtu":	9500,
					"omitted":	false,
					"sender":	true
				}],
			"sum":	{
				"start":	0,
				"end":	1.001058,
				"seconds":	1.0010579824447632,
				"bytes":	2621440,
				"bits_per_second":	20949355.949176677,
				"retransmits":	0,
				"omitted":	false,
				"sender":	true
			}
		}, {
			"streams":	[{
					"socket":	5,
					"start":	1.001058,
					"end":	2.001112,
					"seconds":	1.0000540018081665,
					"bytes":	2490368,
					"bits_per_second":	19921868.183096059,
					"retransmits":	0,
					"snd_cwnd":	368472,
					"snd_wnd":	-1,
					"rtt":	263,
					"rttvar":	126,
					"pmtu":	9500,
					"omitted":	false,
					"sender":	true
				}],
			"sum":	{
				"start":	1.001058,
				"end":	2.001112,
				"seconds":	1.0000540018081665,
				"bytes":	2490368,
				"bits_per_second":	19921868.183096059,
				"retransmits":	0,
				"omitted":	false,
				"sender":	true
			}
		}, {
			"streams":	[{
					"socket":	5,
					"start":	2.001112,
					"end":	3.001272,
					"seconds":	1.0001599788665771,
					"bytes":	2490368,
					"bits_per_second":	19919757.259811085,
					"retransmits":	0,
					"snd_cwnd":	368472,
					"snd_wnd":	-1,
					"rtt":	234,
					"rttvar":	143,
					"pmtu":	9500,
					"omitted":	false,
					"sender":	true
				}],
			"sum":	{
				"start":	2.001112,
				"end":	3.001272,
				"seconds":	1.0001599788665771,
				"bytes":	2490368,
				"bits_per_second":	19919757.259811085,
				"retransmits":	0,
				"omitted":	false,
				"sender":	true
			}
		}],
	"end":	{
		"streams":	[{
				"sender":	{
					"socket":	5,
					"start":	0,
					"end":	3.001272,
					"seconds":	3.001272,
					"bytes":	7602176,
					"bits_per_second":	20263877.449294832,
					"retransmits":	0,
					"max_snd_cwnd":	368472,
					"max_snd_wnd":	0,
					"max_rtt":	263,
					"min_rtt":	162,
					"mean_rtt":	219,
					"sender":	true
				},
				"receiver":	{
					"socket":	5,
					"start":	0,
					"end":	3.00145,
					"seconds":	3.001272,
					"bytes":	7602176,
					"bits_per_second":	20262675.706741739,
					"sender":	true
				}
			}],
		"sum_sent":	{
			"start":	0,
			"end":	3.001272,
			"seconds":	3.001272,
			"bytes":	7602176,
			"bits_per_second":	20263877.449294832,
			"retransmits":	0,
			"sender":	true
		},
		"sum_received":	{
			"start":	0,
			"end":	3.00145,
			"seconds":	3.00145,
			"bytes":	7602176,
			"bits_per_second":	20262675.706741739,
			"sender":	true
		},
		"cpu_utilization_percent":	{
			"host_total":	1.056229780603835,
			"host_user":	0.036937399933452728,
			"host_system":	1.0192923806703822,
			"remote_total":	0.36978313097266058,
			"remote_user":	0.007163111375720517,
			"remote_system":	0.36262001959694
		},
		"sender_tcp_congestion":	"cubic",
		"receiver_tcp_congestion":	"cubic"
	}
}
