{
	"start":	{
		"connected":	[{
				"socket":	5,
				"local_host":	"192.168.1.2",
				"local_port":	36430,
				"remote_host":	"192.168.8.2",
				"remote_port":	5202
			}],
		"version":	"iperf 3.19.1",
		"system_info":	"Linux h1 6.6.87.2-microsoft-standard-WSL2 #1 SMP PREEMPT_DYNAMIC Thu Jun  5 18:30:46 UTC 2025 x86_64",
		"timestamp":	{
			"time":	"Mon, 06 Apr 2026 04:21:16 UTC",
			"timesecs":	1775449276
		},
		"connecting_to":	{
			"host":	"192.168.8.2",
			"port":	5202
		},
		"cookie":	"374ndhbcofgk35pw3zyt62iwdt53f2n5edk2",
		"tcp_mss_default":	9448,
		"target_bitrate":	20000000,
		"fq_rate":	0,
		"sock_bufsize":	0,
		"sndbuf_actual":	16384,
		"rcvbuf_actual":	131072,
		"test_start":	{
			"protocol":	"TCP",
			"num_streams":	1,
			"blksize":	131072,
			"omit":	0,
			"duration":	3,
			"bytes":	0,
			"blocks":	0,
			"reverse":	0,
			"tos":	0,
			"target_bitrate":	20000000,
			"bidir":	0,
			"fqrate":	0,
			"interval":	1
		}
	},
	"intervals":	[{
			"streams":	[{
					"socket":	5,
					"start":	0,
					"end":	1.001384,
					"seconds":	1.0013840198516846,
					"bytes":	2621440,
					"bits_per_second":	20942535.115655333,
					"retransmits":	0,
					"snd_cwnd":	283440,
					"snd_wnd":	-1,
					"rtt":	227,
					"rttvar":	147,
					"pmtu":	9500,
					"omitted":	false,
					"sender":	true
				}],
			"sum":	{
				"start":	0,
				"end":	1.001384,
				"seconds":	1.0013840198516846,
				"bytes":	2621440,
				"bits_per_second":	20942535.115655333,
				"retransmits":	0,
				"omitted":	false,
				"sender":	true
			}
		}, {
			"streams":	[{
					"socket":	5,
					"start":	1.001384,
					"end":	2.001131,
					"seconds":	0.99974697828292847,
					"bytes":	2490368,
					"bits_per_second":	19927986.213289466,
					"retransmits":	0,
					"snd_cwnd":	283440,
					"snd_wnd":	-1,
					"rtt":	289,
					"rttvar":	258,
					"pmtu":	9500,
					"omitted":	false,
					"sender":	true
				}],
			"sum":	{
				"start":	1.001384,
				"end":	2.001131,
				"seconds":	0.99974697828292847,
				"bytes":	2490368,
				"bits_per_second":	19927986.213289466,
				"retransmits":	0,
				"omitted":	false,
				"sender":	true
			}
		}, {
			"streams":	[{
					"socket":	5,
					"start":	2.001131,
					"end":	3.001232,
					"seconds":	1.0001009702682495,
					"bytes":	2490368,
					"bits_per_second":	19920932.578093808,
					"retransmits":	0,
					"snd_cwnd":	283440,
					"snd_wnd":	-1,
					"rtt":	177,
					"rttvar":	82,
					"pmtu":	9500,
					"omitted":	false,
					"sender":	true
				}],
			"sum":	{
				"start":	2.001131,
				"end":	3.001232,
				"seconds":	1.0001009702682495,
				"bytes":	2490368,
				"bits_per_second":	19920932.578093808,
				"retransmits":	0,
				"omitted":	false,
				"sender":	true
			}
		}],
	"end":	{
		"streams":	[{
				"sender":	{
					"socket":	5,
					"start":	0,
					"end":	3.001232,
					"seconds":	3.001232,
					"bytes":	7602176,
					"bits_per_second":	20264147.523417052,
					"retransmits":	0,
					"max_snd_cwnd":	283440,
					"max_snd_wnd":	0,
					"max_rtt":	289,
					"min_rtt":	177,
					"mean_rtt":	231,
					"sender":	true
				},
				"receiver":	{
					"socket":	5,
					"start":	0,
					"end":	3.001389,
					"seconds":	3.001232,
					"bytes":	7602176,
					"bits_per_second":	20263087.523809809,
					"sender":	true
				}
			}],
		"sum_sent":	{
			"start":	0,
			"end":	3.001232,
			"seconds":	3.001232,
			"bytes":	7602176,
			"bits_per_second":	20264147.523417052,
			"retransmits":	0,
			"sender":	true
		},
		"sum_received":	{
			"start":	0,
			"end":	3.001389,
			"seconds":	3.001389,
			"bytes":	7602176,
			"bits_per_second":	20263087.523809809,
			"sender":	true
		},
		"cpu_utilization_percent":	{
			"host_total":	1.5284962703518619,
			"host_user":	0,
			"host_system":	1.5284962703518619,
			"remote_total":	0.46504499521894566,
			"remote_user":	0,
			"remote_system":	0.46504499521894566
		},
		"sender_tcp_congestion":	"cubic",
		"receiver_tcp_congestion":	"cubic"
	}
}
