{
	"start":	{
		"connected":	[{
				"socket":	5,
				"local_host":	"192.168.1.2",
				"local_port":	35084,
				"remote_host":	"192.168.8.2",
				"remote_port":	5202
			}],
		"version":	"iperf 3.19.1",
		"system_info":	"Linux h1 6.6.87.2-microsoft-standard-WSL2 #1 SMP PREEMPT_DYNAMIC Thu Jun  5 18:30:46 UTC 2025 x86_64",
		"timestamp":	{
			"time":	"Mon, 06 Apr 2026 04:31:11 UTC",
			"timesecs":	1775449871
		},
		"connecting_to":	{
			"host":	"192.168.8.2",
			"port":	5202
		},
		"cookie":	"6sx5izwjtvlidnyl67ptaihiouonzuq5mewk",
		"tcp_mss_default":	9448,
		"target_bitrate":	20000000,
		"fq_rate":	0,
		"sock_bufsize":	0,
		"sndbuf_actual":	16384,
		"rcvbuf_actual":	131072,
		"test_start":	{
			"protocol":	"TCP",
			"num_streams":	1,
			"blksize":	131072,
			"omit":	0,
			"duration":	3,
			"bytes":	0,
			"blocks":	0,
			"reverse":	0,
			"tos":	0,
			"target_bitrate":	20000000,
			"bidir":	0,
			"fqrate":	0,
			"interval":	1
		}
	},
	"intervals":	[{
			"streams":	[{
					"socket":	5,
					"start":	0,
					"end":	1.001143,
					"seconds":	1.0011429786682129,
					"bytes":	2621440,
					"bits_per_second":	20947577.365920015,
					"retransmits":	0,
					"snd_cwnd":	264544,
					"snd_wnd":	-1,
					"rtt":	184,
					"rttvar":	99,
					"pmtu":	9500,
					"omitted":	false,
					"sender":	true
				}],
			"sum":	{
				"start":	0,
				"end":	1.001143,
				"seconds":	1.0011429786682129,
				"bytes":	2621440,
				"bits_per_second":	20947577.365920015,
				"retransmits":	0,
				"omitted":	false,
				"sender":	true
			}
		}, {
			"streams":	[{
					"socket":	5,
					"start":	1.001143,
					"end":	2.000516,
					"seconds":	0.99937301874160767,
					"bytes":	2490368,
					"bits_per_second":	19935443.149232313,
					"retransmits":	0,
					"snd_cwnd":	264544,
					"snd_wnd":	-1,
					"rtt":	154,
					"rttvar":	92,
					"pmtu":	9500,
					"omitted":	false,
					"sender":	true
				}],
			"sum":	{
				"start":	1.001143,
				"end":	2.000516,
				"seconds":	0.99937301874160767,
				"bytes":	2490368,
				"bits_per_second":	19935443.149232313,
				"retransmits":	0,
				"omitted":	false,
				"sender":	true
			}
		}, {
			"streams":	[{
					"socket":	5,
					"start":	2.000516,
					"end":	3.001371,
					"seconds":	1.0008549690246582,
					"bytes":	2490368,
					"bits_per_second":	19905925.0506745,
					"retransmits":	0,
					"snd_cwnd":	264544,
					"snd_wnd":	-1,
					"rtt":	265,
					"rttvar":	111,
					"pmtu":	9500,
					"omitted":	false,
					"sender":	true
				}],
			"sum":	{
				"start":	2.000516,
				"end":	3.001371,
				"seconds":	1.0008549690246582,
				"bytes":	2490368,
				"bits_per_second":	19905925.0506745,
				"retransmits":	0,
				"omitted":	false,
				"sender":	true
			}
		}],
	"end":	{
		"streams":	[{
				"sender":	{
					"socket":	5,
					"start":	0,
					"end":	3.001371,
					"seconds":	3.001371,
					"bytes":	7602176,
					"bits_per_second":	20263209.046798948,
					"retransmits":	0,
					"max_snd_cwnd":	264544,
					"max_snd_wnd":	0,
					"max_rtt":	265,
					"min_rtt":	154,
					"mean_rtt":	201,
					"sender":	true
				},
				"receiver":	{
					"socket":	5,
					"start":	0,
					"end":	3.001619,
					"seconds":	3.001371,
					"bytes":	7602176,
					"bits_per_second":	20261534.858354777,
					"sender":	true
				}
			}],
		"sum_sent":	{
			"start":	0,
			"end":	3.001371,
			"seconds":	3.001371,
			"bytes":	7602176,
			"bits_per_second":	20263209.046798948,
			"retransmits":	0,
			"sender":	true
		},
		"sum_received":	{
			"start":	0,
			"end":	3.001619,
			"seconds":	3.001619,
			"bytes":	7602176,
			"bits_per_second":	20261534.858354777,
			"sender":	true
		},
		"cpu_utilization_percent":	{
			"host_total":	0.765945656488692,
			"host_user":	0.266282672577547,
			"host_system":	0.49956307795595079,
			"remote_total":	0.27804753726706521,
			"remote_user":	0,
			"remote_system":	0.27804753726706521
		},
		"sender_tcp_congestion":	"cubic",
		"receiver_tcp_congestion":	"cubic"
	}
}
