{
	"start":	{
		"connected":	[{
				"socket":	5,
				"local_host":	"192.168.1.2",
				"local_port":	51478,
				"remote_host":	"192.168.8.2",
				"remote_port":	5202
			}],
		"version":	"iperf 3.19.1",
		"system_info":	"Linux h1 6.6.87.2-microsoft-standard-WSL2 #1 SMP PREEMPT_DYNAMIC Thu Jun  5 18:30:46 UTC 2025 x86_64",
		"timestamp":	{
			"time":	"Mon, 06 Apr 2026 04:33:05 UTC",
			"timesecs":	1775449985
		},
		"connecting_to":	{
			"host":	"192.168.8.2",
			"port":	5202
		},
		"cookie":	"7xdqyfy7rfyfoftbanbq4wqagkhn2fspfyea",
		"tcp_mss_default":	9448,
		"target_bitrate":	20000000,
		"fq_rate":	0,
		"sock_bufsize":	0,
		"sndbuf_actual":	16384,
		"rcvbuf_actual":	131072,
		"test_start":	{
			"protocol":	"TCP",
			"num_streams":	1,
			"blksize":	131072,
			"omit":	0,
			"duration":	3,
			"bytes":	0,
			"blocks":	0,
			"reverse":	0,
			"tos":	0,
			"target_bitrate":	20000000,
			"bidir":	0,
			"fqrate":	0,
			"interval":	1
		}
	},
	"intervals":	[{
			"streams":	[{
					"socket":	5,
					"start":	0,
					"end":	1.001082,
					"seconds":	1.0010819435119629,
					"bytes":	2621440,
					"bits_per_second":	20948854.522766039,
					"retransmits":	0,
					"snd_cwnd":	264544,
					"snd_wnd":	-1,
					"rtt":	261,
					"rttvar":	143,
					"pmtu":	9500,
					"omitted":	false,
					"sender":	true
				}],
			"sum":	{
				"start":	0,
				"end":	1.001082,
				"seconds":	1.0010819435119629,
				"bytes":	2621440,
				"bits_per_second":	20948854.522766039,
				"retransmits":	0,
				"omitted":	false,
				"sender":	true
			}
		}, {
			"streams":	[{
					"socket":	5,
					"start":	1.001082,
					"end":	2.001507,
					"seconds":	1.0004249811172485,
					"bytes":	2490368,
					"bits_per_second":	19914480.721733455,
					"retransmits":	0,
					"snd_cwnd":	264544,
					"snd_wnd":	-1,
					"rtt":	182,
					"rttvar":	66,
					"pmtu":	9500,
					"omitted":	false,
					"sender":	true
				}],
			"sum":	{
				"start":	1.001082,
				"end":	2.001507,
				"seconds":	1.0004249811172485,
				"bytes":	2490368,
				"bits_per_second":	19914480.721733455,
				"retransmits":	0,
				"omitted":	false,
				"sender":	true
			}
		}, {
			"streams":	[{
					"socket":	5,
					"start":	2.001507,
					"end":	3.001674,
					"seconds":	1.0001670122146606,
					"bytes":	2490368,
					"bits_per_second":	19919617.180619471,
					"retransmits":	0,
					"snd_cwnd":	264544,
					"snd_wnd":	-1,
					"rtt":	135,
					"rttvar":	65,
					"pmtu":	9500,
					"omitted":	false,
					"sender":	true
				}],
			"sum":	{
				"start":	2.001507,
				"end":	3.001674,
				"seconds":	1.0001670122146606,
				"bytes":	2490368,
				"bits_per_second":	19919617.180619471,
				"retransmits":	0,
				"omitted":	false,
				"sender":	true
			}
		}],
	"end":	{
		"streams":	[{
				"sender":	{
					"socket":	5,
					"start":	0,
					"end":	3.001674,
					"seconds":	3.001674,
					"bytes":	7602176,
					"bits_per_second":	20261163.604042277,
					"retransmits":	0,
					"max_snd_cwnd":	264544,
					"max_snd_wnd":	0,
					"max_rtt":	261,
					"min_rtt":	135,
					"mean_rtt":	192,
					"sender":	true
				},
				"receiver":	{
					"socket":	5,
					"start":	0,
					"end":	3.001883,
					"seconds":	3.001674,
					"bytes":	7602176,
					"bits_per_second":	20259752.96172436,
					"sender":	true
				}
			}],
		"sum_sent":	{
			"start":	0,
			"end":	3.001674,
			"seconds":	3.001674,
			"bytes":	7602176,
			"bits_per_second":	20261163.604042277,
			"retransmits":	0,
			"sender":	true
		},
		"sum_received":	{
			"start":	0,
			"end":	3.001883,
			"seconds":	3.001883,
			"bytes":	7602176,
			"bits_per_second":	20259752.96172436,
			"sender":	true
		},
		"cpu_utilization_percent":	{
			"host_total":	0.89086296022119726,
			"host_user":	0,
			"host_system":	0.89086296022119726,
			"remote_total":	0.3311845092792956,
			"remote_user":	0.0027648676594429224,
			"remote_system":	0.32841964161985265
		},
		"sender_tcp_congestion":	"cubic",
		"receiver_tcp_congestion":	"cubic"
	}
}
