{
	"start":	{
		"connected":	[{
				"socket":	5,
				"local_host":	"192.168.1.2",
				"local_port":	34118,
				"remote_host":	"192.168.8.2",
				"remote_port":	5202
			}],
		"version":	"iperf 3.19.1",
		"system_info":	"Linux h1 6.6.87.2-microsoft-standard-WSL2 #1 SMP PREEMPT_DYNAMIC Thu Jun  5 18:30:46 UTC 2025 x86_64",
		"timestamp":	{
			"time":	"Mon, 06 Apr 2026 04:32:24 UTC",
			"timesecs":	1775449944
		},
		"connecting_to":	{
			"host":	"192.168.8.2",
			"port":	5202
		},
		"cookie":	"2i7dam6qhc5p666hkpt6u5kbbbvgakavbkeh",
		"tcp_mss_default":	9448,
		"target_bitrate":	20000000,
		"fq_rate":	0,
		"sock_bufsize":	0,
		"sndbuf_actual":	16384,
		"rcvbuf_actual":	131072,
		"test_start":	{
			"protocol":	"TCP",
			"num_streams":	1,
			"blksize":	131072,
			"omit":	0,
			"duration":	3,
			"bytes":	0,
			"blocks":	0,
			"reverse":	0,
			"tos":	0,
			"target_bitrate":	20000000,
			"bidir":	0,
			"fqrate":	0,
			"interval":	1
		}
	},
	"intervals":	[{
			"streams":	[{
					"socket":	5,
					"start":	0,
					"end":	1.001218,
					"seconds":	1.00121796131134,
					"bytes":	2621440,
					"bits_per_second":	20946008.571932383,
					"retransmits":	0,
					"snd_cwnd":	264544,
					"snd_wnd":	-1,
					"rtt":	255,
					"rttvar":	194,
					"pmtu":	9500,
					"omitted":	false,
					"sender":	true
				}],
			"sum":	{
				"start":	0,
				"end":	1.001218,
				"seconds":	1.00121796131134,
				"bytes":	2621440,
				"bits_per_second":	20946008.571932383,
				"retransmits":	0,
				"omitted":	false,
				"sender":	true
			}
		}, {
			"streams":	[{
					"socket":	5,
					"start":	1.001218,
					"end":	2.001116,
					"seconds":	0.99989801645278931,
					"bytes":	2490368,
					"bits_per_second":	19924976.01973258,
					"retransmits":	0,
					"snd_cwnd":	264544,
					"snd_wnd":	-1,
					"rtt":	193,
					"rttvar":	88,
					"pmtu":	9500,
					"omitted":	false,
					"sender":	true
				}],
			"sum":	{
				"start":	1.001218,
				"end":	2.001116,
				"seconds":	0.99989801645278931,
				"bytes":	2490368,
				"bits_per_second":	19924976.01973258,
				"retransmits":	0,
				"omitted":	false,
				"sender":	true
			}
		}, {
			"streams":	[{
					"socket":	5,
					"start":	2.001116,
					"end":	3.001284,
					"seconds":	1.0001679658889771,
					"bytes":	2490368,
					"bits_per_second":	19919598.186982457,
					"retransmits":	0,
					"snd_cwnd":	264544,
					"snd_wnd":	-1,
					"rtt":	167,
					"rttvar":	58,
					"pmtu":	9500,
					"omitted":	false,
					"sender":	true
				}],
			"sum":	{
				"start":	2.001116,
				"end":	3.001284,
				"seconds":	1.0001679658889771,
				"bytes":	2490368,
				"bits_per_second":	19919598.186982457,
				"retransmits":	0,
				"omitted":	false,
				"sender":	true
			}
		}],
	"end":	{
		"streams":	[{
				"sender":	{
					"socket":	5,
					"start":	0,
					"end":	3.001284,
					"seconds":	3.001284,
					"bytes":	7602176,
					"bits_per_second":	20263796.42846195,
					"retransmits":	0,
					"max_snd_cwnd":	264544,
					"max_snd_wnd":	0,
					"max_rtt":	255,
					"min_rtt":	167,
					"mean_rtt":	205,
					"sender":	true
				},
				"receiver":	{
					"socket":	5,
					"start":	0,
					"end":	3.001464,
					"seconds":	3.001284,
					"bytes":	7602176,
					"bits_per_second":	20262581.1937108,
					"sender":	true
				}
			}],
		"sum_sent":	{
			"start":	0,
			"end":	3.001284,
			"seconds":	3.001284,
			"bytes":	7602176,
			"bits_per_second":	20263796.42846195,
			"retransmits":	0,
			"sender":	true
		},
		"sum_received":	{
			"start":	0,
			"end":	3.001464,
			"seconds":	3.001464,
			"bytes":	7602176,
			"bits_per_second":	20262581.1937108,
			"sender":	true
		},
		"cpu_utilization_percent":	{
			"host_total":	0.84477564019298879,
			"host_user":	0.16922823796800884,
			"host_system":	0.67554740222498,
			"remote_total":	0.27949246912889236,
			"remote_user":	0.0027319564272939773,
			"remote_system":	0.27679382924339468
		},
		"sender_tcp_congestion":	"cubic",
		"receiver_tcp_congestion":	"cubic"
	}
}
