{
	"start":	{
		"connected":	[{
				"socket":	5,
				"local_host":	"192.168.1.2",
				"local_port":	53948,
				"remote_host":	"192.168.8.2",
				"remote_port":	5202
			}],
		"version":	"iperf 3.19.1",
		"system_info":	"Linux h1 6.6.87.2-microsoft-standard-WSL2 #1 SMP PREEMPT_DYNAMIC Thu Jun  5 18:30:46 UTC 2025 x86_64",
		"timestamp":	{
			"time":	"Mon, 06 Apr 2026 04:17:53 UTC",
			"timesecs":	1775449073
		},
		"connecting_to":	{
			"host":	"192.168.8.2",
			"port":	5202
		},
		"cookie":	"y6iwbcf6z6fz2jgd3rjsli5uveu3npxndgnf",
		"tcp_mss_default":	9448,
		"target_bitrate":	20000000,
		"fq_rate":	0,
		"sock_bufsize":	0,
		"sndbuf_actual":	16384,
		"rcvbuf_actual":	131072,
		"test_start":	{
			"protocol":	"TCP",
			"num_streams":	1,
			"blksize":	131072,
			"omit":	0,
			"duration":	3,
			"bytes":	0,
			"blocks":	0,
			"reverse":	0,
			"tos":	0,
			"target_bitrate":	20000000,
			"bidir":	0,
			"fqrate":	0,
			"interval":	1
		}
	},
	"intervals":	[{
			"streams":	[{
					"socket":	5,
					"start":	0,
					"end":	1.001316,
					"seconds":	1.0013159513473511,
					"bytes":	2621440,
					"bits_per_second":	20943958.769238755,
					"retransmits":	0,
					"snd_cwnd":	359024,
					"snd_wnd":	-1,
					"rtt":	173,
					"rttvar":	87,
					"pmtu":	9500,
					"omitted":	false,
					"sender":	true
				}],
			"sum":	{
				"start":	0,
				"end":	1.001316,
				"seconds":	1.0013159513473511,
				"bytes":	2621440,
				"bits_per_second":	20943958.769238755,
				"retransmits":	0,
				"omitted":	false,
				"sender":	true
			}
		}, {
			"streams":	[{
					"socket":	5,
					"start":	1.001316,
					"end":	2.001059,
					"seconds":	0.99974298477172852,
					"bytes":	2490368,
					"bits_per_second":	19928065.816384807,
					"retransmits":	0,
					"snd_cwnd":	359024,
					"snd_wnd":	-1,
					"rtt":	131,
					"rttvar":	63,
					"pmtu":	9500,
					"omitted":	false,
					"sender":	true
				}],
			"sum":	{
				"start":	1.001316,
				"end":	2.001059,
				"seconds":	0.99974298477172852,
				"bytes":	2490368,
				"bits_per_second":	19928065.816384807,
				"retransmits":	0,
				"omitted":	false,
				"sender":	true
			}
		}, {
			"streams":	[{
					"socket":	5,
					"start":	2.001059,
					"end":	3.001258,
					"seconds":	1.00019896030426,
					"bytes":	2490368,
					"bits_per_second":	19918980.9134969,
					"retransmits":	0,
					"snd_cwnd":	359024,
					"snd_wnd":	-1,
					"rtt":	121,
					"rttvar":	75,
					"pmtu":	9500,
					"omitted":	false,
					"sender":	true
				}],
			"sum":	{
				"start":	2.001059,
				"end":	3.001258,
				"seconds":	1.00019896030426,
				"bytes":	2490368,
				"bits_per_second":	19918980.9134969,
				"retransmits":	0,
				"omitted":	false,
				"sender":	true
			}
		}],
	"end":	{
		"streams":	[{
				"sender":	{
					"socket":	5,
					"start":	0,
					"end":	3.001258,
					"seconds":	3.001258,
					"bytes":	7602176,
					"bits_per_second":	20263971.974418726,
					"retransmits":	0,
					"max_snd_cwnd":	359024,
					"max_snd_wnd":	0,
					"max_rtt":	173,
					"min_rtt":	121,
					"mean_rtt":	141,
					"sender":	true
				},
				"receiver":	{
					"socket":	5,
					"start":	0,
					"end":	3.002114,
					"seconds":	3.001258,
					"bytes":	7602176,
					"bits_per_second":	20258194.05925291,
					"sender":	true
				}
			}],
		"sum_sent":	{
			"start":	0,
			"end":	3.001258,
			"seconds":	3.001258,
			"bytes":	7602176,
			"bits_per_second":	20263971.974418726,
			"retransmits":	0,
			"sender":	true
		},
		"sum_received":	{
			"start":	0,
			"end":	3.002114,
			"seconds":	3.002114,
			"bytes":	7602176,
			"bits_per_second":	20258194.05925291,
			"sender":	true
		},
		"cpu_utilization_percent":	{
			"host_total":	0.699276957810723,
			"host_user":	0,
			"host_system":	0.699276957810723,
			"remote_total":	0.23574655796371455,
			"remote_user":	0,
			"remote_system":	0.23281596083123723
		},
		"sender_tcp_congestion":	"cubic",
		"receiver_tcp_congestion":	"cubic"
	}
}
