{
	"start":	{
		"connected":	[{
				"socket":	5,
				"local_host":	"192.168.1.2",
				"local_port":	38876,
				"remote_host":	"192.168.8.2",
				"remote_port":	5205
			}],
		"version":	"iperf 3.19.1",
		"system_info":	"Linux h1 6.6.87.2-microsoft-standard-WSL2 #1 SMP PREEMPT_DYNAMIC Thu Jun  5 18:30:46 UTC 2025 x86_64",
		"timestamp":	{
			"time":	"Mon, 06 Apr 2026 04:25:05 UTC",
			"timesecs":	1775449505
		},
		"connecting_to":	{
			"host":	"192.168.8.2",
			"port":	5205
		},
		"cookie":	"64yi3wnmduiqdws4oqf5k2mbqkxz6tlr5llw",
		"tcp_mss_default":	9448,
		"target_bitrate":	20000000,
		"fq_rate":	0,
		"sock_bufsize":	0,
		"sndbuf_actual":	16384,
		"rcvbuf_actual":	131072,
		"test_start":	{
			"protocol":	"TCP",
			"num_streams":	1,
			"blksize":	131072,
			"omit":	0,
			"duration":	3,
			"bytes":	0,
			"blocks":	0,
			"reverse":	0,
			"tos":	0,
			"target_bitrate":	20000000,
			"bidir":	0,
			"fqrate":	0,
			"interval":	1
		}
	},
	"intervals":	[{
			"streams":	[{
					"socket":	5,
					"start":	0,
					"end":	1.001155,
					"seconds":	1.0011550188064575,
					"bytes":	2621440,
					"bits_per_second":	20947325.445165846,
					"retransmits":	0,
					"snd_cwnd":	264544,
					"snd_wnd":	-1,
					"rtt":	164,
					"rttvar":	55,
					"pmtu":	9500,
					"omitted":	false,
					"sender":	true
				}],
			"sum":	{
				"start":	0,
				"end":	1.001155,
				"seconds":	1.0011550188064575,
				"bytes":	2621440,
				"bits_per_second":	20947325.445165846,
				"retransmits":	0,
				"omitted":	false,
				"sender":	true
			}
		}, {
			"streams":	[{
					"socket":	5,
					"start":	1.001155,
					"end":	2.000127,
					"seconds":	0.998971998691559,
					"bytes":	2490368,
					"bits_per_second":	19943445.888468172,
					"retransmits":	0,
					"snd_cwnd":	264544,
					"snd_wnd":	-1,
					"rtt":	204,
					"rttvar":	108,
					"pmtu":	9500,
					"omitted":	false,
					"sender":	true
				}],
			"sum":	{
				"start":	1.001155,
				"end":	2.000127,
				"seconds":	0.998971998691559,
				"bytes":	2490368,
				"bits_per_second":	19943445.888468172,
				"retransmits":	0,
				"omitted":	false,
				"sender":	true
			}
		}, {
			"streams":	[{
					"socket":	5,
					"start":	2.000127,
					"end":	3.001588,
					"seconds":	1.0014610290527344,
					"bytes":	2490368,
					"bits_per_second":	19893878.4655902,
					"retransmits":	0,
					"snd_cwnd":	264544,
					"snd_wnd":	-1,
					"rtt":	153,
					"rttvar":	100,
					"pmtu":	9500,
					"omitted":	false,
					"sender":	true
				}],
			"sum":	{
				"start":	2.000127,
				"end":	3.001588,
				"seconds":	1.0014610290527344,
				"bytes":	2490368,
				"bits_per_second":	19893878.4655902,
				"retransmits":	0,
				"omitted":	false,
				"sender":	true
			}
		}],
	"end":	{
		"streams":	[{
				"sender":	{
					"socket":	5,
					"start":	0,
					"end":	3.001588,
					"seconds":	3.001588,
					"bytes":	7602176,
					"bits_per_second":	20261744.116780851,
					"retransmits":	0,
					"max_snd_cwnd":	264544,
					"max_snd_wnd":	0,
					"max_rtt":	204,
					"min_rtt":	153,
					"mean_rtt":	173,
					"sender":	true
				},
				"receiver":	{
					"socket":	5,
					"start":	0,
					"end":	3.001758,
					"seconds":	3.001588,
					"bytes":	7602176,
					"bits_per_second":	20260596.623711836,
					"sender":	true
				}
			}],
		"sum_sent":	{
			"start":	0,
			"end":	3.001588,
			"seconds":	3.001588,
			"bytes":	7602176,
			"bits_per_second":	20261744.116780851,
			"retransmits":	0,
			"sender":	true
		},
		"sum_received":	{
			"start":	0,
			"end":	3.001758,
			"seconds":	3.001758,
			"bytes":	7602176,
			"bits_per_second":	20260596.623711836,
			"sender":	true
		},
		"cpu_utilization_percent":	{
			"host_total":	0.7538431513341376,
			"host_user":	0.031106229438749036,
			"host_system":	0.72303666072295669,
			"remote_total":	0.26743935809223929,
			"remote_user":	0,
			"remote_system":	0.26743935809223929
		},
		"sender_tcp_congestion":	"cubic",
		"receiver_tcp_congestion":	"cubic"
	}
}
