{
	"start":	{
		"connected":	[{
				"socket":	5,
				"local_host":	"192.168.1.2",
				"local_port":	42646,
				"remote_host":	"192.168.8.2",
				"remote_port":	5203
			}],
		"version":	"iperf 3.19.1",
		"system_info":	"Linux h1 6.6.87.2-microsoft-standard-WSL2 #1 SMP PREEMPT_DYNAMIC Thu Jun  5 18:30:46 UTC 2025 x86_64",
		"timestamp":	{
			"time":	"Mon, 06 Apr 2026 04:15:02 UTC",
			"timesecs":	1775448902
		},
		"connecting_to":	{
			"host":	"192.168.8.2",
			"port":	5203
		},
		"cookie":	"kma5ocptjpdmzrwsqeezkg6gerp3tp6b66v7",
		"tcp_mss_default":	9448,
		"target_bitrate":	20000000,
		"fq_rate":	0,
		"sock_bufsize":	0,
		"sndbuf_actual":	16384,
		"rcvbuf_actual":	131072,
		"test_start":	{
			"protocol":	"TCP",
			"num_streams":	1,
			"blksize":	131072,
			"omit":	0,
			"duration":	3,
			"bytes":	0,
			"blocks":	0,
			"reverse":	0,
			"tos":	0,
			"target_bitrate":	20000000,
			"bidir":	0,
			"fqrate":	0,
			"interval":	1
		}
	},
	"intervals":	[{
			"streams":	[{
					"socket":	5,
					"start":	0,
					"end":	1.001125,
					"seconds":	1.0011249780654907,
					"bytes":	2621440,
					"bits_per_second":	20947954.01122047,
					"retransmits":	0,
					"snd_cwnd":	264544,
					"snd_wnd":	-1,
					"rtt":	445,
					"rttvar":	264,
					"pmtu":	9500,
					"omitted":	false,
					"sender":	true
				}],
			"sum":	{
				"start":	0,
				"end":	1.001125,
				"seconds":	1.0011249780654907,
				"bytes":	2621440,
				"bits_per_second":	20947954.01122047,
				"retransmits":	0,
				"omitted":	false,
				"sender":	true
			}
		}, {
			"streams":	[{
					"socket":	5,
					"start":	1.001125,
					"end":	2.003046,
					"seconds":	1.0019210577011108,
					"bytes":	2490368,
					"bits_per_second":	19884744.258906808,
					"retransmits":	0,
					"snd_cwnd":	264544,
					"snd_wnd":	-1,
					"rtt":	211,
					"rttvar":	133,
					"pmtu":	9500,
					"omitted":	false,
					"sender":	true
				}],
			"sum":	{
				"start":	1.001125,
				"end":	2.003046,
				"seconds":	1.0019210577011108,
				"bytes":	2490368,
				"bits_per_second":	19884744.258906808,
				"retransmits":	0,
				"omitted":	false,
				"sender":	true
			}
		}, {
			"streams":	[{
					"socket":	5,
					"start":	2.003046,
					"end":	3.001255,
					"seconds":	0.998208999633789,
					"bytes":	2490368,
					"bits_per_second":	19958690.021136947,
					"retransmits":	0,
					"snd_cwnd":	264544,
					"snd_wnd":	-1,
					"rtt":	142,
					"rttvar":	63,
					"pmtu":	9500,
					"omitted":	false,
					"sender":	true
				}],
			"sum":	{
				"start":	2.003046,
				"end":	3.001255,
				"seconds":	0.998208999633789,
				"bytes":	2490368,
				"bits_per_second":	19958690.021136947,
				"retransmits":	0,
				"omitted":	false,
				"sender":	true
			}
		}],
	"end":	{
		"streams":	[{
				"sender":	{
					"socket":	5,
					"start":	0,
					"end":	3.001255,
					"seconds":	3.001255,
					"bytes":	7602176,
					"bits_per_second":	20263992.22991715,
					"retransmits":	0,
					"max_snd_cwnd":	264544,
					"max_snd_wnd":	0,
					"max_rtt":	445,
					"min_rtt":	142,
					"mean_rtt":	266,
					"sender":	true
				},
				"receiver":	{
					"socket":	5,
					"start":	0,
					"end":	3.001411,
					"seconds":	3.001255,
					"bytes":	7602176,
					"bits_per_second":	20262938.997691419,
					"sender":	true
				}
			}],
		"sum_sent":	{
			"start":	0,
			"end":	3.001255,
			"seconds":	3.001255,
			"bytes":	7602176,
			"bits_per_second":	20263992.22991715,
			"retransmits":	0,
			"sender":	true
		},
		"sum_received":	{
			"start":	0,
			"end":	3.001411,
			"seconds":	3.001411,
			"bytes":	7602176,
			"bits_per_second":	20262938.997691419,
			"sender":	true
		},
		"cpu_utilization_percent":	{
			"host_total":	1.0567862745685821,
			"host_user":	0.03590568595514787,
			"host_system":	1.0209138962998492,
			"remote_total":	0.386079932672564,
			"remote_user":	0.00819603585066023,
			"remote_system":	0.37788389682190382
		},
		"sender_tcp_congestion":	"cubic",
		"receiver_tcp_congestion":	"cubic"
	}
}
