{
	"start":	{
		"connected":	[{
				"socket":	5,
				"local_host":	"192.168.1.2",
				"local_port":	33530,
				"remote_host":	"192.168.8.2",
				"remote_port":	5202
			}],
		"version":	"iperf 3.19.1",
		"system_info":	"Linux h1 6.6.87.2-microsoft-standard-WSL2 #1 SMP PREEMPT_DYNAMIC Thu Jun  5 18:30:46 UTC 2025 x86_64",
		"timestamp":	{
			"time":	"Mon, 06 Apr 2026 04:25:31 UTC",
			"timesecs":	1775449531
		},
		"connecting_to":	{
			"host":	"192.168.8.2",
			"port":	5202
		},
		"cookie":	"7vr246f4nusqvp5eiecok2mejwditimr7ww2",
		"tcp_mss_default":	9448,
		"target_bitrate":	20000000,
		"fq_rate":	0,
		"sock_bufsize":	0,
		"sndbuf_actual":	16384,
		"rcvbuf_actual":	131072,
		"test_start":	{
			"protocol":	"TCP",
			"num_streams":	1,
			"blksize":	131072,
			"omit":	0,
			"duration":	3,
			"bytes":	0,
			"blocks":	0,
			"reverse":	0,
			"tos":	0,
			"target_bitrate":	20000000,
			"bidir":	0,
			"fqrate":	0,
			"interval":	1
		}
	},
	"intervals":	[{
			"streams":	[{
					"socket":	5,
					"start":	0,
					"end":	1.000097,
					"seconds":	1.0000970363616943,
					"bytes":	2621440,
					"bits_per_second":	20969485.197449837,
					"retransmits":	0,
					"snd_cwnd":	264544,
					"snd_wnd":	-1,
					"rtt":	274,
					"rttvar":	139,
					"pmtu":	9500,
					"omitted":	false,
					"sender":	true
				}],
			"sum":	{
				"start":	0,
				"end":	1.000097,
				"seconds":	1.0000970363616943,
				"bytes":	2621440,
				"bits_per_second":	20969485.197449837,
				"retransmits":	0,
				"omitted":	false,
				"sender":	true
			}
		}, {
			"streams":	[{
					"socket":	5,
					"start":	1.000097,
					"end":	2.001011,
					"seconds":	1.0009139776229858,
					"bytes":	2490368,
					"bits_per_second":	19904751.502535589,
					"retransmits":	0,
					"snd_cwnd":	264544,
					"snd_wnd":	-1,
					"rtt":	184,
					"rttvar":	120,
					"pmtu":	9500,
					"omitted":	false,
					"sender":	true
				}],
			"sum":	{
				"start":	1.000097,
				"end":	2.001011,
				"seconds":	1.0009139776229858,
				"bytes":	2490368,
				"bits_per_second":	19904751.502535589,
				"retransmits":	0,
				"omitted":	false,
				"sender":	true
			}
		}, {
			"streams":	[{
					"socket":	5,
					"start":	2.001011,
					"end":	3.001716,
					"seconds":	1.0007050037384033,
					"bytes":	2490368,
					"bits_per_second":	19908908.145330016,
					"retransmits":	0,
					"snd_cwnd":	264544,
					"snd_wnd":	-1,
					"rtt":	225,
					"rttvar":	89,
					"pmtu":	9500,
					"omitted":	false,
					"sender":	true
				}],
			"sum":	{
				"start":	2.001011,
				"end":	3.001716,
				"seconds":	1.0007050037384033,
				"bytes":	2490368,
				"bits_per_second":	19908908.145330016,
				"retransmits":	0,
				"omitted":	false,
				"sender":	true
			}
		}],
	"end":	{
		"streams":	[{
				"sender":	{
					"socket":	5,
					"start":	0,
					"end":	3.001716,
					"seconds":	3.001716,
					"bytes":	7602176,
					"bits_per_second":	20260880.109910466,
					"retransmits":	0,
					"max_snd_cwnd":	264544,
					"max_snd_wnd":	0,
					"max_rtt":	274,
					"min_rtt":	184,
					"mean_rtt":	227,
					"sender":	true
				},
				"receiver":	{
					"socket":	5,
					"start":	0,
					"end":	3.002036,
					"seconds":	3.001716,
					"bytes":	7602176,
					"bits_per_second":	20258720.4150783,
					"sender":	true
				}
			}],
		"sum_sent":	{
			"start":	0,
			"end":	3.001716,
			"seconds":	3.001716,
			"bytes":	7602176,
			"bits_per_second":	20260880.109910466,
			"retransmits":	0,
			"sender":	true
		},
		"sum_received":	{
			"start":	0,
			"end":	3.002036,
			"seconds":	3.002036,
			"bytes":	7602176,
			"bits_per_second":	20258720.4150783,
			"sender":	true
		},
		"cpu_utilization_percent":	{
			"host_total":	1.0412355240125162,
			"host_user":	0.0856763352505342,
			"host_system":	0.95565908343969341,
			"remote_total":	0.39279249750340928,
			"remote_user":	0.11218835919195068,
			"remote_system":	0.280770688725936
		},
		"sender_tcp_congestion":	"cubic",
		"receiver_tcp_congestion":	"cubic"
	}
}
