{
	"start":	{
		"connected":	[{
				"socket":	5,
				"local_host":	"192.168.1.2",
				"local_port":	49634,
				"remote_host":	"192.168.8.2",
				"remote_port":	5204
			}],
		"version":	"iperf 3.19.1",
		"system_info":	"Linux h1 6.6.87.2-microsoft-standard-WSL2 #1 SMP PREEMPT_DYNAMIC Thu Jun  5 18:30:46 UTC 2025 x86_64",
		"timestamp":	{
			"time":	"Mon, 06 Apr 2026 04:16:50 UTC",
			"timesecs":	1775449010
		},
		"connecting_to":	{
			"host":	"192.168.8.2",
			"port":	5204
		},
		"cookie":	"2f5wmt6gaz4pemlccwx36ppczcghcbbugcvz",
		"tcp_mss_default":	9448,
		"target_bitrate":	20000000,
		"fq_rate":	0,
		"sock_bufsize":	0,
		"sndbuf_actual":	16384,
		"rcvbuf_actual":	131072,
		"test_start":	{
			"protocol":	"TCP",
			"num_streams":	1,
			"blksize":	131072,
			"omit":	0,
			"duration":	3,
			"bytes":	0,
			"blocks":	0,
			"reverse":	0,
			"tos":	0,
			"target_bitrate":	20000000,
			"bidir":	0,
			"fqrate":	0,
			"interval":	1
		}
	},
	"intervals":	[{
			"streams":	[{
					"socket":	5,
					"start":	0,
					"end":	1.000621,
					"seconds":	1.00062096118927,
					"bytes":	2621440,
					"bits_per_second":	20958505.581448819,
					"retransmits":	0,
					"snd_cwnd":	359024,
					"snd_wnd":	-1,
					"rtt":	663,
					"rttvar":	321,
					"pmtu":	9500,
					"omitted":	false,
					"sender":	true
				}],
			"sum":	{
				"start":	0,
				"end":	1.000621,
				"seconds":	1.00062096118927,
				"bytes":	2621440,
				"bits_per_second":	20958505.581448819,
				"retransmits":	0,
				"omitted":	false,
				"sender":	true
			}
		}, {
			"streams":	[{
					"socket":	5,
					"start":	1.000621,
					"end":	2.000464,
					"seconds":	0.99984300136566162,
					"bytes":	2490368,
					"bits_per_second":	19926072.366149213,
					"retransmits":	0,
					"snd_cwnd":	359024,
					"snd_wnd":	-1,
					"rtt":	236,
					"rttvar":	176,
					"pmtu":	9500,
					"omitted":	false,
					"sender":	true
				}],
			"sum":	{
				"start":	1.000621,
				"end":	2.000464,
				"seconds":	0.99984300136566162,
				"bytes":	2490368,
				"bits_per_second":	19926072.366149213,
				"retransmits":	0,
				"omitted":	false,
				"sender":	true
			}
		}, {
			"streams":	[{
					"socket":	5,
					"start":	2.000464,
					"end":	3.000466,
					"seconds":	1.0000020265579224,
					"bytes":	2490368,
					"bits_per_second":	19922903.625081822,
					"retransmits":	0,
					"snd_cwnd":	359024,
					"snd_wnd":	-1,
					"rtt":	161,
					"rttvar":	67,
					"pmtu":	9500,
					"omitted":	false,
					"sender":	true
				}],
			"sum":	{
				"start":	2.000464,
				"end":	3.000466,
				"seconds":	1.0000020265579224,
				"bytes":	2490368,
				"bits_per_second":	19922903.625081822,
				"retransmits":	0,
				"omitted":	false,
				"sender":	true
			}
		}],
	"end":	{
		"streams":	[{
				"sender":	{
					"socket":	5,
					"start":	0,
					"end":	3.000466,
					"seconds":	3.000466,
					"bytes":	7602176,
					"bits_per_second":	20269320.832164072,
					"retransmits":	0,
					"max_snd_cwnd":	359024,
					"max_snd_wnd":	0,
					"max_rtt":	663,
					"min_rtt":	161,
					"mean_rtt":	353,
					"sender":	true
				},
				"receiver":	{
					"socket":	5,
					"start":	0,
					"end":	3.000652,
					"seconds":	3.000466,
					"bytes":	7602176,
					"bits_per_second":	20268064.407335471,
					"sender":	true
				}
			}],
		"sum_sent":	{
			"start":	0,
			"end":	3.000466,
			"seconds":	3.000466,
			"bytes":	7602176,
			"bits_per_second":	20269320.832164072,
			"retransmits":	0,
			"sender":	true
		},
		"sum_received":	{
			"start":	0,
			"end":	3.000652,
			"seconds":	3.000652,
			"bytes":	7602176,
			"bits_per_second":	20268064.407335471,
			"sender":	true
		},
		"cpu_utilization_percent":	{
			"host_total":	1.5759562834249978,
			"host_user":	0.323537826514581,
			"host_system":	1.2523851505663244,
			"remote_total":	0.59465569688422271,
			"remote_user":	0.014096579230106826,
			"remote_system":	0.580559117654116
		},
		"sender_tcp_congestion":	"cubic",
		"receiver_tcp_congestion":	"cubic"
	}
}
