{
	"start":	{
		"connected":	[{
				"socket":	5,
				"local_host":	"192.168.1.2",
				"local_port":	50426,
				"remote_host":	"192.168.8.2",
				"remote_port":	5202
			}],
		"version":	"iperf 3.19.1",
		"system_info":	"Linux h1 6.6.87.2-microsoft-standard-WSL2 #1 SMP PREEMPT_DYNAMIC Thu Jun  5 18:30:46 UTC 2025 x86_64",
		"timestamp":	{
			"time":	"Mon, 06 Apr 2026 04:29:58 UTC",
			"timesecs":	1775449798
		},
		"connecting_to":	{
			"host":	"192.168.8.2",
			"port":	5202
		},
		"cookie":	"wdv577q7hz42beoecpnkj4lhokhlan326lkw",
		"tcp_mss_default":	9448,
		"target_bitrate":	20000000,
		"fq_rate":	0,
		"sock_bufsize":	0,
		"sndbuf_actual":	16384,
		"rcvbuf_actual":	131072,
		"test_start":	{
			"protocol":	"TCP",
			"num_streams":	1,
			"blksize":	131072,
			"omit":	0,
			"duration":	3,
			"bytes":	0,
			"blocks":	0,
			"reverse":	0,
			"tos":	0,
			"target_bitrate":	20000000,
			"bidir":	0,
			"fqrate":	0,
			"interval":	1
		}
	},
	"intervals":	[{
			"streams":	[{
					"socket":	5,
					"start":	0,
					"end":	1.000394,
					"seconds":	1.0003939867019653,
					"bytes":	2621440,
					"bits_per_second":	20963260.754033078,
					"retransmits":	0,
					"snd_cwnd":	151168,
					"snd_wnd":	-1,
					"rtt":	152,
					"rttvar":	49,
					"pmtu":	9500,
					"omitted":	false,
					"sender":	true
				}],
			"sum":	{
				"start":	0,
				"end":	1.000394,
				"seconds":	1.0003939867019653,
				"bytes":	2621440,
				"bits_per_second":	20963260.754033078,
				"retransmits":	0,
				"omitted":	false,
				"sender":	true
			}
		}, {
			"streams":	[{
					"socket":	5,
					"start":	1.000394,
					"end":	2.000319,
					"seconds":	0.99992501735687256,
					"bytes":	2490368,
					"bits_per_second":	19924437.9870231,
					"retransmits":	0,
					"snd_cwnd":	151168,
					"snd_wnd":	-1,
					"rtt":	250,
					"rttvar":	94,
					"pmtu":	9500,
					"omitted":	false,
					"sender":	true
				}],
			"sum":	{
				"start":	1.000394,
				"end":	2.000319,
				"seconds":	0.99992501735687256,
				"bytes":	2490368,
				"bits_per_second":	19924437.9870231,
				"retransmits":	0,
				"omitted":	false,
				"sender":	true
			}
		}, {
			"streams":	[{
					"socket":	5,
					"start":	2.000319,
					"end":	3.001578,
					"seconds":	1.0012589693069458,
					"bytes":	2490368,
					"bits_per_second":	19897893.1632346,
					"retransmits":	0,
					"snd_cwnd":	151168,
					"snd_wnd":	-1,
					"rtt":	187,
					"rttvar":	85,
					"pmtu":	9500,
					"omitted":	false,
					"sender":	true
				}],
			"sum":	{
				"start":	2.000319,
				"end":	3.001578,
				"seconds":	1.0012589693069458,
				"bytes":	2490368,
				"bits_per_second":	19897893.1632346,
				"retransmits":	0,
				"omitted":	false,
				"sender":	true
			}
		}],
	"end":	{
		"streams":	[{
				"sender":	{
					"socket":	5,
					"start":	0,
					"end":	3.001578,
					"seconds":	3.001578,
					"bytes":	7602176,
					"bits_per_second":	20261811.620420992,
					"retransmits":	0,
					"max_snd_cwnd":	151168,
					"max_snd_wnd":	0,
					"max_rtt":	250,
					"min_rtt":	152,
					"mean_rtt":	196,
					"sender":	true
				},
				"receiver":	{
					"socket":	5,
					"start":	0,
					"end":	3.001811,
					"seconds":	3.001578,
					"bytes":	7602176,
					"bits_per_second":	20260238.90244922,
					"sender":	true
				}
			}],
		"sum_sent":	{
			"start":	0,
			"end":	3.001578,
			"seconds":	3.001578,
			"bytes":	7602176,
			"bits_per_second":	20261811.620420992,
			"retransmits":	0,
			"sender":	true
		},
		"sum_received":	{
			"start":	0,
			"end":	3.001811,
			"seconds":	3.001811,
			"bytes":	7602176,
			"bits_per_second":	20260238.90244922,
			"sender":	true
		},
		"cpu_utilization_percent":	{
			"host_total":	0.86299967518117959,
			"host_user":	0.014110981538576229,
			"host_system":	0.84885541302576717,
			"remote_total":	0.373920377777837,
			"remote_user":	0.01092613665132566,
			"remote_system":	0.36279437277313342
		},
		"sender_tcp_congestion":	"cubic",
		"receiver_tcp_congestion":	"cubic"
	}
}
