{
	"start":	{
		"connected":	[{
				"socket":	5,
				"local_host":	"192.168.1.2",
				"local_port":	59284,
				"remote_host":	"192.168.8.2",
				"remote_port":	5202
			}],
		"version":	"iperf 3.19.1",
		"system_info":	"Linux h1 6.6.87.2-microsoft-standard-WSL2 #1 SMP PREEMPT_DYNAMIC Thu Jun  5 18:30:46 UTC 2025 x86_64",
		"timestamp":	{
			"time":	"Mon, 06 Apr 2026 04:31:34 UTC",
			"timesecs":	1775449894
		},
		"connecting_to":	{
			"host":	"192.168.8.2",
			"port":	5202
		},
		"cookie":	"yphbfprxsioohg34uai44o2idbj5i6szbcsr",
		"tcp_mss_default":	9448,
		"target_bitrate":	20000000,
		"fq_rate":	0,
		"sock_bufsize":	0,
		"sndbuf_actual":	16384,
		"rcvbuf_actual":	131072,
		"test_start":	{
			"protocol":	"TCP",
			"num_streams":	1,
			"blksize":	131072,
			"omit":	0,
			"duration":	3,
			"bytes":	0,
			"blocks":	0,
			"reverse":	0,
			"tos":	0,
			"target_bitrate":	20000000,
			"bidir":	0,
			"fqrate":	0,
			"interval":	1
		}
	},
	"intervals":	[{
			"streams":	[{
					"socket":	5,
					"start":	0,
					"end":	1.001086,
					"seconds":	1.0010859966278076,
					"bytes":	2621440,
					"bits_per_second":	20948769.706741761,
					"retransmits":	0,
					"snd_cwnd":	349576,
					"snd_wnd":	-1,
					"rtt":	120,
					"rttvar":	60,
					"pmtu":	9500,
					"omitted":	false,
					"sender":	true
				}],
			"sum":	{
				"start":	0,
				"end":	1.001086,
				"seconds":	1.0010859966278076,
				"bytes":	2621440,
				"bits_per_second":	20948769.706741761,
				"retransmits":	0,
				"omitted":	false,
				"sender":	true
			}
		}, {
			"streams":	[{
					"socket":	5,
					"start":	1.001086,
					"end":	2.001441,
					"seconds":	1.0003550052642822,
					"bytes":	2490368,
					"bits_per_second":	19915873.759972431,
					"retransmits":	0,
					"snd_cwnd":	349576,
					"snd_wnd":	-1,
					"rtt":	147,
					"rttvar":	78,
					"pmtu":	9500,
					"omitted":	false,
					"sender":	true
				}],
			"sum":	{
				"start":	1.001086,
				"end":	2.001441,
				"seconds":	1.0003550052642822,
				"bytes":	2490368,
				"bits_per_second":	19915873.759972431,
				"retransmits":	0,
				"omitted":	false,
				"sender":	true
			}
		}, {
			"streams":	[{
					"socket":	5,
					"start":	2.001441,
					"end":	3.001394,
					"seconds":	0.99995297193527222,
					"bytes":	2490368,
					"bits_per_second":	19923880.981564429,
					"retransmits":	0,
					"snd_cwnd":	349576,
					"snd_wnd":	-1,
					"rtt":	128,
					"rttvar":	61,
					"pmtu":	9500,
					"omitted":	false,
					"sender":	true
				}],
			"sum":	{
				"start":	2.001441,
				"end":	3.001394,
				"seconds":	0.99995297193527222,
				"bytes":	2490368,
				"bits_per_second":	19923880.981564429,
				"retransmits":	0,
				"omitted":	false,
				"sender":	true
			}
		}],
	"end":	{
		"streams":	[{
				"sender":	{
					"socket":	5,
					"start":	0,
					"end":	3.001394,
					"seconds":	3.001394,
					"bytes":	7602176,
					"bits_per_second":	20263053.767682616,
					"retransmits":	0,
					"max_snd_cwnd":	349576,
					"max_snd_wnd":	0,
					"max_rtt":	147,
					"min_rtt":	120,
					"mean_rtt":	131,
					"sender":	true
				},
				"receiver":	{
					"socket":	5,
					"start":	0,
					"end":	3.001581,
					"seconds":	3.001394,
					"bytes":	7602176,
					"bits_per_second":	20261791.369281724,
					"sender":	true
				}
			}],
		"sum_sent":	{
			"start":	0,
			"end":	3.001394,
			"seconds":	3.001394,
			"bytes":	7602176,
			"bits_per_second":	20263053.767682616,
			"retransmits":	0,
			"sender":	true
		},
		"sum_received":	{
			"start":	0,
			"end":	3.001581,
			"seconds":	3.001581,
			"bytes":	7602176,
			"bits_per_second":	20261791.369281724,
			"sender":	true
		},
		"cpu_utilization_percent":	{
			"host_total":	0.57832480978129641,
			"host_user":	0.026777997412126369,
			"host_system":	0.55154681236917,
			"remote_total":	0.18200147653403626,
			"remote_user":	0.010027904894150633,
			"remote_system":	0.17200688693853727
		},
		"sender_tcp_congestion":	"cubic",
		"receiver_tcp_congestion":	"cubic"
	}
}
