{
	"start":	{
		"connected":	[{
				"socket":	5,
				"local_host":	"192.168.1.2",
				"local_port":	37574,
				"remote_host":	"192.168.8.2",
				"remote_port":	5203
			}],
		"version":	"iperf 3.19.1",
		"system_info":	"Linux h1 6.6.87.2-microsoft-standard-WSL2 #1 SMP PREEMPT_DYNAMIC Thu Jun  5 18:30:46 UTC 2025 x86_64",
		"timestamp":	{
			"time":	"Mon, 06 Apr 2026 04:18:21 UTC",
			"timesecs":	1775449101
		},
		"connecting_to":	{
			"host":	"192.168.8.2",
			"port":	5203
		},
		"cookie":	"tzih42ie3zzccd7xnbqy7nc6kqjnzftrvbt5",
		"tcp_mss_default":	9448,
		"target_bitrate":	20000000,
		"fq_rate":	0,
		"sock_bufsize":	0,
		"sndbuf_actual":	16384,
		"rcvbuf_actual":	131072,
		"test_start":	{
			"protocol":	"TCP",
			"num_streams":	1,
			"blksize":	131072,
			"omit":	0,
			"duration":	3,
			"bytes":	0,
			"blocks":	0,
			"reverse":	0,
			"tos":	0,
			"target_bitrate":	20000000,
			"bidir":	0,
			"fqrate":	0,
			"interval":	1
		}
	},
	"intervals":	[{
			"streams":	[{
					"socket":	5,
					"start":	0,
					"end":	1.00109,
					"seconds":	1.0010900497436523,
					"bytes":	2621440,
					"bits_per_second":	20948684.891404271,
					"retransmits":	0,
					"snd_cwnd":	283440,
					"snd_wnd":	-1,
					"rtt":	238,
					"rttvar":	134,
					"pmtu":	9500,
					"omitted":	false,
					"sender":	true
				}],
			"sum":	{
				"start":	0,
				"end":	1.00109,
				"seconds":	1.0010900497436523,
				"bytes":	2621440,
				"bits_per_second":	20948684.891404271,
				"retransmits":	0,
				"omitted":	false,
				"sender":	true
			}
		}, {
			"streams":	[{
					"socket":	5,
					"start":	1.00109,
					"end":	2.001331,
					"seconds":	1.0002410411834717,
					"bytes":	2490368,
					"bits_per_second":	19918142.907261077,
					"retransmits":	0,
					"snd_cwnd":	283440,
					"snd_wnd":	-1,
					"rtt":	505,
					"rttvar":	451,
					"pmtu":	9500,
					"omitted":	false,
					"sender":	true
				}],
			"sum":	{
				"start":	1.00109,
				"end":	2.001331,
				"seconds":	1.0002410411834717,
				"bytes":	2490368,
				"bits_per_second":	19918142.907261077,
				"retransmits":	0,
				"omitted":	false,
				"sender":	true
			}
		}, {
			"streams":	[{
					"socket":	5,
					"start":	2.001331,
					"end":	3.001264,
					"seconds":	0.99993300437927246,
					"bytes":	2490368,
					"bits_per_second":	19924278.8394284,
					"retransmits":	0,
					"snd_cwnd":	283440,
					"snd_wnd":	-1,
					"rtt":	261,
					"rttvar":	155,
					"pmtu":	9500,
					"omitted":	false,
					"sender":	true
				}],
			"sum":	{
				"start":	2.001331,
				"end":	3.001264,
				"seconds":	0.99993300437927246,
				"bytes":	2490368,
				"bits_per_second":	19924278.8394284,
				"retransmits":	0,
				"omitted":	false,
				"sender":	true
			}
		}],
	"end":	{
		"streams":	[{
				"sender":	{
					"socket":	5,
					"start":	0,
					"end":	3.001264,
					"seconds":	3.001264,
					"bytes":	7602176,
					"bits_per_second":	20263931.463543359,
					"retransmits":	0,
					"max_snd_cwnd":	283440,
					"max_snd_wnd":	0,
					"max_rtt":	505,
					"min_rtt":	238,
					"mean_rtt":	334,
					"sender":	true
				},
				"receiver":	{
					"socket":	5,
					"start":	0,
					"end":	3.001468,
					"seconds":	3.001264,
					"bytes":	7602176,
					"bits_per_second":	20262554.19014962,
					"sender":	true
				}
			}],
		"sum_sent":	{
			"start":	0,
			"end":	3.001264,
			"seconds":	3.001264,
			"bytes":	7602176,
			"bits_per_second":	20263931.463543359,
			"retransmits":	0,
			"sender":	true
		},
		"sum_received":	{
			"start":	0,
			"end":	3.001468,
			"seconds":	3.001468,
			"bytes":	7602176,
			"bits_per_second":	20262554.19014962,
			"sender":	true
		},
		"cpu_utilization_percent":	{
			"host_total":	1.5725231661305163,
			"host_user":	0,
			"host_system":	1.572423272650264,
			"remote_total":	0.526365062606425,
			"remote_user":	0,
			"remote_system":	0.526365062606425
		},
		"sender_tcp_congestion":	"cubic",
		"receiver_tcp_congestion":	"cubic"
	}
}
