{
	"start":	{
		"connected":	[{
				"socket":	5,
				"local_host":	"192.168.1.2",
				"local_port":	40694,
				"remote_host":	"192.168.8.2",
				"remote_port":	5203
			}],
		"version":	"iperf 3.19.1",
		"system_info":	"Linux h1 6.6.87.2-microsoft-standard-WSL2 #1 SMP PREEMPT_DYNAMIC Thu Jun  5 18:30:46 UTC 2025 x86_64",
		"timestamp":	{
			"time":	"Mon, 06 Apr 2026 04:19:01 UTC",
			"timesecs":	1775449141
		},
		"connecting_to":	{
			"host":	"192.168.8.2",
			"port":	5203
		},
		"cookie":	"64e6u7hkxlfm6be42c7m6i3bjx2m6ojey7am",
		"tcp_mss_default":	9448,
		"target_bitrate":	20000000,
		"fq_rate":	0,
		"sock_bufsize":	0,
		"sndbuf_actual":	16384,
		"rcvbuf_actual":	131072,
		"test_start":	{
			"protocol":	"TCP",
			"num_streams":	1,
			"blksize":	131072,
			"omit":	0,
			"duration":	3,
			"bytes":	0,
			"blocks":	0,
			"reverse":	0,
			"tos":	0,
			"target_bitrate":	20000000,
			"bidir":	0,
			"fqrate":	0,
			"interval":	1
		}
	},
	"intervals":	[{
			"streams":	[{
					"socket":	5,
					"start":	0,
					"end":	1.001116,
					"seconds":	1.0011160373687744,
					"bytes":	2621440,
					"bits_per_second":	20948141.091735266,
					"retransmits":	0,
					"snd_cwnd":	302336,
					"snd_wnd":	-1,
					"rtt":	142,
					"rttvar":	62,
					"pmtu":	9500,
					"omitted":	false,
					"sender":	true
				}],
			"sum":	{
				"start":	0,
				"end":	1.001116,
				"seconds":	1.0011160373687744,
				"bytes":	2621440,
				"bits_per_second":	20948141.091735266,
				"retransmits":	0,
				"omitted":	false,
				"sender":	true
			}
		}, {
			"streams":	[{
					"socket":	5,
					"start":	1.001116,
					"end":	2.00112,
					"seconds":	1.0000040531158447,
					"bytes":	2490368,
					"bits_per_second":	19922863.250327289,
					"retransmits":	0,
					"snd_cwnd":	302336,
					"snd_wnd":	-1,
					"rtt":	219,
					"rttvar":	150,
					"pmtu":	9500,
					"omitted":	false,
					"sender":	true
				}],
			"sum":	{
				"start":	1.001116,
				"end":	2.00112,
				"seconds":	1.0000040531158447,
				"bytes":	2490368,
				"bits_per_second":	19922863.250327289,
				"retransmits":	0,
				"omitted":	false,
				"sender":	true
			}
		}, {
			"streams":	[{
					"socket":	5,
					"start":	2.00112,
					"end":	3.001315,
					"seconds":	1.0001950263977051,
					"bytes":	2490368,
					"bits_per_second":	19919059.257627312,
					"retransmits":	0,
					"snd_cwnd":	302336,
					"snd_wnd":	-1,
					"rtt":	220,
					"rttvar":	119,
					"pmtu":	9500,
					"omitted":	false,
					"sender":	true
				}],
			"sum":	{
				"start":	2.00112,
				"end":	3.001315,
				"seconds":	1.0001950263977051,
				"bytes":	2490368,
				"bits_per_second":	19919059.257627312,
				"retransmits":	0,
				"omitted":	false,
				"sender":	true
			}
		}],
	"end":	{
		"streams":	[{
				"sender":	{
					"socket":	5,
					"start":	0,
					"end":	3.001315,
					"seconds":	3.001315,
					"bytes":	7602176,
					"bits_per_second":	20263587.127642382,
					"retransmits":	0,
					"max_snd_cwnd":	302336,
					"max_snd_wnd":	0,
					"max_rtt":	220,
					"min_rtt":	142,
					"mean_rtt":	193,
					"sender":	true
				},
				"receiver":	{
					"socket":	5,
					"start":	0,
					"end":	3.001434,
					"seconds":	3.001315,
					"bytes":	7602176,
					"bits_per_second":	20262783.722713877,
					"sender":	true
				}
			}],
		"sum_sent":	{
			"start":	0,
			"end":	3.001315,
			"seconds":	3.001315,
			"bytes":	7602176,
			"bits_per_second":	20263587.127642382,
			"retransmits":	0,
			"sender":	true
		},
		"sum_received":	{
			"start":	0,
			"end":	3.001434,
			"seconds":	3.001434,
			"bytes":	7602176,
			"bits_per_second":	20262783.722713877,
			"sender":	true
		},
		"cpu_utilization_percent":	{
			"host_total":	0.70905975666358356,
			"host_user":	0.00779113368986094,
			"host_system":	0.70133521385996067,
			"remote_total":	0.23228254246102889,
			"remote_user":	0,
			"remote_system":	0.23228254246102889
		},
		"sender_tcp_congestion":	"cubic",
		"receiver_tcp_congestion":	"cubic"
	}
}
