{
	"start":	{
		"connected":	[{
				"socket":	5,
				"local_host":	"192.168.1.2",
				"local_port":	48056,
				"remote_host":	"192.168.8.2",
				"remote_port":	5203
			}],
		"version":	"iperf 3.19.1",
		"system_info":	"Linux h1 6.6.87.2-microsoft-standard-WSL2 #1 SMP PREEMPT_DYNAMIC Thu Jun  5 18:30:46 UTC 2025 x86_64",
		"timestamp":	{
			"time":	"Mon, 06 Apr 2026 04:33:19 UTC",
			"timesecs":	1775449999
		},
		"connecting_to":	{
			"host":	"192.168.8.2",
			"port":	5203
		},
		"cookie":	"d2u334nca3yjru7qvao65rve5z4qoqwns7pq",
		"tcp_mss_default":	9448,
		"target_bitrate":	20000000,
		"fq_rate":	0,
		"sock_bufsize":	0,
		"sndbuf_actual":	16384,
		"rcvbuf_actual":	131072,
		"test_start":	{
			"protocol":	"TCP",
			"num_streams":	1,
			"blksize":	131072,
			"omit":	0,
			"duration":	3,
			"bytes":	0,
			"blocks":	0,
			"reverse":	0,
			"tos":	0,
			"target_bitrate":	20000000,
			"bidir":	0,
			"fqrate":	0,
			"interval":	1
		}
	},
	"intervals":	[{
			"streams":	[{
					"socket":	5,
					"start":	0,
					"end":	1.001101,
					"seconds":	1.001101016998291,
					"bytes":	2621440,
					"bits_per_second":	20948455.394522689,
					"retransmits":	0,
					"snd_cwnd":	207856,
					"snd_wnd":	-1,
					"rtt":	175,
					"rttvar":	109,
					"pmtu":	9500,
					"omitted":	false,
					"sender":	true
				}],
			"sum":	{
				"start":	0,
				"end":	1.001101,
				"seconds":	1.001101016998291,
				"bytes":	2621440,
				"bits_per_second":	20948455.394522689,
				"retransmits":	0,
				"omitted":	false,
				"sender":	true
			}
		}, {
			"streams":	[{
					"socket":	5,
					"start":	1.001101,
					"end":	2.000125,
					"seconds":	0.999023973941803,
					"bytes":	2490368,
					"bits_per_second":	19942408.310173936,
					"retransmits":	0,
					"snd_cwnd":	207856,
					"snd_wnd":	-1,
					"rtt":	186,
					"rttvar":	129,
					"pmtu":	9500,
					"omitted":	false,
					"sender":	true
				}],
			"sum":	{
				"start":	1.001101,
				"end":	2.000125,
				"seconds":	0.999023973941803,
				"bytes":	2490368,
				"bits_per_second":	19942408.310173936,
				"retransmits":	0,
				"omitted":	false,
				"sender":	true
			}
		}, {
			"streams":	[{
					"socket":	5,
					"start":	2.000125,
					"end":	3.001321,
					"seconds":	1.001196026802063,
					"bytes":	2490368,
					"bits_per_second":	19899144.090329852,
					"retransmits":	0,
					"snd_cwnd":	207856,
					"snd_wnd":	-1,
					"rtt":	353,
					"rttvar":	308,
					"pmtu":	9500,
					"omitted":	false,
					"sender":	true
				}],
			"sum":	{
				"start":	2.000125,
				"end":	3.001321,
				"seconds":	1.001196026802063,
				"bytes":	2490368,
				"bits_per_second":	19899144.090329852,
				"retransmits":	0,
				"omitted":	false,
				"sender":	true
			}
		}],
	"end":	{
		"streams":	[{
				"sender":	{
					"socket":	5,
					"start":	0,
					"end":	3.001321,
					"seconds":	3.001321,
					"bytes":	7602176,
					"bits_per_second":	20263546.618305739,
					"retransmits":	0,
					"max_snd_cwnd":	207856,
					"max_snd_wnd":	0,
					"max_rtt":	353,
					"min_rtt":	175,
					"mean_rtt":	238,
					"sender":	true
				},
				"receiver":	{
					"socket":	5,
					"start":	0,
					"end":	3.001545,
					"seconds":	3.001321,
					"bytes":	7602176,
					"bits_per_second":	20262034.385624737,
					"sender":	true
				}
			}],
		"sum_sent":	{
			"start":	0,
			"end":	3.001321,
			"seconds":	3.001321,
			"bytes":	7602176,
			"bits_per_second":	20263546.618305739,
			"retransmits":	0,
			"sender":	true
		},
		"sum_received":	{
			"start":	0,
			"end":	3.001545,
			"seconds":	3.001545,
			"bytes":	7602176,
			"bits_per_second":	20262034.385624737,
			"sender":	true
		},
		"cpu_utilization_percent":	{
			"host_total":	0.88982544207341951,
			"host_user":	0,
			"host_system":	0.88985874766319661,
			"remote_total":	0.41024923457234336,
			"remote_user":	0.12403426184122415,
			"remote_system":	0.28621497273111918
		},
		"sender_tcp_congestion":	"cubic",
		"receiver_tcp_congestion":	"cubic"
	}
}
