{
	"start":	{
		"connected":	[{
				"socket":	5,
				"local_host":	"192.168.1.2",
				"local_port":	54884,
				"remote_host":	"192.168.8.2",
				"remote_port":	5202
			}],
		"version":	"iperf 3.19.1",
		"system_info":	"Linux h1 6.6.87.2-microsoft-standard-WSL2 #1 SMP PREEMPT_DYNAMIC Thu Jun  5 18:30:46 UTC 2025 x86_64",
		"timestamp":	{
			"time":	"Mon, 06 Apr 2026 04:16:20 UTC",
			"timesecs":	1775448980
		},
		"connecting_to":	{
			"host":	"192.168.8.2",
			"port":	5202
		},
		"cookie":	"xg2kczlq4qo2tdlgc2npwe2lhdpauxfe2fax",
		"tcp_mss_default":	9448,
		"target_bitrate":	20000000,
		"fq_rate":	0,
		"sock_bufsize":	0,
		"sndbuf_actual":	16384,
		"rcvbuf_actual":	131072,
		"test_start":	{
			"protocol":	"TCP",
			"num_streams":	1,
			"blksize":	131072,
			"omit":	0,
			"duration":	3,
			"bytes":	0,
			"blocks":	0,
			"reverse":	0,
			"tos":	0,
			"target_bitrate":	20000000,
			"bidir":	0,
			"fqrate":	0,
			"interval":	1
		}
	},
	"intervals":	[{
			"streams":	[{
					"socket":	5,
					"start":	0,
					"end":	1.000807,
					"seconds":	1.0008070468902588,
					"bytes":	2621440,
					"bits_per_second":	20954608.648253836,
					"retransmits":	0,
					"snd_cwnd":	264544,
					"snd_wnd":	-1,
					"rtt":	272,
					"rttvar":	214,
					"pmtu":	9500,
					"omitted":	false,
					"sender":	true
				}],
			"sum":	{
				"start":	0,
				"end":	1.000807,
				"seconds":	1.0008070468902588,
				"bytes":	2621440,
				"bits_per_second":	20954608.648253836,
				"retransmits":	0,
				"omitted":	false,
				"sender":	true
			}
		}, {
			"streams":	[{
					"socket":	5,
					"start":	1.000807,
					"end":	2.001272,
					"seconds":	1.0004650354385376,
					"bytes":	2490368,
					"bits_per_second":	19913683.431492537,
					"retransmits":	0,
					"snd_cwnd":	264544,
					"snd_wnd":	-1,
					"rtt":	632,
					"rttvar":	629,
					"pmtu":	9500,
					"omitted":	false,
					"sender":	true
				}],
			"sum":	{
				"start":	1.000807,
				"end":	2.001272,
				"seconds":	1.0004650354385376,
				"bytes":	2490368,
				"bits_per_second":	19913683.431492537,
				"retransmits":	0,
				"omitted":	false,
				"sender":	true
			}
		}, {
			"streams":	[{
					"socket":	5,
					"start":	2.001272,
					"end":	3.000957,
					"seconds":	0.999684989452362,
					"bytes":	2490368,
					"bits_per_second":	19929221.915109478,
					"retransmits":	0,
					"snd_cwnd":	264544,
					"snd_wnd":	-1,
					"rtt":	240,
					"rttvar":	113,
					"pmtu":	9500,
					"omitted":	false,
					"sender":	true
				}],
			"sum":	{
				"start":	2.001272,
				"end":	3.000957,
				"seconds":	0.999684989452362,
				"bytes":	2490368,
				"bits_per_second":	19929221.915109478,
				"retransmits":	0,
				"omitted":	false,
				"sender":	true
			}
		}],
	"end":	{
		"streams":	[{
				"sender":	{
					"socket":	5,
					"start":	0,
					"end":	3.000957,
					"seconds":	3.000957,
					"bytes":	7602176,
					"bits_per_second":	20266004.477904882,
					"retransmits":	0,
					"max_snd_cwnd":	264544,
					"max_snd_wnd":	0,
					"max_rtt":	632,
					"min_rtt":	240,
					"mean_rtt":	381,
					"sender":	true
				},
				"receiver":	{
					"socket":	5,
					"start":	0,
					"end":	3.001202,
					"seconds":	3.000957,
					"bytes":	7602176,
					"bits_per_second":	20264350.083733115,
					"sender":	true
				}
			}],
		"sum_sent":	{
			"start":	0,
			"end":	3.000957,
			"seconds":	3.000957,
			"bytes":	7602176,
			"bits_per_second":	20266004.477904882,
			"retransmits":	0,
			"sender":	true
		},
		"sum_received":	{
			"start":	0,
			"end":	3.001202,
			"seconds":	3.001202,
			"bytes":	7602176,
			"bits_per_second":	20264350.083733115,
			"sender":	true
		},
		"cpu_utilization_percent":	{
			"host_total":	1.1921122279518692,
			"host_user":	0.0089264361736498266,
			"host_system":	1.1833523297665338,
			"remote_total":	0.4636091475675847,
			"remote_user":	0,
			"remote_system":	0.46357582795082691
		},
		"sender_tcp_congestion":	"cubic",
		"receiver_tcp_congestion":	"cubic"
	}
}
