{
	"start":	{
		"connected":	[{
				"socket":	5,
				"local_host":	"192.168.1.2",
				"local_port":	41574,
				"remote_host":	"192.168.8.2",
				"remote_port":	5202
			}],
		"version":	"iperf 3.19.1",
		"system_info":	"Linux h1 6.6.87.2-microsoft-standard-WSL2 #1 SMP PREEMPT_DYNAMIC Thu Jun  5 18:30:46 UTC 2025 x86_64",
		"timestamp":	{
			"time":	"Mon, 06 Apr 2026 04:13:41 UTC",
			"timesecs":	1775448821
		},
		"connecting_to":	{
			"host":	"192.168.8.2",
			"port":	5202
		},
		"cookie":	"wsixhlsuh7ymbtdtxcs3fjiojqc6y43g2hhr",
		"tcp_mss_default":	9448,
		"target_bitrate":	20000000,
		"fq_rate":	0,
		"sock_bufsize":	0,
		"sndbuf_actual":	16384,
		"rcvbuf_actual":	131072,
		"test_start":	{
			"protocol":	"TCP",
			"num_streams":	1,
			"blksize":	131072,
			"omit":	0,
			"duration":	3,
			"bytes":	0,
			"blocks":	0,
			"reverse":	0,
			"tos":	0,
			"target_bitrate":	20000000,
			"bidir":	0,
			"fqrate":	0,
			"interval":	1
		}
	},
	"intervals":	[{
			"streams":	[{
					"socket":	5,
					"start":	0,
					"end":	1.001102,
					"seconds":	1.0011019706726074,
					"bytes":	2621440,
					"bits_per_second":	20948435.438509751,
					"retransmits":	0,
					"snd_cwnd":	264544,
					"snd_wnd":	-1,
					"rtt":	252,
					"rttvar":	221,
					"pmtu":	9500,
					"omitted":	false,
					"sender":	true
				}],
			"sum":	{
				"start":	0,
				"end":	1.001102,
				"seconds":	1.0011019706726074,
				"bytes":	2621440,
				"bits_per_second":	20948435.438509751,
				"retransmits":	0,
				"omitted":	false,
				"sender":	true
			}
		}, {
			"streams":	[{
					"socket":	5,
					"start":	1.001102,
					"end":	2.001055,
					"seconds":	0.99995297193527222,
					"bytes":	2490368,
					"bits_per_second":	19923880.981564429,
					"retransmits":	0,
					"snd_cwnd":	264544,
					"snd_wnd":	-1,
					"rtt":	326,
					"rttvar":	270,
					"pmtu":	9500,
					"omitted":	false,
					"sender":	true
				}],
			"sum":	{
				"start":	1.001102,
				"end":	2.001055,
				"seconds":	0.99995297193527222,
				"bytes":	2490368,
				"bits_per_second":	19923880.981564429,
				"retransmits":	0,
				"omitted":	false,
				"sender":	true
			}
		}, {
			"streams":	[{
					"socket":	5,
					"start":	2.001055,
					"end":	3.001212,
					"seconds":	1.0001569986343384,
					"bytes":	2490368,
					"bits_per_second":	19919816.61599502,
					"retransmits":	0,
					"snd_cwnd":	264544,
					"snd_wnd":	-1,
					"rtt":	261,
					"rttvar":	175,
					"pmtu":	9500,
					"omitted":	false,
					"sender":	true
				}],
			"sum":	{
				"start":	2.001055,
				"end":	3.001212,
				"seconds":	1.0001569986343384,
				"bytes":	2490368,
				"bits_per_second":	19919816.61599502,
				"retransmits":	0,
				"omitted":	false,
				"sender":	true
			}
		}],
	"end":	{
		"streams":	[{
				"sender":	{
					"socket":	5,
					"start":	0,
					"end":	3.001212,
					"seconds":	3.001212,
					"bytes":	7602176,
					"bits_per_second":	20264282.563177809,
					"retransmits":	0,
					"max_snd_cwnd":	264544,
					"max_snd_wnd":	0,
					"max_rtt":	326,
					"min_rtt":	252,
					"mean_rtt":	279,
					"sender":	true
				},
				"receiver":	{
					"socket":	5,
					"start":	0,
					"end":	3.001497,
					"seconds":	3.001212,
					"bytes":	7602176,
					"bits_per_second":	20262358.416483507,
					"sender":	true
				}
			}],
		"sum_sent":	{
			"start":	0,
			"end":	3.001212,
			"seconds":	3.001212,
			"bytes":	7602176,
			"bits_per_second":	20264282.563177809,
			"retransmits":	0,
			"sender":	true
		},
		"sum_received":	{
			"start":	0,
			"end":	3.001497,
			"seconds":	3.001497,
			"bytes":	7602176,
			"bits_per_second":	20262358.416483507,
			"sender":	true
		},
		"cpu_utilization_percent":	{
			"host_total":	1.1856798088474643,
			"host_user":	0.025538948394675645,
			"host_system":	1.1601075632580107,
			"remote_total":	0.43423854668347567,
			"remote_user":	0.0063300079691468751,
			"remote_system":	0.42784190705149561
		},
		"sender_tcp_congestion":	"cubic",
		"receiver_tcp_congestion":	"cubic"
	}
}
