{
	"start":	{
		"connected":	[{
				"socket":	5,
				"local_host":	"192.168.1.2",
				"local_port":	39110,
				"remote_host":	"192.168.8.2",
				"remote_port":	5203
			}],
		"version":	"iperf 3.19.1",
		"system_info":	"Linux h1 6.6.87.2-microsoft-standard-WSL2 #1 SMP PREEMPT_DYNAMIC Thu Jun  5 18:30:46 UTC 2025 x86_64",
		"timestamp":	{
			"time":	"Mon, 06 Apr 2026 04:13:12 UTC",
			"timesecs":	1775448792
		},
		"connecting_to":	{
			"host":	"192.168.8.2",
			"port":	5203
		},
		"cookie":	"nuon7cy6h3jaubqv35kpnkqkh7cpi6464zsx",
		"tcp_mss_default":	9448,
		"target_bitrate":	20000000,
		"fq_rate":	0,
		"sock_bufsize":	0,
		"sndbuf_actual":	16384,
		"rcvbuf_actual":	131072,
		"test_start":	{
			"protocol":	"TCP",
			"num_streams":	1,
			"blksize":	131072,
			"omit":	0,
			"duration":	3,
			"bytes":	0,
			"blocks":	0,
			"reverse":	0,
			"tos":	0,
			"target_bitrate":	20000000,
			"bidir":	0,
			"fqrate":	0,
			"interval":	1
		}
	},
	"intervals":	[{
			"streams":	[{
					"socket":	5,
					"start":	0,
					"end":	1.001192,
					"seconds":	1.0011919736862183,
					"bytes":	2621440,
					"bits_per_second":	20946552.260888025,
					"retransmits":	0,
					"snd_cwnd":	359024,
					"snd_wnd":	-1,
					"rtt":	276,
					"rttvar":	176,
					"pmtu":	9500,
					"omitted":	false,
					"sender":	true
				}],
			"sum":	{
				"start":	0,
				"end":	1.001192,
				"seconds":	1.0011919736862183,
				"bytes":	2621440,
				"bits_per_second":	20946552.260888025,
				"retransmits":	0,
				"omitted":	false,
				"sender":	true
			}
		}, {
			"streams":	[{
					"socket":	5,
					"start":	1.001192,
					"end":	2.001159,
					"seconds":	0.99996697902679443,
					"bytes":	2490368,
					"bits_per_second":	19923601.896724392,
					"retransmits":	0,
					"snd_cwnd":	359024,
					"snd_wnd":	-1,
					"rtt":	222,
					"rttvar":	133,
					"pmtu":	9500,
					"omitted":	false,
					"sender":	true
				}],
			"sum":	{
				"start":	1.001192,
				"end":	2.001159,
				"seconds":	0.99996697902679443,
				"bytes":	2490368,
				"bits_per_second":	19923601.896724392,
				"retransmits":	0,
				"omitted":	false,
				"sender":	true
			}
		}, {
			"streams":	[{
					"socket":	5,
					"start":	2.001159,
					"end":	3.000697,
					"seconds":	0.999538004398346,
					"bytes":	2490368,
					"bits_per_second":	19932152.566817366,
					"retransmits":	0,
					"snd_cwnd":	359024,
					"snd_wnd":	-1,
					"rtt":	252,
					"rttvar":	145,
					"pmtu":	9500,
					"omitted":	false,
					"sender":	true
				}],
			"sum":	{
				"start":	2.001159,
				"end":	3.000697,
				"seconds":	0.999538004398346,
				"bytes":	2490368,
				"bits_per_second":	19932152.566817366,
				"retransmits":	0,
				"omitted":	false,
				"sender":	true
			}
		}],
	"end":	{
		"streams":	[{
				"sender":	{
					"socket":	5,
					"start":	0,
					"end":	3.000697,
					"seconds":	3.000697,
					"bytes":	7602176,
					"bits_per_second":	20267760.456987157,
					"retransmits":	0,
					"max_snd_cwnd":	359024,
					"max_snd_wnd":	0,
					"max_rtt":	276,
					"min_rtt":	222,
					"mean_rtt":	250,
					"sender":	true
				},
				"receiver":	{
					"socket":	5,
					"start":	0,
					"end":	3.001289,
					"seconds":	3.000697,
					"bytes":	7602176,
					"bits_per_second":	20263762.6699728,
					"sender":	true
				}
			}],
		"sum_sent":	{
			"start":	0,
			"end":	3.000697,
			"seconds":	3.000697,
			"bytes":	7602176,
			"bits_per_second":	20267760.456987157,
			"retransmits":	0,
			"sender":	true
		},
		"sum_received":	{
			"start":	0,
			"end":	3.001289,
			"seconds":	3.001289,
			"bytes":	7602176,
			"bits_per_second":	20263762.6699728,
			"sender":	true
		},
		"cpu_utilization_percent":	{
			"host_total":	1.0733639120401908,
			"host_user":	0.0210535362778747,
			"host_system":	1.0525102511067264,
			"remote_total":	0.41055063829929012,
			"remote_user":	0.0077632120373100641,
			"remote_system":	0.40288738178177375
		},
		"sender_tcp_congestion":	"cubic",
		"receiver_tcp_congestion":	"cubic"
	}
}
