{
	"start":	{
		"connected":	[{
				"socket":	5,
				"local_host":	"192.168.1.2",
				"local_port":	37792,
				"remote_host":	"192.168.8.2",
				"remote_port":	5202
			}],
		"version":	"iperf 3.19.1",
		"system_info":	"Linux h1 6.6.87.2-microsoft-standard-WSL2 #1 SMP PREEMPT_DYNAMIC Thu Jun  5 18:30:46 UTC 2025 x86_64",
		"timestamp":	{
			"time":	"Mon, 06 Apr 2026 04:13:11 UTC",
			"timesecs":	1775448791
		},
		"connecting_to":	{
			"host":	"192.168.8.2",
			"port":	5202
		},
		"cookie":	"htnd5hslhakwy7rv2uifjudau6s6sb43kqeu",
		"tcp_mss_default":	9448,
		"target_bitrate":	20000000,
		"fq_rate":	0,
		"sock_bufsize":	0,
		"sndbuf_actual":	16384,
		"rcvbuf_actual":	131072,
		"test_start":	{
			"protocol":	"TCP",
			"num_streams":	1,
			"blksize":	131072,
			"omit":	0,
			"duration":	3,
			"bytes":	0,
			"blocks":	0,
			"reverse":	0,
			"tos":	0,
			"target_bitrate":	20000000,
			"bidir":	0,
			"fqrate":	0,
			"interval":	1
		}
	},
	"intervals":	[{
			"streams":	[{
					"socket":	5,
					"start":	0,
					"end":	1.000173,
					"seconds":	1.0001729726791382,
					"bytes":	2621440,
					"bits_per_second":	20967893.12734988,
					"retransmits":	0,
					"snd_cwnd":	198408,
					"snd_wnd":	-1,
					"rtt":	251,
					"rttvar":	144,
					"pmtu":	9500,
					"omitted":	false,
					"sender":	true
				}],
			"sum":	{
				"start":	0,
				"end":	1.000173,
				"seconds":	1.0001729726791382,
				"bytes":	2621440,
				"bits_per_second":	20967893.12734988,
				"retransmits":	0,
				"omitted":	false,
				"sender":	true
			}
		}, {
			"streams":	[{
					"socket":	5,
					"start":	1.000173,
					"end":	2.000119,
					"seconds":	0.9999459981918335,
					"bytes":	2490368,
					"bits_per_second":	19924019.933102332,
					"retransmits":	0,
					"snd_cwnd":	198408,
					"snd_wnd":	-1,
					"rtt":	215,
					"rttvar":	94,
					"pmtu":	9500,
					"omitted":	false,
					"sender":	true
				}],
			"sum":	{
				"start":	1.000173,
				"end":	2.000119,
				"seconds":	0.9999459981918335,
				"bytes":	2490368,
				"bits_per_second":	19924019.933102332,
				"retransmits":	0,
				"omitted":	false,
				"sender":	true
			}
		}, {
			"streams":	[{
					"socket":	5,
					"start":	2.000119,
					"end":	3.000602,
					"seconds":	1.00048303604126,
					"bytes":	2490368,
					"bits_per_second":	19913325.146253034,
					"retransmits":	0,
					"snd_cwnd":	198408,
					"snd_wnd":	-1,
					"rtt":	328,
					"rttvar":	250,
					"pmtu":	9500,
					"omitted":	false,
					"sender":	true
				}],
			"sum":	{
				"start":	2.000119,
				"end":	3.000602,
				"seconds":	1.00048303604126,
				"bytes":	2490368,
				"bits_per_second":	19913325.146253034,
				"retransmits":	0,
				"omitted":	false,
				"sender":	true
			}
		}],
	"end":	{
		"streams":	[{
				"sender":	{
					"socket":	5,
					"start":	0,
					"end":	3.000602,
					"seconds":	3.000602,
					"bytes":	7602176,
					"bits_per_second":	20268402.140637111,
					"retransmits":	0,
					"max_snd_cwnd":	198408,
					"max_snd_wnd":	0,
					"max_rtt":	328,
					"min_rtt":	215,
					"mean_rtt":	264,
					"sender":	true
				},
				"receiver":	{
					"socket":	5,
					"start":	0,
					"end":	3.000893,
					"seconds":	3.000602,
					"bytes":	7602176,
					"bits_per_second":	20266436.690678407,
					"sender":	true
				}
			}],
		"sum_sent":	{
			"start":	0,
			"end":	3.000602,
			"seconds":	3.000602,
			"bytes":	7602176,
			"bits_per_second":	20268402.140637111,
			"retransmits":	0,
			"sender":	true
		},
		"sum_received":	{
			"start":	0,
			"end":	3.000893,
			"seconds":	3.000893,
			"bytes":	7602176,
			"bits_per_second":	20266436.690678407,
			"sender":	true
		},
		"cpu_utilization_percent":	{
			"host_total":	1.3678900891586683,
			"host_user":	0.051194289155470758,
			"host_system":	1.3167291079336827,
			"remote_total":	0.44275728456860736,
			"remote_user":	0,
			"remote_system":	0.44365699456208618
		},
		"sender_tcp_congestion":	"cubic",
		"receiver_tcp_congestion":	"cubic"
	}
}
