{
	"start":	{
		"connected":	[{
				"socket":	5,
				"local_host":	"192.168.1.2",
				"local_port":	41868,
				"remote_host":	"192.168.8.2",
				"remote_port":	5204
			}],
		"version":	"iperf 3.19.1",
		"system_info":	"Linux h1 6.6.87.2-microsoft-standard-WSL2 #1 SMP PREEMPT_DYNAMIC Thu Jun  5 18:30:46 UTC 2025 x86_64",
		"timestamp":	{
			"time":	"Mon, 06 Apr 2026 04:12:25 UTC",
			"timesecs":	1775448745
		},
		"connecting_to":	{
			"host":	"192.168.8.2",
			"port":	5204
		},
		"cookie":	"24u3zeptrcehtdg4zv2r672z75bo6kafcbjg",
		"tcp_mss_default":	9448,
		"target_bitrate":	20000000,
		"fq_rate":	0,
		"sock_bufsize":	0,
		"sndbuf_actual":	16384,
		"rcvbuf_actual":	131072,
		"test_start":	{
			"protocol":	"TCP",
			"num_streams":	1,
			"blksize":	131072,
			"omit":	0,
			"duration":	3,
			"bytes":	0,
			"blocks":	0,
			"reverse":	0,
			"tos":	0,
			"target_bitrate":	20000000,
			"bidir":	0,
			"fqrate":	0,
			"interval":	1
		}
	},
	"intervals":	[{
			"streams":	[{
					"socket":	5,
					"start":	0,
					"end":	1.0012,
					"seconds":	1.0011999607086182,
					"bytes":	2621440,
					"bits_per_second":	20946385.160819434,
					"retransmits":	0,
					"snd_cwnd":	330680,
					"snd_wnd":	-1,
					"rtt":	370,
					"rttvar":	305,
					"pmtu":	9500,
					"omitted":	false,
					"sender":	true
				}],
			"sum":	{
				"start":	0,
				"end":	1.0012,
				"seconds":	1.0011999607086182,
				"bytes":	2621440,
				"bits_per_second":	20946385.160819434,
				"retransmits":	0,
				"omitted":	false,
				"sender":	true
			}
		}, {
			"streams":	[{
					"socket":	5,
					"start":	1.0012,
					"end":	2.001648,
					"seconds":	1.0004479885101318,
					"bytes":	2490368,
					"bits_per_second":	19914022.746619012,
					"retransmits":	0,
					"snd_cwnd":	330680,
					"snd_wnd":	-1,
					"rtt":	303,
					"rttvar":	163,
					"pmtu":	9500,
					"omitted":	false,
					"sender":	true
				}],
			"sum":	{
				"start":	1.0012,
				"end":	2.001648,
				"seconds":	1.0004479885101318,
				"bytes":	2490368,
				"bits_per_second":	19914022.746619012,
				"retransmits":	0,
				"omitted":	false,
				"sender":	true
			}
		}, {
			"streams":	[{
					"socket":	5,
					"start":	2.001648,
					"end":	3.001279,
					"seconds":	0.99963098764419556,
					"bytes":	2490368,
					"bits_per_second":	19930298.526411116,
					"retransmits":	0,
					"snd_cwnd":	330680,
					"snd_wnd":	-1,
					"rtt":	397,
					"rttvar":	182,
					"pmtu":	9500,
					"omitted":	false,
					"sender":	true
				}],
			"sum":	{
				"start":	2.001648,
				"end":	3.001279,
				"seconds":	0.99963098764419556,
				"bytes":	2490368,
				"bits_per_second":	19930298.526411116,
				"retransmits":	0,
				"omitted":	false,
				"sender":	true
			}
		}],
	"end":	{
		"streams":	[{
				"sender":	{
					"socket":	5,
					"start":	0,
					"end":	3.001279,
					"seconds":	3.001279,
					"bytes":	7602176,
					"bits_per_second":	20263830.187063582,
					"retransmits":	0,
					"max_snd_cwnd":	330680,
					"max_snd_wnd":	0,
					"max_rtt":	397,
					"min_rtt":	303,
					"mean_rtt":	356,
					"sender":	true
				},
				"receiver":	{
					"socket":	5,
					"start":	0,
					"end":	3.001453,
					"seconds":	3.001279,
					"bytes":	7602176,
					"bits_per_second":	20262655.453875173,
					"sender":	true
				}
			}],
		"sum_sent":	{
			"start":	0,
			"end":	3.001279,
			"seconds":	3.001279,
			"bytes":	7602176,
			"bits_per_second":	20263830.187063582,
			"retransmits":	0,
			"sender":	true
		},
		"sum_received":	{
			"start":	0,
			"end":	3.001453,
			"seconds":	3.001453,
			"bytes":	7602176,
			"bits_per_second":	20262655.453875173,
			"sender":	true
		},
		"cpu_utilization_percent":	{
			"host_total":	1.3813993054699736,
			"host_user":	0.12886709535765364,
			"host_system":	1.2525655177099828,
			"remote_total":	0.57194621633273424,
			"remote_user":	0.27219669059465479,
			"remote_system":	0.2997495257380795
		},
		"sender_tcp_congestion":	"cubic",
		"receiver_tcp_congestion":	"cubic"
	}
}
