{
	"start":	{
		"connected":	[{
				"socket":	5,
				"local_host":	"192.168.1.2",
				"local_port":	40112,
				"remote_host":	"192.168.8.2",
				"remote_port":	5202
			}],
		"version":	"iperf 3.19.1",
		"system_info":	"Linux h1 6.6.87.2-microsoft-standard-WSL2 #1 SMP PREEMPT_DYNAMIC Thu Jun  5 18:30:46 UTC 2025 x86_64",
		"timestamp":	{
			"time":	"Mon, 06 Apr 2026 04:30:31 UTC",
			"timesecs":	1775449831
		},
		"connecting_to":	{
			"host":	"192.168.8.2",
			"port":	5202
		},
		"cookie":	"fegpvkt4drt4mmqvq24qx6ejgckwnpzxhhx3",
		"tcp_mss_default":	9448,
		"target_bitrate":	20000000,
		"fq_rate":	0,
		"sock_bufsize":	0,
		"sndbuf_actual":	16384,
		"rcvbuf_actual":	131072,
		"test_start":	{
			"protocol":	"TCP",
			"num_streams":	1,
			"blksize":	131072,
			"omit":	0,
			"duration":	3,
			"bytes":	0,
			"blocks":	0,
			"reverse":	0,
			"tos":	0,
			"target_bitrate":	20000000,
			"bidir":	0,
			"fqrate":	0,
			"interval":	1
		}
	},
	"intervals":	[{
			"streams":	[{
					"socket":	5,
					"start":	0,
					"end":	1.000536,
					"seconds":	1.00053596496582,
					"bytes":	2621440,
					"bits_per_second":	20960286.021019161,
					"retransmits":	0,
					"snd_cwnd":	264544,
					"snd_wnd":	-1,
					"rtt":	183,
					"rttvar":	77,
					"pmtu":	9500,
					"omitted":	false,
					"sender":	true
				}],
			"sum":	{
				"start":	0,
				"end":	1.000536,
				"seconds":	1.00053596496582,
				"bytes":	2621440,
				"bits_per_second":	20960286.021019161,
				"retransmits":	0,
				"omitted":	false,
				"sender":	true
			}
		}, {
			"streams":	[{
					"socket":	5,
					"start":	1.000536,
					"end":	2.000431,
					"seconds":	0.99989497661590576,
					"bytes":	2490368,
					"bits_per_second":	19925036.594771385,
					"retransmits":	0,
					"snd_cwnd":	264544,
					"snd_wnd":	-1,
					"rtt":	503,
					"rttvar":	363,
					"pmtu":	9500,
					"omitted":	false,
					"sender":	true
				}],
			"sum":	{
				"start":	1.000536,
				"end":	2.000431,
				"seconds":	0.99989497661590576,
				"bytes":	2490368,
				"bits_per_second":	19925036.594771385,
				"retransmits":	0,
				"omitted":	false,
				"sender":	true
			}
		}, {
			"streams":	[{
					"socket":	5,
					"start":	2.000431,
					"end":	3.001816,
					"seconds":	1.001384973526001,
					"bytes":	2490368,
					"bits_per_second":	19895389.412374381,
					"retransmits":	0,
					"snd_cwnd":	264544,
					"snd_wnd":	-1,
					"rtt":	344,
					"rttvar":	176,
					"pmtu":	9500,
					"omitted":	false,
					"sender":	true
				}],
			"sum":	{
				"start":	2.000431,
				"end":	3.001816,
				"seconds":	1.001384973526001,
				"bytes":	2490368,
				"bits_per_second":	19895389.412374381,
				"retransmits":	0,
				"omitted":	false,
				"sender":	true
			}
		}],
	"end":	{
		"streams":	[{
				"sender":	{
					"socket":	5,
					"start":	0,
					"end":	3.001816,
					"seconds":	3.001816,
					"bytes":	7602176,
					"bits_per_second":	20260205.155812349,
					"retransmits":	0,
					"max_snd_cwnd":	264544,
					"max_snd_wnd":	0,
					"max_rtt":	503,
					"min_rtt":	183,
					"mean_rtt":	343,
					"sender":	true
				},
				"receiver":	{
					"socket":	5,
					"start":	0,
					"end":	3.002171,
					"seconds":	3.001816,
					"bytes":	7602176,
					"bits_per_second":	20257809.431907777,
					"sender":	true
				}
			}],
		"sum_sent":	{
			"start":	0,
			"end":	3.001816,
			"seconds":	3.001816,
			"bytes":	7602176,
			"bits_per_second":	20260205.155812349,
			"retransmits":	0,
			"sender":	true
		},
		"sum_received":	{
			"start":	0,
			"end":	3.002171,
			"seconds":	3.002171,
			"bytes":	7602176,
			"bits_per_second":	20257809.431907777,
			"sender":	true
		},
		"cpu_utilization_percent":	{
			"host_total":	1.4123048399427807,
			"host_user":	0.12426844114364259,
			"host_system":	1.2891019374155894,
			"remote_total":	0.46268847618908043,
			"remote_user":	0.10702023425207079,
			"remote_system":	0.355768167459187
		},
		"sender_tcp_congestion":	"cubic",
		"receiver_tcp_congestion":	"cubic"
	}
}
