{
	"start":	{
		"connected":	[{
				"socket":	5,
				"local_host":	"192.168.1.2",
				"local_port":	55606,
				"remote_host":	"192.168.8.2",
				"remote_port":	5202
			}],
		"version":	"iperf 3.19.1",
		"system_info":	"Linux h1 6.6.87.2-microsoft-standard-WSL2 #1 SMP PREEMPT_DYNAMIC Thu Jun  5 18:30:46 UTC 2025 x86_64",
		"timestamp":	{
			"time":	"Mon, 06 Apr 2026 04:32:39 UTC",
			"timesecs":	1775449959
		},
		"connecting_to":	{
			"host":	"192.168.8.2",
			"port":	5202
		},
		"cookie":	"t2nz7ofev6cqdd3ht34wols6zbxligbu5abx",
		"tcp_mss_default":	9448,
		"target_bitrate":	20000000,
		"fq_rate":	0,
		"sock_bufsize":	0,
		"sndbuf_actual":	16384,
		"rcvbuf_actual":	131072,
		"test_start":	{
			"protocol":	"TCP",
			"num_streams":	1,
			"blksize":	131072,
			"omit":	0,
			"duration":	3,
			"bytes":	0,
			"blocks":	0,
			"reverse":	0,
			"tos":	0,
			"target_bitrate":	20000000,
			"bidir":	0,
			"fqrate":	0,
			"interval":	1
		}
	},
	"intervals":	[{
			"streams":	[{
					"socket":	5,
					"start":	0,
					"end":	1.001067,
					"seconds":	1.001067042350769,
					"bytes":	2621440,
					"bits_per_second":	20949166.3522888,
					"retransmits":	0,
					"snd_cwnd":	207856,
					"snd_wnd":	-1,
					"rtt":	136,
					"rttvar":	59,
					"pmtu":	9500,
					"omitted":	false,
					"sender":	true
				}],
			"sum":	{
				"start":	0,
				"end":	1.001067,
				"seconds":	1.001067042350769,
				"bytes":	2621440,
				"bits_per_second":	20949166.3522888,
				"retransmits":	0,
				"omitted":	false,
				"sender":	true
			}
		}, {
			"streams":	[{
					"socket":	5,
					"start":	1.001067,
					"end":	2.000966,
					"seconds":	0.99989902973175049,
					"bytes":	2490368,
					"bits_per_second":	19924955.828134827,
					"retransmits":	0,
					"snd_cwnd":	207856,
					"snd_wnd":	-1,
					"rtt":	222,
					"rttvar":	172,
					"pmtu":	9500,
					"omitted":	false,
					"sender":	true
				}],
			"sum":	{
				"start":	1.001067,
				"end":	2.000966,
				"seconds":	0.99989902973175049,
				"bytes":	2490368,
				"bits_per_second":	19924955.828134827,
				"retransmits":	0,
				"omitted":	false,
				"sender":	true
			}
		}, {
			"streams":	[{
					"socket":	5,
					"start":	2.000966,
					"end":	3.001408,
					"seconds":	1.0004420280456543,
					"bytes":	2490368,
					"bits_per_second":	19914141.391000051,
					"retransmits":	0,
					"snd_cwnd":	207856,
					"snd_wnd":	-1,
					"rtt":	279,
					"rttvar":	159,
					"pmtu":	9500,
					"omitted":	false,
					"sender":	true
				}],
			"sum":	{
				"start":	2.000966,
				"end":	3.001408,
				"seconds":	1.0004420280456543,
				"bytes":	2490368,
				"bits_per_second":	19914141.391000051,
				"retransmits":	0,
				"omitted":	false,
				"sender":	true
			}
		}],
	"end":	{
		"streams":	[{
				"sender":	{
					"socket":	5,
					"start":	0,
					"end":	3.001408,
					"seconds":	3.001408,
					"bytes":	7602176,
					"bits_per_second":	20262959.251124807,
					"retransmits":	0,
					"max_snd_cwnd":	207856,
					"max_snd_wnd":	0,
					"max_rtt":	279,
					"min_rtt":	136,
					"mean_rtt":	212,
					"sender":	true
				},
				"receiver":	{
					"socket":	5,
					"start":	0,
					"end":	3.001849,
					"seconds":	3.001408,
					"bytes":	7602176,
					"bits_per_second":	20259982.430828467,
					"sender":	true
				}
			}],
		"sum_sent":	{
			"start":	0,
			"end":	3.001408,
			"seconds":	3.001408,
			"bytes":	7602176,
			"bits_per_second":	20262959.251124807,
			"retransmits":	0,
			"sender":	true
		},
		"sum_received":	{
			"start":	0,
			"end":	3.001849,
			"seconds":	3.001849,
			"bytes":	7602176,
			"bits_per_second":	20259982.430828467,
			"sender":	true
		},
		"cpu_utilization_percent":	{
			"host_total":	0.9875541666167128,
			"host_user":	0.14869593828635674,
			"host_system":	0.8390580437009536,
			"remote_total":	0.33835170055291541,
			"remote_user":	0.012125629516713714,
			"remote_system":	0.32635931971220949
		},
		"sender_tcp_congestion":	"cubic",
		"receiver_tcp_congestion":	"cubic"
	}
}
