{
	"start":	{
		"connected":	[{
				"socket":	5,
				"local_host":	"192.168.1.2",
				"local_port":	55878,
				"remote_host":	"192.168.8.2",
				"remote_port":	5205
			}],
		"version":	"iperf 3.19.1",
		"system_info":	"Linux h1 6.6.87.2-microsoft-standard-WSL2 #1 SMP PREEMPT_DYNAMIC Thu Jun  5 18:30:46 UTC 2025 x86_64",
		"timestamp":	{
			"time":	"Mon, 06 Apr 2026 04:12:28 UTC",
			"timesecs":	1775448748
		},
		"connecting_to":	{
			"host":	"192.168.8.2",
			"port":	5205
		},
		"cookie":	"jtufhrzcjsqrlhu4z7pqouzwmmvvbkrdbo3p",
		"tcp_mss_default":	9448,
		"target_bitrate":	20000000,
		"fq_rate":	0,
		"sock_bufsize":	0,
		"sndbuf_actual":	16384,
		"rcvbuf_actual":	131072,
		"test_start":	{
			"protocol":	"TCP",
			"num_streams":	1,
			"blksize":	131072,
			"omit":	0,
			"duration":	3,
			"bytes":	0,
			"blocks":	0,
			"reverse":	0,
			"tos":	0,
			"target_bitrate":	20000000,
			"bidir":	0,
			"fqrate":	0,
			"interval":	1
		}
	},
	"intervals":	[{
			"streams":	[{
					"socket":	5,
					"start":	0,
					"end":	1.001241,
					"seconds":	1.0012409687042236,
					"bytes":	2621440,
					"bits_per_second":	20945527.256181616,
					"retransmits":	0,
					"snd_cwnd":	198408,
					"snd_wnd":	-1,
					"rtt":	244,
					"rttvar":	174,
					"pmtu":	9500,
					"omitted":	false,
					"sender":	true
				}],
			"sum":	{
				"start":	0,
				"end":	1.001241,
				"seconds":	1.0012409687042236,
				"bytes":	2621440,
				"bits_per_second":	20945527.256181616,
				"retransmits":	0,
				"omitted":	false,
				"sender":	true
			}
		}, {
			"streams":	[{
					"socket":	5,
					"start":	1.001241,
					"end":	2.000281,
					"seconds":	0.99904000759124756,
					"bytes":	2490368,
					"bits_per_second":	19942088.253337875,
					"retransmits":	0,
					"snd_cwnd":	198408,
					"snd_wnd":	-1,
					"rtt":	297,
					"rttvar":	218,
					"pmtu":	9500,
					"omitted":	false,
					"sender":	true
				}],
			"sum":	{
				"start":	1.001241,
				"end":	2.000281,
				"seconds":	0.99904000759124756,
				"bytes":	2490368,
				"bits_per_second":	19942088.253337875,
				"retransmits":	0,
				"omitted":	false,
				"sender":	true
			}
		}, {
			"streams":	[{
					"socket":	5,
					"start":	2.000281,
					"end":	3.001338,
					"seconds":	1.0010570287704468,
					"bytes":	2490368,
					"bits_per_second":	19901907.111596283,
					"retransmits":	0,
					"snd_cwnd":	198408,
					"snd_wnd":	-1,
					"rtt":	186,
					"rttvar":	70,
					"pmtu":	9500,
					"omitted":	false,
					"sender":	true
				}],
			"sum":	{
				"start":	2.000281,
				"end":	3.001338,
				"seconds":	1.0010570287704468,
				"bytes":	2490368,
				"bits_per_second":	19901907.111596283,
				"retransmits":	0,
				"omitted":	false,
				"sender":	true
			}
		}],
	"end":	{
		"streams":	[{
				"sender":	{
					"socket":	5,
					"start":	0,
					"end":	3.001338,
					"seconds":	3.001338,
					"bytes":	7602176,
					"bits_per_second":	20263431.842731476,
					"retransmits":	0,
					"max_snd_cwnd":	198408,
					"max_snd_wnd":	0,
					"max_rtt":	297,
					"min_rtt":	186,
					"mean_rtt":	242,
					"sender":	true
				},
				"receiver":	{
					"socket":	5,
					"start":	0,
					"end":	3.001469,
					"seconds":	3.001338,
					"bytes":	7602176,
					"bits_per_second":	20262547.439270571,
					"sender":	true
				}
			}],
		"sum_sent":	{
			"start":	0,
			"end":	3.001338,
			"seconds":	3.001338,
			"bytes":	7602176,
			"bits_per_second":	20263431.842731476,
			"retransmits":	0,
			"sender":	true
		},
		"sum_received":	{
			"start":	0,
			"end":	3.001469,
			"seconds":	3.001469,
			"bytes":	7602176,
			"bits_per_second":	20262547.439270571,
			"sender":	true
		},
		"cpu_utilization_percent":	{
			"host_total":	1.4074905192048754,
			"host_user":	0.0044627260795384342,
			"host_system":	1.40289457742147,
			"remote_total":	0.52873492755631846,
			"remote_user":	0.10558040235828438,
			"remote_system":	0.42312120856743823
		},
		"sender_tcp_congestion":	"cubic",
		"receiver_tcp_congestion":	"cubic"
	}
}
