{
	"start":	{
		"connected":	[{
				"socket":	5,
				"local_host":	"192.168.1.2",
				"local_port":	35366,
				"remote_host":	"192.168.8.2",
				"remote_port":	5202
			}],
		"version":	"iperf 3.19.1",
		"system_info":	"Linux h1 6.6.87.2-microsoft-standard-WSL2 #1 SMP PREEMPT_DYNAMIC Thu Jun  5 18:30:46 UTC 2025 x86_64",
		"timestamp":	{
			"time":	"Mon, 06 Apr 2026 04:25:43 UTC",
			"timesecs":	1775449543
		},
		"connecting_to":	{
			"host":	"192.168.8.2",
			"port":	5202
		},
		"cookie":	"johalit3kmm2vdly3hifrlcqo3unjhkjzwxk",
		"tcp_mss_default":	9448,
		"target_bitrate":	20000000,
		"fq_rate":	0,
		"sock_bufsize":	0,
		"sndbuf_actual":	16384,
		"rcvbuf_actual":	131072,
		"test_start":	{
			"protocol":	"TCP",
			"num_streams":	1,
			"blksize":	131072,
			"omit":	0,
			"duration":	3,
			"bytes":	0,
			"blocks":	0,
			"reverse":	0,
			"tos":	0,
			"target_bitrate":	20000000,
			"bidir":	0,
			"fqrate":	0,
			"interval":	1
		}
	},
	"intervals":	[{
			"streams":	[{
					"socket":	5,
					"start":	0,
					"end":	1.001077,
					"seconds":	1.0010770559310913,
					"bytes":	2621440,
					"bits_per_second":	20948956.801826417,
					"retransmits":	0,
					"snd_cwnd":	302336,
					"snd_wnd":	-1,
					"rtt":	293,
					"rttvar":	183,
					"pmtu":	9500,
					"omitted":	false,
					"sender":	true
				}],
			"sum":	{
				"start":	0,
				"end":	1.001077,
				"seconds":	1.0010770559310913,
				"bytes":	2621440,
				"bits_per_second":	20948956.801826417,
				"retransmits":	0,
				"omitted":	false,
				"sender":	true
			}
		}, {
			"streams":	[{
					"socket":	5,
					"start":	1.001077,
					"end":	2.001067,
					"seconds":	0.99998998641967773,
					"bytes":	2490368,
					"bits_per_second":	19923143.501997728,
					"retransmits":	0,
					"snd_cwnd":	302336,
					"snd_wnd":	-1,
					"rtt":	407,
					"rttvar":	295,
					"pmtu":	9500,
					"omitted":	false,
					"sender":	true
				}],
			"sum":	{
				"start":	1.001077,
				"end":	2.001067,
				"seconds":	0.99998998641967773,
				"bytes":	2490368,
				"bits_per_second":	19923143.501997728,
				"retransmits":	0,
				"omitted":	false,
				"sender":	true
			}
		}, {
			"streams":	[{
					"socket":	5,
					"start":	2.001067,
					"end":	3.00128,
					"seconds":	1.0002130270004272,
					"bytes":	2490368,
					"bits_per_second":	19918700.778920658,
					"retransmits":	0,
					"snd_cwnd":	302336,
					"snd_wnd":	-1,
					"rtt":	218,
					"rttvar":	149,
					"pmtu":	9500,
					"omitted":	false,
					"sender":	true
				}],
			"sum":	{
				"start":	2.001067,
				"end":	3.00128,
				"seconds":	1.0002130270004272,
				"bytes":	2490368,
				"bits_per_second":	19918700.778920658,
				"retransmits":	0,
				"omitted":	false,
				"sender":	true
			}
		}],
	"end":	{
		"streams":	[{
				"sender":	{
					"socket":	5,
					"start":	0,
					"end":	3.00128,
					"seconds":	3.00128,
					"bytes":	7602176,
					"bits_per_second":	20263823.435334258,
					"retransmits":	0,
					"max_snd_cwnd":	302336,
					"max_snd_wnd":	0,
					"max_rtt":	407,
					"min_rtt":	218,
					"mean_rtt":	306,
					"sender":	true
				},
				"receiver":	{
					"socket":	5,
					"start":	0,
					"end":	3.001485,
					"seconds":	3.00128,
					"bytes":	7602176,
					"bits_per_second":	20262439.425817553,
					"sender":	true
				}
			}],
		"sum_sent":	{
			"start":	0,
			"end":	3.00128,
			"seconds":	3.00128,
			"bytes":	7602176,
			"bits_per_second":	20263823.435334258,
			"retransmits":	0,
			"sender":	true
		},
		"sum_received":	{
			"start":	0,
			"end":	3.001485,
			"seconds":	3.001485,
			"bytes":	7602176,
			"bits_per_second":	20262439.425817553,
			"sender":	true
		},
		"cpu_utilization_percent":	{
			"host_total":	1.7627300139579982,
			"host_user":	0.162354959351326,
			"host_system":	1.600308461104067,
			"remote_total":	0.60447640363192234,
			"remote_user":	0,
			"remote_system":	0.60430982613973983
		},
		"sender_tcp_congestion":	"cubic",
		"receiver_tcp_congestion":	"cubic"
	}
}
