{
	"start":	{
		"connected":	[{
				"socket":	5,
				"local_host":	"192.168.1.2",
				"local_port":	34546,
				"remote_host":	"192.168.8.2",
				"remote_port":	5202
			}],
		"version":	"iperf 3.19.1",
		"system_info":	"Linux h1 6.6.87.2-microsoft-standard-WSL2 #1 SMP PREEMPT_DYNAMIC Thu Jun  5 18:30:46 UTC 2025 x86_64",
		"timestamp":	{
			"time":	"Mon, 06 Apr 2026 04:34:56 UTC",
			"timesecs":	1775450096
		},
		"connecting_to":	{
			"host":	"192.168.8.2",
			"port":	5202
		},
		"cookie":	"kjimx5wgv76o4x5fe6ddyltpyitgjzfmbu37",
		"tcp_mss_default":	9448,
		"target_bitrate":	20000000,
		"fq_rate":	0,
		"sock_bufsize":	0,
		"sndbuf_actual":	16384,
		"rcvbuf_actual":	131072,
		"test_start":	{
			"protocol":	"TCP",
			"num_streams":	1,
			"blksize":	131072,
			"omit":	0,
			"duration":	3,
			"bytes":	0,
			"blocks":	0,
			"reverse":	0,
			"tos":	0,
			"target_bitrate":	20000000,
			"bidir":	0,
			"fqrate":	0,
			"interval":	1
		}
	},
	"intervals":	[{
			"streams":	[{
					"socket":	5,
					"start":	0,
					"end":	1.000521,
					"seconds":	1.0005209445953369,
					"bytes":	2621440,
					"bits_per_second":	20960600.688356385,
					"retransmits":	0,
					"snd_cwnd":	264544,
					"snd_wnd":	-1,
					"rtt":	160,
					"rttvar":	85,
					"pmtu":	9500,
					"omitted":	false,
					"sender":	true
				}],
			"sum":	{
				"start":	0,
				"end":	1.000521,
				"seconds":	1.0005209445953369,
				"bytes":	2621440,
				"bits_per_second":	20960600.688356385,
				"retransmits":	0,
				"omitted":	false,
				"sender":	true
			}
		}, {
			"streams":	[{
					"socket":	5,
					"start":	1.000521,
					"end":	2.001348,
					"seconds":	1.0008269548416138,
					"bytes":	2490368,
					"bits_per_second":	19906482.238133676,
					"retransmits":	0,
					"snd_cwnd":	264544,
					"snd_wnd":	-1,
					"rtt":	218,
					"rttvar":	178,
					"pmtu":	9500,
					"omitted":	false,
					"sender":	true
				}],
			"sum":	{
				"start":	1.000521,
				"end":	2.001348,
				"seconds":	1.0008269548416138,
				"bytes":	2490368,
				"bits_per_second":	19906482.238133676,
				"retransmits":	0,
				"omitted":	false,
				"sender":	true
			}
		}, {
			"streams":	[{
					"socket":	5,
					"start":	2.001348,
					"end":	3.000718,
					"seconds":	0.999369978904724,
					"bytes":	2490368,
					"bits_per_second":	19935503.787931349,
					"retransmits":	0,
					"snd_cwnd":	264544,
					"snd_wnd":	-1,
					"rtt":	119,
					"rttvar":	66,
					"pmtu":	9500,
					"omitted":	false,
					"sender":	true
				}],
			"sum":	{
				"start":	2.001348,
				"end":	3.000718,
				"seconds":	0.999369978904724,
				"bytes":	2490368,
				"bits_per_second":	19935503.787931349,
				"retransmits":	0,
				"omitted":	false,
				"sender":	true
			}
		}],
	"end":	{
		"streams":	[{
				"sender":	{
					"socket":	5,
					"start":	0,
					"end":	3.000718,
					"seconds":	3.000718,
					"bytes":	7602176,
					"bits_per_second":	20267618.61661109,
					"retransmits":	0,
					"max_snd_cwnd":	264544,
					"max_snd_wnd":	0,
					"max_rtt":	218,
					"min_rtt":	119,
					"mean_rtt":	165,
					"sender":	true
				},
				"receiver":	{
					"socket":	5,
					"start":	0,
					"end":	3.000885,
					"seconds":	3.000718,
					"bytes":	7602176,
					"bits_per_second":	20266490.718571357,
					"sender":	true
				}
			}],
		"sum_sent":	{
			"start":	0,
			"end":	3.000718,
			"seconds":	3.000718,
			"bytes":	7602176,
			"bits_per_second":	20267618.61661109,
			"retransmits":	0,
			"sender":	true
		},
		"sum_received":	{
			"start":	0,
			"end":	3.000885,
			"seconds":	3.000885,
			"bytes":	7602176,
			"bits_per_second":	20266490.718571357,
			"sender":	true
		},
		"cpu_utilization_percent":	{
			"host_total":	0.91108425322339071,
			"host_user":	0.022752954219590327,
			"host_system":	0.88836461226034447,
			"remote_total":	0.30293982590707,
			"remote_user":	0,
			"remote_system":	0.30293982590707
		},
		"sender_tcp_congestion":	"cubic",
		"receiver_tcp_congestion":	"cubic"
	}
}
