{
	"start":	{
		"connected":	[{
				"socket":	5,
				"local_host":	"192.168.1.2",
				"local_port":	43464,
				"remote_host":	"192.168.8.2",
				"remote_port":	5203
			}],
		"version":	"iperf 3.19.1",
		"system_info":	"Linux h1 6.6.87.2-microsoft-standard-WSL2 #1 SMP PREEMPT_DYNAMIC Thu Jun  5 18:30:46 UTC 2025 x86_64",
		"timestamp":	{
			"time":	"Mon, 06 Apr 2026 04:34:24 UTC",
			"timesecs":	1775450064
		},
		"connecting_to":	{
			"host":	"192.168.8.2",
			"port":	5203
		},
		"cookie":	"mupqv4fvobrwdrr3r6hnmuv6eyrwrnlccqjy",
		"tcp_mss_default":	9448,
		"target_bitrate":	20000000,
		"fq_rate":	0,
		"sock_bufsize":	0,
		"sndbuf_actual":	16384,
		"rcvbuf_actual":	131072,
		"test_start":	{
			"protocol":	"TCP",
			"num_streams":	1,
			"blksize":	131072,
			"omit":	0,
			"duration":	3,
			"bytes":	0,
			"blocks":	0,
			"reverse":	0,
			"tos":	0,
			"target_bitrate":	20000000,
			"bidir":	0,
			"fqrate":	0,
			"interval":	1
		}
	},
	"intervals":	[{
			"streams":	[{
					"socket":	5,
					"start":	0,
					"end":	1.001102,
					"seconds":	1.0011019706726074,
					"bytes":	2621440,
					"bits_per_second":	20948435.438509751,
					"retransmits":	0,
					"snd_cwnd":	207856,
					"snd_wnd":	-1,
					"rtt":	219,
					"rttvar":	136,
					"pmtu":	9500,
					"omitted":	false,
					"sender":	true
				}],
			"sum":	{
				"start":	0,
				"end":	1.001102,
				"seconds":	1.0011019706726074,
				"bytes":	2621440,
				"bits_per_second":	20948435.438509751,
				"retransmits":	0,
				"omitted":	false,
				"sender":	true
			}
		}, {
			"streams":	[{
					"socket":	5,
					"start":	1.001102,
					"end":	2.001069,
					"seconds":	0.99996697902679443,
					"bytes":	2490368,
					"bits_per_second":	19923601.896724392,
					"retransmits":	0,
					"snd_cwnd":	207856,
					"snd_wnd":	-1,
					"rtt":	328,
					"rttvar":	228,
					"pmtu":	9500,
					"omitted":	false,
					"sender":	true
				}],
			"sum":	{
				"start":	1.001102,
				"end":	2.001069,
				"seconds":	0.99996697902679443,
				"bytes":	2490368,
				"bits_per_second":	19923601.896724392,
				"retransmits":	0,
				"omitted":	false,
				"sender":	true
			}
		}, {
			"streams":	[{
					"socket":	5,
					"start":	2.001069,
					"end":	3.001242,
					"seconds":	1.0001729726791382,
					"bytes":	2490368,
					"bits_per_second":	19919498.470982384,
					"retransmits":	0,
					"snd_cwnd":	207856,
					"snd_wnd":	-1,
					"rtt":	249,
					"rttvar":	149,
					"pmtu":	9500,
					"omitted":	false,
					"sender":	true
				}],
			"sum":	{
				"start":	2.001069,
				"end":	3.001242,
				"seconds":	1.0001729726791382,
				"bytes":	2490368,
				"bits_per_second":	19919498.470982384,
				"retransmits":	0,
				"omitted":	false,
				"sender":	true
			}
		}],
	"end":	{
		"streams":	[{
				"sender":	{
					"socket":	5,
					"start":	0,
					"end":	3.001242,
					"seconds":	3.001242,
					"bytes":	7602176,
					"bits_per_second":	20264080.00421159,
					"retransmits":	0,
					"max_snd_cwnd":	207856,
					"max_snd_wnd":	0,
					"max_rtt":	328,
					"min_rtt":	219,
					"mean_rtt":	265,
					"sender":	true
				},
				"receiver":	{
					"socket":	5,
					"start":	0,
					"end":	3.001369,
					"seconds":	3.001242,
					"bytes":	7602176,
					"bits_per_second":	20263222.549443271,
					"sender":	true
				}
			}],
		"sum_sent":	{
			"start":	0,
			"end":	3.001242,
			"seconds":	3.001242,
			"bytes":	7602176,
			"bits_per_second":	20264080.00421159,
			"retransmits":	0,
			"sender":	true
		},
		"sum_received":	{
			"start":	0,
			"end":	3.001369,
			"seconds":	3.001369,
			"bytes":	7602176,
			"bits_per_second":	20263222.549443271,
			"sender":	true
		},
		"cpu_utilization_percent":	{
			"host_total":	1.1161036770036972,
			"host_user":	0.22766144855130888,
			"host_system":	0.88820920752244825,
			"remote_total":	0.35939164293655657,
			"remote_user":	0,
			"remote_system":	0.35942496004445834
		},
		"sender_tcp_congestion":	"cubic",
		"receiver_tcp_congestion":	"cubic"
	}
}
