{
	"start":	{
		"connected":	[{
				"socket":	5,
				"local_host":	"192.168.1.2",
				"local_port":	58692,
				"remote_host":	"192.168.8.2",
				"remote_port":	5202
			}],
		"version":	"iperf 3.19.1",
		"system_info":	"Linux h1 6.6.87.2-microsoft-standard-WSL2 #1 SMP PREEMPT_DYNAMIC Thu Jun  5 18:30:46 UTC 2025 x86_64",
		"timestamp":	{
			"time":	"Mon, 06 Apr 2026 04:16:33 UTC",
			"timesecs":	1775448993
		},
		"connecting_to":	{
			"host":	"192.168.8.2",
			"port":	5202
		},
		"cookie":	"44od6gjqh4hlt6ilf63dpcpc7bu2rki2bpyd",
		"tcp_mss_default":	9448,
		"target_bitrate":	20000000,
		"fq_rate":	0,
		"sock_bufsize":	0,
		"sndbuf_actual":	16384,
		"rcvbuf_actual":	131072,
		"test_start":	{
			"protocol":	"TCP",
			"num_streams":	1,
			"blksize":	131072,
			"omit":	0,
			"duration":	3,
			"bytes":	0,
			"blocks":	0,
			"reverse":	0,
			"tos":	0,
			"target_bitrate":	20000000,
			"bidir":	0,
			"fqrate":	0,
			"interval":	1
		}
	},
	"intervals":	[{
			"streams":	[{
					"socket":	5,
					"start":	0,
					"end":	1.001426,
					"seconds":	1.0014259815216064,
					"bytes":	2621440,
					"bits_per_second":	20941657.583254471,
					"retransmits":	0,
					"snd_cwnd":	359024,
					"snd_wnd":	-1,
					"rtt":	153,
					"rttvar":	89,
					"pmtu":	9500,
					"omitted":	false,
					"sender":	true
				}],
			"sum":	{
				"start":	0,
				"end":	1.001426,
				"seconds":	1.0014259815216064,
				"bytes":	2621440,
				"bits_per_second":	20941657.583254471,
				"retransmits":	0,
				"omitted":	false,
				"sender":	true
			}
		}, {
			"streams":	[{
					"socket":	5,
					"start":	1.001426,
					"end":	2.001084,
					"seconds":	0.99965798854827881,
					"bytes":	2490368,
					"bits_per_second":	19929760.206220586,
					"retransmits":	0,
					"snd_cwnd":	359024,
					"snd_wnd":	-1,
					"rtt":	207,
					"rttvar":	83,
					"pmtu":	9500,
					"omitted":	false,
					"sender":	true
				}],
			"sum":	{
				"start":	1.001426,
				"end":	2.001084,
				"seconds":	0.99965798854827881,
				"bytes":	2490368,
				"bits_per_second":	19929760.206220586,
				"retransmits":	0,
				"omitted":	false,
				"sender":	true
			}
		}, {
			"streams":	[{
					"socket":	5,
					"start":	2.001084,
					"end":	3.001296,
					"seconds":	1.0002119541168213,
					"bytes":	2490368,
					"bits_per_second":	19918722.144839581,
					"retransmits":	0,
					"snd_cwnd":	359024,
					"snd_wnd":	-1,
					"rtt":	168,
					"rttvar":	73,
					"pmtu":	9500,
					"omitted":	false,
					"sender":	true
				}],
			"sum":	{
				"start":	2.001084,
				"end":	3.001296,
				"seconds":	1.0002119541168213,
				"bytes":	2490368,
				"bits_per_second":	19918722.144839581,
				"retransmits":	0,
				"omitted":	false,
				"sender":	true
			}
		}],
	"end":	{
		"streams":	[{
				"sender":	{
					"socket":	5,
					"start":	0,
					"end":	3.001296,
					"seconds":	3.001296,
					"bytes":	7602176,
					"bits_per_second":	20263715.408276957,
					"retransmits":	0,
					"max_snd_cwnd":	359024,
					"max_snd_wnd":	0,
					"max_rtt":	207,
					"min_rtt":	153,
					"mean_rtt":	176,
					"sender":	true
				},
				"receiver":	{
					"socket":	5,
					"start":	0,
					"end":	3.001458,
					"seconds":	3.001296,
					"bytes":	7602176,
					"bits_per_second":	20262621.699187528,
					"sender":	true
				}
			}],
		"sum_sent":	{
			"start":	0,
			"end":	3.001296,
			"seconds":	3.001296,
			"bytes":	7602176,
			"bits_per_second":	20263715.408276957,
			"retransmits":	0,
			"sender":	true
		},
		"sum_received":	{
			"start":	0,
			"end":	3.001458,
			"seconds":	3.001458,
			"bytes":	7602176,
			"bits_per_second":	20262621.699187528,
			"sender":	true
		},
		"cpu_utilization_percent":	{
			"host_total":	0.8669401089485147,
			"host_user":	0.018378943856654891,
			"host_system":	0.84852786990371365,
			"remote_total":	0.26126518716342367,
			"remote_user":	0.00979494580796309,
			"remote_system":	0.25147024135546059
		},
		"sender_tcp_congestion":	"cubic",
		"receiver_tcp_congestion":	"cubic"
	}
}
