{
	"start":	{
		"connected":	[{
				"socket":	5,
				"local_host":	"192.168.1.2",
				"local_port":	54054,
				"remote_host":	"192.168.4.2",
				"remote_port":	5202
			}],
		"version":	"iperf 3.19.1",
		"system_info":	"Linux h1 6.6.87.2-microsoft-standard-WSL2 #1 SMP PREEMPT_DYNAMIC Thu Jun  5 18:30:46 UTC 2025 x86_64",
		"timestamp":	{
			"time":	"Sun, 05 Apr 2026 07:04:09 UTC",
			"timesecs":	1775372649
		},
		"connecting_to":	{
			"host":	"192.168.4.2",
			"port":	5202
		},
		"cookie":	"afbrlx2fke4pacw5mxx6fi4vktgvyzmtgtg5",
		"tcp_mss_default":	9448,
		"target_bitrate":	20000000,
		"fq_rate":	0,
		"sock_bufsize":	0,
		"sndbuf_actual":	16384,
		"rcvbuf_actual":	131072,
		"test_start":	{
			"protocol":	"TCP",
			"num_streams":	1,
			"blksize":	131072,
			"omit":	0,
			"duration":	3,
			"bytes":	0,
			"blocks":	0,
			"reverse":	0,
			"tos":	0,
			"target_bitrate":	20000000,
			"bidir":	0,
			"fqrate":	0,
			"interval":	1
		}
	},
	"intervals":	[{
			"streams":	[{
					"socket":	5,
					"start":	0,
					"end":	1.001109,
					"seconds":	1.0011090040206909,
					"bytes":	2621440,
					"bits_per_second":	20948288.264088534,
					"retransmits":	0,
					"snd_cwnd":	321232,
					"snd_wnd":	-1,
					"rtt":	126,
					"rttvar":	86,
					"pmtu":	9500,
					"omitted":	false,
					"sender":	true
				}],
			"sum":	{
				"start":	0,
				"end":	1.001109,
				"seconds":	1.0011090040206909,
				"bytes":	2621440,
				"bits_per_second":	20948288.264088534,
				"retransmits":	0,
				"omitted":	false,
				"sender":	true
			}
		}, {
			"streams":	[{
					"socket":	5,
					"start":	1.001109,
					"end":	2.001111,
					"seconds":	1.0000020265579224,
					"bytes":	2490368,
					"bits_per_second":	19922903.625081822,
					"retransmits":	0,
					"snd_cwnd":	321232,
					"snd_wnd":	-1,
					"rtt":	127,
					"rttvar":	64,
					"pmtu":	9500,
					"omitted":	false,
					"sender":	true
				}],
			"sum":	{
				"start":	1.001109,
				"end":	2.001111,
				"seconds":	1.0000020265579224,
				"bytes":	2490368,
				"bits_per_second":	19922903.625081822,
				"retransmits":	0,
				"omitted":	false,
				"sender":	true
			}
		}, {
			"streams":	[{
					"socket":	5,
					"start":	2.001111,
					"end":	3.001182,
					"seconds":	1.0000710487365723,
					"bytes":	2490368,
					"bits_per_second":	19921528.600562342,
					"retransmits":	0,
					"snd_cwnd":	321232,
					"snd_wnd":	-1,
					"rtt":	174,
					"rttvar":	81,
					"pmtu":	9500,
					"omitted":	false,
					"sender":	true
				}],
			"sum":	{
				"start":	2.001111,
				"end":	3.001182,
				"seconds":	1.0000710487365723,
				"bytes":	2490368,
				"bits_per_second":	19921528.600562342,
				"retransmits":	0,
				"omitted":	false,
				"sender":	true
			}
		}],
	"end":	{
		"streams":	[{
				"sender":	{
					"socket":	5,
					"start":	0,
					"end":	3.001182,
					"seconds":	3.001182,
					"bytes":	7602176,
					"bits_per_second":	20264485.126193613,
					"retransmits":	0,
					"max_snd_cwnd":	321232,
					"max_snd_wnd":	0,
					"max_rtt":	174,
					"min_rtt":	126,
					"mean_rtt":	142,
					"sender":	true
				},
				"receiver":	{
					"socket":	5,
					"start":	0,
					"end":	3.001283,
					"seconds":	3.001182,
					"bytes":	7602176,
					"bits_per_second":	20263803.180173282,
					"sender":	true
				}
			}],
		"sum_sent":	{
			"start":	0,
			"end":	3.001182,
			"seconds":	3.001182,
			"bytes":	7602176,
			"bits_per_second":	20264485.126193613,
			"retransmits":	0,
			"sender":	true
		},
		"sum_received":	{
			"start":	0,
			"end":	3.001283,
			"seconds":	3.001283,
			"bytes":	7602176,
			"bits_per_second":	20263803.180173282,
			"sender":	true
		},
		"cpu_utilization_percent":	{
			"host_total":	0.58295112763172352,
			"host_user":	0,
			"host_system":	0.58295112763172352,
			"remote_total":	0.19448083579113751,
			"remote_user":	0,
			"remote_system":	0.19448083579113751
		},
		"sender_tcp_congestion":	"cubic",
		"receiver_tcp_congestion":	"cubic"
	}
}
