{
	"start":	{
		"connected":	[{
				"socket":	5,
				"local_host":	"192.168.1.2",
				"local_port":	50178,
				"remote_host":	"192.168.4.2",
				"remote_port":	5205
			}],
		"version":	"iperf 3.19.1",
		"system_info":	"Linux h1 6.6.87.2-microsoft-standard-WSL2 #1 SMP PREEMPT_DYNAMIC Thu Jun  5 18:30:46 UTC 2025 x86_64",
		"timestamp":	{
			"time":	"Sun, 05 Apr 2026 07:06:49 UTC",
			"timesecs":	1775372809
		},
		"connecting_to":	{
			"host":	"192.168.4.2",
			"port":	5205
		},
		"cookie":	"qfwivnwqjs5pk5o6z4h5o4pudm7cxob4fyrf",
		"tcp_mss_default":	9448,
		"target_bitrate":	20000000,
		"fq_rate":	0,
		"sock_bufsize":	0,
		"sndbuf_actual":	16384,
		"rcvbuf_actual":	131072,
		"test_start":	{
			"protocol":	"TCP",
			"num_streams":	1,
			"blksize":	131072,
			"omit":	0,
			"duration":	3,
			"bytes":	0,
			"blocks":	0,
			"reverse":	0,
			"tos":	0,
			"target_bitrate":	20000000,
			"bidir":	0,
			"fqrate":	0,
			"interval":	1
		}
	},
	"intervals":	[{
			"streams":	[{
					"socket":	5,
					"start":	0,
					"end":	1.000383,
					"seconds":	1.0003830194473267,
					"bytes":	2621440,
					"bits_per_second":	20963490.575425763,
					"retransmits":	0,
					"snd_cwnd":	264544,
					"snd_wnd":	-1,
					"rtt":	166,
					"rttvar":	97,
					"pmtu":	9500,
					"omitted":	false,
					"sender":	true
				}],
			"sum":	{
				"start":	0,
				"end":	1.000383,
				"seconds":	1.0003830194473267,
				"bytes":	2621440,
				"bits_per_second":	20963490.575425763,
				"retransmits":	0,
				"omitted":	false,
				"sender":	true
			}
		}, {
			"streams":	[{
					"socket":	5,
					"start":	1.000383,
					"end":	2.000402,
					"seconds":	1.0000189542770386,
					"bytes":	2490368,
					"bits_per_second":	19922566.382157475,
					"retransmits":	0,
					"snd_cwnd":	264544,
					"snd_wnd":	-1,
					"rtt":	168,
					"rttvar":	91,
					"pmtu":	9500,
					"omitted":	false,
					"sender":	true
				}],
			"sum":	{
				"start":	1.000383,
				"end":	2.000402,
				"seconds":	1.0000189542770386,
				"bytes":	2490368,
				"bits_per_second":	19922566.382157475,
				"retransmits":	0,
				"omitted":	false,
				"sender":	true
			}
		}, {
			"streams":	[{
					"socket":	5,
					"start":	2.000402,
					"end":	3.000534,
					"seconds":	1.0001319646835327,
					"bytes":	2490368,
					"bits_per_second":	19920315.221905869,
					"retransmits":	0,
					"snd_cwnd":	264544,
					"snd_wnd":	-1,
					"rtt":	183,
					"rttvar":	60,
					"pmtu":	9500,
					"omitted":	false,
					"sender":	true
				}],
			"sum":	{
				"start":	2.000402,
				"end":	3.000534,
				"seconds":	1.0001319646835327,
				"bytes":	2490368,
				"bits_per_second":	19920315.221905869,
				"retransmits":	0,
				"omitted":	false,
				"sender":	true
			}
		}],
	"end":	{
		"streams":	[{
				"sender":	{
					"socket":	5,
					"start":	0,
					"end":	3.000534,
					"seconds":	3.000534,
					"bytes":	7602176,
					"bits_per_second":	20268861.475990608,
					"retransmits":	0,
					"max_snd_cwnd":	264544,
					"max_snd_wnd":	0,
					"max_rtt":	183,
					"min_rtt":	166,
					"mean_rtt":	172,
					"sender":	true
				},
				"receiver":	{
					"socket":	5,
					"start":	0,
					"end":	3.000699,
					"seconds":	3.000534,
					"bytes":	7602176,
					"bits_per_second":	20267746.948294383,
					"sender":	true
				}
			}],
		"sum_sent":	{
			"start":	0,
			"end":	3.000534,
			"seconds":	3.000534,
			"bytes":	7602176,
			"bits_per_second":	20268861.475990608,
			"retransmits":	0,
			"sender":	true
		},
		"sum_received":	{
			"start":	0,
			"end":	3.000699,
			"seconds":	3.000699,
			"bytes":	7602176,
			"bits_per_second":	20267746.948294383,
			"sender":	true
		},
		"cpu_utilization_percent":	{
			"host_total":	0.79450075299524225,
			"host_user":	0,
			"host_system":	0.79450075299524225,
			"remote_total":	0.31622168242998483,
			"remote_user":	0,
			"remote_system":	0.31625500750980673
		},
		"sender_tcp_congestion":	"cubic",
		"receiver_tcp_congestion":	"cubic"
	}
}
