{
	"start":	{
		"connected":	[{
				"socket":	5,
				"local_host":	"192.168.1.2",
				"local_port":	37152,
				"remote_host":	"192.168.4.2",
				"remote_port":	5203
			}],
		"version":	"iperf 3.19.1",
		"system_info":	"Linux h1 6.6.87.2-microsoft-standard-WSL2 #1 SMP PREEMPT_DYNAMIC Thu Jun  5 18:30:46 UTC 2025 x86_64",
		"timestamp":	{
			"time":	"Sun, 05 Apr 2026 07:18:55 UTC",
			"timesecs":	1775373535
		},
		"connecting_to":	{
			"host":	"192.168.4.2",
			"port":	5203
		},
		"cookie":	"kn6z3umfuynzn37d3tbcuwpvhqtwwnrkz22m",
		"tcp_mss_default":	9448,
		"target_bitrate":	20000000,
		"fq_rate":	0,
		"sock_bufsize":	0,
		"sndbuf_actual":	16384,
		"rcvbuf_actual":	131072,
		"test_start":	{
			"protocol":	"TCP",
			"num_streams":	1,
			"blksize":	131072,
			"omit":	0,
			"duration":	3,
			"bytes":	0,
			"blocks":	0,
			"reverse":	0,
			"tos":	0,
			"target_bitrate":	20000000,
			"bidir":	0,
			"fqrate":	0,
			"interval":	1
		}
	},
	"intervals":	[{
			"streams":	[{
					"socket":	5,
					"start":	0,
					"end":	1.001467,
					"seconds":	1.0014669895172119,
					"bytes":	2621440,
					"bits_per_second":	20940800.065821409,
					"retransmits":	0,
					"snd_cwnd":	264544,
					"snd_wnd":	-1,
					"rtt":	115,
					"rttvar":	47,
					"pmtu":	9500,
					"omitted":	false,
					"sender":	true
				}],
			"sum":	{
				"start":	0,
				"end":	1.001467,
				"seconds":	1.0014669895172119,
				"bytes":	2621440,
				"bits_per_second":	20940800.065821409,
				"retransmits":	0,
				"omitted":	false,
				"sender":	true
			}
		}, {
			"streams":	[{
					"socket":	5,
					"start":	1.001467,
					"end":	2.001059,
					"seconds":	0.99959200620651245,
					"bytes":	2490368,
					"bits_per_second":	19931075.755205654,
					"retransmits":	0,
					"snd_cwnd":	264544,
					"snd_wnd":	-1,
					"rtt":	125,
					"rttvar":	58,
					"pmtu":	9500,
					"omitted":	false,
					"sender":	true
				}],
			"sum":	{
				"start":	1.001467,
				"end":	2.001059,
				"seconds":	0.99959200620651245,
				"bytes":	2490368,
				"bits_per_second":	19931075.755205654,
				"retransmits":	0,
				"omitted":	false,
				"sender":	true
			}
		}, {
			"streams":	[{
					"socket":	5,
					"start":	2.001059,
					"end":	3.001549,
					"seconds":	1.0004899501800537,
					"bytes":	2490368,
					"bits_per_second":	19913187.530184142,
					"retransmits":	0,
					"snd_cwnd":	264544,
					"snd_wnd":	-1,
					"rtt":	112,
					"rttvar":	66,
					"pmtu":	9500,
					"omitted":	false,
					"sender":	true
				}],
			"sum":	{
				"start":	2.001059,
				"end":	3.001549,
				"seconds":	1.0004899501800537,
				"bytes":	2490368,
				"bits_per_second":	19913187.530184142,
				"retransmits":	0,
				"omitted":	false,
				"sender":	true
			}
		}],
	"end":	{
		"streams":	[{
				"sender":	{
					"socket":	5,
					"start":	0,
					"end":	3.001549,
					"seconds":	3.001549,
					"bytes":	7602176,
					"bits_per_second":	20262007.383520976,
					"retransmits":	0,
					"max_snd_cwnd":	264544,
					"max_snd_wnd":	0,
					"max_rtt":	125,
					"min_rtt":	112,
					"mean_rtt":	117,
					"sender":	true
				},
				"receiver":	{
					"socket":	5,
					"start":	0,
					"end":	3.001734,
					"seconds":	3.001549,
					"bytes":	7602176,
					"bits_per_second":	20260758.614853948,
					"sender":	true
				}
			}],
		"sum_sent":	{
			"start":	0,
			"end":	3.001549,
			"seconds":	3.001549,
			"bytes":	7602176,
			"bits_per_second":	20262007.383520976,
			"retransmits":	0,
			"sender":	true
		},
		"sum_received":	{
			"start":	0,
			"end":	3.001734,
			"seconds":	3.001734,
			"bytes":	7602176,
			"bits_per_second":	20260758.614853948,
			"sender":	true
		},
		"cpu_utilization_percent":	{
			"host_total":	0.51095444772158682,
			"host_user":	0.0014320845556008495,
			"host_system":	0.50965558033394875,
			"remote_total":	0.17549628169751677,
			"remote_user":	0.12909037425548167,
			"remote_system":	0.0464059074420351
		},
		"sender_tcp_congestion":	"cubic",
		"receiver_tcp_congestion":	"cubic"
	}
}
