{
	"start":	{
		"connected":	[{
				"socket":	5,
				"local_host":	"192.168.1.2",
				"local_port":	43186,
				"remote_host":	"192.168.4.2",
				"remote_port":	5203
			}],
		"version":	"iperf 3.19.1",
		"system_info":	"Linux h1 6.6.87.2-microsoft-standard-WSL2 #1 SMP PREEMPT_DYNAMIC Thu Jun  5 18:30:46 UTC 2025 x86_64",
		"timestamp":	{
			"time":	"Sun, 05 Apr 2026 07:00:34 UTC",
			"timesecs":	1775372434
		},
		"connecting_to":	{
			"host":	"192.168.4.2",
			"port":	5203
		},
		"cookie":	"6my26qwfgkwuji5rci2ousnprgrneqnot37b",
		"tcp_mss_default":	9448,
		"target_bitrate":	20000000,
		"fq_rate":	0,
		"sock_bufsize":	0,
		"sndbuf_actual":	16384,
		"rcvbuf_actual":	131072,
		"test_start":	{
			"protocol":	"TCP",
			"num_streams":	1,
			"blksize":	131072,
			"omit":	0,
			"duration":	3,
			"bytes":	0,
			"blocks":	0,
			"reverse":	0,
			"tos":	0,
			"target_bitrate":	20000000,
			"bidir":	0,
			"fqrate":	0,
			"interval":	1
		}
	},
	"intervals":	[{
			"streams":	[{
					"socket":	5,
					"start":	0,
					"end":	1.000583,
					"seconds":	1.0005830526351929,
					"bytes":	2621440,
					"bits_per_second":	20959299.625121776,
					"retransmits":	0,
					"snd_cwnd":	340128,
					"snd_wnd":	-1,
					"rtt":	122,
					"rttvar":	46,
					"pmtu":	9500,
					"omitted":	false,
					"sender":	true
				}],
			"sum":	{
				"start":	0,
				"end":	1.000583,
				"seconds":	1.0005830526351929,
				"bytes":	2621440,
				"bits_per_second":	20959299.625121776,
				"retransmits":	0,
				"omitted":	false,
				"sender":	true
			}
		}, {
			"streams":	[{
					"socket":	5,
					"start":	1.000583,
					"end":	2.001112,
					"seconds":	1.0005290508270264,
					"bytes":	2490368,
					"bits_per_second":	19912409.323379379,
					"retransmits":	0,
					"snd_cwnd":	340128,
					"snd_wnd":	-1,
					"rtt":	119,
					"rttvar":	64,
					"pmtu":	9500,
					"omitted":	false,
					"sender":	true
				}],
			"sum":	{
				"start":	1.000583,
				"end":	2.001112,
				"seconds":	1.0005290508270264,
				"bytes":	2490368,
				"bits_per_second":	19912409.323379379,
				"retransmits":	0,
				"omitted":	false,
				"sender":	true
			}
		}, {
			"streams":	[{
					"socket":	5,
					"start":	2.001112,
					"end":	3.001432,
					"seconds":	1.0003199577331543,
					"bytes":	2490368,
					"bits_per_second":	19916571.5389182,
					"retransmits":	0,
					"snd_cwnd":	340128,
					"snd_wnd":	-1,
					"rtt":	122,
					"rttvar":	62,
					"pmtu":	9500,
					"omitted":	false,
					"sender":	true
				}],
			"sum":	{
				"start":	2.001112,
				"end":	3.001432,
				"seconds":	1.0003199577331543,
				"bytes":	2490368,
				"bits_per_second":	19916571.5389182,
				"retransmits":	0,
				"omitted":	false,
				"sender":	true
			}
		}],
	"end":	{
		"streams":	[{
				"sender":	{
					"socket":	5,
					"start":	0,
					"end":	3.001432,
					"seconds":	3.001432,
					"bytes":	7602176,
					"bits_per_second":	20262797.224791367,
					"retransmits":	0,
					"max_snd_cwnd":	340128,
					"max_snd_wnd":	0,
					"max_rtt":	122,
					"min_rtt":	119,
					"mean_rtt":	121,
					"sender":	true
				},
				"receiver":	{
					"socket":	5,
					"start":	0,
					"end":	3.001725,
					"seconds":	3.001432,
					"bytes":	7602176,
					"bits_per_second":	20260819.36220007,
					"sender":	true
				}
			}],
		"sum_sent":	{
			"start":	0,
			"end":	3.001432,
			"seconds":	3.001432,
			"bytes":	7602176,
			"bits_per_second":	20262797.224791367,
			"retransmits":	0,
			"sender":	true
		},
		"sum_received":	{
			"start":	0,
			"end":	3.001725,
			"seconds":	3.001725,
			"bytes":	7602176,
			"bits_per_second":	20260819.36220007,
			"sender":	true
		},
		"cpu_utilization_percent":	{
			"host_total":	0.51079915405238874,
			"host_user":	0.093187457327937928,
			"host_system":	0.41764500174851377,
			"remote_total":	0.17416443214499755,
			"remote_user":	0.0042974773807774834,
			"remote_system":	0.16986695476422009
		},
		"sender_tcp_congestion":	"cubic",
		"receiver_tcp_congestion":	"cubic"
	}
}
