{
	"start":	{
		"connected":	[{
				"socket":	5,
				"local_host":	"192.168.1.2",
				"local_port":	47724,
				"remote_host":	"192.168.4.2",
				"remote_port":	5202
			}],
		"version":	"iperf 3.19.1",
		"system_info":	"Linux h1 6.6.87.2-microsoft-standard-WSL2 #1 SMP PREEMPT_DYNAMIC Thu Jun  5 18:30:46 UTC 2025 x86_64",
		"timestamp":	{
			"time":	"Sun, 05 Apr 2026 07:02:18 UTC",
			"timesecs":	1775372538
		},
		"connecting_to":	{
			"host":	"192.168.4.2",
			"port":	5202
		},
		"cookie":	"72fw54cybc4tarh46wv53l3pgepaaotrmz44",
		"tcp_mss_default":	9448,
		"target_bitrate":	20000000,
		"fq_rate":	0,
		"sock_bufsize":	0,
		"sndbuf_actual":	16384,
		"rcvbuf_actual":	131072,
		"test_start":	{
			"protocol":	"TCP",
			"num_streams":	1,
			"blksize":	131072,
			"omit":	0,
			"duration":	3,
			"bytes":	0,
			"blocks":	0,
			"reverse":	0,
			"tos":	0,
			"target_bitrate":	20000000,
			"bidir":	0,
			"fqrate":	0,
			"interval":	1
		}
	},
	"intervals":	[{
			"streams":	[{
					"socket":	5,
					"start":	0,
					"end":	1.001116,
					"seconds":	1.0011160373687744,
					"bytes":	2621440,
					"bits_per_second":	20948141.091735266,
					"retransmits":	0,
					"snd_cwnd":	311784,
					"snd_wnd":	-1,
					"rtt":	166,
					"rttvar":	118,
					"pmtu":	9500,
					"omitted":	false,
					"sender":	true
				}],
			"sum":	{
				"start":	0,
				"end":	1.001116,
				"seconds":	1.0011160373687744,
				"bytes":	2621440,
				"bits_per_second":	20948141.091735266,
				"retransmits":	0,
				"omitted":	false,
				"sender":	true
			}
		}, {
			"streams":	[{
					"socket":	5,
					"start":	1.001116,
					"end":	2.001118,
					"seconds":	1.0000020265579224,
					"bytes":	2490368,
					"bits_per_second":	19922903.625081822,
					"retransmits":	0,
					"snd_cwnd":	311784,
					"snd_wnd":	-1,
					"rtt":	119,
					"rttvar":	53,
					"pmtu":	9500,
					"omitted":	false,
					"sender":	true
				}],
			"sum":	{
				"start":	1.001116,
				"end":	2.001118,
				"seconds":	1.0000020265579224,
				"bytes":	2490368,
				"bits_per_second":	19922903.625081822,
				"retransmits":	0,
				"omitted":	false,
				"sender":	true
			}
		}, {
			"streams":	[{
					"socket":	5,
					"start":	2.001118,
					"end":	3.001263,
					"seconds":	1.0001449584960938,
					"bytes":	2490368,
					"bits_per_second":	19920056.418579459,
					"retransmits":	0,
					"snd_cwnd":	311784,
					"snd_wnd":	-1,
					"rtt":	140,
					"rttvar":	100,
					"pmtu":	9500,
					"omitted":	false,
					"sender":	true
				}],
			"sum":	{
				"start":	2.001118,
				"end":	3.001263,
				"seconds":	1.0001449584960938,
				"bytes":	2490368,
				"bits_per_second":	19920056.418579459,
				"retransmits":	0,
				"omitted":	false,
				"sender":	true
			}
		}],
	"end":	{
		"streams":	[{
				"sender":	{
					"socket":	5,
					"start":	0,
					"end":	3.001263,
					"seconds":	3.001263,
					"bytes":	7602176,
					"bits_per_second":	20263938.215344675,
					"retransmits":	0,
					"max_snd_cwnd":	311784,
					"max_snd_wnd":	0,
					"max_rtt":	166,
					"min_rtt":	119,
					"mean_rtt":	141,
					"sender":	true
				},
				"receiver":	{
					"socket":	5,
					"start":	0,
					"end":	3.001373,
					"seconds":	3.001263,
					"bytes":	7602176,
					"bits_per_second":	20263195.544172615,
					"sender":	true
				}
			}],
		"sum_sent":	{
			"start":	0,
			"end":	3.001263,
			"seconds":	3.001263,
			"bytes":	7602176,
			"bits_per_second":	20263938.215344675,
			"retransmits":	0,
			"sender":	true
		},
		"sum_received":	{
			"start":	0,
			"end":	3.001373,
			"seconds":	3.001373,
			"bytes":	7602176,
			"bits_per_second":	20263195.544172615,
			"sender":	true
		},
		"cpu_utilization_percent":	{
			"host_total":	0.52577566483058769,
			"host_user":	0.20754565521440554,
			"host_system":	0.31823000961618209,
			"remote_total":	0.17585050774418584,
			"remote_user":	0,
			"remote_system":	0.17588382538491037
		},
		"sender_tcp_congestion":	"cubic",
		"receiver_tcp_congestion":	"cubic"
	}
}
