{
	"start":	{
		"connected":	[{
				"socket":	5,
				"local_host":	"192.168.1.2",
				"local_port":	45792,
				"remote_host":	"192.168.4.2",
				"remote_port":	5203
			}],
		"version":	"iperf 3.19.1",
		"system_info":	"Linux h1 6.6.87.2-microsoft-standard-WSL2 #1 SMP PREEMPT_DYNAMIC Thu Jun  5 18:30:46 UTC 2025 x86_64",
		"timestamp":	{
			"time":	"Sun, 05 Apr 2026 06:58:16 UTC",
			"timesecs":	1775372296
		},
		"connecting_to":	{
			"host":	"192.168.4.2",
			"port":	5203
		},
		"cookie":	"b5lsua5qucevvqz34bdvopiy5fs2g4hu7cay",
		"tcp_mss_default":	9448,
		"target_bitrate":	20000000,
		"fq_rate":	0,
		"sock_bufsize":	0,
		"sndbuf_actual":	16384,
		"rcvbuf_actual":	131072,
		"test_start":	{
			"protocol":	"TCP",
			"num_streams":	1,
			"blksize":	131072,
			"omit":	0,
			"duration":	3,
			"bytes":	0,
			"blocks":	0,
			"reverse":	0,
			"tos":	0,
			"target_bitrate":	20000000,
			"bidir":	0,
			"fqrate":	0,
			"interval":	1
		}
	},
	"intervals":	[{
			"streams":	[{
					"socket":	5,
					"start":	0,
					"end":	1.001092,
					"seconds":	1.0010919570922852,
					"bytes":	2621440,
					"bits_per_second":	20948644.978541918,
					"retransmits":	0,
					"snd_cwnd":	340128,
					"snd_wnd":	-1,
					"rtt":	140,
					"rttvar":	58,
					"pmtu":	9500,
					"omitted":	false,
					"sender":	true
				}],
			"sum":	{
				"start":	0,
				"end":	1.001092,
				"seconds":	1.0010919570922852,
				"bytes":	2621440,
				"bits_per_second":	20948644.978541918,
				"retransmits":	0,
				"omitted":	false,
				"sender":	true
			}
		}, {
			"streams":	[{
					"socket":	5,
					"start":	1.001092,
					"end":	2.001063,
					"seconds":	0.99997097253799438,
					"bytes":	2490368,
					"bits_per_second":	19923522.329287432,
					"retransmits":	0,
					"snd_cwnd":	340128,
					"snd_wnd":	-1,
					"rtt":	172,
					"rttvar":	79,
					"pmtu":	9500,
					"omitted":	false,
					"sender":	true
				}],
			"sum":	{
				"start":	1.001092,
				"end":	2.001063,
				"seconds":	0.99997097253799438,
				"bytes":	2490368,
				"bits_per_second":	19923522.329287432,
				"retransmits":	0,
				"omitted":	false,
				"sender":	true
			}
		}, {
			"streams":	[{
					"socket":	5,
					"start":	2.001063,
					"end":	3.001338,
					"seconds":	1.0002750158309937,
					"bytes":	2490368,
					"bits_per_second":	19917466.381431822,
					"retransmits":	0,
					"snd_cwnd":	340128,
					"snd_wnd":	-1,
					"rtt":	119,
					"rttvar":	60,
					"pmtu":	9500,
					"omitted":	false,
					"sender":	true
				}],
			"sum":	{
				"start":	2.001063,
				"end":	3.001338,
				"seconds":	1.0002750158309937,
				"bytes":	2490368,
				"bits_per_second":	19917466.381431822,
				"retransmits":	0,
				"omitted":	false,
				"sender":	true
			}
		}],
	"end":	{
		"streams":	[{
				"sender":	{
					"socket":	5,
					"start":	0,
					"end":	3.001338,
					"seconds":	3.001338,
					"bytes":	7602176,
					"bits_per_second":	20263431.842731476,
					"retransmits":	0,
					"max_snd_cwnd":	340128,
					"max_snd_wnd":	0,
					"max_rtt":	172,
					"min_rtt":	119,
					"mean_rtt":	143,
					"sender":	true
				},
				"receiver":	{
					"socket":	5,
					"start":	0,
					"end":	3.001532,
					"seconds":	3.001338,
					"bytes":	7602176,
					"bits_per_second":	20262122.142959,
					"sender":	true
				}
			}],
		"sum_sent":	{
			"start":	0,
			"end":	3.001338,
			"seconds":	3.001338,
			"bytes":	7602176,
			"bits_per_second":	20263431.842731476,
			"retransmits":	0,
			"sender":	true
		},
		"sum_received":	{
			"start":	0,
			"end":	3.001532,
			"seconds":	3.001532,
			"bytes":	7602176,
			"bits_per_second":	20262122.142959,
			"sender":	true
		},
		"cpu_utilization_percent":	{
			"host_total":	0.59124099990374135,
			"host_user":	0,
			"host_system":	0.591274307379371,
			"remote_total":	0.20256059243642746,
			"remote_user":	0.0063633344005522442,
			"remote_system":	0.1961972580358752
		},
		"sender_tcp_congestion":	"cubic",
		"receiver_tcp_congestion":	"cubic"
	}
}
