{
	"start":	{
		"connected":	[{
				"socket":	5,
				"local_host":	"192.168.1.2",
				"local_port":	51026,
				"remote_host":	"192.168.4.2",
				"remote_port":	5202
			}],
		"version":	"iperf 3.19.1",
		"system_info":	"Linux h1 6.6.87.2-microsoft-standard-WSL2 #1 SMP PREEMPT_DYNAMIC Thu Jun  5 18:30:46 UTC 2025 x86_64",
		"timestamp":	{
			"time":	"Sun, 05 Apr 2026 07:11:52 UTC",
			"timesecs":	1775373112
		},
		"connecting_to":	{
			"host":	"192.168.4.2",
			"port":	5202
		},
		"cookie":	"pop7irlzqe6g7er4igexnipc5p4cyx4may57",
		"tcp_mss_default":	9448,
		"target_bitrate":	20000000,
		"fq_rate":	0,
		"sock_bufsize":	0,
		"sndbuf_actual":	16384,
		"rcvbuf_actual":	131072,
		"test_start":	{
			"protocol":	"TCP",
			"num_streams":	1,
			"blksize":	131072,
			"omit":	0,
			"duration":	3,
			"bytes":	0,
			"blocks":	0,
			"reverse":	0,
			"tos":	0,
			"target_bitrate":	20000000,
			"bidir":	0,
			"fqrate":	0,
			"interval":	1
		}
	},
	"intervals":	[{
			"streams":	[{
					"socket":	5,
					"start":	0,
					"end":	1.001124,
					"seconds":	1.0011240243911743,
					"bytes":	2621440,
					"bits_per_second":	20947973.966316175,
					"retransmits":	0,
					"snd_cwnd":	330680,
					"snd_wnd":	-1,
					"rtt":	98,
					"rttvar":	68,
					"pmtu":	9500,
					"omitted":	false,
					"sender":	true
				}],
			"sum":	{
				"start":	0,
				"end":	1.001124,
				"seconds":	1.0011240243911743,
				"bytes":	2621440,
				"bits_per_second":	20947973.966316175,
				"retransmits":	0,
				"omitted":	false,
				"sender":	true
			}
		}, {
			"streams":	[{
					"socket":	5,
					"start":	1.001124,
					"end":	2.001071,
					"seconds":	0.99994701147079468,
					"bytes":	2490368,
					"bits_per_second":	19923999.743442293,
					"retransmits":	0,
					"snd_cwnd":	330680,
					"snd_wnd":	-1,
					"rtt":	161,
					"rttvar":	132,
					"pmtu":	9500,
					"omitted":	false,
					"sender":	true
				}],
			"sum":	{
				"start":	1.001124,
				"end":	2.001071,
				"seconds":	0.99994701147079468,
				"bytes":	2490368,
				"bits_per_second":	19923999.743442293,
				"retransmits":	0,
				"omitted":	false,
				"sender":	true
			}
		}, {
			"streams":	[{
					"socket":	5,
					"start":	2.001071,
					"end":	3.00166,
					"seconds":	1.0005890130996704,
					"bytes":	2490368,
					"bits_per_second":	19911216.032926239,
					"retransmits":	0,
					"snd_cwnd":	330680,
					"snd_wnd":	-1,
					"rtt":	134,
					"rttvar":	54,
					"pmtu":	9500,
					"omitted":	false,
					"sender":	true
				}],
			"sum":	{
				"start":	2.001071,
				"end":	3.00166,
				"seconds":	1.0005890130996704,
				"bytes":	2490368,
				"bits_per_second":	19911216.032926239,
				"retransmits":	0,
				"omitted":	false,
				"sender":	true
			}
		}],
	"end":	{
		"streams":	[{
				"sender":	{
					"socket":	5,
					"start":	0,
					"end":	3.00166,
					"seconds":	3.00166,
					"bytes":	7602176,
					"bits_per_second":	20261258.1038492,
					"retransmits":	0,
					"max_snd_cwnd":	330680,
					"max_snd_wnd":	0,
					"max_rtt":	161,
					"min_rtt":	98,
					"mean_rtt":	131,
					"sender":	true
				},
				"receiver":	{
					"socket":	5,
					"start":	0,
					"end":	3.001852,
					"seconds":	3.00166,
					"bytes":	7602176,
					"bits_per_second":	20259962.183345482,
					"sender":	true
				}
			}],
		"sum_sent":	{
			"start":	0,
			"end":	3.00166,
			"seconds":	3.00166,
			"bytes":	7602176,
			"bits_per_second":	20261258.1038492,
			"retransmits":	0,
			"sender":	true
		},
		"sum_received":	{
			"start":	0,
			"end":	3.001852,
			"seconds":	3.001852,
			"bytes":	7602176,
			"bits_per_second":	20259962.183345482,
			"sender":	true
		},
		"cpu_utilization_percent":	{
			"host_total":	0.61694351694771321,
			"host_user":	0.13461191338745784,
			"host_system":	0.482298300266493,
			"remote_total":	0.23418564025621175,
			"remote_user":	0,
			"remote_system":	0.23421895258057251
		},
		"sender_tcp_congestion":	"cubic",
		"receiver_tcp_congestion":	"cubic"
	}
}
