{
	"start":	{
		"connected":	[{
				"socket":	5,
				"local_host":	"192.168.1.2",
				"local_port":	54738,
				"remote_host":	"192.168.4.2",
				"remote_port":	5203
			}],
		"version":	"iperf 3.19.1",
		"system_info":	"Linux h1 6.6.87.2-microsoft-standard-WSL2 #1 SMP PREEMPT_DYNAMIC Thu Jun  5 18:30:46 UTC 2025 x86_64",
		"timestamp":	{
			"time":	"Sun, 05 Apr 2026 06:57:36 UTC",
			"timesecs":	1775372256
		},
		"connecting_to":	{
			"host":	"192.168.4.2",
			"port":	5203
		},
		"cookie":	"4i4h2atzbd46ul23hx7qxx4cyfgsa7s47k6c",
		"tcp_mss_default":	9448,
		"target_bitrate":	20000000,
		"fq_rate":	0,
		"sock_bufsize":	0,
		"sndbuf_actual":	16384,
		"rcvbuf_actual":	131072,
		"test_start":	{
			"protocol":	"TCP",
			"num_streams":	1,
			"blksize":	131072,
			"omit":	0,
			"duration":	3,
			"bytes":	0,
			"blocks":	0,
			"reverse":	0,
			"tos":	0,
			"target_bitrate":	20000000,
			"bidir":	0,
			"fqrate":	0,
			"interval":	1
		}
	},
	"intervals":	[{
			"streams":	[{
					"socket":	5,
					"start":	0,
					"end":	1.000351,
					"seconds":	1.0003509521484375,
					"bytes":	2621440,
					"bits_per_second":	20964162.582101617,
					"retransmits":	0,
					"snd_cwnd":	264544,
					"snd_wnd":	-1,
					"rtt":	129,
					"rttvar":	68,
					"pmtu":	9500,
					"omitted":	false,
					"sender":	true
				}],
			"sum":	{
				"start":	0,
				"end":	1.000351,
				"seconds":	1.0003509521484375,
				"bytes":	2621440,
				"bits_per_second":	20964162.582101617,
				"retransmits":	0,
				"omitted":	false,
				"sender":	true
			}
		}, {
			"streams":	[{
					"socket":	5,
					"start":	1.000351,
					"end":	2.000324,
					"seconds":	0.99997299909591675,
					"bytes":	2490368,
					"bits_per_second":	19923481.95202519,
					"retransmits":	0,
					"snd_cwnd":	264544,
					"snd_wnd":	-1,
					"rtt":	110,
					"rttvar":	44,
					"pmtu":	9500,
					"omitted":	false,
					"sender":	true
				}],
			"sum":	{
				"start":	1.000351,
				"end":	2.000324,
				"seconds":	0.99997299909591675,
				"bytes":	2490368,
				"bits_per_second":	19923481.95202519,
				"retransmits":	0,
				"omitted":	false,
				"sender":	true
			}
		}, {
			"streams":	[{
					"socket":	5,
					"start":	2.000324,
					"end":	3.000605,
					"seconds":	1.0002809762954712,
					"bytes":	2490368,
					"bits_per_second":	19917347.697428364,
					"retransmits":	0,
					"snd_cwnd":	264544,
					"snd_wnd":	-1,
					"rtt":	136,
					"rttvar":	68,
					"pmtu":	9500,
					"omitted":	false,
					"sender":	true
				}],
			"sum":	{
				"start":	2.000324,
				"end":	3.000605,
				"seconds":	1.0002809762954712,
				"bytes":	2490368,
				"bits_per_second":	19917347.697428364,
				"retransmits":	0,
				"omitted":	false,
				"sender":	true
			}
		}],
	"end":	{
		"streams":	[{
				"sender":	{
					"socket":	5,
					"start":	0,
					"end":	3.000605,
					"seconds":	3.000605,
					"bytes":	7602176,
					"bits_per_second":	20268381.876321606,
					"retransmits":	0,
					"max_snd_cwnd":	264544,
					"max_snd_wnd":	0,
					"max_rtt":	136,
					"min_rtt":	110,
					"mean_rtt":	125,
					"sender":	true
				},
				"receiver":	{
					"socket":	5,
					"start":	0,
					"end":	3.00092,
					"seconds":	3.000605,
					"bytes":	7602176,
					"bits_per_second":	20266254.348666411,
					"sender":	true
				}
			}],
		"sum_sent":	{
			"start":	0,
			"end":	3.000605,
			"seconds":	3.000605,
			"bytes":	7602176,
			"bits_per_second":	20268381.876321606,
			"retransmits":	0,
			"sender":	true
		},
		"sum_received":	{
			"start":	0,
			"end":	3.00092,
			"seconds":	3.00092,
			"bytes":	7602176,
			"bits_per_second":	20266254.348666411,
			"sender":	true
		},
		"cpu_utilization_percent":	{
			"host_total":	0.525585653537242,
			"host_user":	0,
			"host_system":	0.525585653537242,
			"remote_total":	0.18974118023412742,
			"remote_user":	0,
			"remote_system":	0.18977450323732975
		},
		"sender_tcp_congestion":	"cubic",
		"receiver_tcp_congestion":	"cubic"
	}
}
