{
	"start":	{
		"connected":	[{
				"socket":	5,
				"local_host":	"192.168.1.2",
				"local_port":	37828,
				"remote_host":	"192.168.4.2",
				"remote_port":	5203
			}],
		"version":	"iperf 3.19.1",
		"system_info":	"Linux h1 6.6.87.2-microsoft-standard-WSL2 #1 SMP PREEMPT_DYNAMIC Thu Jun  5 18:30:46 UTC 2025 x86_64",
		"timestamp":	{
			"time":	"Sun, 05 Apr 2026 07:07:25 UTC",
			"timesecs":	1775372845
		},
		"connecting_to":	{
			"host":	"192.168.4.2",
			"port":	5203
		},
		"cookie":	"fycjrr3snu4xfsrwdvk7no3jvs6hgpn77fm2",
		"tcp_mss_default":	9448,
		"target_bitrate":	20000000,
		"fq_rate":	0,
		"sock_bufsize":	0,
		"sndbuf_actual":	16384,
		"rcvbuf_actual":	131072,
		"test_start":	{
			"protocol":	"TCP",
			"num_streams":	1,
			"blksize":	131072,
			"omit":	0,
			"duration":	3,
			"bytes":	0,
			"blocks":	0,
			"reverse":	0,
			"tos":	0,
			"target_bitrate":	20000000,
			"bidir":	0,
			"fqrate":	0,
			"interval":	1
		}
	},
	"intervals":	[{
			"streams":	[{
					"socket":	5,
					"start":	0,
					"end":	1.000335,
					"seconds":	1.0003349781036377,
					"bytes":	2621440,
					"bits_per_second":	20964497.352433164,
					"retransmits":	0,
					"snd_cwnd":	359024,
					"snd_wnd":	-1,
					"rtt":	142,
					"rttvar":	74,
					"pmtu":	9500,
					"omitted":	false,
					"sender":	true
				}],
			"sum":	{
				"start":	0,
				"end":	1.000335,
				"seconds":	1.0003349781036377,
				"bytes":	2621440,
				"bits_per_second":	20964497.352433164,
				"retransmits":	0,
				"omitted":	false,
				"sender":	true
			}
		}, {
			"streams":	[{
					"socket":	5,
					"start":	1.000335,
					"end":	2.000274,
					"seconds":	0.99993902444839478,
					"bytes":	2490368,
					"bits_per_second":	19924158.886578381,
					"retransmits":	0,
					"snd_cwnd":	359024,
					"snd_wnd":	-1,
					"rtt":	137,
					"rttvar":	67,
					"pmtu":	9500,
					"omitted":	false,
					"sender":	true
				}],
			"sum":	{
				"start":	1.000335,
				"end":	2.000274,
				"seconds":	0.99993902444839478,
				"bytes":	2490368,
				"bits_per_second":	19924158.886578381,
				"retransmits":	0,
				"omitted":	false,
				"sender":	true
			}
		}, {
			"streams":	[{
					"socket":	5,
					"start":	2.000274,
					"end":	3.000484,
					"seconds":	1.0002100467681885,
					"bytes":	2490368,
					"bits_per_second":	19918760.128808621,
					"retransmits":	0,
					"snd_cwnd":	359024,
					"snd_wnd":	-1,
					"rtt":	168,
					"rttvar":	116,
					"pmtu":	9500,
					"omitted":	false,
					"sender":	true
				}],
			"sum":	{
				"start":	2.000274,
				"end":	3.000484,
				"seconds":	1.0002100467681885,
				"bytes":	2490368,
				"bits_per_second":	19918760.128808621,
				"retransmits":	0,
				"omitted":	false,
				"sender":	true
			}
		}],
	"end":	{
		"streams":	[{
				"sender":	{
					"socket":	5,
					"start":	0,
					"end":	3.000484,
					"seconds":	3.000484,
					"bytes":	7602176,
					"bits_per_second":	20269199.235856615,
					"retransmits":	0,
					"max_snd_cwnd":	359024,
					"max_snd_wnd":	0,
					"max_rtt":	168,
					"min_rtt":	137,
					"mean_rtt":	149,
					"sender":	true
				},
				"receiver":	{
					"socket":	5,
					"start":	0,
					"end":	3.000629,
					"seconds":	3.000484,
					"bytes":	7602176,
					"bits_per_second":	20268219.7632563,
					"sender":	true
				}
			}],
		"sum_sent":	{
			"start":	0,
			"end":	3.000484,
			"seconds":	3.000484,
			"bytes":	7602176,
			"bits_per_second":	20269199.235856615,
			"retransmits":	0,
			"sender":	true
		},
		"sum_received":	{
			"start":	0,
			"end":	3.000629,
			"seconds":	3.000629,
			"bytes":	7602176,
			"bits_per_second":	20268219.7632563,
			"sender":	true
		},
		"cpu_utilization_percent":	{
			"host_total":	0.60612138286162054,
			"host_user":	0,
			"host_system":	0.60612138286162054,
			"remote_total":	0.23031530635334987,
			"remote_user":	0,
			"remote_system":	0.23031530635334987
		},
		"sender_tcp_congestion":	"cubic",
		"receiver_tcp_congestion":	"cubic"
	}
}
