{
	"start":	{
		"connected":	[{
				"socket":	5,
				"local_host":	"192.168.1.2",
				"local_port":	53858,
				"remote_host":	"192.168.4.2",
				"remote_port":	5202
			}],
		"version":	"iperf 3.19.1",
		"system_info":	"Linux h1 6.6.87.2-microsoft-standard-WSL2 #1 SMP PREEMPT_DYNAMIC Thu Jun  5 18:30:46 UTC 2025 x86_64",
		"timestamp":	{
			"time":	"Sun, 05 Apr 2026 06:59:34 UTC",
			"timesecs":	1775372374
		},
		"connecting_to":	{
			"host":	"192.168.4.2",
			"port":	5202
		},
		"cookie":	"3vnplm2f5jnutyhxufu47wu2ili2rhrm2yvq",
		"tcp_mss_default":	9448,
		"target_bitrate":	20000000,
		"fq_rate":	0,
		"sock_bufsize":	0,
		"sndbuf_actual":	16384,
		"rcvbuf_actual":	131072,
		"test_start":	{
			"protocol":	"TCP",
			"num_streams":	1,
			"blksize":	131072,
			"omit":	0,
			"duration":	3,
			"bytes":	0,
			"blocks":	0,
			"reverse":	0,
			"tos":	0,
			"target_bitrate":	20000000,
			"bidir":	0,
			"fqrate":	0,
			"interval":	1
		}
	},
	"intervals":	[{
			"streams":	[{
					"socket":	5,
					"start":	0,
					"end":	1.001042,
					"seconds":	1.0010420083999634,
					"bytes":	2621440,
					"bits_per_second":	20949690.246786218,
					"retransmits":	0,
					"snd_cwnd":	359024,
					"snd_wnd":	-1,
					"rtt":	111,
					"rttvar":	49,
					"pmtu":	9500,
					"omitted":	false,
					"sender":	true
				}],
			"sum":	{
				"start":	0,
				"end":	1.001042,
				"seconds":	1.0010420083999634,
				"bytes":	2621440,
				"bits_per_second":	20949690.246786218,
				"retransmits":	0,
				"omitted":	false,
				"sender":	true
			}
		}, {
			"streams":	[{
					"socket":	5,
					"start":	1.001042,
					"end":	2.001512,
					"seconds":	1.0004700422286987,
					"bytes":	2490368,
					"bits_per_second":	19913583.774701159,
					"retransmits":	0,
					"snd_cwnd":	359024,
					"snd_wnd":	-1,
					"rtt":	132,
					"rttvar":	56,
					"pmtu":	9500,
					"omitted":	false,
					"sender":	true
				}],
			"sum":	{
				"start":	1.001042,
				"end":	2.001512,
				"seconds":	1.0004700422286987,
				"bytes":	2490368,
				"bits_per_second":	19913583.774701159,
				"retransmits":	0,
				"omitted":	false,
				"sender":	true
			}
		}, {
			"streams":	[{
					"socket":	5,
					"start":	2.001512,
					"end":	3.001771,
					"seconds":	1.0002590417861938,
					"bytes":	2490368,
					"bits_per_second":	19917784.461536061,
					"retransmits":	0,
					"snd_cwnd":	359024,
					"snd_wnd":	-1,
					"rtt":	113,
					"rttvar":	52,
					"pmtu":	9500,
					"omitted":	false,
					"sender":	true
				}],
			"sum":	{
				"start":	2.001512,
				"end":	3.001771,
				"seconds":	1.0002590417861938,
				"bytes":	2490368,
				"bits_per_second":	19917784.461536061,
				"retransmits":	0,
				"omitted":	false,
				"sender":	true
			}
		}],
	"end":	{
		"streams":	[{
				"sender":	{
					"socket":	5,
					"start":	0,
					"end":	3.001771,
					"seconds":	3.001771,
					"bytes":	7602176,
					"bits_per_second":	20260508.879591413,
					"retransmits":	0,
					"max_snd_cwnd":	359024,
					"max_snd_wnd":	0,
					"max_rtt":	132,
					"min_rtt":	111,
					"mean_rtt":	118,
					"sender":	true
				},
				"receiver":	{
					"socket":	5,
					"start":	0,
					"end":	3.002303,
					"seconds":	3.001771,
					"bytes":	7602176,
					"bits_per_second":	20256918.772022679,
					"sender":	true
				}
			}],
		"sum_sent":	{
			"start":	0,
			"end":	3.001771,
			"seconds":	3.001771,
			"bytes":	7602176,
			"bits_per_second":	20260508.879591413,
			"retransmits":	0,
			"sender":	true
		},
		"sum_received":	{
			"start":	0,
			"end":	3.002303,
			"seconds":	3.002303,
			"bytes":	7602176,
			"bits_per_second":	20256918.772022679,
			"sender":	true
		},
		"cpu_utilization_percent":	{
			"host_total":	0.50754187786499461,
			"host_user":	0.00862328433265768,
			"host_system":	0.49898518260054281,
			"remote_total":	0.20663992293969607,
			"remote_user":	0.088598032723983158,
			"remote_system":	0.11807519774681213
		},
		"sender_tcp_congestion":	"cubic",
		"receiver_tcp_congestion":	"cubic"
	}
}
