{
	"start":	{
		"connected":	[{
				"socket":	5,
				"local_host":	"192.168.1.2",
				"local_port":	43106,
				"remote_host":	"192.168.4.2",
				"remote_port":	5203
			}],
		"version":	"iperf 3.19.1",
		"system_info":	"Linux h1 6.6.87.2-microsoft-standard-WSL2 #1 SMP PREEMPT_DYNAMIC Thu Jun  5 18:30:46 UTC 2025 x86_64",
		"timestamp":	{
			"time":	"Sun, 05 Apr 2026 06:55:47 UTC",
			"timesecs":	1775372147
		},
		"connecting_to":	{
			"host":	"192.168.4.2",
			"port":	5203
		},
		"cookie":	"mye2grpygox2mqnkrsjeueuwnbj5pbolgycq",
		"tcp_mss_default":	9448,
		"target_bitrate":	20000000,
		"fq_rate":	0,
		"sock_bufsize":	0,
		"sndbuf_actual":	16384,
		"rcvbuf_actual":	131072,
		"test_start":	{
			"protocol":	"TCP",
			"num_streams":	1,
			"blksize":	131072,
			"omit":	0,
			"duration":	3,
			"bytes":	0,
			"blocks":	0,
			"reverse":	0,
			"tos":	0,
			"target_bitrate":	20000000,
			"bidir":	0,
			"fqrate":	0,
			"interval":	1
		}
	},
	"intervals":	[{
			"streams":	[{
					"socket":	5,
					"start":	0,
					"end":	1.001401,
					"seconds":	1.0014009475708008,
					"bytes":	2621440,
					"bits_per_second":	20942181.102257524,
					"retransmits":	0,
					"snd_cwnd":	349576,
					"snd_wnd":	-1,
					"rtt":	155,
					"rttvar":	71,
					"pmtu":	9500,
					"omitted":	false,
					"sender":	true
				}],
			"sum":	{
				"start":	0,
				"end":	1.001401,
				"seconds":	1.0014009475708008,
				"bytes":	2621440,
				"bits_per_second":	20942181.102257524,
				"retransmits":	0,
				"omitted":	false,
				"sender":	true
			}
		}, {
			"streams":	[{
					"socket":	5,
					"start":	1.001401,
					"end":	2.001102,
					"seconds":	0.99970102310180664,
					"bytes":	2490368,
					"bits_per_second":	19928902.281388488,
					"retransmits":	0,
					"snd_cwnd":	349576,
					"snd_wnd":	-1,
					"rtt":	128,
					"rttvar":	48,
					"pmtu":	9500,
					"omitted":	false,
					"sender":	true
				}],
			"sum":	{
				"start":	1.001401,
				"end":	2.001102,
				"seconds":	0.99970102310180664,
				"bytes":	2490368,
				"bits_per_second":	19928902.281388488,
				"retransmits":	0,
				"omitted":	false,
				"sender":	true
			}
		}, {
			"streams":	[{
					"socket":	5,
					"start":	2.001102,
					"end":	3.001794,
					"seconds":	1.0006920099258423,
					"bytes":	2490368,
					"bits_per_second":	19909166.659056686,
					"retransmits":	0,
					"snd_cwnd":	349576,
					"snd_wnd":	-1,
					"rtt":	140,
					"rttvar":	65,
					"pmtu":	9500,
					"omitted":	false,
					"sender":	true
				}],
			"sum":	{
				"start":	2.001102,
				"end":	3.001794,
				"seconds":	1.0006920099258423,
				"bytes":	2490368,
				"bits_per_second":	19909166.659056686,
				"retransmits":	0,
				"omitted":	false,
				"sender":	true
			}
		}],
	"end":	{
		"streams":	[{
				"sender":	{
					"socket":	5,
					"start":	0,
					"end":	3.001794,
					"seconds":	3.001794,
					"bytes":	7602176,
					"bits_per_second":	20260353.6418555,
					"retransmits":	0,
					"max_snd_cwnd":	349576,
					"max_snd_wnd":	0,
					"max_rtt":	155,
					"min_rtt":	128,
					"mean_rtt":	141,
					"sender":	true
				},
				"receiver":	{
					"socket":	5,
					"start":	0,
					"end":	3.002005,
					"seconds":	3.001794,
					"bytes":	7602176,
					"bits_per_second":	20258929.615373723,
					"sender":	true
				}
			}],
		"sum_sent":	{
			"start":	0,
			"end":	3.001794,
			"seconds":	3.001794,
			"bytes":	7602176,
			"bits_per_second":	20260353.6418555,
			"retransmits":	0,
			"sender":	true
		},
		"sum_received":	{
			"start":	0,
			"end":	3.002005,
			"seconds":	3.002005,
			"bytes":	7602176,
			"bits_per_second":	20258929.615373723,
			"sender":	true
		},
		"cpu_utilization_percent":	{
			"host_total":	0.60257314116975924,
			"host_user":	0.021846356836927268,
			"host_system":	0.580826691452513,
			"remote_total":	0.20812486425915142,
			"remote_user":	0.001798774435018274,
			"remote_system":	0.20632608982413314
		},
		"sender_tcp_congestion":	"cubic",
		"receiver_tcp_congestion":	"cubic"
	}
}
