{
	"start":	{
		"connected":	[{
				"socket":	5,
				"local_host":	"192.168.1.2",
				"local_port":	40524,
				"remote_host":	"192.168.4.2",
				"remote_port":	5202
			}],
		"version":	"iperf 3.19.1",
		"system_info":	"Linux h1 6.6.87.2-microsoft-standard-WSL2 #1 SMP PREEMPT_DYNAMIC Thu Jun  5 18:30:46 UTC 2025 x86_64",
		"timestamp":	{
			"time":	"Sun, 05 Apr 2026 07:04:55 UTC",
			"timesecs":	1775372695
		},
		"connecting_to":	{
			"host":	"192.168.4.2",
			"port":	5202
		},
		"cookie":	"likidkxjqjfwtbtjc6ovie64j2d74tcvohx2",
		"tcp_mss_default":	9448,
		"target_bitrate":	20000000,
		"fq_rate":	0,
		"sock_bufsize":	0,
		"sndbuf_actual":	16384,
		"rcvbuf_actual":	131072,
		"test_start":	{
			"protocol":	"TCP",
			"num_streams":	1,
			"blksize":	131072,
			"omit":	0,
			"duration":	3,
			"bytes":	0,
			"blocks":	0,
			"reverse":	0,
			"tos":	0,
			"target_bitrate":	20000000,
			"bidir":	0,
			"fqrate":	0,
			"interval":	1
		}
	},
	"intervals":	[{
			"streams":	[{
					"socket":	5,
					"start":	0,
					"end":	1.001098,
					"seconds":	1.0010980367660522,
					"bytes":	2621440,
					"bits_per_second":	20948517.757308178,
					"retransmits":	0,
					"snd_cwnd":	217304,
					"snd_wnd":	-1,
					"rtt":	114,
					"rttvar":	61,
					"pmtu":	9500,
					"omitted":	false,
					"sender":	true
				}],
			"sum":	{
				"start":	0,
				"end":	1.001098,
				"seconds":	1.0010980367660522,
				"bytes":	2621440,
				"bits_per_second":	20948517.757308178,
				"retransmits":	0,
				"omitted":	false,
				"sender":	true
			}
		}, {
			"streams":	[{
					"socket":	5,
					"start":	1.001098,
					"end":	2.001115,
					"seconds":	1.0000170469284058,
					"bytes":	2490368,
					"bits_per_second":	19922604.380789466,
					"retransmits":	0,
					"snd_cwnd":	217304,
					"snd_wnd":	-1,
					"rtt":	216,
					"rttvar":	123,
					"pmtu":	9500,
					"omitted":	false,
					"sender":	true
				}],
			"sum":	{
				"start":	1.001098,
				"end":	2.001115,
				"seconds":	1.0000170469284058,
				"bytes":	2490368,
				"bits_per_second":	19922604.380789466,
				"retransmits":	0,
				"omitted":	false,
				"sender":	true
			}
		}, {
			"streams":	[{
					"socket":	5,
					"start":	2.001115,
					"end":	3.001236,
					"seconds":	1.000120997428894,
					"bytes":	2490368,
					"bits_per_second":	19920533.666644137,
					"retransmits":	0,
					"snd_cwnd":	217304,
					"snd_wnd":	-1,
					"rtt":	129,
					"rttvar":	46,
					"pmtu":	9500,
					"omitted":	false,
					"sender":	true
				}],
			"sum":	{
				"start":	2.001115,
				"end":	3.001236,
				"seconds":	1.000120997428894,
				"bytes":	2490368,
				"bits_per_second":	19920533.666644137,
				"retransmits":	0,
				"omitted":	false,
				"sender":	true
			}
		}],
	"end":	{
		"streams":	[{
				"sender":	{
					"socket":	5,
					"start":	0,
					"end":	3.001236,
					"seconds":	3.001236,
					"bytes":	7602176,
					"bits_per_second":	20264120.515680872,
					"retransmits":	0,
					"max_snd_cwnd":	217304,
					"max_snd_wnd":	0,
					"max_rtt":	216,
					"min_rtt":	114,
					"mean_rtt":	153,
					"sender":	true
				},
				"receiver":	{
					"socket":	5,
					"start":	0,
					"end":	3.001389,
					"seconds":	3.001236,
					"bytes":	7602176,
					"bits_per_second":	20263087.523809809,
					"sender":	true
				}
			}],
		"sum_sent":	{
			"start":	0,
			"end":	3.001236,
			"seconds":	3.001236,
			"bytes":	7602176,
			"bits_per_second":	20264120.515680872,
			"retransmits":	0,
			"sender":	true
		},
		"sum_received":	{
			"start":	0,
			"end":	3.001389,
			"seconds":	3.001389,
			"bytes":	7602176,
			"bits_per_second":	20263087.523809809,
			"sender":	true
		},
		"cpu_utilization_percent":	{
			"host_total":	0.56442735404277,
			"host_user":	0,
			"host_system":	0.56442735404277,
			"remote_total":	0.19527378143796267,
			"remote_user":	0.0021656365455498335,
			"remote_system":	0.19310814489241285
		},
		"sender_tcp_congestion":	"cubic",
		"receiver_tcp_congestion":	"cubic"
	}
}
