{
	"start":	{
		"connected":	[{
				"socket":	5,
				"local_host":	"192.168.1.2",
				"local_port":	33774,
				"remote_host":	"192.168.4.2",
				"remote_port":	5203
			}],
		"version":	"iperf 3.19.1",
		"system_info":	"Linux h1 6.6.87.2-microsoft-standard-WSL2 #1 SMP PREEMPT_DYNAMIC Thu Jun  5 18:30:46 UTC 2025 x86_64",
		"timestamp":	{
			"time":	"Sun, 05 Apr 2026 07:00:26 UTC",
			"timesecs":	1775372426
		},
		"connecting_to":	{
			"host":	"192.168.4.2",
			"port":	5203
		},
		"cookie":	"5nmqjknb3ydc2ncowg7txnlcbqum4qplpd7p",
		"tcp_mss_default":	9448,
		"target_bitrate":	20000000,
		"fq_rate":	0,
		"sock_bufsize":	0,
		"sndbuf_actual":	16384,
		"rcvbuf_actual":	131072,
		"test_start":	{
			"protocol":	"TCP",
			"num_streams":	1,
			"blksize":	131072,
			"omit":	0,
			"duration":	3,
			"bytes":	0,
			"blocks":	0,
			"reverse":	0,
			"tos":	0,
			"target_bitrate":	20000000,
			"bidir":	0,
			"fqrate":	0,
			"interval":	1
		}
	},
	"intervals":	[{
			"streams":	[{
					"socket":	5,
					"start":	0,
					"end":	1.001042,
					"seconds":	1.0010420083999634,
					"bytes":	2621440,
					"bits_per_second":	20949690.246786218,
					"retransmits":	0,
					"snd_cwnd":	340128,
					"snd_wnd":	-1,
					"rtt":	125,
					"rttvar":	29,
					"pmtu":	9500,
					"omitted":	false,
					"sender":	true
				}],
			"sum":	{
				"start":	0,
				"end":	1.001042,
				"seconds":	1.0010420083999634,
				"bytes":	2621440,
				"bits_per_second":	20949690.246786218,
				"retransmits":	0,
				"omitted":	false,
				"sender":	true
			}
		}, {
			"streams":	[{
					"socket":	5,
					"start":	1.001042,
					"end":	2.001282,
					"seconds":	1.0002399682998657,
					"bytes":	2490368,
					"bits_per_second":	19918164.271983206,
					"retransmits":	0,
					"snd_cwnd":	340128,
					"snd_wnd":	-1,
					"rtt":	113,
					"rttvar":	57,
					"pmtu":	9500,
					"omitted":	false,
					"sender":	true
				}],
			"sum":	{
				"start":	1.001042,
				"end":	2.001282,
				"seconds":	1.0002399682998657,
				"bytes":	2490368,
				"bits_per_second":	19918164.271983206,
				"retransmits":	0,
				"omitted":	false,
				"sender":	true
			}
		}, {
			"streams":	[{
					"socket":	5,
					"start":	2.001282,
					"end":	3.001283,
					"seconds":	1.0000009536743164,
					"bytes":	2490368,
					"bits_per_second":	19922925.00001812,
					"retransmits":	0,
					"snd_cwnd":	340128,
					"snd_wnd":	-1,
					"rtt":	135,
					"rttvar":	58,
					"pmtu":	9500,
					"omitted":	false,
					"sender":	true
				}],
			"sum":	{
				"start":	2.001282,
				"end":	3.001283,
				"seconds":	1.0000009536743164,
				"bytes":	2490368,
				"bits_per_second":	19922925.00001812,
				"retransmits":	0,
				"omitted":	false,
				"sender":	true
			}
		}],
	"end":	{
		"streams":	[{
				"sender":	{
					"socket":	5,
					"start":	0,
					"end":	3.001283,
					"seconds":	3.001283,
					"bytes":	7602176,
					"bits_per_second":	20263803.180173282,
					"retransmits":	0,
					"max_snd_cwnd":	340128,
					"max_snd_wnd":	0,
					"max_rtt":	135,
					"min_rtt":	113,
					"mean_rtt":	124,
					"sender":	true
				},
				"receiver":	{
					"socket":	5,
					"start":	0,
					"end":	3.001482,
					"seconds":	3.001283,
					"bytes":	7602176,
					"bits_per_second":	20262459.678252276,
					"sender":	true
				}
			}],
		"sum_sent":	{
			"start":	0,
			"end":	3.001283,
			"seconds":	3.001283,
			"bytes":	7602176,
			"bits_per_second":	20263803.180173282,
			"retransmits":	0,
			"sender":	true
		},
		"sum_received":	{
			"start":	0,
			"end":	3.001482,
			"seconds":	3.001482,
			"bytes":	7602176,
			"bits_per_second":	20262459.678252276,
			"sender":	true
		},
		"cpu_utilization_percent":	{
			"host_total":	0.48954121082346375,
			"host_user":	0.0664134694776151,
			"host_system":	0.42316104800055154,
			"remote_total":	0.169681656156932,
			"remote_user":	0.10991160095458841,
			"remote_system":	0.05987000512743116
		},
		"sender_tcp_congestion":	"cubic",
		"receiver_tcp_congestion":	"cubic"
	}
}
