{
	"start":	{
		"connected":	[{
				"socket":	5,
				"local_host":	"192.168.1.2",
				"local_port":	40644,
				"remote_host":	"192.168.4.2",
				"remote_port":	5204
			}],
		"version":	"iperf 3.19.1",
		"system_info":	"Linux h1 6.6.87.2-microsoft-standard-WSL2 #1 SMP PREEMPT_DYNAMIC Thu Jun  5 18:30:46 UTC 2025 x86_64",
		"timestamp":	{
			"time":	"Sun, 05 Apr 2026 06:59:41 UTC",
			"timesecs":	1775372381
		},
		"connecting_to":	{
			"host":	"192.168.4.2",
			"port":	5204
		},
		"cookie":	"mi3atjdziteu4izjloibi2kvwz6hcj7tg2zw",
		"tcp_mss_default":	9448,
		"target_bitrate":	20000000,
		"fq_rate":	0,
		"sock_bufsize":	0,
		"sndbuf_actual":	16384,
		"rcvbuf_actual":	131072,
		"test_start":	{
			"protocol":	"TCP",
			"num_streams":	1,
			"blksize":	131072,
			"omit":	0,
			"duration":	3,
			"bytes":	0,
			"blocks":	0,
			"reverse":	0,
			"tos":	0,
			"target_bitrate":	20000000,
			"bidir":	0,
			"fqrate":	0,
			"interval":	1
		}
	},
	"intervals":	[{
			"streams":	[{
					"socket":	5,
					"start":	0,
					"end":	1.000539,
					"seconds":	1.0005389451980591,
					"bytes":	2621440,
					"bits_per_second":	20960223.588146925,
					"retransmits":	0,
					"snd_cwnd":	340128,
					"snd_wnd":	-1,
					"rtt":	137,
					"rttvar":	68,
					"pmtu":	9500,
					"omitted":	false,
					"sender":	true
				}],
			"sum":	{
				"start":	0,
				"end":	1.000539,
				"seconds":	1.0005389451980591,
				"bytes":	2621440,
				"bits_per_second":	20960223.588146925,
				"retransmits":	0,
				"omitted":	false,
				"sender":	true
			}
		}, {
			"streams":	[{
					"socket":	5,
					"start":	1.000539,
					"end":	2.000668,
					"seconds":	1.0001289844512939,
					"bytes":	2490368,
					"bits_per_second":	19920374.581415046,
					"retransmits":	0,
					"snd_cwnd":	340128,
					"snd_wnd":	-1,
					"rtt":	115,
					"rttvar":	71,
					"pmtu":	9500,
					"omitted":	false,
					"sender":	true
				}],
			"sum":	{
				"start":	1.000539,
				"end":	2.000668,
				"seconds":	1.0001289844512939,
				"bytes":	2490368,
				"bits_per_second":	19920374.581415046,
				"retransmits":	0,
				"omitted":	false,
				"sender":	true
			}
		}, {
			"streams":	[{
					"socket":	5,
					"start":	2.000668,
					"end":	3.00072,
					"seconds":	1.0000519752502441,
					"bytes":	2490368,
					"bits_per_second":	19921908.553817574,
					"retransmits":	0,
					"snd_cwnd":	340128,
					"snd_wnd":	-1,
					"rtt":	127,
					"rttvar":	78,
					"pmtu":	9500,
					"omitted":	false,
					"sender":	true
				}],
			"sum":	{
				"start":	2.000668,
				"end":	3.00072,
				"seconds":	1.0000519752502441,
				"bytes":	2490368,
				"bits_per_second":	19921908.553817574,
				"retransmits":	0,
				"omitted":	false,
				"sender":	true
			}
		}],
	"end":	{
		"streams":	[{
				"sender":	{
					"socket":	5,
					"start":	0,
					"end":	3.00072,
					"seconds":	3.00072,
					"bytes":	7602176,
					"bits_per_second":	20267605.108107388,
					"retransmits":	0,
					"max_snd_cwnd":	340128,
					"max_snd_wnd":	0,
					"max_rtt":	137,
					"min_rtt":	115,
					"mean_rtt":	126,
					"sender":	true
				},
				"receiver":	{
					"socket":	5,
					"start":	0,
					"end":	3.000864,
					"seconds":	3.00072,
					"bytes":	7602176,
					"bits_per_second":	20266632.5431609,
					"sender":	true
				}
			}],
		"sum_sent":	{
			"start":	0,
			"end":	3.00072,
			"seconds":	3.00072,
			"bytes":	7602176,
			"bits_per_second":	20267605.108107388,
			"retransmits":	0,
			"sender":	true
		},
		"sum_received":	{
			"start":	0,
			"end":	3.000864,
			"seconds":	3.000864,
			"bytes":	7602176,
			"bits_per_second":	20266632.5431609,
			"sender":	true
		},
		"cpu_utilization_percent":	{
			"host_total":	0.590957638541405,
			"host_user":	0.035212933307303969,
			"host_system":	0.555744705234101,
			"remote_total":	0.20387319074206439,
			"remote_user":	0.0045319963943969864,
			"remote_system":	0.19930787084476748
		},
		"sender_tcp_congestion":	"cubic",
		"receiver_tcp_congestion":	"cubic"
	}
}
