{
	"start":	{
		"connected":	[{
				"socket":	5,
				"local_host":	"192.168.1.2",
				"local_port":	35706,
				"remote_host":	"192.168.4.2",
				"remote_port":	5202
			}],
		"version":	"iperf 3.19.1",
		"system_info":	"Linux h1 6.6.87.2-microsoft-standard-WSL2 #1 SMP PREEMPT_DYNAMIC Thu Jun  5 18:30:46 UTC 2025 x86_64",
		"timestamp":	{
			"time":	"Sun, 05 Apr 2026 07:09:41 UTC",
			"timesecs":	1775372981
		},
		"connecting_to":	{
			"host":	"192.168.4.2",
			"port":	5202
		},
		"cookie":	"hxn45emquacnhrecje3xnaw4ihbp5fhgwgdu",
		"tcp_mss_default":	9448,
		"target_bitrate":	20000000,
		"fq_rate":	0,
		"sock_bufsize":	0,
		"sndbuf_actual":	16384,
		"rcvbuf_actual":	131072,
		"test_start":	{
			"protocol":	"TCP",
			"num_streams":	1,
			"blksize":	131072,
			"omit":	0,
			"duration":	3,
			"bytes":	0,
			"blocks":	0,
			"reverse":	0,
			"tos":	0,
			"target_bitrate":	20000000,
			"bidir":	0,
			"fqrate":	0,
			"interval":	1
		}
	},
	"intervals":	[{
			"streams":	[{
					"socket":	5,
					"start":	0,
					"end":	1.001189,
					"seconds":	1.0011889934539795,
					"bytes":	2621440,
					"bits_per_second":	20946614.612342894,
					"retransmits":	0,
					"snd_cwnd":	264544,
					"snd_wnd":	-1,
					"rtt":	146,
					"rttvar":	58,
					"pmtu":	9500,
					"omitted":	false,
					"sender":	true
				}],
			"sum":	{
				"start":	0,
				"end":	1.001189,
				"seconds":	1.0011889934539795,
				"bytes":	2621440,
				"bits_per_second":	20946614.612342894,
				"retransmits":	0,
				"omitted":	false,
				"sender":	true
			}
		}, {
			"streams":	[{
					"socket":	5,
					"start":	1.001189,
					"end":	2.001238,
					"seconds":	1.0000489950180054,
					"bytes":	2490368,
					"bits_per_second":	19921967.922822919,
					"retransmits":	0,
					"snd_cwnd":	264544,
					"snd_wnd":	-1,
					"rtt":	131,
					"rttvar":	75,
					"pmtu":	9500,
					"omitted":	false,
					"sender":	true
				}],
			"sum":	{
				"start":	1.001189,
				"end":	2.001238,
				"seconds":	1.0000489950180054,
				"bytes":	2490368,
				"bits_per_second":	19921967.922822919,
				"retransmits":	0,
				"omitted":	false,
				"sender":	true
			}
		}, {
			"streams":	[{
					"socket":	5,
					"start":	2.001238,
					"end":	3.001811,
					"seconds":	1.0005730390548706,
					"bytes":	2490368,
					"bits_per_second":	19911533.913425226,
					"retransmits":	0,
					"snd_cwnd":	264544,
					"snd_wnd":	-1,
					"rtt":	148,
					"rttvar":	80,
					"pmtu":	9500,
					"omitted":	false,
					"sender":	true
				}],
			"sum":	{
				"start":	2.001238,
				"end":	3.001811,
				"seconds":	1.0005730390548706,
				"bytes":	2490368,
				"bits_per_second":	19911533.913425226,
				"retransmits":	0,
				"omitted":	false,
				"sender":	true
			}
		}],
	"end":	{
		"streams":	[{
				"sender":	{
					"socket":	5,
					"start":	0,
					"end":	3.001811,
					"seconds":	3.001811,
					"bytes":	7602176,
					"bits_per_second":	20260238.90244922,
					"retransmits":	0,
					"max_snd_cwnd":	264544,
					"max_snd_wnd":	0,
					"max_rtt":	148,
					"min_rtt":	131,
					"mean_rtt":	141,
					"sender":	true
				},
				"receiver":	{
					"socket":	5,
					"start":	0,
					"end":	3.002015,
					"seconds":	3.001811,
					"bytes":	7602176,
					"bits_per_second":	20258862.13093539,
					"sender":	true
				}
			}],
		"sum_sent":	{
			"start":	0,
			"end":	3.001811,
			"seconds":	3.001811,
			"bytes":	7602176,
			"bits_per_second":	20260238.90244922,
			"retransmits":	0,
			"sender":	true
		},
		"sum_received":	{
			"start":	0,
			"end":	3.002015,
			"seconds":	3.002015,
			"bytes":	7602176,
			"bits_per_second":	20258862.13093539,
			"sender":	true
		},
		"cpu_utilization_percent":	{
			"host_total":	0.546075767263427,
			"host_user":	0.10859574808184144,
			"host_system":	0.43751332054560954,
			"remote_total":	0.18657300597393375,
			"remote_user":	0.0054629482199116466,
			"remote_system":	0.18114336841389961
		},
		"sender_tcp_congestion":	"cubic",
		"receiver_tcp_congestion":	"cubic"
	}
}
