{
	"start":	{
		"connected":	[{
				"socket":	5,
				"local_host":	"192.168.1.2",
				"local_port":	54010,
				"remote_host":	"192.168.4.2",
				"remote_port":	5202
			}],
		"version":	"iperf 3.19.1",
		"system_info":	"Linux h1 6.6.87.2-microsoft-standard-WSL2 #1 SMP PREEMPT_DYNAMIC Thu Jun  5 18:30:46 UTC 2025 x86_64",
		"timestamp":	{
			"time":	"Sun, 05 Apr 2026 07:16:02 UTC",
			"timesecs":	1775373362
		},
		"connecting_to":	{
			"host":	"192.168.4.2",
			"port":	5202
		},
		"cookie":	"lvgyj4gsvqwvjcjrjo7pyuqks2ozb44djt2n",
		"tcp_mss_default":	9448,
		"target_bitrate":	20000000,
		"fq_rate":	0,
		"sock_bufsize":	0,
		"sndbuf_actual":	16384,
		"rcvbuf_actual":	131072,
		"test_start":	{
			"protocol":	"TCP",
			"num_streams":	1,
			"blksize":	131072,
			"omit":	0,
			"duration":	3,
			"bytes":	0,
			"blocks":	0,
			"reverse":	0,
			"tos":	0,
			"target_bitrate":	20000000,
			"bidir":	0,
			"fqrate":	0,
			"interval":	1
		}
	},
	"intervals":	[{
			"streams":	[{
					"socket":	5,
					"start":	0,
					"end":	1.001123,
					"seconds":	1.0011229515075684,
					"bytes":	2621440,
					"bits_per_second":	20947996.415844291,
					"retransmits":	0,
					"snd_cwnd":	340128,
					"snd_wnd":	-1,
					"rtt":	127,
					"rttvar":	59,
					"pmtu":	9500,
					"omitted":	false,
					"sender":	true
				}],
			"sum":	{
				"start":	0,
				"end":	1.001123,
				"seconds":	1.0011229515075684,
				"bytes":	2621440,
				"bits_per_second":	20947996.415844291,
				"retransmits":	0,
				"omitted":	false,
				"sender":	true
			}
		}, {
			"streams":	[{
					"socket":	5,
					"start":	1.001123,
					"end":	2.001094,
					"seconds":	0.99997097253799438,
					"bytes":	2490368,
					"bits_per_second":	19923522.329287432,
					"retransmits":	0,
					"snd_cwnd":	340128,
					"snd_wnd":	-1,
					"rtt":	109,
					"rttvar":	37,
					"pmtu":	9500,
					"omitted":	false,
					"sender":	true
				}],
			"sum":	{
				"start":	1.001123,
				"end":	2.001094,
				"seconds":	0.99997097253799438,
				"bytes":	2490368,
				"bits_per_second":	19923522.329287432,
				"retransmits":	0,
				"omitted":	false,
				"sender":	true
			}
		}, {
			"streams":	[{
					"socket":	5,
					"start":	2.001094,
					"end":	3.001314,
					"seconds":	1.0002199411392212,
					"bytes":	2490368,
					"bits_per_second":	19918563.088542655,
					"retransmits":	0,
					"snd_cwnd":	340128,
					"snd_wnd":	-1,
					"rtt":	135,
					"rttvar":	96,
					"pmtu":	9500,
					"omitted":	false,
					"sender":	true
				}],
			"sum":	{
				"start":	2.001094,
				"end":	3.001314,
				"seconds":	1.0002199411392212,
				"bytes":	2490368,
				"bits_per_second":	19918563.088542655,
				"retransmits":	0,
				"omitted":	false,
				"sender":	true
			}
		}],
	"end":	{
		"streams":	[{
				"sender":	{
					"socket":	5,
					"start":	0,
					"end":	3.001314,
					"seconds":	3.001314,
					"bytes":	7602176,
					"bits_per_second":	20263593.879214238,
					"retransmits":	0,
					"max_snd_cwnd":	340128,
					"max_snd_wnd":	0,
					"max_rtt":	135,
					"min_rtt":	109,
					"mean_rtt":	123,
					"sender":	true
				},
				"receiver":	{
					"socket":	5,
					"start":	0,
					"end":	3.001439,
					"seconds":	3.001314,
					"bytes":	7602176,
					"bits_per_second":	20262749.967598874,
					"sender":	true
				}
			}],
		"sum_sent":	{
			"start":	0,
			"end":	3.001314,
			"seconds":	3.001314,
			"bytes":	7602176,
			"bits_per_second":	20263593.879214238,
			"retransmits":	0,
			"sender":	true
		},
		"sum_received":	{
			"start":	0,
			"end":	3.001439,
			"seconds":	3.001439,
			"bytes":	7602176,
			"bits_per_second":	20262749.967598874,
			"sender":	true
		},
		"cpu_utilization_percent":	{
			"host_total":	0.4748642055575466,
			"host_user":	0,
			"host_system":	0.4748642055575466,
			"remote_total":	0.17121576184517218,
			"remote_user":	0,
			"remote_system":	0.17124907878657034
		},
		"sender_tcp_congestion":	"cubic",
		"receiver_tcp_congestion":	"cubic"
	}
}
