{
	"start":	{
		"connected":	[{
				"socket":	5,
				"local_host":	"192.168.1.2",
				"local_port":	48132,
				"remote_host":	"192.168.4.2",
				"remote_port":	5204
			}],
		"version":	"iperf 3.19.1",
		"system_info":	"Linux h1 6.6.87.2-microsoft-standard-WSL2 #1 SMP PREEMPT_DYNAMIC Thu Jun  5 18:30:46 UTC 2025 x86_64",
		"timestamp":	{
			"time":	"Sun, 05 Apr 2026 07:11:46 UTC",
			"timesecs":	1775373106
		},
		"connecting_to":	{
			"host":	"192.168.4.2",
			"port":	5204
		},
		"cookie":	"dunxcdah2ezc76jrwq3a6hfmxrhy7vjjs6do",
		"tcp_mss_default":	9448,
		"target_bitrate":	20000000,
		"fq_rate":	0,
		"sock_bufsize":	0,
		"sndbuf_actual":	16384,
		"rcvbuf_actual":	131072,
		"test_start":	{
			"protocol":	"TCP",
			"num_streams":	1,
			"blksize":	131072,
			"omit":	0,
			"duration":	3,
			"bytes":	0,
			"blocks":	0,
			"reverse":	0,
			"tos":	0,
			"target_bitrate":	20000000,
			"bidir":	0,
			"fqrate":	0,
			"interval":	1
		}
	},
	"intervals":	[{
			"streams":	[{
					"socket":	5,
					"start":	0,
					"end":	1.001587,
					"seconds":	1.0015870332717896,
					"bytes":	2621440,
					"bits_per_second":	20938290.236739907,
					"retransmits":	0,
					"snd_cwnd":	264544,
					"snd_wnd":	-1,
					"rtt":	151,
					"rttvar":	79,
					"pmtu":	9500,
					"omitted":	false,
					"sender":	true
				}],
			"sum":	{
				"start":	0,
				"end":	1.001587,
				"seconds":	1.0015870332717896,
				"bytes":	2621440,
				"bits_per_second":	20938290.236739907,
				"retransmits":	0,
				"omitted":	false,
				"sender":	true
			}
		}, {
			"streams":	[{
					"socket":	5,
					"start":	1.001587,
					"end":	2.001073,
					"seconds":	0.99948602914810181,
					"bytes":	2490368,
					"bits_per_second":	19933189.078171555,
					"retransmits":	0,
					"snd_cwnd":	264544,
					"snd_wnd":	-1,
					"rtt":	124,
					"rttvar":	62,
					"pmtu":	9500,
					"omitted":	false,
					"sender":	true
				}],
			"sum":	{
				"start":	1.001587,
				"end":	2.001073,
				"seconds":	0.99948602914810181,
				"bytes":	2490368,
				"bits_per_second":	19933189.078171555,
				"retransmits":	0,
				"omitted":	false,
				"sender":	true
			}
		}, {
			"streams":	[{
					"socket":	5,
					"start":	2.001073,
					"end":	3.00176,
					"seconds":	1.0006870031356812,
					"bytes":	2490368,
					"bits_per_second":	19909266.271642271,
					"retransmits":	0,
					"snd_cwnd":	264544,
					"snd_wnd":	-1,
					"rtt":	160,
					"rttvar":	120,
					"pmtu":	9500,
					"omitted":	false,
					"sender":	true
				}],
			"sum":	{
				"start":	2.001073,
				"end":	3.00176,
				"seconds":	1.0006870031356812,
				"bytes":	2490368,
				"bits_per_second":	19909266.271642271,
				"retransmits":	0,
				"omitted":	false,
				"sender":	true
			}
		}],
	"end":	{
		"streams":	[{
				"sender":	{
					"socket":	5,
					"start":	0,
					"end":	3.00176,
					"seconds":	3.00176,
					"bytes":	7602176,
					"bits_per_second":	20260583.12456692,
					"retransmits":	0,
					"max_snd_cwnd":	264544,
					"max_snd_wnd":	0,
					"max_rtt":	160,
					"min_rtt":	124,
					"mean_rtt":	145,
					"sender":	true
				},
				"receiver":	{
					"socket":	5,
					"start":	0,
					"end":	3.001928,
					"seconds":	3.00176,
					"bytes":	7602176,
					"bits_per_second":	20259449.260608517,
					"sender":	true
				}
			}],
		"sum_sent":	{
			"start":	0,
			"end":	3.00176,
			"seconds":	3.00176,
			"bytes":	7602176,
			"bits_per_second":	20260583.12456692,
			"retransmits":	0,
			"sender":	true
		},
		"sum_received":	{
			"start":	0,
			"end":	3.001928,
			"seconds":	3.001928,
			"bytes":	7602176,
			"bits_per_second":	20259449.260608517,
			"sender":	true
		},
		"cpu_utilization_percent":	{
			"host_total":	0.54590659952631482,
			"host_user":	0.24037204891616146,
			"host_system":	0.30553455061015344,
			"remote_total":	0.18684391021765367,
			"remote_user":	0,
			"remote_system":	0.18684391021765367
		},
		"sender_tcp_congestion":	"cubic",
		"receiver_tcp_congestion":	"cubic"
	}
}
