{
	"start":	{
		"connected":	[{
				"socket":	5,
				"local_host":	"192.168.1.2",
				"local_port":	35714,
				"remote_host":	"192.168.4.2",
				"remote_port":	5202
			}],
		"version":	"iperf 3.19.1",
		"system_info":	"Linux h1 6.6.87.2-microsoft-standard-WSL2 #1 SMP PREEMPT_DYNAMIC Thu Jun  5 18:30:46 UTC 2025 x86_64",
		"timestamp":	{
			"time":	"Sun, 05 Apr 2026 07:07:55 UTC",
			"timesecs":	1775372875
		},
		"connecting_to":	{
			"host":	"192.168.4.2",
			"port":	5202
		},
		"cookie":	"5xv3bl67vb4njhpcuhcegzrlq5u5muci7nlw",
		"tcp_mss_default":	9448,
		"target_bitrate":	20000000,
		"fq_rate":	0,
		"sock_bufsize":	0,
		"sndbuf_actual":	16384,
		"rcvbuf_actual":	131072,
		"test_start":	{
			"protocol":	"TCP",
			"num_streams":	1,
			"blksize":	131072,
			"omit":	0,
			"duration":	3,
			"bytes":	0,
			"blocks":	0,
			"reverse":	0,
			"tos":	0,
			"target_bitrate":	20000000,
			"bidir":	0,
			"fqrate":	0,
			"interval":	1
		}
	},
	"intervals":	[{
			"streams":	[{
					"socket":	5,
					"start":	0,
					"end":	1.001123,
					"seconds":	1.0011229515075684,
					"bytes":	2621440,
					"bits_per_second":	20947996.415844291,
					"retransmits":	0,
					"snd_cwnd":	349576,
					"snd_wnd":	-1,
					"rtt":	157,
					"rttvar":	89,
					"pmtu":	9500,
					"omitted":	false,
					"sender":	true
				}],
			"sum":	{
				"start":	0,
				"end":	1.001123,
				"seconds":	1.0011229515075684,
				"bytes":	2621440,
				"bits_per_second":	20947996.415844291,
				"retransmits":	0,
				"omitted":	false,
				"sender":	true
			}
		}, {
			"streams":	[{
					"socket":	5,
					"start":	1.001123,
					"end":	2.001056,
					"seconds":	0.99993300437927246,
					"bytes":	2490368,
					"bits_per_second":	19924278.8394284,
					"retransmits":	0,
					"snd_cwnd":	349576,
					"snd_wnd":	-1,
					"rtt":	138,
					"rttvar":	49,
					"pmtu":	9500,
					"omitted":	false,
					"sender":	true
				}],
			"sum":	{
				"start":	1.001123,
				"end":	2.001056,
				"seconds":	0.99993300437927246,
				"bytes":	2490368,
				"bits_per_second":	19924278.8394284,
				"retransmits":	0,
				"omitted":	false,
				"sender":	true
			}
		}, {
			"streams":	[{
					"socket":	5,
					"start":	2.001056,
					"end":	3.001328,
					"seconds":	1.0002720355987549,
					"bytes":	2490368,
					"bits_per_second":	19917525.723963965,
					"retransmits":	0,
					"snd_cwnd":	349576,
					"snd_wnd":	-1,
					"rtt":	117,
					"rttvar":	45,
					"pmtu":	9500,
					"omitted":	false,
					"sender":	true
				}],
			"sum":	{
				"start":	2.001056,
				"end":	3.001328,
				"seconds":	1.0002720355987549,
				"bytes":	2490368,
				"bits_per_second":	19917525.723963965,
				"retransmits":	0,
				"omitted":	false,
				"sender":	true
			}
		}],
	"end":	{
		"streams":	[{
				"sender":	{
					"socket":	5,
					"start":	0,
					"end":	3.001328,
					"seconds":	3.001328,
					"bytes":	7602176,
					"bits_per_second":	20263499.3576177,
					"retransmits":	0,
					"max_snd_cwnd":	349576,
					"max_snd_wnd":	0,
					"max_rtt":	157,
					"min_rtt":	117,
					"mean_rtt":	137,
					"sender":	true
				},
				"receiver":	{
					"socket":	5,
					"start":	0,
					"end":	3.001641,
					"seconds":	3.001328,
					"bytes":	7602176,
					"bits_per_second":	20261386.354997151,
					"sender":	true
				}
			}],
		"sum_sent":	{
			"start":	0,
			"end":	3.001328,
			"seconds":	3.001328,
			"bytes":	7602176,
			"bits_per_second":	20263499.3576177,
			"retransmits":	0,
			"sender":	true
		},
		"sum_received":	{
			"start":	0,
			"end":	3.001641,
			"seconds":	3.001641,
			"bytes":	7602176,
			"bits_per_second":	20261386.354997151,
			"sender":	true
		},
		"cpu_utilization_percent":	{
			"host_total":	0.57835657473023072,
			"host_user":	0.0446298767715813,
			"host_system":	0.53372669795864947,
			"remote_total":	0.19592479099911983,
			"remote_user":	0,
			"remote_system":	0.19592479099911983
		},
		"sender_tcp_congestion":	"cubic",
		"receiver_tcp_congestion":	"cubic"
	}
}
