{
	"start":	{
		"connected":	[{
				"socket":	5,
				"local_host":	"192.168.1.2",
				"local_port":	51818,
				"remote_host":	"192.168.4.2",
				"remote_port":	5202
			}],
		"version":	"iperf 3.19.1",
		"system_info":	"Linux h1 6.6.87.2-microsoft-standard-WSL2 #1 SMP PREEMPT_DYNAMIC Thu Jun  5 18:30:46 UTC 2025 x86_64",
		"timestamp":	{
			"time":	"Sun, 05 Apr 2026 07:03:09 UTC",
			"timesecs":	1775372589
		},
		"connecting_to":	{
			"host":	"192.168.4.2",
			"port":	5202
		},
		"cookie":	"4rff74w2im24sbikreinsuqzw22u3iyc3iwr",
		"tcp_mss_default":	9448,
		"target_bitrate":	20000000,
		"fq_rate":	0,
		"sock_bufsize":	0,
		"sndbuf_actual":	16384,
		"rcvbuf_actual":	131072,
		"test_start":	{
			"protocol":	"TCP",
			"num_streams":	1,
			"blksize":	131072,
			"omit":	0,
			"duration":	3,
			"bytes":	0,
			"blocks":	0,
			"reverse":	0,
			"tos":	0,
			"target_bitrate":	20000000,
			"bidir":	0,
			"fqrate":	0,
			"interval":	1
		}
	},
	"intervals":	[{
			"streams":	[{
					"socket":	5,
					"start":	0,
					"end":	1.001176,
					"seconds":	1.0011759996414185,
					"bytes":	2621440,
					"bits_per_second":	20946886.4690236,
					"retransmits":	0,
					"snd_cwnd":	264544,
					"snd_wnd":	-1,
					"rtt":	129,
					"rttvar":	43,
					"pmtu":	9500,
					"omitted":	false,
					"sender":	true
				}],
			"sum":	{
				"start":	0,
				"end":	1.001176,
				"seconds":	1.0011759996414185,
				"bytes":	2621440,
				"bits_per_second":	20946886.4690236,
				"retransmits":	0,
				"omitted":	false,
				"sender":	true
			}
		}, {
			"streams":	[{
					"socket":	5,
					"start":	1.001176,
					"end":	2.001565,
					"seconds":	1.0003889799118042,
					"bytes":	2490368,
					"bits_per_second":	19915197.388276346,
					"retransmits":	0,
					"snd_cwnd":	264544,
					"snd_wnd":	-1,
					"rtt":	130,
					"rttvar":	91,
					"pmtu":	9500,
					"omitted":	false,
					"sender":	true
				}],
			"sum":	{
				"start":	1.001176,
				"end":	2.001565,
				"seconds":	1.0003889799118042,
				"bytes":	2490368,
				"bits_per_second":	19915197.388276346,
				"retransmits":	0,
				"omitted":	false,
				"sender":	true
			}
		}, {
			"streams":	[{
					"socket":	5,
					"start":	2.001565,
					"end":	3.001218,
					"seconds":	0.99965298175811768,
					"bytes":	2490368,
					"bits_per_second":	19929860.024986833,
					"retransmits":	0,
					"snd_cwnd":	264544,
					"snd_wnd":	-1,
					"rtt":	140,
					"rttvar":	80,
					"pmtu":	9500,
					"omitted":	false,
					"sender":	true
				}],
			"sum":	{
				"start":	2.001565,
				"end":	3.001218,
				"seconds":	0.99965298175811768,
				"bytes":	2490368,
				"bits_per_second":	19929860.024986833,
				"retransmits":	0,
				"omitted":	false,
				"sender":	true
			}
		}],
	"end":	{
		"streams":	[{
				"sender":	{
					"socket":	5,
					"start":	0,
					"end":	3.001218,
					"seconds":	3.001218,
					"bytes":	7602176,
					"bits_per_second":	20264242.0510606,
					"retransmits":	0,
					"max_snd_cwnd":	264544,
					"max_snd_wnd":	0,
					"max_rtt":	140,
					"min_rtt":	129,
					"mean_rtt":	133,
					"sender":	true
				},
				"receiver":	{
					"socket":	5,
					"start":	0,
					"end":	3.001392,
					"seconds":	3.001218,
					"bytes":	7602176,
					"bits_per_second":	20263067.27012,
					"sender":	true
				}
			}],
		"sum_sent":	{
			"start":	0,
			"end":	3.001218,
			"seconds":	3.001218,
			"bytes":	7602176,
			"bits_per_second":	20264242.0510606,
			"retransmits":	0,
			"sender":	true
		},
		"sum_received":	{
			"start":	0,
			"end":	3.001392,
			"seconds":	3.001392,
			"bytes":	7602176,
			"bits_per_second":	20263067.27012,
			"sender":	true
		},
		"cpu_utilization_percent":	{
			"host_total":	0.58838713975235446,
			"host_user":	0,
			"host_system":	0.58835383167764443,
			"remote_total":	0.20993319519922332,
			"remote_user":	0,
			"remote_system":	0.20993319519922332
		},
		"sender_tcp_congestion":	"cubic",
		"receiver_tcp_congestion":	"cubic"
	}
}
