{
	"start":	{
		"connected":	[{
				"socket":	5,
				"local_host":	"192.168.1.2",
				"local_port":	50538,
				"remote_host":	"192.168.4.2",
				"remote_port":	5202
			}],
		"version":	"iperf 3.19.1",
		"system_info":	"Linux h1 6.6.87.2-microsoft-standard-WSL2 #1 SMP PREEMPT_DYNAMIC Thu Jun  5 18:30:46 UTC 2025 x86_64",
		"timestamp":	{
			"time":	"Sun, 05 Apr 2026 06:58:22 UTC",
			"timesecs":	1775372302
		},
		"connecting_to":	{
			"host":	"192.168.4.2",
			"port":	5202
		},
		"cookie":	"pk77k23yvpwrctj2lq4hdn3qx6o6gd74dl25",
		"tcp_mss_default":	9448,
		"target_bitrate":	20000000,
		"fq_rate":	0,
		"sock_bufsize":	0,
		"sndbuf_actual":	16384,
		"rcvbuf_actual":	131072,
		"test_start":	{
			"protocol":	"TCP",
			"num_streams":	1,
			"blksize":	131072,
			"omit":	0,
			"duration":	3,
			"bytes":	0,
			"blocks":	0,
			"reverse":	0,
			"tos":	0,
			"target_bitrate":	20000000,
			"bidir":	0,
			"fqrate":	0,
			"interval":	1
		}
	},
	"intervals":	[{
			"streams":	[{
					"socket":	5,
					"start":	0,
					"end":	1.000076,
					"seconds":	1.0000760555267334,
					"bytes":	2621440,
					"bits_per_second":	20969925.121299341,
					"retransmits":	0,
					"snd_cwnd":	264544,
					"snd_wnd":	-1,
					"rtt":	122,
					"rttvar":	38,
					"pmtu":	9500,
					"omitted":	false,
					"sender":	true
				}],
			"sum":	{
				"start":	0,
				"end":	1.000076,
				"seconds":	1.0000760555267334,
				"bytes":	2621440,
				"bits_per_second":	20969925.121299341,
				"retransmits":	0,
				"omitted":	false,
				"sender":	true
			}
		}, {
			"streams":	[{
					"socket":	5,
					"start":	1.000076,
					"end":	2.001034,
					"seconds":	1.00095796585083,
					"bytes":	2490368,
					"bits_per_second":	19903876.765759271,
					"retransmits":	0,
					"snd_cwnd":	264544,
					"snd_wnd":	-1,
					"rtt":	123,
					"rttvar":	78,
					"pmtu":	9500,
					"omitted":	false,
					"sender":	true
				}],
			"sum":	{
				"start":	1.000076,
				"end":	2.001034,
				"seconds":	1.00095796585083,
				"bytes":	2490368,
				"bits_per_second":	19903876.765759271,
				"retransmits":	0,
				"omitted":	false,
				"sender":	true
			}
		}, {
			"streams":	[{
					"socket":	5,
					"start":	2.001034,
					"end":	3.000726,
					"seconds":	0.99969202280044556,
					"bytes":	2490368,
					"bits_per_second":	19929081.702772513,
					"retransmits":	0,
					"snd_cwnd":	264544,
					"snd_wnd":	-1,
					"rtt":	102,
					"rttvar":	51,
					"pmtu":	9500,
					"omitted":	false,
					"sender":	true
				}],
			"sum":	{
				"start":	2.001034,
				"end":	3.000726,
				"seconds":	0.99969202280044556,
				"bytes":	2490368,
				"bits_per_second":	19929081.702772513,
				"retransmits":	0,
				"omitted":	false,
				"sender":	true
			}
		}],
	"end":	{
		"streams":	[{
				"sender":	{
					"socket":	5,
					"start":	0,
					"end":	3.000726,
					"seconds":	3.000726,
					"bytes":	7602176,
					"bits_per_second":	20267564.582704321,
					"retransmits":	0,
					"max_snd_cwnd":	264544,
					"max_snd_wnd":	0,
					"max_rtt":	123,
					"min_rtt":	102,
					"mean_rtt":	115,
					"sender":	true
				},
				"receiver":	{
					"socket":	5,
					"start":	0,
					"end":	3.000883,
					"seconds":	3.000726,
					"bytes":	7602176,
					"bits_per_second":	20266504.2255896,
					"sender":	true
				}
			}],
		"sum_sent":	{
			"start":	0,
			"end":	3.000726,
			"seconds":	3.000726,
			"bytes":	7602176,
			"bits_per_second":	20267564.582704321,
			"retransmits":	0,
			"sender":	true
		},
		"sum_received":	{
			"start":	0,
			"end":	3.000883,
			"seconds":	3.000883,
			"bytes":	7602176,
			"bits_per_second":	20266504.2255896,
			"sender":	true
		},
		"cpu_utilization_percent":	{
			"host_total":	0.49719041610090786,
			"host_user":	0.063127359364235872,
			"host_system":	0.434063056736672,
			"remote_total":	0.17294638662014777,
			"remote_user":	0.083574092031470246,
			"remote_system":	0.089405617591879843
		},
		"sender_tcp_congestion":	"cubic",
		"receiver_tcp_congestion":	"cubic"
	}
}
