{
	"start":	{
		"connected":	[{
				"socket":	5,
				"local_host":	"192.168.1.2",
				"local_port":	55972,
				"remote_host":	"192.168.4.2",
				"remote_port":	5203
			}],
		"version":	"iperf 3.19.1",
		"system_info":	"Linux h1 6.6.87.2-microsoft-standard-WSL2 #1 SMP PREEMPT_DYNAMIC Thu Jun  5 18:30:46 UTC 2025 x86_64",
		"timestamp":	{
			"time":	"Sun, 05 Apr 2026 06:59:57 UTC",
			"timesecs":	1775372397
		},
		"connecting_to":	{
			"host":	"192.168.4.2",
			"port":	5203
		},
		"cookie":	"zfnrp4jkl3qtra7qvl746ah6vupwezb64hoy",
		"tcp_mss_default":	9448,
		"target_bitrate":	20000000,
		"fq_rate":	0,
		"sock_bufsize":	0,
		"sndbuf_actual":	16384,
		"rcvbuf_actual":	131072,
		"test_start":	{
			"protocol":	"TCP",
			"num_streams":	1,
			"blksize":	131072,
			"omit":	0,
			"duration":	3,
			"bytes":	0,
			"blocks":	0,
			"reverse":	0,
			"tos":	0,
			"target_bitrate":	20000000,
			"bidir":	0,
			"fqrate":	0,
			"interval":	1
		}
	},
	"intervals":	[{
			"streams":	[{
					"socket":	5,
					"start":	0,
					"end":	1.001049,
					"seconds":	1.0010490417480469,
					"bytes":	2621440,
					"bits_per_second":	20949543.054733079,
					"retransmits":	0,
					"snd_cwnd":	340128,
					"snd_wnd":	-1,
					"rtt":	137,
					"rttvar":	62,
					"pmtu":	9500,
					"omitted":	false,
					"sender":	true
				}],
			"sum":	{
				"start":	0,
				"end":	1.001049,
				"seconds":	1.0010490417480469,
				"bytes":	2621440,
				"bits_per_second":	20949543.054733079,
				"retransmits":	0,
				"omitted":	false,
				"sender":	true
			}
		}, {
			"streams":	[{
					"socket":	5,
					"start":	1.001049,
					"end":	2.001211,
					"seconds":	1.0001620054244995,
					"bytes":	2490368,
					"bits_per_second":	19919716.89780806,
					"retransmits":	0,
					"snd_cwnd":	340128,
					"snd_wnd":	-1,
					"rtt":	165,
					"rttvar":	127,
					"pmtu":	9500,
					"omitted":	false,
					"sender":	true
				}],
			"sum":	{
				"start":	1.001049,
				"end":	2.001211,
				"seconds":	1.0001620054244995,
				"bytes":	2490368,
				"bits_per_second":	19919716.89780806,
				"retransmits":	0,
				"omitted":	false,
				"sender":	true
			}
		}, {
			"streams":	[{
					"socket":	5,
					"start":	2.001211,
					"end":	3.001202,
					"seconds":	0.999990999698639,
					"bytes":	2490368,
					"bits_per_second":	19923123.314113881,
					"retransmits":	0,
					"snd_cwnd":	340128,
					"snd_wnd":	-1,
					"rtt":	118,
					"rttvar":	32,
					"pmtu":	9500,
					"omitted":	false,
					"sender":	true
				}],
			"sum":	{
				"start":	2.001211,
				"end":	3.001202,
				"seconds":	0.999990999698639,
				"bytes":	2490368,
				"bits_per_second":	19923123.314113881,
				"retransmits":	0,
				"omitted":	false,
				"sender":	true
			}
		}],
	"end":	{
		"streams":	[{
				"sender":	{
					"socket":	5,
					"start":	0,
					"end":	3.001202,
					"seconds":	3.001202,
					"bytes":	7602176,
					"bits_per_second":	20264350.083733115,
					"retransmits":	0,
					"max_snd_cwnd":	340128,
					"max_snd_wnd":	0,
					"max_rtt":	165,
					"min_rtt":	118,
					"mean_rtt":	140,
					"sender":	true
				},
				"receiver":	{
					"socket":	5,
					"start":	0,
					"end":	3.00143,
					"seconds":	3.001202,
					"bytes":	7602176,
					"bits_per_second":	20262810.72688685,
					"sender":	true
				}
			}],
		"sum_sent":	{
			"start":	0,
			"end":	3.001202,
			"seconds":	3.001202,
			"bytes":	7602176,
			"bits_per_second":	20264350.083733115,
			"retransmits":	0,
			"sender":	true
		},
		"sum_received":	{
			"start":	0,
			"end":	3.00143,
			"seconds":	3.00143,
			"bytes":	7602176,
			"bits_per_second":	20262810.72688685,
			"sender":	true
		},
		"cpu_utilization_percent":	{
			"host_total":	0.4894735702591928,
			"host_user":	0,
			"host_system":	0.48950687911052049,
			"remote_total":	0.17684697306148831,
			"remote_user":	0.001499267857529573,
			"remote_system":	0.17538102226745941
		},
		"sender_tcp_congestion":	"cubic",
		"receiver_tcp_congestion":	"cubic"
	}
}
