{
	"start":	{
		"connected":	[{
				"socket":	5,
				"local_host":	"192.168.1.2",
				"local_port":	48624,
				"remote_host":	"192.168.4.2",
				"remote_port":	5202
			}],
		"version":	"iperf 3.19.1",
		"system_info":	"Linux h1 6.6.87.2-microsoft-standard-WSL2 #1 SMP PREEMPT_DYNAMIC Thu Jun  5 18:30:46 UTC 2025 x86_64",
		"timestamp":	{
			"time":	"Sun, 05 Apr 2026 07:10:09 UTC",
			"timesecs":	1775373009
		},
		"connecting_to":	{
			"host":	"192.168.4.2",
			"port":	5202
		},
		"cookie":	"72p7ibxg6iprvmdd73x2ndpfin6a3oos5msf",
		"tcp_mss_default":	9448,
		"target_bitrate":	20000000,
		"fq_rate":	0,
		"sock_bufsize":	0,
		"sndbuf_actual":	16384,
		"rcvbuf_actual":	131072,
		"test_start":	{
			"protocol":	"TCP",
			"num_streams":	1,
			"blksize":	131072,
			"omit":	0,
			"duration":	3,
			"bytes":	0,
			"blocks":	0,
			"reverse":	0,
			"tos":	0,
			"target_bitrate":	20000000,
			"bidir":	0,
			"fqrate":	0,
			"interval":	1
		}
	},
	"intervals":	[{
			"streams":	[{
					"socket":	5,
					"start":	0,
					"end":	1.00153,
					"seconds":	1.0015300512313843,
					"bytes":	2621440,
					"bits_per_second":	20939481.520514987,
					"retransmits":	0,
					"snd_cwnd":	377920,
					"snd_wnd":	-1,
					"rtt":	138,
					"rttvar":	63,
					"pmtu":	9500,
					"omitted":	false,
					"sender":	true
				}],
			"sum":	{
				"start":	0,
				"end":	1.00153,
				"seconds":	1.0015300512313843,
				"bytes":	2621440,
				"bits_per_second":	20939481.520514987,
				"retransmits":	0,
				"omitted":	false,
				"sender":	true
			}
		}, {
			"streams":	[{
					"socket":	5,
					"start":	1.00153,
					"end":	2.001053,
					"seconds":	0.99952298402786255,
					"bytes":	2490368,
					"bits_per_second":	19932452.098014619,
					"retransmits":	0,
					"snd_cwnd":	377920,
					"snd_wnd":	-1,
					"rtt":	122,
					"rttvar":	65,
					"pmtu":	9500,
					"omitted":	false,
					"sender":	true
				}],
			"sum":	{
				"start":	1.00153,
				"end":	2.001053,
				"seconds":	0.99952298402786255,
				"bytes":	2490368,
				"bits_per_second":	19932452.098014619,
				"retransmits":	0,
				"omitted":	false,
				"sender":	true
			}
		}, {
			"streams":	[{
					"socket":	5,
					"start":	2.001053,
					"end":	3.00134,
					"seconds":	1.0002870559692383,
					"bytes":	2490368,
					"bits_per_second":	19917226.641201973,
					"retransmits":	0,
					"snd_cwnd":	377920,
					"snd_wnd":	-1,
					"rtt":	118,
					"rttvar":	60,
					"pmtu":	9500,
					"omitted":	false,
					"sender":	true
				}],
			"sum":	{
				"start":	2.001053,
				"end":	3.00134,
				"seconds":	1.0002870559692383,
				"bytes":	2490368,
				"bits_per_second":	19917226.641201973,
				"retransmits":	0,
				"omitted":	false,
				"sender":	true
			}
		}],
	"end":	{
		"streams":	[{
				"sender":	{
					"socket":	5,
					"start":	0,
					"end":	3.00134,
					"seconds":	3.00134,
					"bytes":	7602176,
					"bits_per_second":	20263418.339808218,
					"retransmits":	0,
					"max_snd_cwnd":	377920,
					"max_snd_wnd":	0,
					"max_rtt":	138,
					"min_rtt":	118,
					"mean_rtt":	126,
					"sender":	true
				},
				"receiver":	{
					"socket":	5,
					"start":	0,
					"end":	3.001529,
					"seconds":	3.00134,
					"bytes":	7602176,
					"bits_per_second":	20262142.394759469,
					"sender":	true
				}
			}],
		"sum_sent":	{
			"start":	0,
			"end":	3.00134,
			"seconds":	3.00134,
			"bytes":	7602176,
			"bits_per_second":	20263418.339808218,
			"retransmits":	0,
			"sender":	true
		},
		"sum_received":	{
			"start":	0,
			"end":	3.001529,
			"seconds":	3.001529,
			"bytes":	7602176,
			"bits_per_second":	20262142.394759469,
			"sender":	true
		},
		"cpu_utilization_percent":	{
			"host_total":	0.58962122756321866,
			"host_user":	0,
			"host_system":	0.58965453385184563,
			"remote_total":	0.20395979173579709,
			"remote_user":	0.016657937907203289,
			"remote_system":	0.18730185382859382
		},
		"sender_tcp_congestion":	"cubic",
		"receiver_tcp_congestion":	"cubic"
	}
}
