{
	"start":	{
		"connected":	[{
				"socket":	5,
				"local_host":	"192.168.1.2",
				"local_port":	53124,
				"remote_host":	"192.168.4.2",
				"remote_port":	5202
			}],
		"version":	"iperf 3.19.1",
		"system_info":	"Linux h1 6.6.87.2-microsoft-standard-WSL2 #1 SMP PREEMPT_DYNAMIC Thu Jun  5 18:30:46 UTC 2025 x86_64",
		"timestamp":	{
			"time":	"Sun, 05 Apr 2026 07:10:59 UTC",
			"timesecs":	1775373059
		},
		"connecting_to":	{
			"host":	"192.168.4.2",
			"port":	5202
		},
		"cookie":	"dyjp26vqxn5oxyrixtnxodxs6bmbzgtjusq7",
		"tcp_mss_default":	9448,
		"target_bitrate":	20000000,
		"fq_rate":	0,
		"sock_bufsize":	0,
		"sndbuf_actual":	16384,
		"rcvbuf_actual":	131072,
		"test_start":	{
			"protocol":	"TCP",
			"num_streams":	1,
			"blksize":	131072,
			"omit":	0,
			"duration":	3,
			"bytes":	0,
			"blocks":	0,
			"reverse":	0,
			"tos":	0,
			"target_bitrate":	20000000,
			"bidir":	0,
			"fqrate":	0,
			"interval":	1
		}
	},
	"intervals":	[{
			"streams":	[{
					"socket":	5,
					"start":	0,
					"end":	1.001042,
					"seconds":	1.0010420083999634,
					"bytes":	2621440,
					"bits_per_second":	20949690.246786218,
					"retransmits":	0,
					"snd_cwnd":	264544,
					"snd_wnd":	-1,
					"rtt":	134,
					"rttvar":	49,
					"pmtu":	9500,
					"omitted":	false,
					"sender":	true
				}],
			"sum":	{
				"start":	0,
				"end":	1.001042,
				"seconds":	1.0010420083999634,
				"bytes":	2621440,
				"bits_per_second":	20949690.246786218,
				"retransmits":	0,
				"omitted":	false,
				"sender":	true
			}
		}, {
			"streams":	[{
					"socket":	5,
					"start":	1.001042,
					"end":	2.001131,
					"seconds":	1.0000890493392944,
					"bytes":	2490368,
					"bits_per_second":	19921170.032970592,
					"retransmits":	0,
					"snd_cwnd":	264544,
					"snd_wnd":	-1,
					"rtt":	162,
					"rttvar":	84,
					"pmtu":	9500,
					"omitted":	false,
					"sender":	true
				}],
			"sum":	{
				"start":	1.001042,
				"end":	2.001131,
				"seconds":	1.0000890493392944,
				"bytes":	2490368,
				"bits_per_second":	19921170.032970592,
				"retransmits":	0,
				"omitted":	false,
				"sender":	true
			}
		}, {
			"streams":	[{
					"socket":	5,
					"start":	2.001131,
					"end":	3.001219,
					"seconds":	1.0000879764556885,
					"bytes":	2490368,
					"bits_per_second":	19921191.404187169,
					"retransmits":	0,
					"snd_cwnd":	264544,
					"snd_wnd":	-1,
					"rtt":	146,
					"rttvar":	61,
					"pmtu":	9500,
					"omitted":	false,
					"sender":	true
				}],
			"sum":	{
				"start":	2.001131,
				"end":	3.001219,
				"seconds":	1.0000879764556885,
				"bytes":	2490368,
				"bits_per_second":	19921191.404187169,
				"retransmits":	0,
				"omitted":	false,
				"sender":	true
			}
		}],
	"end":	{
		"streams":	[{
				"sender":	{
					"socket":	5,
					"start":	0,
					"end":	3.001219,
					"seconds":	3.001219,
					"bytes":	7602176,
					"bits_per_second":	20264235.299056817,
					"retransmits":	0,
					"max_snd_cwnd":	264544,
					"max_snd_wnd":	0,
					"max_rtt":	162,
					"min_rtt":	134,
					"mean_rtt":	147,
					"sender":	true
				},
				"receiver":	{
					"socket":	5,
					"start":	0,
					"end":	3.001345,
					"seconds":	3.001219,
					"bytes":	7602176,
					"bits_per_second":	20263384.582578808,
					"sender":	true
				}
			}],
		"sum_sent":	{
			"start":	0,
			"end":	3.001219,
			"seconds":	3.001219,
			"bytes":	7602176,
			"bits_per_second":	20264235.299056817,
			"retransmits":	0,
			"sender":	true
		},
		"sum_received":	{
			"start":	0,
			"end":	3.001345,
			"seconds":	3.001345,
			"bytes":	7602176,
			"bits_per_second":	20263384.582578808,
			"sender":	true
		},
		"cpu_utilization_percent":	{
			"host_total":	0.651954581352427,
			"host_user":	0,
			"host_system":	0.65192127247890963,
			"remote_total":	0.26164596066348061,
			"remote_user":	0.012460918029815577,
			"remote_system":	0.24921836059631158
		},
		"sender_tcp_congestion":	"cubic",
		"receiver_tcp_congestion":	"cubic"
	}
}
