{
	"start":	{
		"connected":	[{
				"socket":	5,
				"local_host":	"192.168.1.2",
				"local_port":	40680,
				"remote_host":	"192.168.4.2",
				"remote_port":	5204
			}],
		"version":	"iperf 3.19.1",
		"system_info":	"Linux h1 6.6.87.2-microsoft-standard-WSL2 #1 SMP PREEMPT_DYNAMIC Thu Jun  5 18:30:46 UTC 2025 x86_64",
		"timestamp":	{
			"time":	"Sun, 05 Apr 2026 07:03:00 UTC",
			"timesecs":	1775372580
		},
		"connecting_to":	{
			"host":	"192.168.4.2",
			"port":	5204
		},
		"cookie":	"qqvehu2tsleo66zfybkcx7vk4qg3onayzvkj",
		"tcp_mss_default":	9448,
		"target_bitrate":	20000000,
		"fq_rate":	0,
		"sock_bufsize":	0,
		"sndbuf_actual":	16384,
		"rcvbuf_actual":	131072,
		"test_start":	{
			"protocol":	"TCP",
			"num_streams":	1,
			"blksize":	131072,
			"omit":	0,
			"duration":	3,
			"bytes":	0,
			"blocks":	0,
			"reverse":	0,
			"tos":	0,
			"target_bitrate":	20000000,
			"bidir":	0,
			"fqrate":	0,
			"interval":	1
		}
	},
	"intervals":	[{
			"streams":	[{
					"socket":	5,
					"start":	0,
					"end":	1.001118,
					"seconds":	1.0011179447174072,
					"bytes":	2621440,
					"bits_per_second":	20948101.18094505,
					"retransmits":	0,
					"snd_cwnd":	264544,
					"snd_wnd":	-1,
					"rtt":	126,
					"rttvar":	77,
					"pmtu":	9500,
					"omitted":	false,
					"sender":	true
				}],
			"sum":	{
				"start":	0,
				"end":	1.001118,
				"seconds":	1.0011179447174072,
				"bytes":	2621440,
				"bits_per_second":	20948101.18094505,
				"retransmits":	0,
				"omitted":	false,
				"sender":	true
			}
		}, {
			"streams":	[{
					"socket":	5,
					"start":	1.001118,
					"end":	2.000178,
					"seconds":	0.99905997514724731,
					"bytes":	2490368,
					"bits_per_second":	19941689.683908757,
					"retransmits":	0,
					"snd_cwnd":	264544,
					"snd_wnd":	-1,
					"rtt":	112,
					"rttvar":	42,
					"pmtu":	9500,
					"omitted":	false,
					"sender":	true
				}],
			"sum":	{
				"start":	1.001118,
				"end":	2.000178,
				"seconds":	0.99905997514724731,
				"bytes":	2490368,
				"bits_per_second":	19941689.683908757,
				"retransmits":	0,
				"omitted":	false,
				"sender":	true
			}
		}, {
			"streams":	[{
					"socket":	5,
					"start":	2.000178,
					"end":	3.001369,
					"seconds":	1.0011910200119019,
					"bytes":	2490368,
					"bits_per_second":	19899243.602647536,
					"retransmits":	0,
					"snd_cwnd":	264544,
					"snd_wnd":	-1,
					"rtt":	129,
					"rttvar":	79,
					"pmtu":	9500,
					"omitted":	false,
					"sender":	true
				}],
			"sum":	{
				"start":	2.000178,
				"end":	3.001369,
				"seconds":	1.0011910200119019,
				"bytes":	2490368,
				"bits_per_second":	19899243.602647536,
				"retransmits":	0,
				"omitted":	false,
				"sender":	true
			}
		}],
	"end":	{
		"streams":	[{
				"sender":	{
					"socket":	5,
					"start":	0,
					"end":	3.001369,
					"seconds":	3.001369,
					"bytes":	7602176,
					"bits_per_second":	20263222.549443271,
					"retransmits":	0,
					"max_snd_cwnd":	264544,
					"max_snd_wnd":	0,
					"max_rtt":	129,
					"min_rtt":	112,
					"mean_rtt":	122,
					"sender":	true
				},
				"receiver":	{
					"socket":	5,
					"start":	0,
					"end":	3.001576,
					"seconds":	3.001369,
					"bytes":	7602176,
					"bits_per_second":	20261825.121202994,
					"sender":	true
				}
			}],
		"sum_sent":	{
			"start":	0,
			"end":	3.001369,
			"seconds":	3.001369,
			"bytes":	7602176,
			"bits_per_second":	20263222.549443271,
			"retransmits":	0,
			"sender":	true
		},
		"sum_received":	{
			"start":	0,
			"end":	3.001576,
			"seconds":	3.001576,
			"bytes":	7602176,
			"bits_per_second":	20261825.121202994,
			"sender":	true
		},
		"cpu_utilization_percent":	{
			"host_total":	0.52160301084938254,
			"host_user":	0,
			"host_system":	0.52163631670538468,
			"remote_total":	0.18769889286304445,
			"remote_user":	0,
			"remote_system":	0.18766557747559981
		},
		"sender_tcp_congestion":	"cubic",
		"receiver_tcp_congestion":	"cubic"
	}
}
