{
	"start":	{
		"connected":	[{
				"socket":	5,
				"local_host":	"192.168.1.2",
				"local_port":	60042,
				"remote_host":	"192.168.4.2",
				"remote_port":	5203
			}],
		"version":	"iperf 3.19.1",
		"system_info":	"Linux h1 6.6.87.2-microsoft-standard-WSL2 #1 SMP PREEMPT_DYNAMIC Thu Jun  5 18:30:46 UTC 2025 x86_64",
		"timestamp":	{
			"time":	"Sun, 05 Apr 2026 07:13:58 UTC",
			"timesecs":	1775373238
		},
		"connecting_to":	{
			"host":	"192.168.4.2",
			"port":	5203
		},
		"cookie":	"b6kp5tnukk2wiambcik2cpwlhyc4d42nibpi",
		"tcp_mss_default":	9448,
		"target_bitrate":	20000000,
		"fq_rate":	0,
		"sock_bufsize":	0,
		"sndbuf_actual":	16384,
		"rcvbuf_actual":	131072,
		"test_start":	{
			"protocol":	"TCP",
			"num_streams":	1,
			"blksize":	131072,
			"omit":	0,
			"duration":	3,
			"bytes":	0,
			"blocks":	0,
			"reverse":	0,
			"tos":	0,
			"target_bitrate":	20000000,
			"bidir":	0,
			"fqrate":	0,
			"interval":	1
		}
	},
	"intervals":	[{
			"streams":	[{
					"socket":	5,
					"start":	0,
					"end":	1.00112,
					"seconds":	1.0011199712753296,
					"bytes":	2621440,
					"bits_per_second":	20948058.775897078,
					"retransmits":	0,
					"snd_cwnd":	264544,
					"snd_wnd":	-1,
					"rtt":	279,
					"rttvar":	320,
					"pmtu":	9500,
					"omitted":	false,
					"sender":	true
				}],
			"sum":	{
				"start":	0,
				"end":	1.00112,
				"seconds":	1.0011199712753296,
				"bytes":	2621440,
				"bits_per_second":	20948058.775897078,
				"retransmits":	0,
				"omitted":	false,
				"sender":	true
			}
		}, {
			"streams":	[{
					"socket":	5,
					"start":	1.00112,
					"end":	2.001065,
					"seconds":	0.99994498491287231,
					"bytes":	2490368,
					"bits_per_second":	19924040.122803293,
					"retransmits":	0,
					"snd_cwnd":	264544,
					"snd_wnd":	-1,
					"rtt":	112,
					"rttvar":	35,
					"pmtu":	9500,
					"omitted":	false,
					"sender":	true
				}],
			"sum":	{
				"start":	1.00112,
				"end":	2.001065,
				"seconds":	0.99994498491287231,
				"bytes":	2490368,
				"bits_per_second":	19924040.122803293,
				"retransmits":	0,
				"omitted":	false,
				"sender":	true
			}
		}, {
			"streams":	[{
					"socket":	5,
					"start":	2.001065,
					"end":	3.001369,
					"seconds":	1.0003039836883545,
					"bytes":	2490368,
					"bits_per_second":	19916889.590441748,
					"retransmits":	0,
					"snd_cwnd":	264544,
					"snd_wnd":	-1,
					"rtt":	145,
					"rttvar":	74,
					"pmtu":	9500,
					"omitted":	false,
					"sender":	true
				}],
			"sum":	{
				"start":	2.001065,
				"end":	3.001369,
				"seconds":	1.0003039836883545,
				"bytes":	2490368,
				"bits_per_second":	19916889.590441748,
				"retransmits":	0,
				"omitted":	false,
				"sender":	true
			}
		}],
	"end":	{
		"streams":	[{
				"sender":	{
					"socket":	5,
					"start":	0,
					"end":	3.001369,
					"seconds":	3.001369,
					"bytes":	7602176,
					"bits_per_second":	20263222.549443271,
					"retransmits":	0,
					"max_snd_cwnd":	264544,
					"max_snd_wnd":	0,
					"max_rtt":	279,
					"min_rtt":	112,
					"mean_rtt":	178,
					"sender":	true
				},
				"receiver":	{
					"socket":	5,
					"start":	0,
					"end":	3.001509,
					"seconds":	3.001369,
					"bytes":	7602176,
					"bits_per_second":	20262277.40779721,
					"sender":	true
				}
			}],
		"sum_sent":	{
			"start":	0,
			"end":	3.001369,
			"seconds":	3.001369,
			"bytes":	7602176,
			"bits_per_second":	20263222.549443271,
			"retransmits":	0,
			"sender":	true
		},
		"sum_received":	{
			"start":	0,
			"end":	3.001509,
			"seconds":	3.001509,
			"bytes":	7602176,
			"bits_per_second":	20262277.40779721,
			"sender":	true
		},
		"cpu_utilization_percent":	{
			"host_total":	0.63028680280808325,
			"host_user":	0,
			"host_system":	0.63028680280808325,
			"remote_total":	0.17670764080640516,
			"remote_user":	0.0042977537073956,
			"remote_system":	0.17240988709900959
		},
		"sender_tcp_congestion":	"cubic",
		"receiver_tcp_congestion":	"cubic"
	}
}
