{
	"start":	{
		"connected":	[{
				"socket":	5,
				"local_host":	"192.168.1.2",
				"local_port":	45170,
				"remote_host":	"192.168.4.2",
				"remote_port":	5204
			}],
		"version":	"iperf 3.19.1",
		"system_info":	"Linux h1 6.6.87.2-microsoft-standard-WSL2 #1 SMP PREEMPT_DYNAMIC Thu Jun  5 18:30:46 UTC 2025 x86_64",
		"timestamp":	{
			"time":	"Sun, 05 Apr 2026 06:56:00 UTC",
			"timesecs":	1775372160
		},
		"connecting_to":	{
			"host":	"192.168.4.2",
			"port":	5204
		},
		"cookie":	"rr6tjnlm4va2pkmdixsz6v375snk6dmc24c2",
		"tcp_mss_default":	9448,
		"target_bitrate":	20000000,
		"fq_rate":	0,
		"sock_bufsize":	0,
		"sndbuf_actual":	16384,
		"rcvbuf_actual":	131072,
		"test_start":	{
			"protocol":	"TCP",
			"num_streams":	1,
			"blksize":	131072,
			"omit":	0,
			"duration":	3,
			"bytes":	0,
			"blocks":	0,
			"reverse":	0,
			"tos":	0,
			"target_bitrate":	20000000,
			"bidir":	0,
			"fqrate":	0,
			"interval":	1
		}
	},
	"intervals":	[{
			"streams":	[{
					"socket":	5,
					"start":	0,
					"end":	1.000839,
					"seconds":	1.0008389949798584,
					"bytes":	2621440,
					"bits_per_second":	20953939.749741711,
					"retransmits":	0,
					"snd_cwnd":	283440,
					"snd_wnd":	-1,
					"rtt":	103,
					"rttvar":	49,
					"pmtu":	9500,
					"omitted":	false,
					"sender":	true
				}],
			"sum":	{
				"start":	0,
				"end":	1.000839,
				"seconds":	1.0008389949798584,
				"bytes":	2621440,
				"bits_per_second":	20953939.749741711,
				"retransmits":	0,
				"omitted":	false,
				"sender":	true
			}
		}, {
			"streams":	[{
					"socket":	5,
					"start":	1.000839,
					"end":	2.00106,
					"seconds":	1.0002210140228271,
					"bytes":	2490368,
					"bits_per_second":	19918541.722964957,
					"retransmits":	0,
					"snd_cwnd":	283440,
					"snd_wnd":	-1,
					"rtt":	119,
					"rttvar":	57,
					"pmtu":	9500,
					"omitted":	false,
					"sender":	true
				}],
			"sum":	{
				"start":	1.000839,
				"end":	2.00106,
				"seconds":	1.0002210140228271,
				"bytes":	2490368,
				"bits_per_second":	19918541.722964957,
				"retransmits":	0,
				"omitted":	false,
				"sender":	true
			}
		}, {
			"streams":	[{
					"socket":	5,
					"start":	2.00106,
					"end":	3.000914,
					"seconds":	0.999854028224945,
					"bytes":	2490368,
					"bits_per_second":	19925852.612075269,
					"retransmits":	0,
					"snd_cwnd":	283440,
					"snd_wnd":	-1,
					"rtt":	119,
					"rttvar":	52,
					"pmtu":	9500,
					"omitted":	false,
					"sender":	true
				}],
			"sum":	{
				"start":	2.00106,
				"end":	3.000914,
				"seconds":	0.999854028224945,
				"bytes":	2490368,
				"bits_per_second":	19925852.612075269,
				"retransmits":	0,
				"omitted":	false,
				"sender":	true
			}
		}],
	"end":	{
		"streams":	[{
				"sender":	{
					"socket":	5,
					"start":	0,
					"end":	3.000914,
					"seconds":	3.000914,
					"bytes":	7602176,
					"bits_per_second":	20266294.868829966,
					"retransmits":	0,
					"max_snd_cwnd":	283440,
					"max_snd_wnd":	0,
					"max_rtt":	119,
					"min_rtt":	103,
					"mean_rtt":	113,
					"sender":	true
				},
				"receiver":	{
					"socket":	5,
					"start":	0,
					"end":	3.001079,
					"seconds":	3.000914,
					"bytes":	7602176,
					"bits_per_second":	20265180.623369131,
					"sender":	true
				}
			}],
		"sum_sent":	{
			"start":	0,
			"end":	3.000914,
			"seconds":	3.000914,
			"bytes":	7602176,
			"bits_per_second":	20266294.868829966,
			"retransmits":	0,
			"sender":	true
		},
		"sum_received":	{
			"start":	0,
			"end":	3.001079,
			"seconds":	3.001079,
			"bytes":	7602176,
			"bits_per_second":	20265180.623369131,
			"sender":	true
		},
		"cpu_utilization_percent":	{
			"host_total":	0.537330335581647,
			"host_user":	0.071946040469647754,
			"host_system":	0.46535098675993009,
			"remote_total":	0.19059557451737169,
			"remote_user":	0.024857394858384493,
			"remote_system":	0.16573817965898721
		},
		"sender_tcp_congestion":	"cubic",
		"receiver_tcp_congestion":	"cubic"
	}
}
