{
	"start":	{
		"connected":	[{
				"socket":	5,
				"local_host":	"192.168.1.2",
				"local_port":	42586,
				"remote_host":	"192.168.4.2",
				"remote_port":	5202
			}],
		"version":	"iperf 3.19.1",
		"system_info":	"Linux h1 6.6.87.2-microsoft-standard-WSL2 #1 SMP PREEMPT_DYNAMIC Thu Jun  5 18:30:46 UTC 2025 x86_64",
		"timestamp":	{
			"time":	"Sun, 05 Apr 2026 07:18:26 UTC",
			"timesecs":	1775373506
		},
		"connecting_to":	{
			"host":	"192.168.4.2",
			"port":	5202
		},
		"cookie":	"lwbnkeo3rposwe3ohxst435yd2ry6ime4ih6",
		"tcp_mss_default":	9448,
		"target_bitrate":	20000000,
		"fq_rate":	0,
		"sock_bufsize":	0,
		"sndbuf_actual":	16384,
		"rcvbuf_actual":	131072,
		"test_start":	{
			"protocol":	"TCP",
			"num_streams":	1,
			"blksize":	131072,
			"omit":	0,
			"duration":	3,
			"bytes":	0,
			"blocks":	0,
			"reverse":	0,
			"tos":	0,
			"target_bitrate":	20000000,
			"bidir":	0,
			"fqrate":	0,
			"interval":	1
		}
	},
	"intervals":	[{
			"streams":	[{
					"socket":	5,
					"start":	0,
					"end":	1.000253,
					"seconds":	1.0002529621124268,
					"bytes":	2621440,
					"bits_per_second":	20966216.341624625,
					"retransmits":	0,
					"snd_cwnd":	340128,
					"snd_wnd":	-1,
					"rtt":	105,
					"rttvar":	48,
					"pmtu":	9500,
					"omitted":	false,
					"sender":	true
				}],
			"sum":	{
				"start":	0,
				"end":	1.000253,
				"seconds":	1.0002529621124268,
				"bytes":	2621440,
				"bits_per_second":	20966216.341624625,
				"retransmits":	0,
				"omitted":	false,
				"sender":	true
			}
		}, {
			"streams":	[{
					"socket":	5,
					"start":	1.000253,
					"end":	2.001377,
					"seconds":	1.0011240243911743,
					"bytes":	2490368,
					"bits_per_second":	19900575.268000368,
					"retransmits":	0,
					"snd_cwnd":	340128,
					"snd_wnd":	-1,
					"rtt":	114,
					"rttvar":	58,
					"pmtu":	9500,
					"omitted":	false,
					"sender":	true
				}],
			"sum":	{
				"start":	1.000253,
				"end":	2.001377,
				"seconds":	1.0011240243911743,
				"bytes":	2490368,
				"bits_per_second":	19900575.268000368,
				"retransmits":	0,
				"omitted":	false,
				"sender":	true
			}
		}, {
			"streams":	[{
					"socket":	5,
					"start":	2.001377,
					"end":	3.001187,
					"seconds":	0.999809980392456,
					"bytes":	2490368,
					"bits_per_second":	19926730.469503447,
					"retransmits":	0,
					"snd_cwnd":	340128,
					"snd_wnd":	-1,
					"rtt":	128,
					"rttvar":	38,
					"pmtu":	9500,
					"omitted":	false,
					"sender":	true
				}],
			"sum":	{
				"start":	2.001377,
				"end":	3.001187,
				"seconds":	0.999809980392456,
				"bytes":	2490368,
				"bits_per_second":	19926730.469503447,
				"retransmits":	0,
				"omitted":	false,
				"sender":	true
			}
		}],
	"end":	{
		"streams":	[{
				"sender":	{
					"socket":	5,
					"start":	0,
					"end":	3.001187,
					"seconds":	3.001187,
					"bytes":	7602176,
					"bits_per_second":	20264451.365409754,
					"retransmits":	0,
					"max_snd_cwnd":	340128,
					"max_snd_wnd":	0,
					"max_rtt":	128,
					"min_rtt":	105,
					"mean_rtt":	115,
					"sender":	true
				},
				"receiver":	{
					"socket":	5,
					"start":	0,
					"end":	3.001327,
					"seconds":	3.001187,
					"bytes":	7602176,
					"bits_per_second":	20263506.109131061,
					"sender":	true
				}
			}],
		"sum_sent":	{
			"start":	0,
			"end":	3.001187,
			"seconds":	3.001187,
			"bytes":	7602176,
			"bits_per_second":	20264451.365409754,
			"retransmits":	0,
			"sender":	true
		},
		"sum_received":	{
			"start":	0,
			"end":	3.001327,
			"seconds":	3.001327,
			"bytes":	7602176,
			"bits_per_second":	20263506.109131061,
			"sender":	true
		},
		"cpu_utilization_percent":	{
			"host_total":	0.52240990627194961,
			"host_user":	0,
			"host_system":	0.52240990627194961,
			"remote_total":	0.18308330273615414,
			"remote_user":	0,
			"remote_system":	0.18308330273615414
		},
		"sender_tcp_congestion":	"cubic",
		"receiver_tcp_congestion":	"cubic"
	}
}
