{
	"start":	{
		"connected":	[{
				"socket":	5,
				"local_host":	"192.168.1.2",
				"local_port":	39500,
				"remote_host":	"192.168.4.2",
				"remote_port":	5203
			}],
		"version":	"iperf 3.19.1",
		"system_info":	"Linux h1 6.6.87.2-microsoft-standard-WSL2 #1 SMP PREEMPT_DYNAMIC Thu Jun  5 18:30:46 UTC 2025 x86_64",
		"timestamp":	{
			"time":	"Sun, 05 Apr 2026 07:14:19 UTC",
			"timesecs":	1775373259
		},
		"connecting_to":	{
			"host":	"192.168.4.2",
			"port":	5203
		},
		"cookie":	"f4hknvd24er4ef6oyxdofqgkgktaazxzxucg",
		"tcp_mss_default":	9448,
		"target_bitrate":	20000000,
		"fq_rate":	0,
		"sock_bufsize":	0,
		"sndbuf_actual":	16384,
		"rcvbuf_actual":	131072,
		"test_start":	{
			"protocol":	"TCP",
			"num_streams":	1,
			"blksize":	131072,
			"omit":	0,
			"duration":	3,
			"bytes":	0,
			"blocks":	0,
			"reverse":	0,
			"tos":	0,
			"target_bitrate":	20000000,
			"bidir":	0,
			"fqrate":	0,
			"interval":	1
		}
	},
	"intervals":	[{
			"streams":	[{
					"socket":	5,
					"start":	0,
					"end":	1.001213,
					"seconds":	1.0012129545211792,
					"bytes":	2621440,
					"bits_per_second":	20946113.317150831,
					"retransmits":	0,
					"snd_cwnd":	264544,
					"snd_wnd":	-1,
					"rtt":	126,
					"rttvar":	80,
					"pmtu":	9500,
					"omitted":	false,
					"sender":	true
				}],
			"sum":	{
				"start":	0,
				"end":	1.001213,
				"seconds":	1.0012129545211792,
				"bytes":	2621440,
				"bits_per_second":	20946113.317150831,
				"retransmits":	0,
				"omitted":	false,
				"sender":	true
			}
		}, {
			"streams":	[{
					"socket":	5,
					"start":	1.001213,
					"end":	2.000145,
					"seconds":	0.99893200397491455,
					"bytes":	2490368,
					"bits_per_second":	19944244.373714458,
					"retransmits":	0,
					"snd_cwnd":	264544,
					"snd_wnd":	-1,
					"rtt":	102,
					"rttvar":	51,
					"pmtu":	9500,
					"omitted":	false,
					"sender":	true
				}],
			"sum":	{
				"start":	1.001213,
				"end":	2.000145,
				"seconds":	0.99893200397491455,
				"bytes":	2490368,
				"bits_per_second":	19944244.373714458,
				"retransmits":	0,
				"omitted":	false,
				"sender":	true
			}
		}, {
			"streams":	[{
					"socket":	5,
					"start":	2.000145,
					"end":	3.001222,
					"seconds":	1.0010770559310913,
					"bytes":	2490368,
					"bits_per_second":	19901508.9617351,
					"retransmits":	0,
					"snd_cwnd":	264544,
					"snd_wnd":	-1,
					"rtt":	137,
					"rttvar":	79,
					"pmtu":	9500,
					"omitted":	false,
					"sender":	true
				}],
			"sum":	{
				"start":	2.000145,
				"end":	3.001222,
				"seconds":	1.0010770559310913,
				"bytes":	2490368,
				"bits_per_second":	19901508.9617351,
				"retransmits":	0,
				"omitted":	false,
				"sender":	true
			}
		}],
	"end":	{
		"streams":	[{
				"sender":	{
					"socket":	5,
					"start":	0,
					"end":	3.001222,
					"seconds":	3.001222,
					"bytes":	7602176,
					"bits_per_second":	20264215.043072455,
					"retransmits":	0,
					"max_snd_cwnd":	264544,
					"max_snd_wnd":	0,
					"max_rtt":	137,
					"min_rtt":	102,
					"mean_rtt":	121,
					"sender":	true
				},
				"receiver":	{
					"socket":	5,
					"start":	0,
					"end":	3.001359,
					"seconds":	3.001222,
					"bytes":	7602176,
					"bits_per_second":	20263290.062934823,
					"sender":	true
				}
			}],
		"sum_sent":	{
			"start":	0,
			"end":	3.001222,
			"seconds":	3.001222,
			"bytes":	7602176,
			"bits_per_second":	20264215.043072455,
			"retransmits":	0,
			"sender":	true
		},
		"sum_received":	{
			"start":	0,
			"end":	3.001359,
			"seconds":	3.001359,
			"bytes":	7602176,
			"bits_per_second":	20263290.062934823,
			"sender":	true
		},
		"cpu_utilization_percent":	{
			"host_total":	0.51342909349372268,
			"host_user":	0,
			"host_system":	0.51346240060325832,
			"remote_total":	0.1717207222665536,
			"remote_user":	0.0053975081504038964,
			"remote_system":	0.16632321411614973
		},
		"sender_tcp_congestion":	"cubic",
		"receiver_tcp_congestion":	"cubic"
	}
}
