{
	"start":	{
		"connected":	[{
				"socket":	5,
				"local_host":	"192.168.1.2",
				"local_port":	50280,
				"remote_host":	"192.168.4.2",
				"remote_port":	5204
			}],
		"version":	"iperf 3.19.1",
		"system_info":	"Linux h1 6.6.87.2-microsoft-standard-WSL2 #1 SMP PREEMPT_DYNAMIC Thu Jun  5 18:30:46 UTC 2025 x86_64",
		"timestamp":	{
			"time":	"Sun, 05 Apr 2026 06:53:06 UTC",
			"timesecs":	1775371986
		},
		"connecting_to":	{
			"host":	"192.168.4.2",
			"port":	5204
		},
		"cookie":	"3d3tss3pvkxxzdlm5gen2hemiqofg3nv7fhr",
		"tcp_mss_default":	9448,
		"target_bitrate":	20000000,
		"fq_rate":	0,
		"sock_bufsize":	0,
		"sndbuf_actual":	16384,
		"rcvbuf_actual":	131072,
		"test_start":	{
			"protocol":	"TCP",
			"num_streams":	1,
			"blksize":	131072,
			"omit":	0,
			"duration":	3,
			"bytes":	0,
			"blocks":	0,
			"reverse":	0,
			"tos":	0,
			"target_bitrate":	20000000,
			"bidir":	0,
			"fqrate":	0,
			"interval":	1
		}
	},
	"intervals":	[{
			"streams":	[{
					"socket":	5,
					"start":	0,
					"end":	1.000607,
					"seconds":	1.0006070137023926,
					"bytes":	2621440,
					"bits_per_second":	20958797.722596709,
					"retransmits":	0,
					"snd_cwnd":	264544,
					"snd_wnd":	-1,
					"rtt":	447,
					"rttvar":	311,
					"pmtu":	9500,
					"omitted":	false,
					"sender":	true
				}],
			"sum":	{
				"start":	0,
				"end":	1.000607,
				"seconds":	1.0006070137023926,
				"bytes":	2621440,
				"bits_per_second":	20958797.722596709,
				"retransmits":	0,
				"omitted":	false,
				"sender":	true
			}
		}, {
			"streams":	[{
					"socket":	5,
					"start":	1.000607,
					"end":	2.000563,
					"seconds":	0.99995601177215576,
					"bytes":	2490368,
					"bits_per_second":	19923820.413551878,
					"retransmits":	0,
					"snd_cwnd":	264544,
					"snd_wnd":	-1,
					"rtt":	140,
					"rttvar":	73,
					"pmtu":	9500,
					"omitted":	false,
					"sender":	true
				}],
			"sum":	{
				"start":	1.000607,
				"end":	2.000563,
				"seconds":	0.99995601177215576,
				"bytes":	2490368,
				"bits_per_second":	19923820.413551878,
				"retransmits":	0,
				"omitted":	false,
				"sender":	true
			}
		}, {
			"streams":	[{
					"socket":	5,
					"start":	2.000563,
					"end":	3.000948,
					"seconds":	1.000385046005249,
					"bytes":	2490368,
					"bits_per_second":	19915275.702647261,
					"retransmits":	0,
					"snd_cwnd":	264544,
					"snd_wnd":	-1,
					"rtt":	156,
					"rttvar":	58,
					"pmtu":	9500,
					"omitted":	false,
					"sender":	true
				}],
			"sum":	{
				"start":	2.000563,
				"end":	3.000948,
				"seconds":	1.000385046005249,
				"bytes":	2490368,
				"bits_per_second":	19915275.702647261,
				"retransmits":	0,
				"omitted":	false,
				"sender":	true
			}
		}],
	"end":	{
		"streams":	[{
				"sender":	{
					"socket":	5,
					"start":	0,
					"end":	3.000948,
					"seconds":	3.000948,
					"bytes":	7602176,
					"bits_per_second":	20266065.256712209,
					"retransmits":	0,
					"max_snd_cwnd":	264544,
					"max_snd_wnd":	0,
					"max_rtt":	447,
					"min_rtt":	140,
					"mean_rtt":	247,
					"sender":	true
				},
				"receiver":	{
					"socket":	5,
					"start":	0,
					"end":	3.001174,
					"seconds":	3.000948,
					"bytes":	7602176,
					"bits_per_second":	20264539.143681776,
					"sender":	true
				}
			}],
		"sum_sent":	{
			"start":	0,
			"end":	3.000948,
			"seconds":	3.000948,
			"bytes":	7602176,
			"bits_per_second":	20266065.256712209,
			"retransmits":	0,
			"sender":	true
		},
		"sum_received":	{
			"start":	0,
			"end":	3.001174,
			"seconds":	3.001174,
			"bytes":	7602176,
			"bits_per_second":	20264539.143681776,
			"sender":	true
		},
		"cpu_utilization_percent":	{
			"host_total":	0.822196062599223,
			"host_user":	0,
			"host_system":	0.8222293728152662,
			"remote_total":	0.28595161879870334,
			"remote_user":	0.023790428317673522,
			"remote_system":	0.26222783033626135
		},
		"sender_tcp_congestion":	"cubic",
		"receiver_tcp_congestion":	"cubic"
	}
}
