{
	"start":	{
		"connected":	[{
				"socket":	5,
				"local_host":	"192.168.1.2",
				"local_port":	44708,
				"remote_host":	"192.168.4.2",
				"remote_port":	5202
			}],
		"version":	"iperf 3.19.1",
		"system_info":	"Linux h1 6.6.87.2-microsoft-standard-WSL2 #1 SMP PREEMPT_DYNAMIC Thu Jun  5 18:30:46 UTC 2025 x86_64",
		"timestamp":	{
			"time":	"Sun, 05 Apr 2026 07:05:31 UTC",
			"timesecs":	1775372731
		},
		"connecting_to":	{
			"host":	"192.168.4.2",
			"port":	5202
		},
		"cookie":	"qblyxoz4fkhlimxv7p5oif7ynhiqdv6m43zv",
		"tcp_mss_default":	9448,
		"target_bitrate":	20000000,
		"fq_rate":	0,
		"sock_bufsize":	0,
		"sndbuf_actual":	16384,
		"rcvbuf_actual":	131072,
		"test_start":	{
			"protocol":	"TCP",
			"num_streams":	1,
			"blksize":	131072,
			"omit":	0,
			"duration":	3,
			"bytes":	0,
			"blocks":	0,
			"reverse":	0,
			"tos":	0,
			"target_bitrate":	20000000,
			"bidir":	0,
			"fqrate":	0,
			"interval":	1
		}
	},
	"intervals":	[{
			"streams":	[{
					"socket":	5,
					"start":	0,
					"end":	1.001046,
					"seconds":	1.0010459423065186,
					"bytes":	2621440,
					"bits_per_second":	20949607.918772779,
					"retransmits":	0,
					"snd_cwnd":	292888,
					"snd_wnd":	-1,
					"rtt":	129,
					"rttvar":	65,
					"pmtu":	9500,
					"omitted":	false,
					"sender":	true
				}],
			"sum":	{
				"start":	0,
				"end":	1.001046,
				"seconds":	1.0010459423065186,
				"bytes":	2621440,
				"bits_per_second":	20949607.918772779,
				"retransmits":	0,
				"omitted":	false,
				"sender":	true
			}
		}, {
			"streams":	[{
					"socket":	5,
					"start":	1.001046,
					"end":	2.001088,
					"seconds":	1.0000419616699219,
					"bytes":	2490368,
					"bits_per_second":	19922108.035078485,
					"retransmits":	0,
					"snd_cwnd":	292888,
					"snd_wnd":	-1,
					"rtt":	130,
					"rttvar":	54,
					"pmtu":	9500,
					"omitted":	false,
					"sender":	true
				}],
			"sum":	{
				"start":	1.001046,
				"end":	2.001088,
				"seconds":	1.0000419616699219,
				"bytes":	2490368,
				"bits_per_second":	19922108.035078485,
				"retransmits":	0,
				"omitted":	false,
				"sender":	true
			}
		}, {
			"streams":	[{
					"socket":	5,
					"start":	2.001088,
					"end":	3.001329,
					"seconds":	1.0002410411834717,
					"bytes":	2490368,
					"bits_per_second":	19918142.907261077,
					"retransmits":	0,
					"snd_cwnd":	292888,
					"snd_wnd":	-1,
					"rtt":	188,
					"rttvar":	94,
					"pmtu":	9500,
					"omitted":	false,
					"sender":	true
				}],
			"sum":	{
				"start":	2.001088,
				"end":	3.001329,
				"seconds":	1.0002410411834717,
				"bytes":	2490368,
				"bits_per_second":	19918142.907261077,
				"retransmits":	0,
				"omitted":	false,
				"sender":	true
			}
		}],
	"end":	{
		"streams":	[{
				"sender":	{
					"socket":	5,
					"start":	0,
					"end":	3.001329,
					"seconds":	3.001329,
					"bytes":	7602176,
					"bits_per_second":	20263492.606108826,
					"retransmits":	0,
					"max_snd_cwnd":	292888,
					"max_snd_wnd":	0,
					"max_rtt":	188,
					"min_rtt":	129,
					"mean_rtt":	149,
					"sender":	true
				},
				"receiver":	{
					"socket":	5,
					"start":	0,
					"end":	3.001552,
					"seconds":	3.001329,
					"bytes":	7602176,
					"bits_per_second":	20261987.131990381,
					"sender":	true
				}
			}],
		"sum_sent":	{
			"start":	0,
			"end":	3.001329,
			"seconds":	3.001329,
			"bytes":	7602176,
			"bits_per_second":	20263492.606108826,
			"retransmits":	0,
			"sender":	true
		},
		"sum_received":	{
			"start":	0,
			"end":	3.001552,
			"seconds":	3.001552,
			"bytes":	7602176,
			"bits_per_second":	20261987.131990381,
			"sender":	true
		},
		"cpu_utilization_percent":	{
			"host_total":	0.5306104368151916,
			"host_user":	0.043531971685233532,
			"host_system":	0.487145078705605,
			"remote_total":	0.22048343775590637,
			"remote_user":	0,
			"remote_system":	0.22051675347632885
		},
		"sender_tcp_congestion":	"cubic",
		"receiver_tcp_congestion":	"cubic"
	}
}
