{
	"start":	{
		"connected":	[{
				"socket":	5,
				"local_host":	"192.168.1.2",
				"local_port":	58232,
				"remote_host":	"192.168.4.2",
				"remote_port":	5203
			}],
		"version":	"iperf 3.19.1",
		"system_info":	"Linux h1 6.6.87.2-microsoft-standard-WSL2 #1 SMP PREEMPT_DYNAMIC Thu Jun  5 18:30:46 UTC 2025 x86_64",
		"timestamp":	{
			"time":	"Sun, 05 Apr 2026 07:03:36 UTC",
			"timesecs":	1775372616
		},
		"connecting_to":	{
			"host":	"192.168.4.2",
			"port":	5203
		},
		"cookie":	"vyzofnsk75cdhgvdwsnxd4thrao7o3if7izx",
		"tcp_mss_default":	9448,
		"target_bitrate":	20000000,
		"fq_rate":	0,
		"sock_bufsize":	0,
		"sndbuf_actual":	16384,
		"rcvbuf_actual":	131072,
		"test_start":	{
			"protocol":	"TCP",
			"num_streams":	1,
			"blksize":	131072,
			"omit":	0,
			"duration":	3,
			"bytes":	0,
			"blocks":	0,
			"reverse":	0,
			"tos":	0,
			"target_bitrate":	20000000,
			"bidir":	0,
			"fqrate":	0,
			"interval":	1
		}
	},
	"intervals":	[{
			"streams":	[{
					"socket":	5,
					"start":	0,
					"end":	1.001246,
					"seconds":	1.0012459754943848,
					"bytes":	2621440,
					"bits_per_second":	20945422.5168245,
					"retransmits":	0,
					"snd_cwnd":	340128,
					"snd_wnd":	-1,
					"rtt":	287,
					"rttvar":	248,
					"pmtu":	9500,
					"omitted":	false,
					"sender":	true
				}],
			"sum":	{
				"start":	0,
				"end":	1.001246,
				"seconds":	1.0012459754943848,
				"bytes":	2621440,
				"bits_per_second":	20945422.5168245,
				"retransmits":	0,
				"omitted":	false,
				"sender":	true
			}
		}, {
			"streams":	[{
					"socket":	5,
					"start":	1.001246,
					"end":	2.001107,
					"seconds":	0.99986100196838379,
					"bytes":	2490368,
					"bits_per_second":	19925713.634973809,
					"retransmits":	0,
					"snd_cwnd":	340128,
					"snd_wnd":	-1,
					"rtt":	135,
					"rttvar":	69,
					"pmtu":	9500,
					"omitted":	false,
					"sender":	true
				}],
			"sum":	{
				"start":	1.001246,
				"end":	2.001107,
				"seconds":	0.99986100196838379,
				"bytes":	2490368,
				"bits_per_second":	19925713.634973809,
				"retransmits":	0,
				"omitted":	false,
				"sender":	true
			}
		}, {
			"streams":	[{
					"socket":	5,
					"start":	2.001107,
					"end":	3.001277,
					"seconds":	1.0001699924468994,
					"bytes":	2490368,
					"bits_per_second":	19919557.825624067,
					"retransmits":	0,
					"snd_cwnd":	340128,
					"snd_wnd":	-1,
					"rtt":	150,
					"rttvar":	98,
					"pmtu":	9500,
					"omitted":	false,
					"sender":	true
				}],
			"sum":	{
				"start":	2.001107,
				"end":	3.001277,
				"seconds":	1.0001699924468994,
				"bytes":	2490368,
				"bits_per_second":	19919557.825624067,
				"retransmits":	0,
				"omitted":	false,
				"sender":	true
			}
		}],
	"end":	{
		"streams":	[{
				"sender":	{
					"socket":	5,
					"start":	0,
					"end":	3.001277,
					"seconds":	3.001277,
					"bytes":	7602176,
					"bits_per_second":	20263843.690535728,
					"retransmits":	0,
					"max_snd_cwnd":	340128,
					"max_snd_wnd":	0,
					"max_rtt":	287,
					"min_rtt":	135,
					"mean_rtt":	190,
					"sender":	true
				},
				"receiver":	{
					"socket":	5,
					"start":	0,
					"end":	3.001515,
					"seconds":	3.001277,
					"bytes":	7602176,
					"bits_per_second":	20262236.903696965,
					"sender":	true
				}
			}],
		"sum_sent":	{
			"start":	0,
			"end":	3.001277,
			"seconds":	3.001277,
			"bytes":	7602176,
			"bits_per_second":	20263843.690535728,
			"retransmits":	0,
			"sender":	true
		},
		"sum_received":	{
			"start":	0,
			"end":	3.001515,
			"seconds":	3.001515,
			"bytes":	7602176,
			"bits_per_second":	20262236.903696965,
			"sender":	true
		},
		"cpu_utilization_percent":	{
			"host_total":	0.58987558987559,
			"host_user":	0.039336141820613874,
			"host_system":	0.5506060630284233,
			"remote_total":	0.25100314636808374,
			"remote_user":	0.012393571867391448,
			"remote_system":	0.23864289055409929
		},
		"sender_tcp_congestion":	"cubic",
		"receiver_tcp_congestion":	"cubic"
	}
}
