{
	"start":	{
		"connected":	[{
				"socket":	5,
				"local_host":	"192.168.1.2",
				"local_port":	36748,
				"remote_host":	"192.168.4.2",
				"remote_port":	5202
			}],
		"version":	"iperf 3.19.1",
		"system_info":	"Linux h1 6.6.87.2-microsoft-standard-WSL2 #1 SMP PREEMPT_DYNAMIC Thu Jun  5 18:30:46 UTC 2025 x86_64",
		"timestamp":	{
			"time":	"Sun, 05 Apr 2026 06:53:45 UTC",
			"timesecs":	1775372025
		},
		"connecting_to":	{
			"host":	"192.168.4.2",
			"port":	5202
		},
		"cookie":	"wvotjlpkgnqy62j4b3h2m46jannv7g762rfl",
		"tcp_mss_default":	9448,
		"target_bitrate":	20000000,
		"fq_rate":	0,
		"sock_bufsize":	0,
		"sndbuf_actual":	16384,
		"rcvbuf_actual":	131072,
		"test_start":	{
			"protocol":	"TCP",
			"num_streams":	1,
			"blksize":	131072,
			"omit":	0,
			"duration":	3,
			"bytes":	0,
			"blocks":	0,
			"reverse":	0,
			"tos":	0,
			"target_bitrate":	20000000,
			"bidir":	0,
			"fqrate":	0,
			"interval":	1
		}
	},
	"intervals":	[{
			"streams":	[{
					"socket":	5,
					"start":	0,
					"end":	1.001238,
					"seconds":	1.0012379884719849,
					"bytes":	2621440,
					"bits_per_second":	20945589.601534374,
					"retransmits":	0,
					"snd_cwnd":	207856,
					"snd_wnd":	-1,
					"rtt":	128,
					"rttvar":	56,
					"pmtu":	9500,
					"omitted":	false,
					"sender":	true
				}],
			"sum":	{
				"start":	0,
				"end":	1.001238,
				"seconds":	1.0012379884719849,
				"bytes":	2621440,
				"bits_per_second":	20945589.601534374,
				"retransmits":	0,
				"omitted":	false,
				"sender":	true
			}
		}, {
			"streams":	[{
					"socket":	5,
					"start":	1.001238,
					"end":	2.001075,
					"seconds":	0.99983698129653931,
					"bytes":	2490368,
					"bits_per_second":	19926192.342040509,
					"retransmits":	0,
					"snd_cwnd":	207856,
					"snd_wnd":	-1,
					"rtt":	106,
					"rttvar":	43,
					"pmtu":	9500,
					"omitted":	false,
					"sender":	true
				}],
			"sum":	{
				"start":	1.001238,
				"end":	2.001075,
				"seconds":	0.99983698129653931,
				"bytes":	2490368,
				"bits_per_second":	19926192.342040509,
				"retransmits":	0,
				"omitted":	false,
				"sender":	true
			}
		}, {
			"streams":	[{
					"socket":	5,
					"start":	2.001075,
					"end":	3.001362,
					"seconds":	1.0002870559692383,
					"bytes":	2490368,
					"bits_per_second":	19917226.641201973,
					"retransmits":	0,
					"snd_cwnd":	207856,
					"snd_wnd":	-1,
					"rtt":	198,
					"rttvar":	142,
					"pmtu":	9500,
					"omitted":	false,
					"sender":	true
				}],
			"sum":	{
				"start":	2.001075,
				"end":	3.001362,
				"seconds":	1.0002870559692383,
				"bytes":	2490368,
				"bits_per_second":	19917226.641201973,
				"retransmits":	0,
				"omitted":	false,
				"sender":	true
			}
		}],
	"end":	{
		"streams":	[{
				"sender":	{
					"socket":	5,
					"start":	0,
					"end":	3.001362,
					"seconds":	3.001362,
					"bytes":	7602176,
					"bits_per_second":	20263269.808840122,
					"retransmits":	0,
					"max_snd_cwnd":	207856,
					"max_snd_wnd":	0,
					"max_rtt":	198,
					"min_rtt":	106,
					"mean_rtt":	144,
					"sender":	true
				},
				"receiver":	{
					"socket":	5,
					"start":	0,
					"end":	3.00154,
					"seconds":	3.001362,
					"bytes":	7602176,
					"bits_per_second":	20262068.138355646,
					"sender":	true
				}
			}],
		"sum_sent":	{
			"start":	0,
			"end":	3.001362,
			"seconds":	3.001362,
			"bytes":	7602176,
			"bits_per_second":	20263269.808840122,
			"retransmits":	0,
			"sender":	true
		},
		"sum_received":	{
			"start":	0,
			"end":	3.00154,
			"seconds":	3.00154,
			"bytes":	7602176,
			"bits_per_second":	20262068.138355646,
			"sender":	true
		},
		"cpu_utilization_percent":	{
			"host_total":	0.66307476192918458,
			"host_user":	0.0269093122872316,
			"host_system":	0.636198753246269,
			"remote_total":	0.22401468022437451,
			"remote_user":	0.020555778955746441,
			"remote_system":	0.20345890126862806
		},
		"sender_tcp_congestion":	"cubic",
		"receiver_tcp_congestion":	"cubic"
	}
}
