{
	"start":	{
		"connected":	[{
				"socket":	5,
				"local_host":	"192.168.1.2",
				"local_port":	35878,
				"remote_host":	"192.168.4.2",
				"remote_port":	5202
			}],
		"version":	"iperf 3.19.1",
		"system_info":	"Linux h1 6.6.87.2-microsoft-standard-WSL2 #1 SMP PREEMPT_DYNAMIC Thu Jun  5 18:30:46 UTC 2025 x86_64",
		"timestamp":	{
			"time":	"Sun, 05 Apr 2026 07:09:45 UTC",
			"timesecs":	1775372985
		},
		"connecting_to":	{
			"host":	"192.168.4.2",
			"port":	5202
		},
		"cookie":	"3piskpk2wp2lbvogmxitg4ag3iywbxu7j7ac",
		"tcp_mss_default":	9448,
		"target_bitrate":	20000000,
		"fq_rate":	0,
		"sock_bufsize":	0,
		"sndbuf_actual":	16384,
		"rcvbuf_actual":	131072,
		"test_start":	{
			"protocol":	"TCP",
			"num_streams":	1,
			"blksize":	131072,
			"omit":	0,
			"duration":	3,
			"bytes":	0,
			"blocks":	0,
			"reverse":	0,
			"tos":	0,
			"target_bitrate":	20000000,
			"bidir":	0,
			"fqrate":	0,
			"interval":	1
		}
	},
	"intervals":	[{
			"streams":	[{
					"socket":	5,
					"start":	0,
					"end":	1.00153,
					"seconds":	1.0015300512313843,
					"bytes":	2621440,
					"bits_per_second":	20939481.520514987,
					"retransmits":	0,
					"snd_cwnd":	245648,
					"snd_wnd":	-1,
					"rtt":	209,
					"rttvar":	153,
					"pmtu":	9500,
					"omitted":	false,
					"sender":	true
				}],
			"sum":	{
				"start":	0,
				"end":	1.00153,
				"seconds":	1.0015300512313843,
				"bytes":	2621440,
				"bits_per_second":	20939481.520514987,
				"retransmits":	0,
				"omitted":	false,
				"sender":	true
			}
		}, {
			"streams":	[{
					"socket":	5,
					"start":	1.00153,
					"end":	2.001497,
					"seconds":	0.99996697902679443,
					"bytes":	2490368,
					"bits_per_second":	19923601.896724392,
					"retransmits":	0,
					"snd_cwnd":	245648,
					"snd_wnd":	-1,
					"rtt":	130,
					"rttvar":	70,
					"pmtu":	9500,
					"omitted":	false,
					"sender":	true
				}],
			"sum":	{
				"start":	1.00153,
				"end":	2.001497,
				"seconds":	0.99996697902679443,
				"bytes":	2490368,
				"bits_per_second":	19923601.896724392,
				"retransmits":	0,
				"omitted":	false,
				"sender":	true
			}
		}, {
			"streams":	[{
					"socket":	5,
					"start":	2.001497,
					"end":	3.001581,
					"seconds":	1.0000840425491333,
					"bytes":	2490368,
					"bits_per_second":	19921269.765706919,
					"retransmits":	0,
					"snd_cwnd":	245648,
					"snd_wnd":	-1,
					"rtt":	120,
					"rttvar":	81,
					"pmtu":	9500,
					"omitted":	false,
					"sender":	true
				}],
			"sum":	{
				"start":	2.001497,
				"end":	3.001581,
				"seconds":	1.0000840425491333,
				"bytes":	2490368,
				"bits_per_second":	19921269.765706919,
				"retransmits":	0,
				"omitted":	false,
				"sender":	true
			}
		}],
	"end":	{
		"streams":	[{
				"sender":	{
					"socket":	5,
					"start":	0,
					"end":	3.001581,
					"seconds":	3.001581,
					"bytes":	7602176,
					"bits_per_second":	20261791.369281724,
					"retransmits":	0,
					"max_snd_cwnd":	245648,
					"max_snd_wnd":	0,
					"max_rtt":	209,
					"min_rtt":	120,
					"mean_rtt":	153,
					"sender":	true
				},
				"receiver":	{
					"socket":	5,
					"start":	0,
					"end":	3.001773,
					"seconds":	3.001581,
					"bytes":	7602176,
					"bits_per_second":	20260495.380563419,
					"sender":	true
				}
			}],
		"sum_sent":	{
			"start":	0,
			"end":	3.001581,
			"seconds":	3.001581,
			"bytes":	7602176,
			"bits_per_second":	20261791.369281724,
			"retransmits":	0,
			"sender":	true
		},
		"sum_received":	{
			"start":	0,
			"end":	3.001773,
			"seconds":	3.001773,
			"bytes":	7602176,
			"bits_per_second":	20260495.380563419,
			"sender":	true
		},
		"cpu_utilization_percent":	{
			"host_total":	0.57955279652041858,
			"host_user":	0.14830183903605471,
			"host_system":	0.43121765368040338,
			"remote_total":	0.19927950232759259,
			"remote_user":	0.10946714220134893,
			"remote_system":	0.089845673316201469
		},
		"sender_tcp_congestion":	"cubic",
		"receiver_tcp_congestion":	"cubic"
	}
}
