{
	"start":	{
		"connected":	[{
				"socket":	5,
				"local_host":	"192.168.1.2",
				"local_port":	54056,
				"remote_host":	"192.168.4.2",
				"remote_port":	5203
			}],
		"version":	"iperf 3.19.1",
		"system_info":	"Linux h1 6.6.87.2-microsoft-standard-WSL2 #1 SMP PREEMPT_DYNAMIC Thu Jun  5 18:30:46 UTC 2025 x86_64",
		"timestamp":	{
			"time":	"Sun, 05 Apr 2026 07:06:04 UTC",
			"timesecs":	1775372764
		},
		"connecting_to":	{
			"host":	"192.168.4.2",
			"port":	5203
		},
		"cookie":	"apkofsm3r65qhmc2l3k7eln7aasxojh7wnz2",
		"tcp_mss_default":	9448,
		"target_bitrate":	20000000,
		"fq_rate":	0,
		"sock_bufsize":	0,
		"sndbuf_actual":	16384,
		"rcvbuf_actual":	131072,
		"test_start":	{
			"protocol":	"TCP",
			"num_streams":	1,
			"blksize":	131072,
			"omit":	0,
			"duration":	3,
			"bytes":	0,
			"blocks":	0,
			"reverse":	0,
			"tos":	0,
			"target_bitrate":	20000000,
			"bidir":	0,
			"fqrate":	0,
			"interval":	1
		}
	},
	"intervals":	[{
			"streams":	[{
					"socket":	5,
					"start":	0,
					"end":	1.001082,
					"seconds":	1.0010819435119629,
					"bytes":	2621440,
					"bits_per_second":	20948854.522766039,
					"retransmits":	0,
					"snd_cwnd":	264544,
					"snd_wnd":	-1,
					"rtt":	137,
					"rttvar":	68,
					"pmtu":	9500,
					"omitted":	false,
					"sender":	true
				}],
			"sum":	{
				"start":	0,
				"end":	1.001082,
				"seconds":	1.0010819435119629,
				"bytes":	2621440,
				"bits_per_second":	20948854.522766039,
				"retransmits":	0,
				"omitted":	false,
				"sender":	true
			}
		}, {
			"streams":	[{
					"socket":	5,
					"start":	1.001082,
					"end":	2.001588,
					"seconds":	1.0005060434341431,
					"bytes":	2490368,
					"bits_per_second":	19912867.224286187,
					"retransmits":	0,
					"snd_cwnd":	264544,
					"snd_wnd":	-1,
					"rtt":	104,
					"rttvar":	51,
					"pmtu":	9500,
					"omitted":	false,
					"sender":	true
				}],
			"sum":	{
				"start":	1.001082,
				"end":	2.001588,
				"seconds":	1.0005060434341431,
				"bytes":	2490368,
				"bits_per_second":	19912867.224286187,
				"retransmits":	0,
				"omitted":	false,
				"sender":	true
			}
		}, {
			"streams":	[{
					"socket":	5,
					"start":	2.001588,
					"end":	3.000412,
					"seconds":	0.99882400035858154,
					"bytes":	2490368,
					"bits_per_second":	19946400.960376993,
					"retransmits":	0,
					"snd_cwnd":	264544,
					"snd_wnd":	-1,
					"rtt":	119,
					"rttvar":	67,
					"pmtu":	9500,
					"omitted":	false,
					"sender":	true
				}],
			"sum":	{
				"start":	2.001588,
				"end":	3.000412,
				"seconds":	0.99882400035858154,
				"bytes":	2490368,
				"bits_per_second":	19946400.960376993,
				"retransmits":	0,
				"omitted":	false,
				"sender":	true
			}
		}],
	"end":	{
		"streams":	[{
				"sender":	{
					"socket":	5,
					"start":	0,
					"end":	3.000412,
					"seconds":	3.000412,
					"bytes":	7602176,
					"bits_per_second":	20269685.629840169,
					"retransmits":	0,
					"max_snd_cwnd":	264544,
					"max_snd_wnd":	0,
					"max_rtt":	137,
					"min_rtt":	104,
					"mean_rtt":	120,
					"sender":	true
				},
				"receiver":	{
					"socket":	5,
					"start":	0,
					"end":	3.000576,
					"seconds":	3.000412,
					"bytes":	7602176,
					"bits_per_second":	20268577.766402185,
					"sender":	true
				}
			}],
		"sum_sent":	{
			"start":	0,
			"end":	3.000412,
			"seconds":	3.000412,
			"bytes":	7602176,
			"bits_per_second":	20269685.629840169,
			"retransmits":	0,
			"sender":	true
		},
		"sum_received":	{
			"start":	0,
			"end":	3.000576,
			"seconds":	3.000576,
			"bytes":	7602176,
			"bits_per_second":	20268577.766402185,
			"sender":	true
		},
		"cpu_utilization_percent":	{
			"host_total":	0.48308390046852373,
			"host_user":	0.18361786160990651,
			"host_system":	0.29949935728750671,
			"remote_total":	0.16303357085178377,
			"remote_user":	0,
			"remote_system":	0.16306689741982378
		},
		"sender_tcp_congestion":	"cubic",
		"receiver_tcp_congestion":	"cubic"
	}
}
