{
	"start":	{
		"connected":	[{
				"socket":	5,
				"local_host":	"192.168.1.2",
				"local_port":	52036,
				"remote_host":	"192.168.4.2",
				"remote_port":	5204
			}],
		"version":	"iperf 3.19.1",
		"system_info":	"Linux h1 6.6.87.2-microsoft-standard-WSL2 #1 SMP PREEMPT_DYNAMIC Thu Jun  5 18:30:46 UTC 2025 x86_64",
		"timestamp":	{
			"time":	"Sun, 05 Apr 2026 06:28:27 UTC",
			"timesecs":	1775370507
		},
		"connecting_to":	{
			"host":	"192.168.4.2",
			"port":	5204
		},
		"cookie":	"ddoopkzjvrg4dv776lnf45wqkb6u4j4oseam",
		"tcp_mss_default":	9448,
		"target_bitrate":	20000000,
		"fq_rate":	0,
		"sock_bufsize":	0,
		"sndbuf_actual":	16384,
		"rcvbuf_actual":	131072,
		"test_start":	{
			"protocol":	"TCP",
			"num_streams":	1,
			"blksize":	131072,
			"omit":	0,
			"duration":	3,
			"bytes":	0,
			"blocks":	0,
			"reverse":	0,
			"tos":	0,
			"target_bitrate":	20000000,
			"bidir":	0,
			"fqrate":	0,
			"interval":	1
		}
	},
	"intervals":	[{
			"streams":	[{
					"socket":	5,
					"start":	0,
					"end":	1.001089,
					"seconds":	1.0010889768600464,
					"bytes":	2621440,
					"bits_per_second":	20948707.342456181,
					"retransmits":	0,
					"snd_cwnd":	321232,
					"snd_wnd":	-1,
					"rtt":	136,
					"rttvar":	101,
					"pmtu":	9500,
					"omitted":	false,
					"sender":	true
				}],
			"sum":	{
				"start":	0,
				"end":	1.001089,
				"seconds":	1.0010889768600464,
				"bytes":	2621440,
				"bits_per_second":	20948707.342456181,
				"retransmits":	0,
				"omitted":	false,
				"sender":	true
			}
		}, {
			"streams":	[{
					"socket":	5,
					"start":	1.001089,
					"end":	2.001076,
					"seconds":	0.999987006187439,
					"bytes":	2490368,
					"bits_per_second":	19923202.878363818,
					"retransmits":	0,
					"snd_cwnd":	321232,
					"snd_wnd":	-1,
					"rtt":	110,
					"rttvar":	68,
					"pmtu":	9500,
					"omitted":	false,
					"sender":	true
				}],
			"sum":	{
				"start":	1.001089,
				"end":	2.001076,
				"seconds":	0.999987006187439,
				"bytes":	2490368,
				"bits_per_second":	19923202.878363818,
				"retransmits":	0,
				"omitted":	false,
				"sender":	true
			}
		}, {
			"streams":	[{
					"socket":	5,
					"start":	2.001076,
					"end":	3.00024,
					"seconds":	0.99916398525238037,
					"bytes":	2490368,
					"bits_per_second":	19939613.81120801,
					"retransmits":	0,
					"snd_cwnd":	321232,
					"snd_wnd":	-1,
					"rtt":	120,
					"rttvar":	72,
					"pmtu":	9500,
					"omitted":	false,
					"sender":	true
				}],
			"sum":	{
				"start":	2.001076,
				"end":	3.00024,
				"seconds":	0.99916398525238037,
				"bytes":	2490368,
				"bits_per_second":	19939613.81120801,
				"retransmits":	0,
				"omitted":	false,
				"sender":	true
			}
		}],
	"end":	{
		"streams":	[{
				"sender":	{
					"socket":	5,
					"start":	0,
					"end":	3.00024,
					"seconds":	3.00024,
					"bytes":	7602176,
					"bits_per_second":	20270847.665520094,
					"retransmits":	0,
					"max_snd_cwnd":	321232,
					"max_snd_wnd":	0,
					"max_rtt":	136,
					"min_rtt":	110,
					"mean_rtt":	122,
					"sender":	true
				},
				"receiver":	{
					"socket":	5,
					"start":	0,
					"end":	3.000397,
					"seconds":	3.00024,
					"bytes":	7602176,
					"bits_per_second":	20269786.964858316,
					"sender":	true
				}
			}],
		"sum_sent":	{
			"start":	0,
			"end":	3.00024,
			"seconds":	3.00024,
			"bytes":	7602176,
			"bits_per_second":	20270847.665520094,
			"retransmits":	0,
			"sender":	true
		},
		"sum_received":	{
			"start":	0,
			"end":	3.000397,
			"seconds":	3.000397,
			"bytes":	7602176,
			"bits_per_second":	20269786.964858316,
			"sender":	true
		},
		"cpu_utilization_percent":	{
			"host_total":	0.48019751671378563,
			"host_user":	0.027355131919374,
			"host_system":	0.45284238479441169,
			"remote_total":	0.166475805516265,
			"remote_user":	0.0053992153140410256,
			"remote_system":	0.16110991869181679
		},
		"sender_tcp_congestion":	"cubic",
		"receiver_tcp_congestion":	"cubic"
	}
}
