{
	"start":	{
		"connected":	[{
				"socket":	5,
				"local_host":	"192.168.1.2",
				"local_port":	38398,
				"remote_host":	"192.168.4.2",
				"remote_port":	5202
			}],
		"version":	"iperf 3.19.1",
		"system_info":	"Linux h1 6.6.87.2-microsoft-standard-WSL2 #1 SMP PREEMPT_DYNAMIC Thu Jun  5 18:30:46 UTC 2025 x86_64",
		"timestamp":	{
			"time":	"Sun, 05 Apr 2026 06:35:01 UTC",
			"timesecs":	1775370901
		},
		"connecting_to":	{
			"host":	"192.168.4.2",
			"port":	5202
		},
		"cookie":	"bcf6xsgnbpb4lhshk7i7sqmnftk3stecy457",
		"tcp_mss_default":	9448,
		"target_bitrate":	20000000,
		"fq_rate":	0,
		"sock_bufsize":	0,
		"sndbuf_actual":	16384,
		"rcvbuf_actual":	131072,
		"test_start":	{
			"protocol":	"TCP",
			"num_streams":	1,
			"blksize":	131072,
			"omit":	0,
			"duration":	3,
			"bytes":	0,
			"blocks":	0,
			"reverse":	0,
			"tos":	0,
			"target_bitrate":	20000000,
			"bidir":	0,
			"fqrate":	0,
			"interval":	1
		}
	},
	"intervals":	[{
			"streams":	[{
					"socket":	5,
					"start":	0,
					"end":	1.001076,
					"seconds":	1.0010759830474854,
					"bytes":	2621440,
					"bits_per_second":	20948979.253461152,
					"retransmits":	0,
					"snd_cwnd":	330680,
					"snd_wnd":	-1,
					"rtt":	126,
					"rttvar":	48,
					"pmtu":	9500,
					"omitted":	false,
					"sender":	true
				}],
			"sum":	{
				"start":	0,
				"end":	1.001076,
				"seconds":	1.0010759830474854,
				"bytes":	2621440,
				"bits_per_second":	20948979.253461152,
				"retransmits":	0,
				"omitted":	false,
				"sender":	true
			}
		}, {
			"streams":	[{
					"socket":	5,
					"start":	1.001076,
					"end":	2.001341,
					"seconds":	1.0002650022506714,
					"bytes":	2490368,
					"bits_per_second":	19917665.773741838,
					"retransmits":	0,
					"snd_cwnd":	330680,
					"snd_wnd":	-1,
					"rtt":	121,
					"rttvar":	57,
					"pmtu":	9500,
					"omitted":	false,
					"sender":	true
				}],
			"sum":	{
				"start":	1.001076,
				"end":	2.001341,
				"seconds":	1.0002650022506714,
				"bytes":	2490368,
				"bits_per_second":	19917665.773741838,
				"retransmits":	0,
				"omitted":	false,
				"sender":	true
			}
		}, {
			"streams":	[{
					"socket":	5,
					"start":	2.001341,
					"end":	3.001299,
					"seconds":	0.99995797872543335,
					"bytes":	2490368,
					"bits_per_second":	19923781.222681165,
					"retransmits":	0,
					"snd_cwnd":	330680,
					"snd_wnd":	-1,
					"rtt":	141,
					"rttvar":	49,
					"pmtu":	9500,
					"omitted":	false,
					"sender":	true
				}],
			"sum":	{
				"start":	2.001341,
				"end":	3.001299,
				"seconds":	0.99995797872543335,
				"bytes":	2490368,
				"bits_per_second":	19923781.222681165,
				"retransmits":	0,
				"omitted":	false,
				"sender":	true
			}
		}],
	"end":	{
		"streams":	[{
				"sender":	{
					"socket":	5,
					"start":	0,
					"end":	3.001299,
					"seconds":	3.001299,
					"bytes":	7602176,
					"bits_per_second":	20263695.153331943,
					"retransmits":	0,
					"max_snd_cwnd":	330680,
					"max_snd_wnd":	0,
					"max_rtt":	141,
					"min_rtt":	121,
					"mean_rtt":	129,
					"sender":	true
				},
				"receiver":	{
					"socket":	5,
					"start":	0,
					"end":	3.001486,
					"seconds":	3.001299,
					"bytes":	7602176,
					"bits_per_second":	20262432.675014976,
					"sender":	true
				}
			}],
		"sum_sent":	{
			"start":	0,
			"end":	3.001299,
			"seconds":	3.001299,
			"bytes":	7602176,
			"bits_per_second":	20263695.153331943,
			"retransmits":	0,
			"sender":	true
		},
		"sum_received":	{
			"start":	0,
			"end":	3.001486,
			"seconds":	3.001486,
			"bytes":	7602176,
			"bits_per_second":	20262432.675014976,
			"sender":	true
		},
		"cpu_utilization_percent":	{
			"host_total":	0.5429312022895042,
			"host_user":	0,
			"host_system":	0.54296451095222131,
			"remote_total":	0.19230218228994186,
			"remote_user":	0,
			"remote_system":	0.19233549867634
		},
		"sender_tcp_congestion":	"cubic",
		"receiver_tcp_congestion":	"cubic"
	}
}
