{
	"start":	{
		"connected":	[{
				"socket":	5,
				"local_host":	"192.168.1.2",
				"local_port":	35976,
				"remote_host":	"192.168.4.2",
				"remote_port":	5204
			}],
		"version":	"iperf 3.19.1",
		"system_info":	"Linux h1 6.6.87.2-microsoft-standard-WSL2 #1 SMP PREEMPT_DYNAMIC Thu Jun  5 18:30:46 UTC 2025 x86_64",
		"timestamp":	{
			"time":	"Sun, 05 Apr 2026 06:21:29 UTC",
			"timesecs":	1775370089
		},
		"connecting_to":	{
			"host":	"192.168.4.2",
			"port":	5204
		},
		"cookie":	"qhczphacrbhlq4gndpt3hn47r74mnhtnbls2",
		"tcp_mss_default":	9448,
		"target_bitrate":	20000000,
		"fq_rate":	0,
		"sock_bufsize":	0,
		"sndbuf_actual":	16384,
		"rcvbuf_actual":	131072,
		"test_start":	{
			"protocol":	"TCP",
			"num_streams":	1,
			"blksize":	131072,
			"omit":	0,
			"duration":	3,
			"bytes":	0,
			"blocks":	0,
			"reverse":	0,
			"tos":	0,
			"target_bitrate":	20000000,
			"bidir":	0,
			"fqrate":	0,
			"interval":	1
		}
	},
	"intervals":	[{
			"streams":	[{
					"socket":	5,
					"start":	0,
					"end":	1.001305,
					"seconds":	1.0013049840927124,
					"bytes":	2621440,
					"bits_per_second":	20944188.1676065,
					"retransmits":	0,
					"snd_cwnd":	236200,
					"snd_wnd":	-1,
					"rtt":	109,
					"rttvar":	39,
					"pmtu":	9500,
					"omitted":	false,
					"sender":	true
				}],
			"sum":	{
				"start":	0,
				"end":	1.001305,
				"seconds":	1.0013049840927124,
				"bytes":	2621440,
				"bits_per_second":	20944188.1676065,
				"retransmits":	0,
				"omitted":	false,
				"sender":	true
			}
		}, {
			"streams":	[{
					"socket":	5,
					"start":	1.001305,
					"end":	2.001082,
					"seconds":	0.99977701902389526,
					"bytes":	2490368,
					"bits_per_second":	19927387.428299978,
					"retransmits":	0,
					"snd_cwnd":	236200,
					"snd_wnd":	-1,
					"rtt":	115,
					"rttvar":	54,
					"pmtu":	9500,
					"omitted":	false,
					"sender":	true
				}],
			"sum":	{
				"start":	1.001305,
				"end":	2.001082,
				"seconds":	0.99977701902389526,
				"bytes":	2490368,
				"bits_per_second":	19927387.428299978,
				"retransmits":	0,
				"omitted":	false,
				"sender":	true
			}
		}, {
			"streams":	[{
					"socket":	5,
					"start":	2.001082,
					"end":	3.001217,
					"seconds":	1.0001349449157715,
					"bytes":	2490368,
					"bits_per_second":	19920255.862750456,
					"retransmits":	0,
					"snd_cwnd":	236200,
					"snd_wnd":	-1,
					"rtt":	112,
					"rttvar":	74,
					"pmtu":	9500,
					"omitted":	false,
					"sender":	true
				}],
			"sum":	{
				"start":	2.001082,
				"end":	3.001217,
				"seconds":	1.0001349449157715,
				"bytes":	2490368,
				"bits_per_second":	19920255.862750456,
				"retransmits":	0,
				"omitted":	false,
				"sender":	true
			}
		}],
	"end":	{
		"streams":	[{
				"sender":	{
					"socket":	5,
					"start":	0,
					"end":	3.001217,
					"seconds":	3.001217,
					"bytes":	7602176,
					"bits_per_second":	20264248.803068887,
					"retransmits":	0,
					"max_snd_cwnd":	236200,
					"max_snd_wnd":	0,
					"max_rtt":	115,
					"min_rtt":	109,
					"mean_rtt":	112,
					"sender":	true
				},
				"receiver":	{
					"socket":	5,
					"start":	0,
					"end":	3.001389,
					"seconds":	3.001217,
					"bytes":	7602176,
					"bits_per_second":	20263087.523809809,
					"sender":	true
				}
			}],
		"sum_sent":	{
			"start":	0,
			"end":	3.001217,
			"seconds":	3.001217,
			"bytes":	7602176,
			"bits_per_second":	20264248.803068887,
			"retransmits":	0,
			"sender":	true
		},
		"sum_received":	{
			"start":	0,
			"end":	3.001389,
			"seconds":	3.001389,
			"bytes":	7602176,
			"bits_per_second":	20263087.523809809,
			"sender":	true
		},
		"cpu_utilization_percent":	{
			"host_total":	0.49879805490409251,
			"host_user":	0,
			"host_system":	0.49879805490409251,
			"remote_total":	0.18541186755895364,
			"remote_user":	0.012360791170596909,
			"remote_system":	0.17308439388477342
		},
		"sender_tcp_congestion":	"cubic",
		"receiver_tcp_congestion":	"cubic"
	}
}
