{
	"start":	{
		"connected":	[{
				"socket":	5,
				"local_host":	"192.168.1.2",
				"local_port":	45106,
				"remote_host":	"192.168.4.2",
				"remote_port":	5203
			}],
		"version":	"iperf 3.19.1",
		"system_info":	"Linux h1 6.6.87.2-microsoft-standard-WSL2 #1 SMP PREEMPT_DYNAMIC Thu Jun  5 18:30:46 UTC 2025 x86_64",
		"timestamp":	{
			"time":	"Sun, 05 Apr 2026 06:40:04 UTC",
			"timesecs":	1775371204
		},
		"connecting_to":	{
			"host":	"192.168.4.2",
			"port":	5203
		},
		"cookie":	"mqvcm35pfhppo7dzq4crjbozz3ofng5ox2nr",
		"tcp_mss_default":	9448,
		"target_bitrate":	20000000,
		"fq_rate":	0,
		"sock_bufsize":	0,
		"sndbuf_actual":	16384,
		"rcvbuf_actual":	131072,
		"test_start":	{
			"protocol":	"TCP",
			"num_streams":	1,
			"blksize":	131072,
			"omit":	0,
			"duration":	3,
			"bytes":	0,
			"blocks":	0,
			"reverse":	0,
			"tos":	0,
			"target_bitrate":	20000000,
			"bidir":	0,
			"fqrate":	0,
			"interval":	1
		}
	},
	"intervals":	[{
			"streams":	[{
					"socket":	5,
					"start":	0,
					"end":	1.001068,
					"seconds":	1.0010679960250854,
					"bytes":	2621440,
					"bits_per_second":	20949146.394921292,
					"retransmits":	0,
					"snd_cwnd":	377920,
					"snd_wnd":	-1,
					"rtt":	228,
					"rttvar":	190,
					"pmtu":	9500,
					"omitted":	false,
					"sender":	true
				}],
			"sum":	{
				"start":	0,
				"end":	1.001068,
				"seconds":	1.0010679960250854,
				"bytes":	2621440,
				"bits_per_second":	20949146.394921292,
				"retransmits":	0,
				"omitted":	false,
				"sender":	true
			}
		}, {
			"streams":	[{
					"socket":	5,
					"start":	1.001068,
					"end":	2.001088,
					"seconds":	1.0000200271606445,
					"bytes":	2490368,
					"bits_per_second":	19922545.007990677,
					"retransmits":	0,
					"snd_cwnd":	377920,
					"snd_wnd":	-1,
					"rtt":	113,
					"rttvar":	61,
					"pmtu":	9500,
					"omitted":	false,
					"sender":	true
				}],
			"sum":	{
				"start":	1.001068,
				"end":	2.001088,
				"seconds":	1.0000200271606445,
				"bytes":	2490368,
				"bits_per_second":	19922545.007990677,
				"retransmits":	0,
				"omitted":	false,
				"sender":	true
			}
		}, {
			"streams":	[{
					"socket":	5,
					"start":	2.001088,
					"end":	3.001278,
					"seconds":	1.0001900196075439,
					"bytes":	2490368,
					"bits_per_second":	19919158.969230063,
					"retransmits":	0,
					"snd_cwnd":	377920,
					"snd_wnd":	-1,
					"rtt":	157,
					"rttvar":	98,
					"pmtu":	9500,
					"omitted":	false,
					"sender":	true
				}],
			"sum":	{
				"start":	2.001088,
				"end":	3.001278,
				"seconds":	1.0001900196075439,
				"bytes":	2490368,
				"bits_per_second":	19919158.969230063,
				"retransmits":	0,
				"omitted":	false,
				"sender":	true
			}
		}],
	"end":	{
		"streams":	[{
				"sender":	{
					"socket":	5,
					"start":	0,
					"end":	3.001278,
					"seconds":	3.001278,
					"bytes":	7602176,
					"bits_per_second":	20263836.9387974,
					"retransmits":	0,
					"max_snd_cwnd":	377920,
					"max_snd_wnd":	0,
					"max_rtt":	228,
					"min_rtt":	113,
					"mean_rtt":	166,
					"sender":	true
				},
				"receiver":	{
					"socket":	5,
					"start":	0,
					"end":	3.001539,
					"seconds":	3.001278,
					"bytes":	7602176,
					"bits_per_second":	20262074.888915319,
					"sender":	true
				}
			}],
		"sum_sent":	{
			"start":	0,
			"end":	3.001278,
			"seconds":	3.001278,
			"bytes":	7602176,
			"bits_per_second":	20263836.9387974,
			"retransmits":	0,
			"sender":	true
		},
		"sum_received":	{
			"start":	0,
			"end":	3.001539,
			"seconds":	3.001539,
			"bytes":	7602176,
			"bits_per_second":	20262074.888915319,
			"sender":	true
		},
		"cpu_utilization_percent":	{
			"host_total":	0.59854032103344623,
			"host_user":	0.31975442859883613,
			"host_system":	0.27878589243461022,
			"remote_total":	0.22061736213996844,
			"remote_user":	0.020056123830906221,
			"remote_system":	0.2005612383090622
		},
		"sender_tcp_congestion":	"cubic",
		"receiver_tcp_congestion":	"cubic"
	}
}
