{
	"start":	{
		"connected":	[{
				"socket":	5,
				"local_host":	"192.168.1.2",
				"local_port":	33442,
				"remote_host":	"192.168.4.2",
				"remote_port":	5205
			}],
		"version":	"iperf 3.19.1",
		"system_info":	"Linux h1 6.6.87.2-microsoft-standard-WSL2 #1 SMP PREEMPT_DYNAMIC Thu Jun  5 18:30:46 UTC 2025 x86_64",
		"timestamp":	{
			"time":	"Sun, 05 Apr 2026 06:38:23 UTC",
			"timesecs":	1775371103
		},
		"connecting_to":	{
			"host":	"192.168.4.2",
			"port":	5205
		},
		"cookie":	"cwozoymzcl5oankho27nqr5n7wsioe6fkk5n",
		"tcp_mss_default":	9448,
		"target_bitrate":	20000000,
		"fq_rate":	0,
		"sock_bufsize":	0,
		"sndbuf_actual":	16384,
		"rcvbuf_actual":	131072,
		"test_start":	{
			"protocol":	"TCP",
			"num_streams":	1,
			"blksize":	131072,
			"omit":	0,
			"duration":	3,
			"bytes":	0,
			"blocks":	0,
			"reverse":	0,
			"tos":	0,
			"target_bitrate":	20000000,
			"bidir":	0,
			"fqrate":	0,
			"interval":	1
		}
	},
	"intervals":	[{
			"streams":	[{
					"socket":	5,
					"start":	0,
					"end":	1.001367,
					"seconds":	1.0013669729232788,
					"bytes":	2621440,
					"bits_per_second":	20942891.634200886,
					"retransmits":	0,
					"snd_cwnd":	359024,
					"snd_wnd":	-1,
					"rtt":	105,
					"rttvar":	63,
					"pmtu":	9500,
					"omitted":	false,
					"sender":	true
				}],
			"sum":	{
				"start":	0,
				"end":	1.001367,
				"seconds":	1.0013669729232788,
				"bytes":	2621440,
				"bits_per_second":	20942891.634200886,
				"retransmits":	0,
				"omitted":	false,
				"sender":	true
			}
		}, {
			"streams":	[{
					"socket":	5,
					"start":	1.001367,
					"end":	2.001088,
					"seconds":	0.9997209906578064,
					"bytes":	2490368,
					"bits_per_second":	19928504.238858588,
					"retransmits":	0,
					"snd_cwnd":	359024,
					"snd_wnd":	-1,
					"rtt":	92,
					"rttvar":	46,
					"pmtu":	9500,
					"omitted":	false,
					"sender":	true
				}],
			"sum":	{
				"start":	1.001367,
				"end":	2.001088,
				"seconds":	0.9997209906578064,
				"bytes":	2490368,
				"bits_per_second":	19928504.238858588,
				"retransmits":	0,
				"omitted":	false,
				"sender":	true
			}
		}, {
			"streams":	[{
					"socket":	5,
					"start":	2.001088,
					"end":	3.001267,
					"seconds":	1.0001790523529053,
					"bytes":	2490368,
					"bits_per_second":	19919377.388610162,
					"retransmits":	0,
					"snd_cwnd":	359024,
					"snd_wnd":	-1,
					"rtt":	108,
					"rttvar":	45,
					"pmtu":	9500,
					"omitted":	false,
					"sender":	true
				}],
			"sum":	{
				"start":	2.001088,
				"end":	3.001267,
				"seconds":	1.0001790523529053,
				"bytes":	2490368,
				"bits_per_second":	19919377.388610162,
				"retransmits":	0,
				"omitted":	false,
				"sender":	true
			}
		}],
	"end":	{
		"streams":	[{
				"sender":	{
					"socket":	5,
					"start":	0,
					"end":	3.001267,
					"seconds":	3.001267,
					"bytes":	7602176,
					"bits_per_second":	20263911.208166417,
					"retransmits":	0,
					"max_snd_cwnd":	359024,
					"max_snd_wnd":	0,
					"max_rtt":	108,
					"min_rtt":	92,
					"mean_rtt":	101,
					"sender":	true
				},
				"receiver":	{
					"socket":	5,
					"start":	0,
					"end":	3.001552,
					"seconds":	3.001267,
					"bytes":	7602176,
					"bits_per_second":	20261987.131990381,
					"sender":	true
				}
			}],
		"sum_sent":	{
			"start":	0,
			"end":	3.001267,
			"seconds":	3.001267,
			"bytes":	7602176,
			"bits_per_second":	20263911.208166417,
			"retransmits":	0,
			"sender":	true
		},
		"sum_received":	{
			"start":	0,
			"end":	3.001552,
			"seconds":	3.001552,
			"bytes":	7602176,
			"bits_per_second":	20261987.131990381,
			"sender":	true
		},
		"cpu_utilization_percent":	{
			"host_total":	0.4730883536798407,
			"host_user":	0.0538569324063857,
			"host_system":	0.41919811457437867,
			"remote_total":	0.16341344534511554,
			"remote_user":	0,
			"remote_system":	0.16341344534511554
		},
		"sender_tcp_congestion":	"cubic",
		"receiver_tcp_congestion":	"cubic"
	}
}
