{
	"start":	{
		"connected":	[{
				"socket":	5,
				"local_host":	"192.168.1.2",
				"local_port":	38246,
				"remote_host":	"192.168.4.2",
				"remote_port":	5202
			}],
		"version":	"iperf 3.19.1",
		"system_info":	"Linux h1 6.6.87.2-microsoft-standard-WSL2 #1 SMP PREEMPT_DYNAMIC Thu Jun  5 18:30:46 UTC 2025 x86_64",
		"timestamp":	{
			"time":	"Sun, 05 Apr 2026 06:37:46 UTC",
			"timesecs":	1775371066
		},
		"connecting_to":	{
			"host":	"192.168.4.2",
			"port":	5202
		},
		"cookie":	"sgqo72jgk2gx57isiyb3uclzhpeoh6inzgwr",
		"tcp_mss_default":	9448,
		"target_bitrate":	20000000,
		"fq_rate":	0,
		"sock_bufsize":	0,
		"sndbuf_actual":	16384,
		"rcvbuf_actual":	131072,
		"test_start":	{
			"protocol":	"TCP",
			"num_streams":	1,
			"blksize":	131072,
			"omit":	0,
			"duration":	3,
			"bytes":	0,
			"blocks":	0,
			"reverse":	0,
			"tos":	0,
			"target_bitrate":	20000000,
			"bidir":	0,
			"fqrate":	0,
			"interval":	1
		}
	},
	"intervals":	[{
			"streams":	[{
					"socket":	5,
					"start":	0,
					"end":	1.001079,
					"seconds":	1.0010789632797241,
					"bytes":	2621440,
					"bits_per_second":	20948916.887927935,
					"retransmits":	0,
					"snd_cwnd":	340128,
					"snd_wnd":	-1,
					"rtt":	125,
					"rttvar":	37,
					"pmtu":	9500,
					"omitted":	false,
					"sender":	true
				}],
			"sum":	{
				"start":	0,
				"end":	1.001079,
				"seconds":	1.0010789632797241,
				"bytes":	2621440,
				"bits_per_second":	20948916.887927935,
				"retransmits":	0,
				"omitted":	false,
				"sender":	true
			}
		}, {
			"streams":	[{
					"socket":	5,
					"start":	1.001079,
					"end":	2.001163,
					"seconds":	1.0000840425491333,
					"bytes":	2490368,
					"bits_per_second":	19921269.765706919,
					"retransmits":	0,
					"snd_cwnd":	340128,
					"snd_wnd":	-1,
					"rtt":	113,
					"rttvar":	71,
					"pmtu":	9500,
					"omitted":	false,
					"sender":	true
				}],
			"sum":	{
				"start":	1.001079,
				"end":	2.001163,
				"seconds":	1.0000840425491333,
				"bytes":	2490368,
				"bits_per_second":	19921269.765706919,
				"retransmits":	0,
				"omitted":	false,
				"sender":	true
			}
		}, {
			"streams":	[{
					"socket":	5,
					"start":	2.001163,
					"end":	3.00159,
					"seconds":	1.0004270076751709,
					"bytes":	2490368,
					"bits_per_second":	19914440.381110534,
					"retransmits":	0,
					"snd_cwnd":	340128,
					"snd_wnd":	-1,
					"rtt":	114,
					"rttvar":	43,
					"pmtu":	9500,
					"omitted":	false,
					"sender":	true
				}],
			"sum":	{
				"start":	2.001163,
				"end":	3.00159,
				"seconds":	1.0004270076751709,
				"bytes":	2490368,
				"bits_per_second":	19914440.381110534,
				"retransmits":	0,
				"omitted":	false,
				"sender":	true
			}
		}],
	"end":	{
		"streams":	[{
				"sender":	{
					"socket":	5,
					"start":	0,
					"end":	3.00159,
					"seconds":	3.00159,
					"bytes":	7602176,
					"bits_per_second":	20261730.6161068,
					"retransmits":	0,
					"max_snd_cwnd":	340128,
					"max_snd_wnd":	0,
					"max_rtt":	125,
					"min_rtt":	113,
					"mean_rtt":	117,
					"sender":	true
				},
				"receiver":	{
					"socket":	5,
					"start":	0,
					"end":	3.001748,
					"seconds":	3.00159,
					"bytes":	7602176,
					"bits_per_second":	20260664.119706251,
					"sender":	true
				}
			}],
		"sum_sent":	{
			"start":	0,
			"end":	3.00159,
			"seconds":	3.00159,
			"bytes":	7602176,
			"bits_per_second":	20261730.6161068,
			"retransmits":	0,
			"sender":	true
		},
		"sum_received":	{
			"start":	0,
			"end":	3.001748,
			"seconds":	3.001748,
			"bytes":	7602176,
			"bits_per_second":	20260664.119706251,
			"sender":	true
		},
		"cpu_utilization_percent":	{
			"host_total":	0.522084514678881,
			"host_user":	0,
			"host_system":	0.522084514678881,
			"remote_total":	0.17909421501699663,
			"remote_user":	0.037777685980147725,
			"remote_system":	0.14131652903684891
		},
		"sender_tcp_congestion":	"cubic",
		"receiver_tcp_congestion":	"cubic"
	}
}
