{
	"start":	{
		"connected":	[{
				"socket":	5,
				"local_host":	"192.168.1.2",
				"local_port":	54342,
				"remote_host":	"192.168.4.2",
				"remote_port":	5203
			}],
		"version":	"iperf 3.19.1",
		"system_info":	"Linux h1 6.6.87.2-microsoft-standard-WSL2 #1 SMP PREEMPT_DYNAMIC Thu Jun  5 18:30:46 UTC 2025 x86_64",
		"timestamp":	{
			"time":	"Sun, 05 Apr 2026 06:38:57 UTC",
			"timesecs":	1775371137
		},
		"connecting_to":	{
			"host":	"192.168.4.2",
			"port":	5203
		},
		"cookie":	"pl3wuvbllki7nbsku53mo36pgw56xh2cc6ah",
		"tcp_mss_default":	9448,
		"target_bitrate":	20000000,
		"fq_rate":	0,
		"sock_bufsize":	0,
		"sndbuf_actual":	16384,
		"rcvbuf_actual":	131072,
		"test_start":	{
			"protocol":	"TCP",
			"num_streams":	1,
			"blksize":	131072,
			"omit":	0,
			"duration":	3,
			"bytes":	0,
			"blocks":	0,
			"reverse":	0,
			"tos":	0,
			"target_bitrate":	20000000,
			"bidir":	0,
			"fqrate":	0,
			"interval":	1
		}
	},
	"intervals":	[{
			"streams":	[{
					"socket":	5,
					"start":	0,
					"end":	1.001021,
					"seconds":	1.0010210275650024,
					"bytes":	2621440,
					"bits_per_second":	20950129.340453032,
					"retransmits":	0,
					"snd_cwnd":	368472,
					"snd_wnd":	-1,
					"rtt":	109,
					"rttvar":	42,
					"pmtu":	9500,
					"omitted":	false,
					"sender":	true
				}],
			"sum":	{
				"start":	0,
				"end":	1.001021,
				"seconds":	1.0010210275650024,
				"bytes":	2621440,
				"bits_per_second":	20950129.340453032,
				"retransmits":	0,
				"omitted":	false,
				"sender":	true
			}
		}, {
			"streams":	[{
					"socket":	5,
					"start":	1.001021,
					"end":	2.001209,
					"seconds":	1.0001879930496216,
					"bytes":	2490368,
					"bits_per_second":	19919199.328972127,
					"retransmits":	0,
					"snd_cwnd":	368472,
					"snd_wnd":	-1,
					"rtt":	159,
					"rttvar":	63,
					"pmtu":	9500,
					"omitted":	false,
					"sender":	true
				}],
			"sum":	{
				"start":	1.001021,
				"end":	2.001209,
				"seconds":	1.0001879930496216,
				"bytes":	2490368,
				"bits_per_second":	19919199.328972127,
				"retransmits":	0,
				"omitted":	false,
				"sender":	true
			}
		}, {
			"streams":	[{
					"socket":	5,
					"start":	2.001209,
					"end":	3.001245,
					"seconds":	1.0000360012054443,
					"bytes":	2490368,
					"bits_per_second":	19922226.775820933,
					"retransmits":	0,
					"snd_cwnd":	368472,
					"snd_wnd":	-1,
					"rtt":	122,
					"rttvar":	42,
					"pmtu":	9500,
					"omitted":	false,
					"sender":	true
				}],
			"sum":	{
				"start":	2.001209,
				"end":	3.001245,
				"seconds":	1.0000360012054443,
				"bytes":	2490368,
				"bits_per_second":	19922226.775820933,
				"retransmits":	0,
				"omitted":	false,
				"sender":	true
			}
		}],
	"end":	{
		"streams":	[{
				"sender":	{
					"socket":	5,
					"start":	0,
					"end":	3.001245,
					"seconds":	3.001245,
					"bytes":	7602176,
					"bits_per_second":	20264059.748537689,
					"retransmits":	0,
					"max_snd_cwnd":	368472,
					"max_snd_wnd":	0,
					"max_rtt":	159,
					"min_rtt":	109,
					"mean_rtt":	130,
					"sender":	true
				},
				"receiver":	{
					"socket":	5,
					"start":	0,
					"end":	3.001377,
					"seconds":	3.001245,
					"bytes":	7602176,
					"bits_per_second":	20263168.538973942,
					"sender":	true
				}
			}],
		"sum_sent":	{
			"start":	0,
			"end":	3.001245,
			"seconds":	3.001245,
			"bytes":	7602176,
			"bits_per_second":	20264059.748537689,
			"retransmits":	0,
			"sender":	true
		},
		"sum_received":	{
			"start":	0,
			"end":	3.001377,
			"seconds":	3.001377,
			"bytes":	7602176,
			"bits_per_second":	20263168.538973942,
			"sender":	true
		},
		"cpu_utilization_percent":	{
			"host_total":	0.49731673456989145,
			"host_user":	0,
			"host_system":	0.49731673456989145,
			"remote_total":	0.18437963947683361,
			"remote_user":	0,
			"remote_system":	0.184346321869411
		},
		"sender_tcp_congestion":	"cubic",
		"receiver_tcp_congestion":	"cubic"
	}
}
