{
	"start":	{
		"connected":	[{
				"socket":	5,
				"local_host":	"192.168.1.2",
				"local_port":	43112,
				"remote_host":	"192.168.4.2",
				"remote_port":	5205
			}],
		"version":	"iperf 3.19.1",
		"system_info":	"Linux h1 6.6.87.2-microsoft-standard-WSL2 #1 SMP PREEMPT_DYNAMIC Thu Jun  5 18:30:46 UTC 2025 x86_64",
		"timestamp":	{
			"time":	"Sun, 05 Apr 2026 06:15:44 UTC",
			"timesecs":	1775369744
		},
		"connecting_to":	{
			"host":	"192.168.4.2",
			"port":	5205
		},
		"cookie":	"y4msrqtykk3co3ha5bmqit2gkizlqxz4gdx2",
		"tcp_mss_default":	9448,
		"target_bitrate":	20000000,
		"fq_rate":	0,
		"sock_bufsize":	0,
		"sndbuf_actual":	16384,
		"rcvbuf_actual":	131072,
		"test_start":	{
			"protocol":	"TCP",
			"num_streams":	1,
			"blksize":	131072,
			"omit":	0,
			"duration":	3,
			"bytes":	0,
			"blocks":	0,
			"reverse":	0,
			"tos":	0,
			"target_bitrate":	20000000,
			"bidir":	0,
			"fqrate":	0,
			"interval":	1
		}
	},
	"intervals":	[{
			"streams":	[{
					"socket":	5,
					"start":	0,
					"end":	1.000709,
					"seconds":	1.000709056854248,
					"bytes":	2621440,
					"bits_per_second":	20956660.536204655,
					"retransmits":	0,
					"snd_cwnd":	264544,
					"snd_wnd":	-1,
					"rtt":	104,
					"rttvar":	42,
					"pmtu":	9500,
					"omitted":	false,
					"sender":	true
				}],
			"sum":	{
				"start":	0,
				"end":	1.000709,
				"seconds":	1.000709056854248,
				"bytes":	2621440,
				"bits_per_second":	20956660.536204655,
				"retransmits":	0,
				"omitted":	false,
				"sender":	true
			}
		}, {
			"streams":	[{
					"socket":	5,
					"start":	1.000709,
					"end":	2.001053,
					"seconds":	1.0003440380096436,
					"bytes":	2490368,
					"bits_per_second":	19916092.107311524,
					"retransmits":	0,
					"snd_cwnd":	264544,
					"snd_wnd":	-1,
					"rtt":	116,
					"rttvar":	48,
					"pmtu":	9500,
					"omitted":	false,
					"sender":	true
				}],
			"sum":	{
				"start":	1.000709,
				"end":	2.001053,
				"seconds":	1.0003440380096436,
				"bytes":	2490368,
				"bits_per_second":	19916092.107311524,
				"retransmits":	0,
				"omitted":	false,
				"sender":	true
			}
		}, {
			"streams":	[{
					"socket":	5,
					"start":	2.001053,
					"end":	3.001448,
					"seconds":	1.0003950595855713,
					"bytes":	2490368,
					"bits_per_second":	19915076.358187314,
					"retransmits":	0,
					"snd_cwnd":	264544,
					"snd_wnd":	-1,
					"rtt":	133,
					"rttvar":	107,
					"pmtu":	9500,
					"omitted":	false,
					"sender":	true
				}],
			"sum":	{
				"start":	2.001053,
				"end":	3.001448,
				"seconds":	1.0003950595855713,
				"bytes":	2490368,
				"bits_per_second":	19915076.358187314,
				"retransmits":	0,
				"omitted":	false,
				"sender":	true
			}
		}],
	"end":	{
		"streams":	[{
				"sender":	{
					"socket":	5,
					"start":	0,
					"end":	3.001448,
					"seconds":	3.001448,
					"bytes":	7602176,
					"bits_per_second":	20262689.20867528,
					"retransmits":	0,
					"max_snd_cwnd":	264544,
					"max_snd_wnd":	0,
					"max_rtt":	133,
					"min_rtt":	104,
					"mean_rtt":	117,
					"sender":	true
				},
				"receiver":	{
					"socket":	5,
					"start":	0,
					"end":	3.001638,
					"seconds":	3.001448,
					"bytes":	7602176,
					"bits_per_second":	20261406.605326828,
					"sender":	true
				}
			}],
		"sum_sent":	{
			"start":	0,
			"end":	3.001448,
			"seconds":	3.001448,
			"bytes":	7602176,
			"bits_per_second":	20262689.20867528,
			"retransmits":	0,
			"sender":	true
		},
		"sum_received":	{
			"start":	0,
			"end":	3.001638,
			"seconds":	3.001638,
			"bytes":	7602176,
			"bits_per_second":	20261406.605326828,
			"sender":	true
		},
		"cpu_utilization_percent":	{
			"host_total":	0.56328684568358223,
			"host_user":	0.0846895145189399,
			"host_system":	0.47856402817033677,
			"remote_total":	0.18939337153182759,
			"remote_user":	0,
			"remote_system":	0.18939337153182759
		},
		"sender_tcp_congestion":	"cubic",
		"receiver_tcp_congestion":	"cubic"
	}
}
