{
	"start":	{
		"connected":	[{
				"socket":	5,
				"local_host":	"192.168.1.2",
				"local_port":	44240,
				"remote_host":	"192.168.4.2",
				"remote_port":	5202
			}],
		"version":	"iperf 3.19.1",
		"system_info":	"Linux h1 6.6.87.2-microsoft-standard-WSL2 #1 SMP PREEMPT_DYNAMIC Thu Jun  5 18:30:46 UTC 2025 x86_64",
		"timestamp":	{
			"time":	"Sun, 05 Apr 2026 06:15:35 UTC",
			"timesecs":	1775369735
		},
		"connecting_to":	{
			"host":	"192.168.4.2",
			"port":	5202
		},
		"cookie":	"dsn5dkdvpsygbpqn5kscyx52hitis73ysrof",
		"tcp_mss_default":	9448,
		"target_bitrate":	20000000,
		"fq_rate":	0,
		"sock_bufsize":	0,
		"sndbuf_actual":	16384,
		"rcvbuf_actual":	131072,
		"test_start":	{
			"protocol":	"TCP",
			"num_streams":	1,
			"blksize":	131072,
			"omit":	0,
			"duration":	3,
			"bytes":	0,
			"blocks":	0,
			"reverse":	0,
			"tos":	0,
			"target_bitrate":	20000000,
			"bidir":	0,
			"fqrate":	0,
			"interval":	1
		}
	},
	"intervals":	[{
			"streams":	[{
					"socket":	5,
					"start":	0,
					"end":	1.001139,
					"seconds":	1.0011390447616577,
					"bytes":	2621440,
					"bits_per_second":	20947659.677974813,
					"retransmits":	0,
					"snd_cwnd":	292888,
					"snd_wnd":	-1,
					"rtt":	533,
					"rttvar":	406,
					"pmtu":	9500,
					"omitted":	false,
					"sender":	true
				}],
			"sum":	{
				"start":	0,
				"end":	1.001139,
				"seconds":	1.0011390447616577,
				"bytes":	2621440,
				"bits_per_second":	20947659.677974813,
				"retransmits":	0,
				"omitted":	false,
				"sender":	true
			}
		}, {
			"streams":	[{
					"socket":	5,
					"start":	1.001139,
					"end":	2.001104,
					"seconds":	0.999965012073517,
					"bytes":	2490368,
					"bits_per_second":	19923641.086889625,
					"retransmits":	0,
					"snd_cwnd":	292888,
					"snd_wnd":	-1,
					"rtt":	148,
					"rttvar":	49,
					"pmtu":	9500,
					"omitted":	false,
					"sender":	true
				}],
			"sum":	{
				"start":	1.001139,
				"end":	2.001104,
				"seconds":	0.999965012073517,
				"bytes":	2490368,
				"bits_per_second":	19923641.086889625,
				"retransmits":	0,
				"omitted":	false,
				"sender":	true
			}
		}, {
			"streams":	[{
					"socket":	5,
					"start":	2.001104,
					"end":	3.00129,
					"seconds":	1.0001859664916992,
					"bytes":	2490368,
					"bits_per_second":	19919239.688877743,
					"retransmits":	0,
					"snd_cwnd":	292888,
					"snd_wnd":	-1,
					"rtt":	271,
					"rttvar":	185,
					"pmtu":	9500,
					"omitted":	false,
					"sender":	true
				}],
			"sum":	{
				"start":	2.001104,
				"end":	3.00129,
				"seconds":	1.0001859664916992,
				"bytes":	2490368,
				"bits_per_second":	19919239.688877743,
				"retransmits":	0,
				"omitted":	false,
				"sender":	true
			}
		}],
	"end":	{
		"streams":	[{
				"sender":	{
					"socket":	5,
					"start":	0,
					"end":	3.00129,
					"seconds":	3.00129,
					"bytes":	7602176,
					"bits_per_second":	20263755.918288469,
					"retransmits":	0,
					"max_snd_cwnd":	292888,
					"max_snd_wnd":	0,
					"max_rtt":	533,
					"min_rtt":	148,
					"mean_rtt":	317,
					"sender":	true
				},
				"receiver":	{
					"socket":	5,
					"start":	0,
					"end":	3.00155,
					"seconds":	3.00129,
					"bytes":	7602176,
					"bits_per_second":	20262000.633006282,
					"sender":	true
				}
			}],
		"sum_sent":	{
			"start":	0,
			"end":	3.00129,
			"seconds":	3.00129,
			"bytes":	7602176,
			"bits_per_second":	20263755.918288469,
			"retransmits":	0,
			"sender":	true
		},
		"sum_received":	{
			"start":	0,
			"end":	3.00155,
			"seconds":	3.00155,
			"bytes":	7602176,
			"bits_per_second":	20262000.633006282,
			"sender":	true
		},
		"cpu_utilization_percent":	{
			"host_total":	1.4789674503272552,
			"host_user":	0.26509448320396656,
			"host_system":	1.2138729671232886,
			"remote_total":	0.56029015954177341,
			"remote_user":	0,
			"remote_system":	0.56029015954177341
		},
		"sender_tcp_congestion":	"cubic",
		"receiver_tcp_congestion":	"cubic"
	}
}
