{
	"start":	{
		"connected":	[{
				"socket":	5,
				"local_host":	"192.168.1.2",
				"local_port":	32862,
				"remote_host":	"192.168.4.2",
				"remote_port":	5202
			}],
		"version":	"iperf 3.19.1",
		"system_info":	"Linux h1 6.6.87.2-microsoft-standard-WSL2 #1 SMP PREEMPT_DYNAMIC Thu Jun  5 18:30:46 UTC 2025 x86_64",
		"timestamp":	{
			"time":	"Sun, 05 Apr 2026 06:37:55 UTC",
			"timesecs":	1775371075
		},
		"connecting_to":	{
			"host":	"192.168.4.2",
			"port":	5202
		},
		"cookie":	"vxkp5g6b7aaso5lo75rze3osvfgaud4dszqj",
		"tcp_mss_default":	9448,
		"target_bitrate":	20000000,
		"fq_rate":	0,
		"sock_bufsize":	0,
		"sndbuf_actual":	16384,
		"rcvbuf_actual":	131072,
		"test_start":	{
			"protocol":	"TCP",
			"num_streams":	1,
			"blksize":	131072,
			"omit":	0,
			"duration":	3,
			"bytes":	0,
			"blocks":	0,
			"reverse":	0,
			"tos":	0,
			"target_bitrate":	20000000,
			"bidir":	0,
			"fqrate":	0,
			"interval":	1
		}
	},
	"intervals":	[{
			"streams":	[{
					"socket":	5,
					"start":	0,
					"end":	1.001564,
					"seconds":	1.0015640258789062,
					"bytes":	2621440,
					"bits_per_second":	20938771.219939519,
					"retransmits":	0,
					"snd_cwnd":	321232,
					"snd_wnd":	-1,
					"rtt":	142,
					"rttvar":	70,
					"pmtu":	9500,
					"omitted":	false,
					"sender":	true
				}],
			"sum":	{
				"start":	0,
				"end":	1.001564,
				"seconds":	1.0015640258789062,
				"bytes":	2621440,
				"bits_per_second":	20938771.219939519,
				"retransmits":	0,
				"omitted":	false,
				"sender":	true
			}
		}, {
			"streams":	[{
					"socket":	5,
					"start":	1.001564,
					"end":	2.00104,
					"seconds":	0.99947601556777954,
					"bytes":	2490368,
					"bits_per_second":	19933388.78540495,
					"retransmits":	0,
					"snd_cwnd":	321232,
					"snd_wnd":	-1,
					"rtt":	113,
					"rttvar":	57,
					"pmtu":	9500,
					"omitted":	false,
					"sender":	true
				}],
			"sum":	{
				"start":	1.001564,
				"end":	2.00104,
				"seconds":	0.99947601556777954,
				"bytes":	2490368,
				"bits_per_second":	19933388.78540495,
				"retransmits":	0,
				"omitted":	false,
				"sender":	true
			}
		}, {
			"streams":	[{
					"socket":	5,
					"start":	2.00104,
					"end":	3.001285,
					"seconds":	1.0002449750900269,
					"bytes":	2490368,
					"bits_per_second":	19918064.570338722,
					"retransmits":	0,
					"snd_cwnd":	321232,
					"snd_wnd":	-1,
					"rtt":	102,
					"rttvar":	49,
					"pmtu":	9500,
					"omitted":	false,
					"sender":	true
				}],
			"sum":	{
				"start":	2.00104,
				"end":	3.001285,
				"seconds":	1.0002449750900269,
				"bytes":	2490368,
				"bits_per_second":	19918064.570338722,
				"retransmits":	0,
				"omitted":	false,
				"sender":	true
			}
		}],
	"end":	{
		"streams":	[{
				"sender":	{
					"socket":	5,
					"start":	0,
					"end":	3.001285,
					"seconds":	3.001285,
					"bytes":	7602176,
					"bits_per_second":	20263789.676755123,
					"retransmits":	0,
					"max_snd_cwnd":	321232,
					"max_snd_wnd":	0,
					"max_rtt":	142,
					"min_rtt":	102,
					"mean_rtt":	119,
					"sender":	true
				},
				"receiver":	{
					"socket":	5,
					"start":	0,
					"end":	3.001412,
					"seconds":	3.001285,
					"bytes":	7602176,
					"bits_per_second":	20262932.246555954,
					"sender":	true
				}
			}],
		"sum_sent":	{
			"start":	0,
			"end":	3.001285,
			"seconds":	3.001285,
			"bytes":	7602176,
			"bits_per_second":	20263789.676755123,
			"retransmits":	0,
			"sender":	true
		},
		"sum_received":	{
			"start":	0,
			"end":	3.001412,
			"seconds":	3.001412,
			"bytes":	7602176,
			"bits_per_second":	20262932.246555954,
			"sender":	true
		},
		"cpu_utilization_percent":	{
			"host_total":	0.48020347277342568,
			"host_user":	0.16071178165580766,
			"host_system":	0.31952499925889383,
			"remote_total":	0.17514850307501068,
			"remote_user":	0.13373522757144624,
			"remote_system":	0.04141327550356444
		},
		"sender_tcp_congestion":	"cubic",
		"receiver_tcp_congestion":	"cubic"
	}
}
