{
	"start":	{
		"connected":	[{
				"socket":	5,
				"local_host":	"192.168.1.2",
				"local_port":	50668,
				"remote_host":	"192.168.4.2",
				"remote_port":	5202
			}],
		"version":	"iperf 3.19.1",
		"system_info":	"Linux h1 6.6.87.2-microsoft-standard-WSL2 #1 SMP PREEMPT_DYNAMIC Thu Jun  5 18:30:46 UTC 2025 x86_64",
		"timestamp":	{
			"time":	"Sun, 05 Apr 2026 06:19:28 UTC",
			"timesecs":	1775369968
		},
		"connecting_to":	{
			"host":	"192.168.4.2",
			"port":	5202
		},
		"cookie":	"qtnfx2zc77jo4q55guxyt7og4y2vc4tahmgv",
		"tcp_mss_default":	9448,
		"target_bitrate":	20000000,
		"fq_rate":	0,
		"sock_bufsize":	0,
		"sndbuf_actual":	16384,
		"rcvbuf_actual":	131072,
		"test_start":	{
			"protocol":	"TCP",
			"num_streams":	1,
			"blksize":	131072,
			"omit":	0,
			"duration":	3,
			"bytes":	0,
			"blocks":	0,
			"reverse":	0,
			"tos":	0,
			"target_bitrate":	20000000,
			"bidir":	0,
			"fqrate":	0,
			"interval":	1
		}
	},
	"intervals":	[{
			"streams":	[{
					"socket":	5,
					"start":	0,
					"end":	1.001085,
					"seconds":	1.0010850429534912,
					"bytes":	2621440,
					"bits_per_second":	20948789.663391568,
					"retransmits":	0,
					"snd_cwnd":	283440,
					"snd_wnd":	-1,
					"rtt":	142,
					"rttvar":	75,
					"pmtu":	9500,
					"omitted":	false,
					"sender":	true
				}],
			"sum":	{
				"start":	0,
				"end":	1.001085,
				"seconds":	1.0010850429534912,
				"bytes":	2621440,
				"bits_per_second":	20948789.663391568,
				"retransmits":	0,
				"omitted":	false,
				"sender":	true
			}
		}, {
			"streams":	[{
					"socket":	5,
					"start":	1.001085,
					"end":	2.001435,
					"seconds":	1.0003499984741211,
					"bytes":	2490368,
					"bits_per_second":	19915973.439685475,
					"retransmits":	0,
					"snd_cwnd":	283440,
					"snd_wnd":	-1,
					"rtt":	183,
					"rttvar":	78,
					"pmtu":	9500,
					"omitted":	false,
					"sender":	true
				}],
			"sum":	{
				"start":	1.001085,
				"end":	2.001435,
				"seconds":	1.0003499984741211,
				"bytes":	2490368,
				"bits_per_second":	19915973.439685475,
				"retransmits":	0,
				"omitted":	false,
				"sender":	true
			}
		}, {
			"streams":	[{
					"socket":	5,
					"start":	2.001435,
					"end":	3.001211,
					"seconds":	0.999776005744934,
					"bytes":	2490368,
					"bits_per_second":	19927407.62482632,
					"retransmits":	0,
					"snd_cwnd":	283440,
					"snd_wnd":	-1,
					"rtt":	124,
					"rttvar":	65,
					"pmtu":	9500,
					"omitted":	false,
					"sender":	true
				}],
			"sum":	{
				"start":	2.001435,
				"end":	3.001211,
				"seconds":	0.999776005744934,
				"bytes":	2490368,
				"bits_per_second":	19927407.62482632,
				"retransmits":	0,
				"omitted":	false,
				"sender":	true
			}
		}],
	"end":	{
		"streams":	[{
				"sender":	{
					"socket":	5,
					"start":	0,
					"end":	3.001211,
					"seconds":	3.001211,
					"bytes":	7602176,
					"bits_per_second":	20264289.315213092,
					"retransmits":	0,
					"max_snd_cwnd":	283440,
					"max_snd_wnd":	0,
					"max_rtt":	183,
					"min_rtt":	124,
					"mean_rtt":	149,
					"sender":	true
				},
				"receiver":	{
					"socket":	5,
					"start":	0,
					"end":	3.001375,
					"seconds":	3.001211,
					"bytes":	7602176,
					"bits_per_second":	20263182.041564282,
					"sender":	true
				}
			}],
		"sum_sent":	{
			"start":	0,
			"end":	3.001211,
			"seconds":	3.001211,
			"bytes":	7602176,
			"bits_per_second":	20264289.315213092,
			"retransmits":	0,
			"sender":	true
		},
		"sum_received":	{
			"start":	0,
			"end":	3.001375,
			"seconds":	3.001375,
			"bytes":	7602176,
			"bits_per_second":	20263182.041564282,
			"sender":	true
		},
		"cpu_utilization_percent":	{
			"host_total":	0.61338576618593965,
			"host_user":	0.21557603468669029,
			"host_system":	0.39780973149924936,
			"remote_total":	0.222695110602906,
			"remote_user":	0.010228515702437485,
			"remote_system":	0.2124999125411931
		},
		"sender_tcp_congestion":	"cubic",
		"receiver_tcp_congestion":	"cubic"
	}
}
