{
	"start":	{
		"connected":	[{
				"socket":	5,
				"local_host":	"192.168.1.2",
				"local_port":	34830,
				"remote_host":	"192.168.4.2",
				"remote_port":	5203
			}],
		"version":	"iperf 3.19.1",
		"system_info":	"Linux h1 6.6.87.2-microsoft-standard-WSL2 #1 SMP PREEMPT_DYNAMIC Thu Jun  5 18:30:46 UTC 2025 x86_64",
		"timestamp":	{
			"time":	"Sun, 05 Apr 2026 06:18:18 UTC",
			"timesecs":	1775369898
		},
		"connecting_to":	{
			"host":	"192.168.4.2",
			"port":	5203
		},
		"cookie":	"nz7odfrwpn473mgm2mfs2h6hfxmtdytdv6ze",
		"tcp_mss_default":	9448,
		"target_bitrate":	20000000,
		"fq_rate":	0,
		"sock_bufsize":	0,
		"sndbuf_actual":	16384,
		"rcvbuf_actual":	131072,
		"test_start":	{
			"protocol":	"TCP",
			"num_streams":	1,
			"blksize":	131072,
			"omit":	0,
			"duration":	3,
			"bytes":	0,
			"blocks":	0,
			"reverse":	0,
			"tos":	0,
			"target_bitrate":	20000000,
			"bidir":	0,
			"fqrate":	0,
			"interval":	1
		}
	},
	"intervals":	[{
			"streams":	[{
					"socket":	5,
					"start":	0,
					"end":	1.001135,
					"seconds":	1.001134991645813,
					"bytes":	2621440,
					"bits_per_second":	20947744.485010888,
					"retransmits":	0,
					"snd_cwnd":	283440,
					"snd_wnd":	-1,
					"rtt":	118,
					"rttvar":	49,
					"pmtu":	9500,
					"omitted":	false,
					"sender":	true
				}],
			"sum":	{
				"start":	0,
				"end":	1.001135,
				"seconds":	1.001134991645813,
				"bytes":	2621440,
				"bits_per_second":	20947744.485010888,
				"retransmits":	0,
				"omitted":	false,
				"sender":	true
			}
		}, {
			"streams":	[{
					"socket":	5,
					"start":	1.001135,
					"end":	2.001498,
					"seconds":	1.0003629922866821,
					"bytes":	2490368,
					"bits_per_second":	19915714.749162294,
					"retransmits":	0,
					"snd_cwnd":	283440,
					"snd_wnd":	-1,
					"rtt":	122,
					"rttvar":	59,
					"pmtu":	9500,
					"omitted":	false,
					"sender":	true
				}],
			"sum":	{
				"start":	1.001135,
				"end":	2.001498,
				"seconds":	1.0003629922866821,
				"bytes":	2490368,
				"bits_per_second":	19915714.749162294,
				"retransmits":	0,
				"omitted":	false,
				"sender":	true
			}
		}, {
			"streams":	[{
					"socket":	5,
					"start":	2.001498,
					"end":	3.001211,
					"seconds":	0.99971300363540649,
					"bytes":	2490368,
					"bits_per_second":	19928663.453962494,
					"retransmits":	0,
					"snd_cwnd":	283440,
					"snd_wnd":	-1,
					"rtt":	142,
					"rttvar":	101,
					"pmtu":	9500,
					"omitted":	false,
					"sender":	true
				}],
			"sum":	{
				"start":	2.001498,
				"end":	3.001211,
				"seconds":	0.99971300363540649,
				"bytes":	2490368,
				"bits_per_second":	19928663.453962494,
				"retransmits":	0,
				"omitted":	false,
				"sender":	true
			}
		}],
	"end":	{
		"streams":	[{
				"sender":	{
					"socket":	5,
					"start":	0,
					"end":	3.001211,
					"seconds":	3.001211,
					"bytes":	7602176,
					"bits_per_second":	20264289.315213092,
					"retransmits":	0,
					"max_snd_cwnd":	283440,
					"max_snd_wnd":	0,
					"max_rtt":	142,
					"min_rtt":	118,
					"mean_rtt":	127,
					"sender":	true
				},
				"receiver":	{
					"socket":	5,
					"start":	0,
					"end":	3.001811,
					"seconds":	3.001211,
					"bytes":	7602176,
					"bits_per_second":	20260238.90244922,
					"sender":	true
				}
			}],
		"sum_sent":	{
			"start":	0,
			"end":	3.001211,
			"seconds":	3.001211,
			"bytes":	7602176,
			"bits_per_second":	20264289.315213092,
			"retransmits":	0,
			"sender":	true
		},
		"sum_received":	{
			"start":	0,
			"end":	3.001811,
			"seconds":	3.001811,
			"bytes":	7602176,
			"bits_per_second":	20260238.90244922,
			"sender":	true
		},
		"cpu_utilization_percent":	{
			"host_total":	0.47861502380253,
			"host_user":	0,
			"host_system":	0.47861502380253,
			"remote_total":	0.15393937899901761,
			"remote_user":	0,
			"remote_system":	0.1539726920003158
		},
		"sender_tcp_congestion":	"cubic",
		"receiver_tcp_congestion":	"cubic"
	}
}
