{
	"start":	{
		"connected":	[{
				"socket":	5,
				"local_host":	"192.168.1.2",
				"local_port":	47984,
				"remote_host":	"192.168.4.2",
				"remote_port":	5204
			}],
		"version":	"iperf 3.19.1",
		"system_info":	"Linux h1 6.6.87.2-microsoft-standard-WSL2 #1 SMP PREEMPT_DYNAMIC Thu Jun  5 18:30:46 UTC 2025 x86_64",
		"timestamp":	{
			"time":	"Sun, 05 Apr 2026 06:19:58 UTC",
			"timesecs":	1775369998
		},
		"connecting_to":	{
			"host":	"192.168.4.2",
			"port":	5204
		},
		"cookie":	"6phzelhg6sf6uk2sokzgmuiytgz7czrz2ak3",
		"tcp_mss_default":	9448,
		"target_bitrate":	20000000,
		"fq_rate":	0,
		"sock_bufsize":	0,
		"sndbuf_actual":	16384,
		"rcvbuf_actual":	131072,
		"test_start":	{
			"protocol":	"TCP",
			"num_streams":	1,
			"blksize":	131072,
			"omit":	0,
			"duration":	3,
			"bytes":	0,
			"blocks":	0,
			"reverse":	0,
			"tos":	0,
			"target_bitrate":	20000000,
			"bidir":	0,
			"fqrate":	0,
			"interval":	1
		}
	},
	"intervals":	[{
			"streams":	[{
					"socket":	5,
					"start":	0,
					"end":	1.000159,
					"seconds":	1.0001590251922607,
					"bytes":	2621440,
					"bits_per_second":	20968185.530264691,
					"retransmits":	0,
					"snd_cwnd":	264544,
					"snd_wnd":	-1,
					"rtt":	108,
					"rttvar":	49,
					"pmtu":	9500,
					"omitted":	false,
					"sender":	true
				}],
			"sum":	{
				"start":	0,
				"end":	1.000159,
				"seconds":	1.0001590251922607,
				"bytes":	2621440,
				"bits_per_second":	20968185.530264691,
				"retransmits":	0,
				"omitted":	false,
				"sender":	true
			}
		}, {
			"streams":	[{
					"socket":	5,
					"start":	1.000159,
					"end":	2.000893,
					"seconds":	1.0007339715957642,
					"bytes":	2490368,
					"bits_per_second":	19908331.849903125,
					"retransmits":	0,
					"snd_cwnd":	264544,
					"snd_wnd":	-1,
					"rtt":	123,
					"rttvar":	43,
					"pmtu":	9500,
					"omitted":	false,
					"sender":	true
				}],
			"sum":	{
				"start":	1.000159,
				"end":	2.000893,
				"seconds":	1.0007339715957642,
				"bytes":	2490368,
				"bits_per_second":	19908331.849903125,
				"retransmits":	0,
				"omitted":	false,
				"sender":	true
			}
		}, {
			"streams":	[{
					"socket":	5,
					"start":	2.000893,
					"end":	3.001273,
					"seconds":	1.0003800392150879,
					"bytes":	2490368,
					"bits_per_second":	19915375.376373783,
					"retransmits":	0,
					"snd_cwnd":	264544,
					"snd_wnd":	-1,
					"rtt":	122,
					"rttvar":	51,
					"pmtu":	9500,
					"omitted":	false,
					"sender":	true
				}],
			"sum":	{
				"start":	2.000893,
				"end":	3.001273,
				"seconds":	1.0003800392150879,
				"bytes":	2490368,
				"bits_per_second":	19915375.376373783,
				"retransmits":	0,
				"omitted":	false,
				"sender":	true
			}
		}],
	"end":	{
		"streams":	[{
				"sender":	{
					"socket":	5,
					"start":	0,
					"end":	3.001273,
					"seconds":	3.001273,
					"bytes":	7602176,
					"bits_per_second":	20263870.697534014,
					"retransmits":	0,
					"max_snd_cwnd":	264544,
					"max_snd_wnd":	0,
					"max_rtt":	123,
					"min_rtt":	108,
					"mean_rtt":	117,
					"sender":	true
				},
				"receiver":	{
					"socket":	5,
					"start":	0,
					"end":	3.001508,
					"seconds":	3.001273,
					"bytes":	7602176,
					"bits_per_second":	20262284.158496331,
					"sender":	true
				}
			}],
		"sum_sent":	{
			"start":	0,
			"end":	3.001273,
			"seconds":	3.001273,
			"bytes":	7602176,
			"bits_per_second":	20263870.697534014,
			"retransmits":	0,
			"sender":	true
		},
		"sum_received":	{
			"start":	0,
			"end":	3.001508,
			"seconds":	3.001508,
			"bytes":	7602176,
			"bits_per_second":	20262284.158496331,
			"sender":	true
		},
		"cpu_utilization_percent":	{
			"host_total":	0.47708468086552031,
			"host_user":	0.14774836947217596,
			"host_system":	0.32933631139334441,
			"remote_total":	0.16318344311068023,
			"remote_user":	0,
			"remote_system":	0.16318344311068023
		},
		"sender_tcp_congestion":	"cubic",
		"receiver_tcp_congestion":	"cubic"
	}
}
