{
	"start":	{
		"connected":	[{
				"socket":	5,
				"local_host":	"192.168.1.2",
				"local_port":	55010,
				"remote_host":	"192.168.4.2",
				"remote_port":	5204
			}],
		"version":	"iperf 3.19.1",
		"system_info":	"Linux h1 6.6.87.2-microsoft-standard-WSL2 #1 SMP PREEMPT_DYNAMIC Thu Jun  5 18:30:46 UTC 2025 x86_64",
		"timestamp":	{
			"time":	"Sun, 05 Apr 2026 06:38:22 UTC",
			"timesecs":	1775371102
		},
		"connecting_to":	{
			"host":	"192.168.4.2",
			"port":	5204
		},
		"cookie":	"vo7hc5zmhqswh3kaban5xyy65ddyprw3e54h",
		"tcp_mss_default":	9448,
		"target_bitrate":	20000000,
		"fq_rate":	0,
		"sock_bufsize":	0,
		"sndbuf_actual":	16384,
		"rcvbuf_actual":	131072,
		"test_start":	{
			"protocol":	"TCP",
			"num_streams":	1,
			"blksize":	131072,
			"omit":	0,
			"duration":	3,
			"bytes":	0,
			"blocks":	0,
			"reverse":	0,
			"tos":	0,
			"target_bitrate":	20000000,
			"bidir":	0,
			"fqrate":	0,
			"interval":	1
		}
	},
	"intervals":	[{
			"streams":	[{
					"socket":	5,
					"start":	0,
					"end":	1.001133,
					"seconds":	1.0011329650878906,
					"bytes":	2621440,
					"bits_per_second":	20947786.888786431,
					"retransmits":	0,
					"snd_cwnd":	330680,
					"snd_wnd":	-1,
					"rtt":	116,
					"rttvar":	36,
					"pmtu":	9500,
					"omitted":	false,
					"sender":	true
				}],
			"sum":	{
				"start":	0,
				"end":	1.001133,
				"seconds":	1.0011329650878906,
				"bytes":	2621440,
				"bits_per_second":	20947786.888786431,
				"retransmits":	0,
				"omitted":	false,
				"sender":	true
			}
		}, {
			"streams":	[{
					"socket":	5,
					"start":	1.001133,
					"end":	2.001249,
					"seconds":	1.0001159906387329,
					"bytes":	2490368,
					"bits_per_second":	19920633.39300878,
					"retransmits":	0,
					"snd_cwnd":	330680,
					"snd_wnd":	-1,
					"rtt":	108,
					"rttvar":	56,
					"pmtu":	9500,
					"omitted":	false,
					"sender":	true
				}],
			"sum":	{
				"start":	1.001133,
				"end":	2.001249,
				"seconds":	1.0001159906387329,
				"bytes":	2490368,
				"bits_per_second":	19920633.39300878,
				"retransmits":	0,
				"omitted":	false,
				"sender":	true
			}
		}, {
			"streams":	[{
					"socket":	5,
					"start":	2.001249,
					"end":	3.00125,
					"seconds":	1.0000009536743164,
					"bytes":	2490368,
					"bits_per_second":	19922925.00001812,
					"retransmits":	0,
					"snd_cwnd":	330680,
					"snd_wnd":	-1,
					"rtt":	105,
					"rttvar":	42,
					"pmtu":	9500,
					"omitted":	false,
					"sender":	true
				}],
			"sum":	{
				"start":	2.001249,
				"end":	3.00125,
				"seconds":	1.0000009536743164,
				"bytes":	2490368,
				"bits_per_second":	19922925.00001812,
				"retransmits":	0,
				"omitted":	false,
				"sender":	true
			}
		}],
	"end":	{
		"streams":	[{
				"sender":	{
					"socket":	5,
					"start":	0,
					"end":	3.00125,
					"seconds":	3.00125,
					"bytes":	7602176,
					"bits_per_second":	20264025.989171177,
					"retransmits":	0,
					"max_snd_cwnd":	330680,
					"max_snd_wnd":	0,
					"max_rtt":	116,
					"min_rtt":	105,
					"mean_rtt":	109,
					"sender":	true
				},
				"receiver":	{
					"socket":	5,
					"start":	0,
					"end":	3.001389,
					"seconds":	3.00125,
					"bytes":	7602176,
					"bits_per_second":	20263087.523809809,
					"sender":	true
				}
			}],
		"sum_sent":	{
			"start":	0,
			"end":	3.00125,
			"seconds":	3.00125,
			"bytes":	7602176,
			"bits_per_second":	20264025.989171177,
			"retransmits":	0,
			"sender":	true
		},
		"sum_received":	{
			"start":	0,
			"end":	3.001389,
			"seconds":	3.001389,
			"bytes":	7602176,
			"bits_per_second":	20263087.523809809,
			"sender":	true
		},
		"cpu_utilization_percent":	{
			"host_total":	0.48756936201101136,
			"host_user":	0,
			"host_system":	0.48753606491601642,
			"remote_total":	0.17538330113752595,
			"remote_user":	0.0037648770950874681,
			"remote_system":	0.17161842404243849
		},
		"sender_tcp_congestion":	"cubic",
		"receiver_tcp_congestion":	"cubic"
	}
}
