{
	"start":	{
		"connected":	[{
				"socket":	5,
				"local_host":	"192.168.1.2",
				"local_port":	46160,
				"remote_host":	"192.168.4.2",
				"remote_port":	5205
			}],
		"version":	"iperf 3.19.1",
		"system_info":	"Linux h1 6.6.87.2-microsoft-standard-WSL2 #1 SMP PREEMPT_DYNAMIC Thu Jun  5 18:30:46 UTC 2025 x86_64",
		"timestamp":	{
			"time":	"Sun, 05 Apr 2026 06:22:20 UTC",
			"timesecs":	1775370140
		},
		"connecting_to":	{
			"host":	"192.168.4.2",
			"port":	5205
		},
		"cookie":	"znaf2sukoxaroa42ouyorvb2gvnobro5de4l",
		"tcp_mss_default":	9448,
		"target_bitrate":	20000000,
		"fq_rate":	0,
		"sock_bufsize":	0,
		"sndbuf_actual":	16384,
		"rcvbuf_actual":	131072,
		"test_start":	{
			"protocol":	"TCP",
			"num_streams":	1,
			"blksize":	131072,
			"omit":	0,
			"duration":	3,
			"bytes":	0,
			"blocks":	0,
			"reverse":	0,
			"tos":	0,
			"target_bitrate":	20000000,
			"bidir":	0,
			"fqrate":	0,
			"interval":	1
		}
	},
	"intervals":	[{
			"streams":	[{
					"socket":	5,
					"start":	0,
					"end":	1.001058,
					"seconds":	1.0010579824447632,
					"bytes":	2621440,
					"bits_per_second":	20949355.949176677,
					"retransmits":	0,
					"snd_cwnd":	264544,
					"snd_wnd":	-1,
					"rtt":	159,
					"rttvar":	93,
					"pmtu":	9500,
					"omitted":	false,
					"sender":	true
				}],
			"sum":	{
				"start":	0,
				"end":	1.001058,
				"seconds":	1.0010579824447632,
				"bytes":	2621440,
				"bits_per_second":	20949355.949176677,
				"retransmits":	0,
				"omitted":	false,
				"sender":	true
			}
		}, {
			"streams":	[{
					"socket":	5,
					"start":	1.001058,
					"end":	2.001091,
					"seconds":	1.0000330209732056,
					"bytes":	2490368,
					"bits_per_second":	19922286.146722954,
					"retransmits":	0,
					"snd_cwnd":	264544,
					"snd_wnd":	-1,
					"rtt":	119,
					"rttvar":	52,
					"pmtu":	9500,
					"omitted":	false,
					"sender":	true
				}],
			"sum":	{
				"start":	1.001058,
				"end":	2.001091,
				"seconds":	1.0000330209732056,
				"bytes":	2490368,
				"bits_per_second":	19922286.146722954,
				"retransmits":	0,
				"omitted":	false,
				"sender":	true
			}
		}, {
			"streams":	[{
					"socket":	5,
					"start":	2.001091,
					"end":	3.000796,
					"seconds":	0.99970501661300659,
					"bytes":	2490368,
					"bits_per_second":	19928822.671610463,
					"retransmits":	0,
					"snd_cwnd":	264544,
					"snd_wnd":	-1,
					"rtt":	98,
					"rttvar":	51,
					"pmtu":	9500,
					"omitted":	false,
					"sender":	true
				}],
			"sum":	{
				"start":	2.001091,
				"end":	3.000796,
				"seconds":	0.99970501661300659,
				"bytes":	2490368,
				"bits_per_second":	19928822.671610463,
				"retransmits":	0,
				"omitted":	false,
				"sender":	true
			}
		}],
	"end":	{
		"streams":	[{
				"sender":	{
					"socket":	5,
					"start":	0,
					"end":	3.000796,
					"seconds":	3.000796,
					"bytes":	7602176,
					"bits_per_second":	20267091.798309516,
					"retransmits":	0,
					"max_snd_cwnd":	264544,
					"max_snd_wnd":	0,
					"max_rtt":	159,
					"min_rtt":	98,
					"mean_rtt":	125,
					"sender":	true
				},
				"receiver":	{
					"socket":	5,
					"start":	0,
					"end":	3.000982,
					"seconds":	3.000796,
					"bytes":	7602176,
					"bits_per_second":	20265835.6497973,
					"sender":	true
				}
			}],
		"sum_sent":	{
			"start":	0,
			"end":	3.000796,
			"seconds":	3.000796,
			"bytes":	7602176,
			"bits_per_second":	20267091.798309516,
			"retransmits":	0,
			"sender":	true
		},
		"sum_received":	{
			"start":	0,
			"end":	3.000982,
			"seconds":	3.000982,
			"bytes":	7602176,
			"bits_per_second":	20265835.6497973,
			"sender":	true
		},
		"cpu_utilization_percent":	{
			"host_total":	0.461982002388356,
			"host_user":	0.08024476485352583,
			"host_system":	0.38173723753483019,
			"remote_total":	0.16780882855709067,
			"remote_user":	0.0073308066486417684,
			"remote_system":	0.160444700060046
		},
		"sender_tcp_congestion":	"cubic",
		"receiver_tcp_congestion":	"cubic"
	}
}
