{
	"start":	{
		"connected":	[{
				"socket":	5,
				"local_host":	"192.168.1.2",
				"local_port":	58776,
				"remote_host":	"192.168.4.2",
				"remote_port":	5202
			}],
		"version":	"iperf 3.19.1",
		"system_info":	"Linux h1 6.6.87.2-microsoft-standard-WSL2 #1 SMP PREEMPT_DYNAMIC Thu Jun  5 18:30:46 UTC 2025 x86_64",
		"timestamp":	{
			"time":	"Sun, 05 Apr 2026 06:18:38 UTC",
			"timesecs":	1775369918
		},
		"connecting_to":	{
			"host":	"192.168.4.2",
			"port":	5202
		},
		"cookie":	"zeyt2xj7ina6wkb4pu4myf36f4kgd4u3bmse",
		"tcp_mss_default":	9448,
		"target_bitrate":	20000000,
		"fq_rate":	0,
		"sock_bufsize":	0,
		"sndbuf_actual":	16384,
		"rcvbuf_actual":	131072,
		"test_start":	{
			"protocol":	"TCP",
			"num_streams":	1,
			"blksize":	131072,
			"omit":	0,
			"duration":	3,
			"bytes":	0,
			"blocks":	0,
			"reverse":	0,
			"tos":	0,
			"target_bitrate":	20000000,
			"bidir":	0,
			"fqrate":	0,
			"interval":	1
		}
	},
	"intervals":	[{
			"streams":	[{
					"socket":	5,
					"start":	0,
					"end":	1.00113,
					"seconds":	1.0011299848556519,
					"bytes":	2621440,
					"bits_per_second":	20947849.247591741,
					"retransmits":	0,
					"snd_cwnd":	151168,
					"snd_wnd":	-1,
					"rtt":	137,
					"rttvar":	48,
					"pmtu":	9500,
					"omitted":	false,
					"sender":	true
				}],
			"sum":	{
				"start":	0,
				"end":	1.00113,
				"seconds":	1.0011299848556519,
				"bytes":	2621440,
				"bits_per_second":	20947849.247591741,
				"retransmits":	0,
				"omitted":	false,
				"sender":	true
			}
		}, {
			"streams":	[{
					"socket":	5,
					"start":	1.00113,
					"end":	2.001102,
					"seconds":	0.99997198581695557,
					"bytes":	2490368,
					"bits_per_second":	19923502.140635855,
					"retransmits":	0,
					"snd_cwnd":	151168,
					"snd_wnd":	-1,
					"rtt":	121,
					"rttvar":	61,
					"pmtu":	9500,
					"omitted":	false,
					"sender":	true
				}],
			"sum":	{
				"start":	1.00113,
				"end":	2.001102,
				"seconds":	0.99997198581695557,
				"bytes":	2490368,
				"bits_per_second":	19923502.140635855,
				"retransmits":	0,
				"omitted":	false,
				"sender":	true
			}
		}, {
			"streams":	[{
					"socket":	5,
					"start":	2.001102,
					"end":	3.001184,
					"seconds":	1.0000820159912109,
					"bytes":	2490368,
					"bits_per_second":	19921310.13400314,
					"retransmits":	0,
					"snd_cwnd":	151168,
					"snd_wnd":	-1,
					"rtt":	122,
					"rttvar":	47,
					"pmtu":	9500,
					"omitted":	false,
					"sender":	true
				}],
			"sum":	{
				"start":	2.001102,
				"end":	3.001184,
				"seconds":	1.0000820159912109,
				"bytes":	2490368,
				"bits_per_second":	19921310.13400314,
				"retransmits":	0,
				"omitted":	false,
				"sender":	true
			}
		}],
	"end":	{
		"streams":	[{
				"sender":	{
					"socket":	5,
					"start":	0,
					"end":	3.001184,
					"seconds":	3.001184,
					"bytes":	7602176,
					"bits_per_second":	20264471.621866573,
					"retransmits":	0,
					"max_snd_cwnd":	151168,
					"max_snd_wnd":	0,
					"max_rtt":	137,
					"min_rtt":	121,
					"mean_rtt":	126,
					"sender":	true
				},
				"receiver":	{
					"socket":	5,
					"start":	0,
					"end":	3.001362,
					"seconds":	3.001184,
					"bytes":	7602176,
					"bits_per_second":	20263269.808840122,
					"sender":	true
				}
			}],
		"sum_sent":	{
			"start":	0,
			"end":	3.001184,
			"seconds":	3.001184,
			"bytes":	7602176,
			"bits_per_second":	20264471.621866573,
			"retransmits":	0,
			"sender":	true
		},
		"sum_received":	{
			"start":	0,
			"end":	3.001362,
			"seconds":	3.001362,
			"bytes":	7602176,
			"bits_per_second":	20263269.808840122,
			"sender":	true
		},
		"cpu_utilization_percent":	{
			"host_total":	0.49742991214536386,
			"host_user":	0,
			"host_system":	0.49742991214536386,
			"remote_total":	0.20640354074529169,
			"remote_user":	0,
			"remote_system":	0.20637022298245952
		},
		"sender_tcp_congestion":	"cubic",
		"receiver_tcp_congestion":	"cubic"
	}
}
