{
	"start":	{
		"connected":	[{
				"socket":	5,
				"local_host":	"192.168.1.2",
				"local_port":	60378,
				"remote_host":	"192.168.4.2",
				"remote_port":	5202
			}],
		"version":	"iperf 3.19.1",
		"system_info":	"Linux h1 6.6.87.2-microsoft-standard-WSL2 #1 SMP PREEMPT_DYNAMIC Thu Jun  5 18:30:46 UTC 2025 x86_64",
		"timestamp":	{
			"time":	"Sun, 05 Apr 2026 06:43:36 UTC",
			"timesecs":	1775371416
		},
		"connecting_to":	{
			"host":	"192.168.4.2",
			"port":	5202
		},
		"cookie":	"g3fyhuzmwxqb5b2mcmaxr2ddszxyegv4uok4",
		"tcp_mss_default":	9448,
		"target_bitrate":	20000000,
		"fq_rate":	0,
		"sock_bufsize":	0,
		"sndbuf_actual":	16384,
		"rcvbuf_actual":	131072,
		"test_start":	{
			"protocol":	"TCP",
			"num_streams":	1,
			"blksize":	131072,
			"omit":	0,
			"duration":	3,
			"bytes":	0,
			"blocks":	0,
			"reverse":	0,
			"tos":	0,
			"target_bitrate":	20000000,
			"bidir":	0,
			"fqrate":	0,
			"interval":	1
		}
	},
	"intervals":	[{
			"streams":	[{
					"socket":	5,
					"start":	0,
					"end":	1.001519,
					"seconds":	1.0015189647674561,
					"bytes":	2621440,
					"bits_per_second":	20939713.313236564,
					"retransmits":	0,
					"snd_cwnd":	359024,
					"snd_wnd":	-1,
					"rtt":	121,
					"rttvar":	56,
					"pmtu":	9500,
					"omitted":	false,
					"sender":	true
				}],
			"sum":	{
				"start":	0,
				"end":	1.001519,
				"seconds":	1.0015189647674561,
				"bytes":	2621440,
				"bits_per_second":	20939713.313236564,
				"retransmits":	0,
				"omitted":	false,
				"sender":	true
			}
		}, {
			"streams":	[{
					"socket":	5,
					"start":	1.001519,
					"end":	2.001162,
					"seconds":	0.99964302778244019,
					"bytes":	2490368,
					"bits_per_second":	19930058.477170691,
					"retransmits":	0,
					"snd_cwnd":	359024,
					"snd_wnd":	-1,
					"rtt":	113,
					"rttvar":	68,
					"pmtu":	9500,
					"omitted":	false,
					"sender":	true
				}],
			"sum":	{
				"start":	1.001519,
				"end":	2.001162,
				"seconds":	0.99964302778244019,
				"bytes":	2490368,
				"bits_per_second":	19930058.477170691,
				"retransmits":	0,
				"omitted":	false,
				"sender":	true
			}
		}, {
			"streams":	[{
					"socket":	5,
					"start":	2.001162,
					"end":	3.001276,
					"seconds":	1.0001139640808105,
					"bytes":	2490368,
					"bits_per_second":	19920673.75872596,
					"retransmits":	0,
					"snd_cwnd":	359024,
					"snd_wnd":	-1,
					"rtt":	125,
					"rttvar":	69,
					"pmtu":	9500,
					"omitted":	false,
					"sender":	true
				}],
			"sum":	{
				"start":	2.001162,
				"end":	3.001276,
				"seconds":	1.0001139640808105,
				"bytes":	2490368,
				"bits_per_second":	19920673.75872596,
				"retransmits":	0,
				"omitted":	false,
				"sender":	true
			}
		}],
	"end":	{
		"streams":	[{
				"sender":	{
					"socket":	5,
					"start":	0,
					"end":	3.001276,
					"seconds":	3.001276,
					"bytes":	7602176,
					"bits_per_second":	20263850.442278553,
					"retransmits":	0,
					"max_snd_cwnd":	359024,
					"max_snd_wnd":	0,
					"max_rtt":	125,
					"min_rtt":	113,
					"mean_rtt":	119,
					"sender":	true
				},
				"receiver":	{
					"socket":	5,
					"start":	0,
					"end":	3.001585,
					"seconds":	3.001276,
					"bytes":	7602176,
					"bits_per_second":	20261764.367825665,
					"sender":	true
				}
			}],
		"sum_sent":	{
			"start":	0,
			"end":	3.001276,
			"seconds":	3.001276,
			"bytes":	7602176,
			"bits_per_second":	20263850.442278553,
			"retransmits":	0,
			"sender":	true
		},
		"sum_received":	{
			"start":	0,
			"end":	3.001585,
			"seconds":	3.001585,
			"bytes":	7602176,
			"bits_per_second":	20261764.367825665,
			"sender":	true
		},
		"cpu_utilization_percent":	{
			"host_total":	0.585264960748159,
			"host_user":	0.15026173443261129,
			"host_system":	0.43503652162563688,
			"remote_total":	0.19059676008828552,
			"remote_user":	0.0184899845916795,
			"remote_system":	0.172106775496606
		},
		"sender_tcp_congestion":	"cubic",
		"receiver_tcp_congestion":	"cubic"
	}
}
