{
	"start":	{
		"connected":	[{
				"socket":	5,
				"local_host":	"192.168.1.2",
				"local_port":	58672,
				"remote_host":	"192.168.4.2",
				"remote_port":	5204
			}],
		"version":	"iperf 3.19.1",
		"system_info":	"Linux h1 6.6.87.2-microsoft-standard-WSL2 #1 SMP PREEMPT_DYNAMIC Thu Jun  5 18:30:46 UTC 2025 x86_64",
		"timestamp":	{
			"time":	"Sun, 05 Apr 2026 06:15:41 UTC",
			"timesecs":	1775369741
		},
		"connecting_to":	{
			"host":	"192.168.4.2",
			"port":	5204
		},
		"cookie":	"4c33zelun42njde3xnjof5k3crfcdbbfc3rn",
		"tcp_mss_default":	9448,
		"target_bitrate":	20000000,
		"fq_rate":	0,
		"sock_bufsize":	0,
		"sndbuf_actual":	16384,
		"rcvbuf_actual":	131072,
		"test_start":	{
			"protocol":	"TCP",
			"num_streams":	1,
			"blksize":	131072,
			"omit":	0,
			"duration":	3,
			"bytes":	0,
			"blocks":	0,
			"reverse":	0,
			"tos":	0,
			"target_bitrate":	20000000,
			"bidir":	0,
			"fqrate":	0,
			"interval":	1
		}
	},
	"intervals":	[{
			"streams":	[{
					"socket":	5,
					"start":	0,
					"end":	1.001058,
					"seconds":	1.0010579824447632,
					"bytes":	2621440,
					"bits_per_second":	20949355.949176677,
					"retransmits":	0,
					"snd_cwnd":	340128,
					"snd_wnd":	-1,
					"rtt":	155,
					"rttvar":	55,
					"pmtu":	9500,
					"omitted":	false,
					"sender":	true
				}],
			"sum":	{
				"start":	0,
				"end":	1.001058,
				"seconds":	1.0010579824447632,
				"bytes":	2621440,
				"bits_per_second":	20949355.949176677,
				"retransmits":	0,
				"omitted":	false,
				"sender":	true
			}
		}, {
			"streams":	[{
					"socket":	5,
					"start":	1.001058,
					"end":	2.001077,
					"seconds":	1.0000189542770386,
					"bytes":	2490368,
					"bits_per_second":	19922566.382157475,
					"retransmits":	0,
					"snd_cwnd":	340128,
					"snd_wnd":	-1,
					"rtt":	163,
					"rttvar":	116,
					"pmtu":	9500,
					"omitted":	false,
					"sender":	true
				}],
			"sum":	{
				"start":	1.001058,
				"end":	2.001077,
				"seconds":	1.0000189542770386,
				"bytes":	2490368,
				"bits_per_second":	19922566.382157475,
				"retransmits":	0,
				"omitted":	false,
				"sender":	true
			}
		}, {
			"streams":	[{
					"socket":	5,
					"start":	2.001077,
					"end":	3.000744,
					"seconds":	0.99966698884964,
					"bytes":	2490368,
					"bits_per_second":	19929580.772619285,
					"retransmits":	0,
					"snd_cwnd":	340128,
					"snd_wnd":	-1,
					"rtt":	145,
					"rttvar":	78,
					"pmtu":	9500,
					"omitted":	false,
					"sender":	true
				}],
			"sum":	{
				"start":	2.001077,
				"end":	3.000744,
				"seconds":	0.99966698884964,
				"bytes":	2490368,
				"bits_per_second":	19929580.772619285,
				"retransmits":	0,
				"omitted":	false,
				"sender":	true
			}
		}],
	"end":	{
		"streams":	[{
				"sender":	{
					"socket":	5,
					"start":	0,
					"end":	3.000744,
					"seconds":	3.000744,
					"bytes":	7602176,
					"bits_per_second":	20267443.007467482,
					"retransmits":	0,
					"max_snd_cwnd":	340128,
					"max_snd_wnd":	0,
					"max_rtt":	163,
					"min_rtt":	145,
					"mean_rtt":	154,
					"sender":	true
				},
				"receiver":	{
					"socket":	5,
					"start":	0,
					"end":	3.000929,
					"seconds":	3.000744,
					"bytes":	7602176,
					"bits_per_second":	20266193.568724882,
					"sender":	true
				}
			}],
		"sum_sent":	{
			"start":	0,
			"end":	3.000744,
			"seconds":	3.000744,
			"bytes":	7602176,
			"bits_per_second":	20267443.007467482,
			"retransmits":	0,
			"sender":	true
		},
		"sum_received":	{
			"start":	0,
			"end":	3.000929,
			"seconds":	3.000929,
			"bytes":	7602176,
			"bits_per_second":	20266193.568724882,
			"sender":	true
		},
		"cpu_utilization_percent":	{
			"host_total":	0.703622503395868,
			"host_user":	0.0281795416527601,
			"host_system":	0.67550958004488737,
			"remote_total":	0.25768446532222888,
			"remote_user":	0,
			"remote_system":	0.25768446532222888
		},
		"sender_tcp_congestion":	"cubic",
		"receiver_tcp_congestion":	"cubic"
	}
}
