{
	"start":	{
		"connected":	[{
				"socket":	5,
				"local_host":	"192.168.1.2",
				"local_port":	51706,
				"remote_host":	"192.168.4.2",
				"remote_port":	5202
			}],
		"version":	"iperf 3.19.1",
		"system_info":	"Linux h1 6.6.87.2-microsoft-standard-WSL2 #1 SMP PREEMPT_DYNAMIC Thu Jun  5 18:30:46 UTC 2025 x86_64",
		"timestamp":	{
			"time":	"Sun, 05 Apr 2026 06:31:33 UTC",
			"timesecs":	1775370693
		},
		"connecting_to":	{
			"host":	"192.168.4.2",
			"port":	5202
		},
		"cookie":	"unnrvf4l3zebj2db2zn6ai2pvmuwhffzkqmk",
		"tcp_mss_default":	9448,
		"target_bitrate":	20000000,
		"fq_rate":	0,
		"sock_bufsize":	0,
		"sndbuf_actual":	16384,
		"rcvbuf_actual":	131072,
		"test_start":	{
			"protocol":	"TCP",
			"num_streams":	1,
			"blksize":	131072,
			"omit":	0,
			"duration":	3,
			"bytes":	0,
			"blocks":	0,
			"reverse":	0,
			"tos":	0,
			"target_bitrate":	20000000,
			"bidir":	0,
			"fqrate":	0,
			"interval":	1
		}
	},
	"intervals":	[{
			"streams":	[{
					"socket":	5,
					"start":	0,
					"end":	1.001247,
					"seconds":	1.0012470483779907,
					"bytes":	2621440,
					"bits_per_second":	20945400.072812833,
					"retransmits":	0,
					"snd_cwnd":	359024,
					"snd_wnd":	-1,
					"rtt":	144,
					"rttvar":	73,
					"pmtu":	9500,
					"omitted":	false,
					"sender":	true
				}],
			"sum":	{
				"start":	0,
				"end":	1.001247,
				"seconds":	1.0012470483779907,
				"bytes":	2621440,
				"bits_per_second":	20945400.072812833,
				"retransmits":	0,
				"omitted":	false,
				"sender":	true
			}
		}, {
			"streams":	[{
					"socket":	5,
					"start":	1.001247,
					"end":	2.001099,
					"seconds":	0.99985200166702271,
					"bytes":	2490368,
					"bits_per_second":	19925892.998946927,
					"retransmits":	0,
					"snd_cwnd":	359024,
					"snd_wnd":	-1,
					"rtt":	144,
					"rttvar":	50,
					"pmtu":	9500,
					"omitted":	false,
					"sender":	true
				}],
			"sum":	{
				"start":	1.001247,
				"end":	2.001099,
				"seconds":	0.99985200166702271,
				"bytes":	2490368,
				"bits_per_second":	19925892.998946927,
				"retransmits":	0,
				"omitted":	false,
				"sender":	true
			}
		}, {
			"streams":	[{
					"socket":	5,
					"start":	2.001099,
					"end":	3.001653,
					"seconds":	1.0005539655685425,
					"bytes":	2490368,
					"bits_per_second":	19911913.485525221,
					"retransmits":	0,
					"snd_cwnd":	359024,
					"snd_wnd":	-1,
					"rtt":	123,
					"rttvar":	63,
					"pmtu":	9500,
					"omitted":	false,
					"sender":	true
				}],
			"sum":	{
				"start":	2.001099,
				"end":	3.001653,
				"seconds":	1.0005539655685425,
				"bytes":	2490368,
				"bits_per_second":	19911913.485525221,
				"retransmits":	0,
				"omitted":	false,
				"sender":	true
			}
		}],
	"end":	{
		"streams":	[{
				"sender":	{
					"socket":	5,
					"start":	0,
					"end":	3.001653,
					"seconds":	3.001653,
					"bytes":	7602176,
					"bits_per_second":	20261305.354083233,
					"retransmits":	0,
					"max_snd_cwnd":	359024,
					"max_snd_wnd":	0,
					"max_rtt":	144,
					"min_rtt":	123,
					"mean_rtt":	137,
					"sender":	true
				},
				"receiver":	{
					"socket":	5,
					"start":	0,
					"end":	3.00181,
					"seconds":	3.001653,
					"bytes":	7602176,
					"bits_per_second":	20260245.651790086,
					"sender":	true
				}
			}],
		"sum_sent":	{
			"start":	0,
			"end":	3.001653,
			"seconds":	3.001653,
			"bytes":	7602176,
			"bits_per_second":	20261305.354083233,
			"retransmits":	0,
			"sender":	true
		},
		"sum_received":	{
			"start":	0,
			"end":	3.00181,
			"seconds":	3.00181,
			"bytes":	7602176,
			"bits_per_second":	20260245.651790086,
			"sender":	true
		},
		"cpu_utilization_percent":	{
			"host_total":	0.59730750362764,
			"host_user":	0,
			"host_system":	0.59730750362764,
			"remote_total":	0.21113618450464278,
			"remote_user":	0.019421330950805737,
			"remote_system":	0.19171485355383705
		},
		"sender_tcp_congestion":	"cubic",
		"receiver_tcp_congestion":	"cubic"
	}
}
