{
	"start":	{
		"connected":	[{
				"socket":	5,
				"local_host":	"192.168.1.2",
				"local_port":	35860,
				"remote_host":	"192.168.4.2",
				"remote_port":	5203
			}],
		"version":	"iperf 3.19.1",
		"system_info":	"Linux h1 6.6.87.2-microsoft-standard-WSL2 #1 SMP PREEMPT_DYNAMIC Thu Jun  5 18:30:46 UTC 2025 x86_64",
		"timestamp":	{
			"time":	"Sun, 05 Apr 2026 06:18:39 UTC",
			"timesecs":	1775369919
		},
		"connecting_to":	{
			"host":	"192.168.4.2",
			"port":	5203
		},
		"cookie":	"sz742sn6tqrezlla2iirm27i4qnbmut65rk7",
		"tcp_mss_default":	9448,
		"target_bitrate":	20000000,
		"fq_rate":	0,
		"sock_bufsize":	0,
		"sndbuf_actual":	16384,
		"rcvbuf_actual":	131072,
		"test_start":	{
			"protocol":	"TCP",
			"num_streams":	1,
			"blksize":	131072,
			"omit":	0,
			"duration":	3,
			"bytes":	0,
			"blocks":	0,
			"reverse":	0,
			"tos":	0,
			"target_bitrate":	20000000,
			"bidir":	0,
			"fqrate":	0,
			"interval":	1
		}
	},
	"intervals":	[{
			"streams":	[{
					"socket":	5,
					"start":	0,
					"end":	1.001088,
					"seconds":	1.00108802318573,
					"bytes":	2621440,
					"bits_per_second":	20948727.298987169,
					"retransmits":	0,
					"snd_cwnd":	217304,
					"snd_wnd":	-1,
					"rtt":	141,
					"rttvar":	70,
					"pmtu":	9500,
					"omitted":	false,
					"sender":	true
				}],
			"sum":	{
				"start":	0,
				"end":	1.001088,
				"seconds":	1.00108802318573,
				"bytes":	2621440,
				"bits_per_second":	20948727.298987169,
				"retransmits":	0,
				"omitted":	false,
				"sender":	true
			}
		}, {
			"streams":	[{
					"socket":	5,
					"start":	1.001088,
					"end":	2.001156,
					"seconds":	1.0000679492950439,
					"bytes":	2490368,
					"bits_per_second":	19921590.341980107,
					"retransmits":	0,
					"snd_cwnd":	217304,
					"snd_wnd":	-1,
					"rtt":	113,
					"rttvar":	58,
					"pmtu":	9500,
					"omitted":	false,
					"sender":	true
				}],
			"sum":	{
				"start":	1.001088,
				"end":	2.001156,
				"seconds":	1.0000679492950439,
				"bytes":	2490368,
				"bits_per_second":	19921590.341980107,
				"retransmits":	0,
				"omitted":	false,
				"sender":	true
			}
		}, {
			"streams":	[{
					"socket":	5,
					"start":	2.001156,
					"end":	3.001234,
					"seconds":	1.0000779628753662,
					"bytes":	2490368,
					"bits_per_second":	19921390.8710864,
					"retransmits":	0,
					"snd_cwnd":	217304,
					"snd_wnd":	-1,
					"rtt":	166,
					"rttvar":	120,
					"pmtu":	9500,
					"omitted":	false,
					"sender":	true
				}],
			"sum":	{
				"start":	2.001156,
				"end":	3.001234,
				"seconds":	1.0000779628753662,
				"bytes":	2490368,
				"bits_per_second":	19921390.8710864,
				"retransmits":	0,
				"omitted":	false,
				"sender":	true
			}
		}],
	"end":	{
		"streams":	[{
				"sender":	{
					"socket":	5,
					"start":	0,
					"end":	3.001234,
					"seconds":	3.001234,
					"bytes":	7602176,
					"bits_per_second":	20264134.01953996,
					"retransmits":	0,
					"max_snd_cwnd":	217304,
					"max_snd_wnd":	0,
					"max_rtt":	166,
					"min_rtt":	113,
					"mean_rtt":	140,
					"sender":	true
				},
				"receiver":	{
					"socket":	5,
					"start":	0,
					"end":	3.001383,
					"seconds":	3.001234,
					"bytes":	7602176,
					"bits_per_second":	20263128.0313109,
					"sender":	true
				}
			}],
		"sum_sent":	{
			"start":	0,
			"end":	3.001234,
			"seconds":	3.001234,
			"bytes":	7602176,
			"bits_per_second":	20264134.01953996,
			"retransmits":	0,
			"sender":	true
		},
		"sum_received":	{
			"start":	0,
			"end":	3.001383,
			"seconds":	3.001383,
			"bytes":	7602176,
			"bits_per_second":	20263128.0313109,
			"sender":	true
		},
		"cpu_utilization_percent":	{
			"host_total":	0.57184845483003433,
			"host_user":	0.0695158274248766,
			"host_system":	0.50233262740515772,
			"remote_total":	0.18874393162438724,
			"remote_user":	0.024754941076243552,
			"remote_system":	0.1639889905481437
		},
		"sender_tcp_congestion":	"cubic",
		"receiver_tcp_congestion":	"cubic"
	}
}
