{
	"start":	{
		"connected":	[{
				"socket":	5,
				"local_host":	"192.168.1.2",
				"local_port":	44122,
				"remote_host":	"192.168.4.2",
				"remote_port":	5203
			}],
		"version":	"iperf 3.19.1",
		"system_info":	"Linux h1 6.6.87.2-microsoft-standard-WSL2 #1 SMP PREEMPT_DYNAMIC Thu Jun  5 18:30:46 UTC 2025 x86_64",
		"timestamp":	{
			"time":	"Sun, 05 Apr 2026 06:16:28 UTC",
			"timesecs":	1775369788
		},
		"connecting_to":	{
			"host":	"192.168.4.2",
			"port":	5203
		},
		"cookie":	"hy4o4yx5p6zxmoxlwwgppa3x23vckkmjzafa",
		"tcp_mss_default":	9448,
		"target_bitrate":	20000000,
		"fq_rate":	0,
		"sock_bufsize":	0,
		"sndbuf_actual":	16384,
		"rcvbuf_actual":	131072,
		"test_start":	{
			"protocol":	"TCP",
			"num_streams":	1,
			"blksize":	131072,
			"omit":	0,
			"duration":	3,
			"bytes":	0,
			"blocks":	0,
			"reverse":	0,
			"tos":	0,
			"target_bitrate":	20000000,
			"bidir":	0,
			"fqrate":	0,
			"interval":	1
		}
	},
	"intervals":	[{
			"streams":	[{
					"socket":	5,
					"start":	0,
					"end":	1.001052,
					"seconds":	1.0010520219802856,
					"bytes":	2621440,
					"bits_per_second":	20949480.685842924,
					"retransmits":	0,
					"snd_cwnd":	368472,
					"snd_wnd":	-1,
					"rtt":	145,
					"rttvar":	100,
					"pmtu":	9500,
					"omitted":	false,
					"sender":	true
				}],
			"sum":	{
				"start":	0,
				"end":	1.001052,
				"seconds":	1.0010520219802856,
				"bytes":	2621440,
				"bits_per_second":	20949480.685842924,
				"retransmits":	0,
				"omitted":	false,
				"sender":	true
			}
		}, {
			"streams":	[{
					"socket":	5,
					"start":	1.001052,
					"end":	2.00108,
					"seconds":	1.0000280141830444,
					"bytes":	2490368,
					"bits_per_second":	19922385.890634976,
					"retransmits":	0,
					"snd_cwnd":	368472,
					"snd_wnd":	-1,
					"rtt":	154,
					"rttvar":	68,
					"pmtu":	9500,
					"omitted":	false,
					"sender":	true
				}],
			"sum":	{
				"start":	1.001052,
				"end":	2.00108,
				"seconds":	1.0000280141830444,
				"bytes":	2490368,
				"bits_per_second":	19922385.890634976,
				"retransmits":	0,
				"omitted":	false,
				"sender":	true
			}
		}, {
			"streams":	[{
					"socket":	5,
					"start":	2.00108,
					"end":	3.001136,
					"seconds":	1.0000560283660889,
					"bytes":	2490368,
					"bits_per_second":	19921827.812538158,
					"retransmits":	0,
					"snd_cwnd":	368472,
					"snd_wnd":	-1,
					"rtt":	119,
					"rttvar":	47,
					"pmtu":	9500,
					"omitted":	false,
					"sender":	true
				}],
			"sum":	{
				"start":	2.00108,
				"end":	3.001136,
				"seconds":	1.0000560283660889,
				"bytes":	2490368,
				"bits_per_second":	19921827.812538158,
				"retransmits":	0,
				"omitted":	false,
				"sender":	true
			}
		}],
	"end":	{
		"streams":	[{
				"sender":	{
					"socket":	5,
					"start":	0,
					"end":	3.001136,
					"seconds":	3.001136,
					"bytes":	7602176,
					"bits_per_second":	20264795.730683316,
					"retransmits":	0,
					"max_snd_cwnd":	368472,
					"max_snd_wnd":	0,
					"max_rtt":	154,
					"min_rtt":	119,
					"mean_rtt":	139,
					"sender":	true
				},
				"receiver":	{
					"socket":	5,
					"start":	0,
					"end":	3.001276,
					"seconds":	3.001136,
					"bytes":	7602176,
					"bits_per_second":	20263850.442278553,
					"sender":	true
				}
			}],
		"sum_sent":	{
			"start":	0,
			"end":	3.001136,
			"seconds":	3.001136,
			"bytes":	7602176,
			"bits_per_second":	20264795.730683316,
			"retransmits":	0,
			"sender":	true
		},
		"sum_received":	{
			"start":	0,
			"end":	3.001276,
			"seconds":	3.001276,
			"bytes":	7602176,
			"bits_per_second":	20263850.442278553,
			"sender":	true
		},
		"cpu_utilization_percent":	{
			"host_total":	0.55635751032678682,
			"host_user":	0,
			"host_system":	0.55639081717007732,
			"remote_total":	0.21490415274787447,
			"remote_user":	0,
			"remote_system":	0.21490415274787447
		},
		"sender_tcp_congestion":	"cubic",
		"receiver_tcp_congestion":	"cubic"
	}
}
