{
	"start":	{
		"connected":	[{
				"socket":	5,
				"local_host":	"192.168.1.2",
				"local_port":	44890,
				"remote_host":	"192.168.4.2",
				"remote_port":	5202
			}],
		"version":	"iperf 3.19.1",
		"system_info":	"Linux h1 6.6.87.2-microsoft-standard-WSL2 #1 SMP PREEMPT_DYNAMIC Thu Jun  5 18:30:46 UTC 2025 x86_64",
		"timestamp":	{
			"time":	"Sun, 05 Apr 2026 06:34:34 UTC",
			"timesecs":	1775370874
		},
		"connecting_to":	{
			"host":	"192.168.4.2",
			"port":	5202
		},
		"cookie":	"t4rlo7wk5adrxwgybbist7qzx6nllafc7e4w",
		"tcp_mss_default":	9448,
		"target_bitrate":	20000000,
		"fq_rate":	0,
		"sock_bufsize":	0,
		"sndbuf_actual":	16384,
		"rcvbuf_actual":	131072,
		"test_start":	{
			"protocol":	"TCP",
			"num_streams":	1,
			"blksize":	131072,
			"omit":	0,
			"duration":	3,
			"bytes":	0,
			"blocks":	0,
			"reverse":	0,
			"tos":	0,
			"target_bitrate":	20000000,
			"bidir":	0,
			"fqrate":	0,
			"interval":	1
		}
	},
	"intervals":	[{
			"streams":	[{
					"socket":	5,
					"start":	0,
					"end":	1.001091,
					"seconds":	1.0010910034179688,
					"bytes":	2621440,
					"bits_per_second":	20948664.934954084,
					"retransmits":	0,
					"snd_cwnd":	368472,
					"snd_wnd":	-1,
					"rtt":	130,
					"rttvar":	58,
					"pmtu":	9500,
					"omitted":	false,
					"sender":	true
				}],
			"sum":	{
				"start":	0,
				"end":	1.001091,
				"seconds":	1.0010910034179688,
				"bytes":	2621440,
				"bits_per_second":	20948664.934954084,
				"retransmits":	0,
				"omitted":	false,
				"sender":	true
			}
		}, {
			"streams":	[{
					"socket":	5,
					"start":	1.001091,
					"end":	2.00108,
					"seconds":	0.99998897314071655,
					"bytes":	2490368,
					"bits_per_second":	19923163.689922489,
					"retransmits":	0,
					"snd_cwnd":	368472,
					"snd_wnd":	-1,
					"rtt":	143,
					"rttvar":	70,
					"pmtu":	9500,
					"omitted":	false,
					"sender":	true
				}],
			"sum":	{
				"start":	1.001091,
				"end":	2.00108,
				"seconds":	0.99998897314071655,
				"bytes":	2490368,
				"bits_per_second":	19923163.689922489,
				"retransmits":	0,
				"omitted":	false,
				"sender":	true
			}
		}, {
			"streams":	[{
					"socket":	5,
					"start":	2.00108,
					"end":	3.001395,
					"seconds":	1.0003149509429932,
					"bytes":	2490368,
					"bits_per_second":	19916671.225616209,
					"retransmits":	0,
					"snd_cwnd":	368472,
					"snd_wnd":	-1,
					"rtt":	155,
					"rttvar":	90,
					"pmtu":	9500,
					"omitted":	false,
					"sender":	true
				}],
			"sum":	{
				"start":	2.00108,
				"end":	3.001395,
				"seconds":	1.0003149509429932,
				"bytes":	2490368,
				"bits_per_second":	19916671.225616209,
				"retransmits":	0,
				"omitted":	false,
				"sender":	true
			}
		}],
	"end":	{
		"streams":	[{
				"sender":	{
					"socket":	5,
					"start":	0,
					"end":	3.001395,
					"seconds":	3.001395,
					"bytes":	7602176,
					"bits_per_second":	20263047.016470674,
					"retransmits":	0,
					"max_snd_cwnd":	368472,
					"max_snd_wnd":	0,
					"max_rtt":	155,
					"min_rtt":	130,
					"mean_rtt":	142,
					"sender":	true
				},
				"receiver":	{
					"socket":	5,
					"start":	0,
					"end":	3.001585,
					"seconds":	3.001395,
					"bytes":	7602176,
					"bits_per_second":	20261764.367825665,
					"sender":	true
				}
			}],
		"sum_sent":	{
			"start":	0,
			"end":	3.001395,
			"seconds":	3.001395,
			"bytes":	7602176,
			"bits_per_second":	20263047.016470674,
			"retransmits":	0,
			"sender":	true
		},
		"sum_received":	{
			"start":	0,
			"end":	3.001585,
			"seconds":	3.001585,
			"bytes":	7602176,
			"bits_per_second":	20261764.367825665,
			"sender":	true
		},
		"cpu_utilization_percent":	{
			"host_total":	0.71323013767782473,
			"host_user":	0,
			"host_system":	0.713296735571067,
			"remote_total":	0.23837040595596193,
			"remote_user":	0,
			"remote_system":	0.23840372117692016
		},
		"sender_tcp_congestion":	"cubic",
		"receiver_tcp_congestion":	"cubic"
	}
}
