{
	"start":	{
		"connected":	[{
				"socket":	5,
				"local_host":	"192.168.1.2",
				"local_port":	52364,
				"remote_host":	"192.168.4.2",
				"remote_port":	5205
			}],
		"version":	"iperf 3.19.1",
		"system_info":	"Linux h1 6.6.87.2-microsoft-standard-WSL2 #1 SMP PREEMPT_DYNAMIC Thu Jun  5 18:30:46 UTC 2025 x86_64",
		"timestamp":	{
			"time":	"Sun, 05 Apr 2026 06:14:56 UTC",
			"timesecs":	1775369696
		},
		"connecting_to":	{
			"host":	"192.168.4.2",
			"port":	5205
		},
		"cookie":	"uk5joitdypzyuvdcvtlj2sew7mdvgsf7b7b7",
		"tcp_mss_default":	9448,
		"target_bitrate":	20000000,
		"fq_rate":	0,
		"sock_bufsize":	0,
		"sndbuf_actual":	16384,
		"rcvbuf_actual":	131072,
		"test_start":	{
			"protocol":	"TCP",
			"num_streams":	1,
			"blksize":	131072,
			"omit":	0,
			"duration":	3,
			"bytes":	0,
			"blocks":	0,
			"reverse":	0,
			"tos":	0,
			"target_bitrate":	20000000,
			"bidir":	0,
			"fqrate":	0,
			"interval":	1
		}
	},
	"intervals":	[{
			"streams":	[{
					"socket":	5,
					"start":	0,
					"end":	1.001354,
					"seconds":	1.0013539791107178,
					"bytes":	2621440,
					"bits_per_second":	20943163.394251835,
					"retransmits":	0,
					"snd_cwnd":	377920,
					"snd_wnd":	-1,
					"rtt":	129,
					"rttvar":	62,
					"pmtu":	9500,
					"omitted":	false,
					"sender":	true
				}],
			"sum":	{
				"start":	0,
				"end":	1.001354,
				"seconds":	1.0013539791107178,
				"bytes":	2621440,
				"bits_per_second":	20943163.394251835,
				"retransmits":	0,
				"omitted":	false,
				"sender":	true
			}
		}, {
			"streams":	[{
					"socket":	5,
					"start":	1.001354,
					"end":	2.001142,
					"seconds":	0.999787986278534,
					"bytes":	2490368,
					"bits_per_second":	19927168.833222613,
					"retransmits":	0,
					"snd_cwnd":	377920,
					"snd_wnd":	-1,
					"rtt":	201,
					"rttvar":	141,
					"pmtu":	9500,
					"omitted":	false,
					"sender":	true
				}],
			"sum":	{
				"start":	1.001354,
				"end":	2.001142,
				"seconds":	0.999787986278534,
				"bytes":	2490368,
				"bits_per_second":	19927168.833222613,
				"retransmits":	0,
				"omitted":	false,
				"sender":	true
			}
		}, {
			"streams":	[{
					"socket":	5,
					"start":	2.001142,
					"end":	3.001205,
					"seconds":	1.0000629425048828,
					"bytes":	2490368,
					"bits_per_second":	19921690.078924932,
					"retransmits":	0,
					"snd_cwnd":	377920,
					"snd_wnd":	-1,
					"rtt":	242,
					"rttvar":	117,
					"pmtu":	9500,
					"omitted":	false,
					"sender":	true
				}],
			"sum":	{
				"start":	2.001142,
				"end":	3.001205,
				"seconds":	1.0000629425048828,
				"bytes":	2490368,
				"bits_per_second":	19921690.078924932,
				"retransmits":	0,
				"omitted":	false,
				"sender":	true
			}
		}],
	"end":	{
		"streams":	[{
				"sender":	{
					"socket":	5,
					"start":	0,
					"end":	3.001205,
					"seconds":	3.001205,
					"bytes":	7602176,
					"bits_per_second":	20264329.827519279,
					"retransmits":	0,
					"max_snd_cwnd":	377920,
					"max_snd_wnd":	0,
					"max_rtt":	242,
					"min_rtt":	129,
					"mean_rtt":	190,
					"sender":	true
				},
				"receiver":	{
					"socket":	5,
					"start":	0,
					"end":	3.001721,
					"seconds":	3.001205,
					"bytes":	7602176,
					"bits_per_second":	20260846.3611375,
					"sender":	true
				}
			}],
		"sum_sent":	{
			"start":	0,
			"end":	3.001205,
			"seconds":	3.001205,
			"bytes":	7602176,
			"bits_per_second":	20264329.827519279,
			"retransmits":	0,
			"sender":	true
		},
		"sum_received":	{
			"start":	0,
			"end":	3.001721,
			"seconds":	3.001721,
			"bytes":	7602176,
			"bits_per_second":	20260846.3611375,
			"sender":	true
		},
		"cpu_utilization_percent":	{
			"host_total":	0.80758334699872969,
			"host_user":	0,
			"host_system":	0.80764987225487683,
			"remote_total":	0.36989898310256142,
			"remote_user":	0.00852716251006355,
			"remote_system":	0.36103872830694855
		},
		"sender_tcp_congestion":	"cubic",
		"receiver_tcp_congestion":	"cubic"
	}
}
