{
	"start":	{
		"connected":	[{
				"socket":	5,
				"local_host":	"192.168.1.2",
				"local_port":	36402,
				"remote_host":	"192.168.4.2",
				"remote_port":	5202
			}],
		"version":	"iperf 3.19.1",
		"system_info":	"Linux h1 6.6.87.2-microsoft-standard-WSL2 #1 SMP PREEMPT_DYNAMIC Thu Jun  5 18:30:46 UTC 2025 x86_64",
		"timestamp":	{
			"time":	"Sun, 05 Apr 2026 06:17:37 UTC",
			"timesecs":	1775369857
		},
		"connecting_to":	{
			"host":	"192.168.4.2",
			"port":	5202
		},
		"cookie":	"e4ux5rjxvortag7murkkazbhehso7ulva64w",
		"tcp_mss_default":	9448,
		"target_bitrate":	20000000,
		"fq_rate":	0,
		"sock_bufsize":	0,
		"sndbuf_actual":	16384,
		"rcvbuf_actual":	131072,
		"test_start":	{
			"protocol":	"TCP",
			"num_streams":	1,
			"blksize":	131072,
			"omit":	0,
			"duration":	3,
			"bytes":	0,
			"blocks":	0,
			"reverse":	0,
			"tos":	0,
			"target_bitrate":	20000000,
			"bidir":	0,
			"fqrate":	0,
			"interval":	1
		}
	},
	"intervals":	[{
			"streams":	[{
					"socket":	5,
					"start":	0,
					"end":	1.001158,
					"seconds":	1.0011579990386963,
					"bytes":	2621440,
					"bits_per_second":	20947263.089479066,
					"retransmits":	0,
					"snd_cwnd":	264544,
					"snd_wnd":	-1,
					"rtt":	138,
					"rttvar":	89,
					"pmtu":	9500,
					"omitted":	false,
					"sender":	true
				}],
			"sum":	{
				"start":	0,
				"end":	1.001158,
				"seconds":	1.0011579990386963,
				"bytes":	2621440,
				"bits_per_second":	20947263.089479066,
				"retransmits":	0,
				"omitted":	false,
				"sender":	true
			}
		}, {
			"streams":	[{
					"socket":	5,
					"start":	1.001158,
					"end":	2.001098,
					"seconds":	0.99993997812271118,
					"bytes":	2490368,
					"bits_per_second":	19924139.884279221,
					"retransmits":	0,
					"snd_cwnd":	264544,
					"snd_wnd":	-1,
					"rtt":	111,
					"rttvar":	63,
					"pmtu":	9500,
					"omitted":	false,
					"sender":	true
				}],
			"sum":	{
				"start":	1.001158,
				"end":	2.001098,
				"seconds":	0.99993997812271118,
				"bytes":	2490368,
				"bits_per_second":	19924139.884279221,
				"retransmits":	0,
				"omitted":	false,
				"sender":	true
			}
		}, {
			"streams":	[{
					"socket":	5,
					"start":	2.001098,
					"end":	3.001348,
					"seconds":	1.000249981880188,
					"bytes":	2490368,
					"bits_per_second":	19917964.869692355,
					"retransmits":	0,
					"snd_cwnd":	264544,
					"snd_wnd":	-1,
					"rtt":	159,
					"rttvar":	118,
					"pmtu":	9500,
					"omitted":	false,
					"sender":	true
				}],
			"sum":	{
				"start":	2.001098,
				"end":	3.001348,
				"seconds":	1.000249981880188,
				"bytes":	2490368,
				"bits_per_second":	19917964.869692355,
				"retransmits":	0,
				"omitted":	false,
				"sender":	true
			}
		}],
	"end":	{
		"streams":	[{
				"sender":	{
					"socket":	5,
					"start":	0,
					"end":	3.001348,
					"seconds":	3.001348,
					"bytes":	7602176,
					"bits_per_second":	20263364.328295153,
					"retransmits":	0,
					"max_snd_cwnd":	264544,
					"max_snd_wnd":	0,
					"max_rtt":	159,
					"min_rtt":	111,
					"mean_rtt":	136,
					"sender":	true
				},
				"receiver":	{
					"socket":	5,
					"start":	0,
					"end":	3.001554,
					"seconds":	3.001348,
					"bytes":	7602176,
					"bits_per_second":	20261973.63099248,
					"sender":	true
				}
			}],
		"sum_sent":	{
			"start":	0,
			"end":	3.001348,
			"seconds":	3.001348,
			"bytes":	7602176,
			"bits_per_second":	20263364.328295153,
			"retransmits":	0,
			"sender":	true
		},
		"sum_received":	{
			"start":	0,
			"end":	3.001554,
			"seconds":	3.001554,
			"bytes":	7602176,
			"bits_per_second":	20261973.63099248,
			"sender":	true
		},
		"cpu_utilization_percent":	{
			"host_total":	0.56087379074078636,
			"host_user":	0,
			"host_system":	0.56090709678536721,
			"remote_total":	0.18913271472909746,
			"remote_user":	0,
			"remote_system":	0.18913271472909746
		},
		"sender_tcp_congestion":	"cubic",
		"receiver_tcp_congestion":	"cubic"
	}
}
