{
	"start":	{
		"connected":	[{
				"socket":	5,
				"local_host":	"192.168.1.2",
				"local_port":	39038,
				"remote_host":	"192.168.4.2",
				"remote_port":	5205
			}],
		"version":	"iperf 3.19.1",
		"system_info":	"Linux h1 6.6.87.2-microsoft-standard-WSL2 #1 SMP PREEMPT_DYNAMIC Thu Jun  5 18:30:46 UTC 2025 x86_64",
		"timestamp":	{
			"time":	"Sun, 05 Apr 2026 06:36:52 UTC",
			"timesecs":	1775371012
		},
		"connecting_to":	{
			"host":	"192.168.4.2",
			"port":	5205
		},
		"cookie":	"wohwqtxaz6vt35apycguhv62cvqc35t77c7g",
		"tcp_mss_default":	9448,
		"target_bitrate":	20000000,
		"fq_rate":	0,
		"sock_bufsize":	0,
		"sndbuf_actual":	16384,
		"rcvbuf_actual":	131072,
		"test_start":	{
			"protocol":	"TCP",
			"num_streams":	1,
			"blksize":	131072,
			"omit":	0,
			"duration":	3,
			"bytes":	0,
			"blocks":	0,
			"reverse":	0,
			"tos":	0,
			"target_bitrate":	20000000,
			"bidir":	0,
			"fqrate":	0,
			"interval":	1
		}
	},
	"intervals":	[{
			"streams":	[{
					"socket":	5,
					"start":	0,
					"end":	1.000196,
					"seconds":	1.0001959800720215,
					"bytes":	2621440,
					"bits_per_second":	20967410.80532027,
					"retransmits":	0,
					"snd_cwnd":	264544,
					"snd_wnd":	-1,
					"rtt":	116,
					"rttvar":	64,
					"pmtu":	9500,
					"omitted":	false,
					"sender":	true
				}],
			"sum":	{
				"start":	0,
				"end":	1.000196,
				"seconds":	1.0001959800720215,
				"bytes":	2621440,
				"bits_per_second":	20967410.80532027,
				"retransmits":	0,
				"omitted":	false,
				"sender":	true
			}
		}, {
			"streams":	[{
					"socket":	5,
					"start":	1.000196,
					"end":	2.001059,
					"seconds":	1.0008629560470581,
					"bytes":	2490368,
					"bits_per_second":	19905766.198687516,
					"retransmits":	0,
					"snd_cwnd":	264544,
					"snd_wnd":	-1,
					"rtt":	115,
					"rttvar":	47,
					"pmtu":	9500,
					"omitted":	false,
					"sender":	true
				}],
			"sum":	{
				"start":	1.000196,
				"end":	2.001059,
				"seconds":	1.0008629560470581,
				"bytes":	2490368,
				"bits_per_second":	19905766.198687516,
				"retransmits":	0,
				"omitted":	false,
				"sender":	true
			}
		}, {
			"streams":	[{
					"socket":	5,
					"start":	2.001059,
					"end":	3.000602,
					"seconds":	0.999543011188507,
					"bytes":	2490368,
					"bits_per_second":	19932052.725085452,
					"retransmits":	0,
					"snd_cwnd":	264544,
					"snd_wnd":	-1,
					"rtt":	114,
					"rttvar":	56,
					"pmtu":	9500,
					"omitted":	false,
					"sender":	true
				}],
			"sum":	{
				"start":	2.001059,
				"end":	3.000602,
				"seconds":	0.999543011188507,
				"bytes":	2490368,
				"bits_per_second":	19932052.725085452,
				"retransmits":	0,
				"omitted":	false,
				"sender":	true
			}
		}],
	"end":	{
		"streams":	[{
				"sender":	{
					"socket":	5,
					"start":	0,
					"end":	3.000602,
					"seconds":	3.000602,
					"bytes":	7602176,
					"bits_per_second":	20268402.140637111,
					"retransmits":	0,
					"max_snd_cwnd":	264544,
					"max_snd_wnd":	0,
					"max_rtt":	116,
					"min_rtt":	114,
					"mean_rtt":	115,
					"sender":	true
				},
				"receiver":	{
					"socket":	5,
					"start":	0,
					"end":	3.000777,
					"seconds":	3.000602,
					"bytes":	7602176,
					"bits_per_second":	20267220.1233214,
					"sender":	true
				}
			}],
		"sum_sent":	{
			"start":	0,
			"end":	3.000602,
			"seconds":	3.000602,
			"bytes":	7602176,
			"bits_per_second":	20268402.140637111,
			"retransmits":	0,
			"sender":	true
		},
		"sum_received":	{
			"start":	0,
			"end":	3.000777,
			"seconds":	3.000777,
			"bytes":	7602176,
			"bits_per_second":	20267220.1233214,
			"sender":	true
		},
		"cpu_utilization_percent":	{
			"host_total":	0.46769222980039887,
			"host_user":	0,
			"host_system":	0.46769222980039887,
			"remote_total":	0.16178986578939125,
			"remote_user":	0.04602096903298647,
			"remote_system":	0.11593551865732074
		},
		"sender_tcp_congestion":	"cubic",
		"receiver_tcp_congestion":	"cubic"
	}
}
