{
	"start":	{
		"connected":	[{
				"socket":	5,
				"local_host":	"192.168.1.2",
				"local_port":	59998,
				"remote_host":	"192.168.4.2",
				"remote_port":	5204
			}],
		"version":	"iperf 3.19.1",
		"system_info":	"Linux h1 6.6.87.2-microsoft-standard-WSL2 #1 SMP PREEMPT_DYNAMIC Thu Jun  5 18:30:46 UTC 2025 x86_64",
		"timestamp":	{
			"time":	"Sun, 05 Apr 2026 06:25:15 UTC",
			"timesecs":	1775370315
		},
		"connecting_to":	{
			"host":	"192.168.4.2",
			"port":	5204
		},
		"cookie":	"4wlb2cbjjlblc7ndrk6uwneinc45n2qwhfck",
		"tcp_mss_default":	9448,
		"target_bitrate":	20000000,
		"fq_rate":	0,
		"sock_bufsize":	0,
		"sndbuf_actual":	16384,
		"rcvbuf_actual":	131072,
		"test_start":	{
			"protocol":	"TCP",
			"num_streams":	1,
			"blksize":	131072,
			"omit":	0,
			"duration":	3,
			"bytes":	0,
			"blocks":	0,
			"reverse":	0,
			"tos":	0,
			"target_bitrate":	20000000,
			"bidir":	0,
			"fqrate":	0,
			"interval":	1
		}
	},
	"intervals":	[{
			"streams":	[{
					"socket":	5,
					"start":	0,
					"end":	1.001552,
					"seconds":	1.0015519857406616,
					"bytes":	2621440,
					"bits_per_second":	20939022.934981521,
					"retransmits":	0,
					"snd_cwnd":	340128,
					"snd_wnd":	-1,
					"rtt":	117,
					"rttvar":	51,
					"pmtu":	9500,
					"omitted":	false,
					"sender":	true
				}],
			"sum":	{
				"start":	0,
				"end":	1.001552,
				"seconds":	1.0015519857406616,
				"bytes":	2621440,
				"bits_per_second":	20939022.934981521,
				"retransmits":	0,
				"omitted":	false,
				"sender":	true
			}
		}, {
			"streams":	[{
					"socket":	5,
					"start":	1.001552,
					"end":	2.001033,
					"seconds":	0.99948102235794067,
					"bytes":	2490368,
					"bits_per_second":	19933288.931288049,
					"retransmits":	0,
					"snd_cwnd":	340128,
					"snd_wnd":	-1,
					"rtt":	133,
					"rttvar":	57,
					"pmtu":	9500,
					"omitted":	false,
					"sender":	true
				}],
			"sum":	{
				"start":	1.001552,
				"end":	2.001033,
				"seconds":	0.99948102235794067,
				"bytes":	2490368,
				"bits_per_second":	19933288.931288049,
				"retransmits":	0,
				"omitted":	false,
				"sender":	true
			}
		}, {
			"streams":	[{
					"socket":	5,
					"start":	2.001033,
					"end":	3.001067,
					"seconds":	1.000033974647522,
					"bytes":	2490368,
					"bits_per_second":	19922267.147995807,
					"retransmits":	0,
					"snd_cwnd":	340128,
					"snd_wnd":	-1,
					"rtt":	117,
					"rttvar":	71,
					"pmtu":	9500,
					"omitted":	false,
					"sender":	true
				}],
			"sum":	{
				"start":	2.001033,
				"end":	3.001067,
				"seconds":	1.000033974647522,
				"bytes":	2490368,
				"bits_per_second":	19922267.147995807,
				"retransmits":	0,
				"omitted":	false,
				"sender":	true
			}
		}],
	"end":	{
		"streams":	[{
				"sender":	{
					"socket":	5,
					"start":	0,
					"end":	3.001067,
					"seconds":	3.001067,
					"bytes":	7602176,
					"bits_per_second":	20265261.655271277,
					"retransmits":	0,
					"max_snd_cwnd":	340128,
					"max_snd_wnd":	0,
					"max_rtt":	133,
					"min_rtt":	117,
					"mean_rtt":	122,
					"sender":	true
				},
				"receiver":	{
					"socket":	5,
					"start":	0,
					"end":	3.001235,
					"seconds":	3.001067,
					"bytes":	7602176,
					"bits_per_second":	20264127.267608169,
					"sender":	true
				}
			}],
		"sum_sent":	{
			"start":	0,
			"end":	3.001067,
			"seconds":	3.001067,
			"bytes":	7602176,
			"bits_per_second":	20265261.655271277,
			"retransmits":	0,
			"sender":	true
		},
		"sum_received":	{
			"start":	0,
			"end":	3.001235,
			"seconds":	3.001235,
			"bytes":	7602176,
			"bits_per_second":	20264127.267608169,
			"sender":	true
		},
		"cpu_utilization_percent":	{
			"host_total":	0.49568932494182372,
			"host_user":	0,
			"host_system":	0.495722635157867,
			"remote_total":	0.18442125212534247,
			"remote_user":	0,
			"remote_system":	0.18438793301926742
		},
		"sender_tcp_congestion":	"cubic",
		"receiver_tcp_congestion":	"cubic"
	}
}
