{
	"start":	{
		"connected":	[{
				"socket":	5,
				"local_host":	"192.168.1.2",
				"local_port":	54558,
				"remote_host":	"192.168.4.2",
				"remote_port":	5203
			}],
		"version":	"iperf 3.19.1",
		"system_info":	"Linux h1 6.6.87.2-microsoft-standard-WSL2 #1 SMP PREEMPT_DYNAMIC Thu Jun  5 18:30:46 UTC 2025 x86_64",
		"timestamp":	{
			"time":	"Sun, 05 Apr 2026 06:28:02 UTC",
			"timesecs":	1775370482
		},
		"connecting_to":	{
			"host":	"192.168.4.2",
			"port":	5203
		},
		"cookie":	"2viaddz6gkuy35nrwimlv7okyxngyyo5shdi",
		"tcp_mss_default":	9448,
		"target_bitrate":	20000000,
		"fq_rate":	0,
		"sock_bufsize":	0,
		"sndbuf_actual":	16384,
		"rcvbuf_actual":	131072,
		"test_start":	{
			"protocol":	"TCP",
			"num_streams":	1,
			"blksize":	131072,
			"omit":	0,
			"duration":	3,
			"bytes":	0,
			"blocks":	0,
			"reverse":	0,
			"tos":	0,
			"target_bitrate":	20000000,
			"bidir":	0,
			"fqrate":	0,
			"interval":	1
		}
	},
	"intervals":	[{
			"streams":	[{
					"socket":	5,
					"start":	0,
					"end":	1.001268,
					"seconds":	1.0012680292129517,
					"bytes":	2621440,
					"bits_per_second":	20944961.177362964,
					"retransmits":	0,
					"snd_cwnd":	264544,
					"snd_wnd":	-1,
					"rtt":	134,
					"rttvar":	51,
					"pmtu":	9500,
					"omitted":	false,
					"sender":	true
				}],
			"sum":	{
				"start":	0,
				"end":	1.001268,
				"seconds":	1.0012680292129517,
				"bytes":	2621440,
				"bits_per_second":	20944961.177362964,
				"retransmits":	0,
				"omitted":	false,
				"sender":	true
			}
		}, {
			"streams":	[{
					"socket":	5,
					"start":	1.001268,
					"end":	2.001209,
					"seconds":	0.99994099140167236,
					"bytes":	2490368,
					"bits_per_second":	19924119.694376078,
					"retransmits":	0,
					"snd_cwnd":	264544,
					"snd_wnd":	-1,
					"rtt":	154,
					"rttvar":	64,
					"pmtu":	9500,
					"omitted":	false,
					"sender":	true
				}],
			"sum":	{
				"start":	1.001268,
				"end":	2.001209,
				"seconds":	0.99994099140167236,
				"bytes":	2490368,
				"bits_per_second":	19924119.694376078,
				"retransmits":	0,
				"omitted":	false,
				"sender":	true
			}
		}, {
			"streams":	[{
					"socket":	5,
					"start":	2.001209,
					"end":	3.001725,
					"seconds":	1.0005160570144653,
					"bytes":	2490368,
					"bits_per_second":	19912667.928039018,
					"retransmits":	0,
					"snd_cwnd":	264544,
					"snd_wnd":	-1,
					"rtt":	124,
					"rttvar":	49,
					"pmtu":	9500,
					"omitted":	false,
					"sender":	true
				}],
			"sum":	{
				"start":	2.001209,
				"end":	3.001725,
				"seconds":	1.0005160570144653,
				"bytes":	2490368,
				"bits_per_second":	19912667.928039018,
				"retransmits":	0,
				"omitted":	false,
				"sender":	true
			}
		}],
	"end":	{
		"streams":	[{
				"sender":	{
					"socket":	5,
					"start":	0,
					"end":	3.001725,
					"seconds":	3.001725,
					"bytes":	7602176,
					"bits_per_second":	20260819.36220007,
					"retransmits":	0,
					"max_snd_cwnd":	264544,
					"max_snd_wnd":	0,
					"max_rtt":	154,
					"min_rtt":	124,
					"mean_rtt":	137,
					"sender":	true
				},
				"receiver":	{
					"socket":	5,
					"start":	0,
					"end":	3.001895,
					"seconds":	3.001725,
					"bytes":	7602176,
					"bits_per_second":	20259671.973869838,
					"sender":	true
				}
			}],
		"sum_sent":	{
			"start":	0,
			"end":	3.001725,
			"seconds":	3.001725,
			"bytes":	7602176,
			"bits_per_second":	20260819.36220007,
			"retransmits":	0,
			"sender":	true
		},
		"sum_received":	{
			"start":	0,
			"end":	3.001895,
			"seconds":	3.001895,
			"bytes":	7602176,
			"bits_per_second":	20259671.973869838,
			"sender":	true
		},
		"cpu_utilization_percent":	{
			"host_total":	0.55942407095407476,
			"host_user":	0.197953130000656,
			"host_system":	0.3614043349204441,
			"remote_total":	0.20053665207057425,
			"remote_user":	0,
			"remote_system":	0.20053665207057425
		},
		"sender_tcp_congestion":	"cubic",
		"receiver_tcp_congestion":	"cubic"
	}
}
