{
	"start":	{
		"connected":	[{
				"socket":	5,
				"local_host":	"192.168.1.2",
				"local_port":	59936,
				"remote_host":	"192.168.4.2",
				"remote_port":	5202
			}],
		"version":	"iperf 3.19.1",
		"system_info":	"Linux h1 6.6.87.2-microsoft-standard-WSL2 #1 SMP PREEMPT_DYNAMIC Thu Jun  5 18:30:46 UTC 2025 x86_64",
		"timestamp":	{
			"time":	"Sun, 05 Apr 2026 06:16:38 UTC",
			"timesecs":	1775369798
		},
		"connecting_to":	{
			"host":	"192.168.4.2",
			"port":	5202
		},
		"cookie":	"zgmxeyi7kvfkv44wfjn7gknu3o72btyvq6px",
		"tcp_mss_default":	9448,
		"target_bitrate":	20000000,
		"fq_rate":	0,
		"sock_bufsize":	0,
		"sndbuf_actual":	16384,
		"rcvbuf_actual":	131072,
		"test_start":	{
			"protocol":	"TCP",
			"num_streams":	1,
			"blksize":	131072,
			"omit":	0,
			"duration":	3,
			"bytes":	0,
			"blocks":	0,
			"reverse":	0,
			"tos":	0,
			"target_bitrate":	20000000,
			"bidir":	0,
			"fqrate":	0,
			"interval":	1
		}
	},
	"intervals":	[{
			"streams":	[{
					"socket":	5,
					"start":	0,
					"end":	1.000702,
					"seconds":	1.0007020235061646,
					"bytes":	2621440,
					"bits_per_second":	20956807.828290366,
					"retransmits":	0,
					"snd_cwnd":	264544,
					"snd_wnd":	-1,
					"rtt":	119,
					"rttvar":	62,
					"pmtu":	9500,
					"omitted":	false,
					"sender":	true
				}],
			"sum":	{
				"start":	0,
				"end":	1.000702,
				"seconds":	1.0007020235061646,
				"bytes":	2621440,
				"bits_per_second":	20956807.828290366,
				"retransmits":	0,
				"omitted":	false,
				"sender":	true
			}
		}, {
			"streams":	[{
					"socket":	5,
					"start":	1.000702,
					"end":	2.000124,
					"seconds":	0.999422013759613,
					"bytes":	2490368,
					"bits_per_second":	19934465.846969012,
					"retransmits":	0,
					"snd_cwnd":	264544,
					"snd_wnd":	-1,
					"rtt":	247,
					"rttvar":	133,
					"pmtu":	9500,
					"omitted":	false,
					"sender":	true
				}],
			"sum":	{
				"start":	1.000702,
				"end":	2.000124,
				"seconds":	0.999422013759613,
				"bytes":	2490368,
				"bits_per_second":	19934465.846969012,
				"retransmits":	0,
				"omitted":	false,
				"sender":	true
			}
		}, {
			"streams":	[{
					"socket":	5,
					"start":	2.000124,
					"end":	3.000537,
					"seconds":	1.0004129409790039,
					"bytes":	2490368,
					"bits_per_second":	19914720.395863142,
					"retransmits":	0,
					"snd_cwnd":	264544,
					"snd_wnd":	-1,
					"rtt":	176,
					"rttvar":	103,
					"pmtu":	9500,
					"omitted":	false,
					"sender":	true
				}],
			"sum":	{
				"start":	2.000124,
				"end":	3.000537,
				"seconds":	1.0004129409790039,
				"bytes":	2490368,
				"bits_per_second":	19914720.395863142,
				"retransmits":	0,
				"omitted":	false,
				"sender":	true
			}
		}],
	"end":	{
		"streams":	[{
				"sender":	{
					"socket":	5,
					"start":	0,
					"end":	3.000537,
					"seconds":	3.000537,
					"bytes":	7602176,
					"bits_per_second":	20268841.210756607,
					"retransmits":	0,
					"max_snd_cwnd":	264544,
					"max_snd_wnd":	0,
					"max_rtt":	247,
					"min_rtt":	119,
					"mean_rtt":	180,
					"sender":	true
				},
				"receiver":	{
					"socket":	5,
					"start":	0,
					"end":	3.000816,
					"seconds":	3.000537,
					"bytes":	7602176,
					"bits_per_second":	20266956.721105192,
					"sender":	true
				}
			}],
		"sum_sent":	{
			"start":	0,
			"end":	3.000537,
			"seconds":	3.000537,
			"bytes":	7602176,
			"bits_per_second":	20268841.210756607,
			"retransmits":	0,
			"sender":	true
		},
		"sum_received":	{
			"start":	0,
			"end":	3.000816,
			"seconds":	3.000816,
			"bytes":	7602176,
			"bits_per_second":	20266956.721105192,
			"sender":	true
		},
		"cpu_utilization_percent":	{
			"host_total":	0.654319404213216,
			"host_user":	0,
			"host_system":	0.65435271816893181,
			"remote_total":	0.24583002038752969,
			"remote_user":	0,
			"remote_system":	0.24599663962325391
		},
		"sender_tcp_congestion":	"cubic",
		"receiver_tcp_congestion":	"cubic"
	}
}
