{
	"start":	{
		"connected":	[{
				"socket":	5,
				"local_host":	"192.168.1.2",
				"local_port":	42364,
				"remote_host":	"192.168.4.2",
				"remote_port":	5202
			}],
		"version":	"iperf 3.19.1",
		"system_info":	"Linux h1 6.6.87.2-microsoft-standard-WSL2 #1 SMP PREEMPT_DYNAMIC Thu Jun  5 18:30:46 UTC 2025 x86_64",
		"timestamp":	{
			"time":	"Sun, 05 Apr 2026 06:32:58 UTC",
			"timesecs":	1775370778
		},
		"connecting_to":	{
			"host":	"192.168.4.2",
			"port":	5202
		},
		"cookie":	"gdac6xqn42xyw4je5zyi6ja64h6xqk3solyj",
		"tcp_mss_default":	9448,
		"target_bitrate":	20000000,
		"fq_rate":	0,
		"sock_bufsize":	0,
		"sndbuf_actual":	16384,
		"rcvbuf_actual":	131072,
		"test_start":	{
			"protocol":	"TCP",
			"num_streams":	1,
			"blksize":	131072,
			"omit":	0,
			"duration":	3,
			"bytes":	0,
			"blocks":	0,
			"reverse":	0,
			"tos":	0,
			"target_bitrate":	20000000,
			"bidir":	0,
			"fqrate":	0,
			"interval":	1
		}
	},
	"intervals":	[{
			"streams":	[{
					"socket":	5,
					"start":	0,
					"end":	1.001131,
					"seconds":	1.0011310577392578,
					"bytes":	2621440,
					"bits_per_second":	20947826.79837906,
					"retransmits":	0,
					"snd_cwnd":	321232,
					"snd_wnd":	-1,
					"rtt":	122,
					"rttvar":	75,
					"pmtu":	9500,
					"omitted":	false,
					"sender":	true
				}],
			"sum":	{
				"start":	0,
				"end":	1.001131,
				"seconds":	1.0011310577392578,
				"bytes":	2621440,
				"bits_per_second":	20947826.79837906,
				"retransmits":	0,
				"omitted":	false,
				"sender":	true
			}
		}, {
			"streams":	[{
					"socket":	5,
					"start":	1.001131,
					"end":	2.001046,
					"seconds":	0.99991500377655029,
					"bytes":	2490368,
					"bits_per_second":	19924637.518942714,
					"retransmits":	0,
					"snd_cwnd":	321232,
					"snd_wnd":	-1,
					"rtt":	183,
					"rttvar":	128,
					"pmtu":	9500,
					"omitted":	false,
					"sender":	true
				}],
			"sum":	{
				"start":	1.001131,
				"end":	2.001046,
				"seconds":	0.99991500377655029,
				"bytes":	2490368,
				"bits_per_second":	19924637.518942714,
				"retransmits":	0,
				"omitted":	false,
				"sender":	true
			}
		}, {
			"streams":	[{
					"socket":	5,
					"start":	2.001046,
					"end":	3.001346,
					"seconds":	1.0003000497817993,
					"bytes":	2490368,
					"bits_per_second":	19916967.918122064,
					"retransmits":	0,
					"snd_cwnd":	321232,
					"snd_wnd":	-1,
					"rtt":	121,
					"rttvar":	60,
					"pmtu":	9500,
					"omitted":	false,
					"sender":	true
				}],
			"sum":	{
				"start":	2.001046,
				"end":	3.001346,
				"seconds":	1.0003000497817993,
				"bytes":	2490368,
				"bits_per_second":	19916967.918122064,
				"retransmits":	0,
				"omitted":	false,
				"sender":	true
			}
		}],
	"end":	{
		"streams":	[{
				"sender":	{
					"socket":	5,
					"start":	0,
					"end":	3.001346,
					"seconds":	3.001346,
					"bytes":	7602176,
					"bits_per_second":	20263377.831146426,
					"retransmits":	0,
					"max_snd_cwnd":	321232,
					"max_snd_wnd":	0,
					"max_rtt":	183,
					"min_rtt":	121,
					"mean_rtt":	142,
					"sender":	true
				},
				"receiver":	{
					"socket":	5,
					"start":	0,
					"end":	3.001521,
					"seconds":	3.001346,
					"bytes":	7602176,
					"bits_per_second":	20262196.399758656,
					"sender":	true
				}
			}],
		"sum_sent":	{
			"start":	0,
			"end":	3.001346,
			"seconds":	3.001346,
			"bytes":	7602176,
			"bits_per_second":	20263377.831146426,
			"retransmits":	0,
			"sender":	true
		},
		"sum_received":	{
			"start":	0,
			"end":	3.001521,
			"seconds":	3.001521,
			"bytes":	7602176,
			"bits_per_second":	20262196.399758656,
			"sender":	true
		},
		"cpu_utilization_percent":	{
			"host_total":	0.50413792115717238,
			"host_user":	0,
			"host_system":	0.50413792115717238,
			"remote_total":	0.17690965813457929,
			"remote_user":	0,
			"remote_system":	0.17690965813457929
		},
		"sender_tcp_congestion":	"cubic",
		"receiver_tcp_congestion":	"cubic"
	}
}
