{
	"start":	{
		"connected":	[{
				"socket":	5,
				"local_host":	"192.168.1.2",
				"local_port":	58034,
				"remote_host":	"192.168.4.2",
				"remote_port":	5202
			}],
		"version":	"iperf 3.19.1",
		"system_info":	"Linux h1 6.6.87.2-microsoft-standard-WSL2 #1 SMP PREEMPT_DYNAMIC Thu Jun  5 18:30:46 UTC 2025 x86_64",
		"timestamp":	{
			"time":	"Sun, 05 Apr 2026 07:56:11 UTC",
			"timesecs":	1775375771
		},
		"connecting_to":	{
			"host":	"192.168.4.2",
			"port":	5202
		},
		"cookie":	"jcf63ddt5tfi3bzpz3em5fletzu7dlvgvveu",
		"tcp_mss_default":	9448,
		"target_bitrate":	20000000,
		"fq_rate":	0,
		"sock_bufsize":	0,
		"sndbuf_actual":	16384,
		"rcvbuf_actual":	131072,
		"test_start":	{
			"protocol":	"TCP",
			"num_streams":	1,
			"blksize":	131072,
			"omit":	0,
			"duration":	3,
			"bytes":	0,
			"blocks":	0,
			"reverse":	0,
			"tos":	0,
			"target_bitrate":	20000000,
			"bidir":	0,
			"fqrate":	0,
			"interval":	1
		}
	},
	"intervals":	[{
			"streams":	[{
					"socket":	5,
					"start":	0,
					"end":	1.001492,
					"seconds":	1.0014920234680176,
					"bytes":	2621440,
					"bits_per_second":	20940276.615862355,
					"retransmits":	0,
					"snd_cwnd":	236200,
					"snd_wnd":	-1,
					"rtt":	120,
					"rttvar":	49,
					"pmtu":	9500,
					"omitted":	false,
					"sender":	true
				}],
			"sum":	{
				"start":	0,
				"end":	1.001492,
				"seconds":	1.0014920234680176,
				"bytes":	2621440,
				"bits_per_second":	20940276.615862355,
				"retransmits":	0,
				"omitted":	false,
				"sender":	true
			}
		}, {
			"streams":	[{
					"socket":	5,
					"start":	1.001492,
					"end":	2.000625,
					"seconds":	0.99913299083709717,
					"bytes":	2490368,
					"bits_per_second":	19940232.364170149,
					"retransmits":	0,
					"snd_cwnd":	236200,
					"snd_wnd":	-1,
					"rtt":	261,
					"rttvar":	309,
					"pmtu":	9500,
					"omitted":	false,
					"sender":	true
				}],
			"sum":	{
				"start":	1.001492,
				"end":	2.000625,
				"seconds":	0.99913299083709717,
				"bytes":	2490368,
				"bits_per_second":	19940232.364170149,
				"retransmits":	0,
				"omitted":	false,
				"sender":	true
			}
		}, {
			"streams":	[{
					"socket":	5,
					"start":	2.000625,
					"end":	3.001213,
					"seconds":	1.000588059425354,
					"bytes":	2490368,
					"bits_per_second":	19911235.01058159,
					"retransmits":	0,
					"snd_cwnd":	236200,
					"snd_wnd":	-1,
					"rtt":	103,
					"rttvar":	58,
					"pmtu":	9500,
					"omitted":	false,
					"sender":	true
				}],
			"sum":	{
				"start":	2.000625,
				"end":	3.001213,
				"seconds":	1.000588059425354,
				"bytes":	2490368,
				"bits_per_second":	19911235.01058159,
				"retransmits":	0,
				"omitted":	false,
				"sender":	true
			}
		}],
	"end":	{
		"streams":	[{
				"sender":	{
					"socket":	5,
					"start":	0,
					"end":	3.001213,
					"seconds":	3.001213,
					"bytes":	7602176,
					"bits_per_second":	20264275.811147027,
					"retransmits":	0,
					"max_snd_cwnd":	236200,
					"max_snd_wnd":	0,
					"max_rtt":	261,
					"min_rtt":	103,
					"mean_rtt":	161,
					"sender":	true
				},
				"receiver":	{
					"socket":	5,
					"start":	0,
					"end":	3.00147,
					"seconds":	3.001213,
					"bytes":	7602176,
					"bits_per_second":	20262540.688396022,
					"sender":	true
				}
			}],
		"sum_sent":	{
			"start":	0,
			"end":	3.001213,
			"seconds":	3.001213,
			"bytes":	7602176,
			"bits_per_second":	20264275.811147027,
			"retransmits":	0,
			"sender":	true
		},
		"sum_received":	{
			"start":	0,
			"end":	3.00147,
			"seconds":	3.00147,
			"bytes":	7602176,
			"bits_per_second":	20262540.688396022,
			"sender":	true
		},
		"cpu_utilization_percent":	{
			"host_total":	0.47774358796788013,
			"host_user":	0,
			"host_system":	0.47774358796788013,
			"remote_total":	0.16611672015096432,
			"remote_user":	0,
			"remote_system":	0.16608340352036846
		},
		"sender_tcp_congestion":	"cubic",
		"receiver_tcp_congestion":	"cubic"
	}
}
