{
	"start":	{
		"connected":	[{
				"socket":	5,
				"local_host":	"192.168.1.2",
				"local_port":	35848,
				"remote_host":	"192.168.4.2",
				"remote_port":	5203
			}],
		"version":	"iperf 3.19.1",
		"system_info":	"Linux h1 6.6.87.2-microsoft-standard-WSL2 #1 SMP PREEMPT_DYNAMIC Thu Jun  5 18:30:46 UTC 2025 x86_64",
		"timestamp":	{
			"time":	"Sun, 05 Apr 2026 07:44:03 UTC",
			"timesecs":	1775375043
		},
		"connecting_to":	{
			"host":	"192.168.4.2",
			"port":	5203
		},
		"cookie":	"352qf4cwsyv2n4iu6j2jdy4idxk6ophh6wmr",
		"tcp_mss_default":	9448,
		"target_bitrate":	20000000,
		"fq_rate":	0,
		"sock_bufsize":	0,
		"sndbuf_actual":	16384,
		"rcvbuf_actual":	131072,
		"test_start":	{
			"protocol":	"TCP",
			"num_streams":	1,
			"blksize":	131072,
			"omit":	0,
			"duration":	3,
			"bytes":	0,
			"blocks":	0,
			"reverse":	0,
			"tos":	0,
			"target_bitrate":	20000000,
			"bidir":	0,
			"fqrate":	0,
			"interval":	1
		}
	},
	"intervals":	[{
			"streams":	[{
					"socket":	5,
					"start":	0,
					"end":	1.001037,
					"seconds":	1.0010370016098022,
					"bytes":	2621440,
					"bits_per_second":	20949795.028830077,
					"retransmits":	0,
					"snd_cwnd":	359024,
					"snd_wnd":	-1,
					"rtt":	156,
					"rttvar":	68,
					"pmtu":	9500,
					"omitted":	false,
					"sender":	true
				}],
			"sum":	{
				"start":	0,
				"end":	1.001037,
				"seconds":	1.0010370016098022,
				"bytes":	2621440,
				"bits_per_second":	20949795.028830077,
				"retransmits":	0,
				"omitted":	false,
				"sender":	true
			}
		}, {
			"streams":	[{
					"socket":	5,
					"start":	1.001037,
					"end":	2.000446,
					"seconds":	0.999409019947052,
					"bytes":	2490368,
					"bits_per_second":	19934725.024850689,
					"retransmits":	0,
					"snd_cwnd":	359024,
					"snd_wnd":	-1,
					"rtt":	117,
					"rttvar":	66,
					"pmtu":	9500,
					"omitted":	false,
					"sender":	true
				}],
			"sum":	{
				"start":	1.001037,
				"end":	2.000446,
				"seconds":	0.999409019947052,
				"bytes":	2490368,
				"bits_per_second":	19934725.024850689,
				"retransmits":	0,
				"omitted":	false,
				"sender":	true
			}
		}, {
			"streams":	[{
					"socket":	5,
					"start":	2.000446,
					"end":	3.001147,
					"seconds":	1.0007009506225586,
					"bytes":	2490368,
					"bits_per_second":	19908988.7819188,
					"retransmits":	0,
					"snd_cwnd":	359024,
					"snd_wnd":	-1,
					"rtt":	167,
					"rttvar":	90,
					"pmtu":	9500,
					"omitted":	false,
					"sender":	true
				}],
			"sum":	{
				"start":	2.000446,
				"end":	3.001147,
				"seconds":	1.0007009506225586,
				"bytes":	2490368,
				"bits_per_second":	19908988.7819188,
				"retransmits":	0,
				"omitted":	false,
				"sender":	true
			}
		}],
	"end":	{
		"streams":	[{
				"sender":	{
					"socket":	5,
					"start":	0,
					"end":	3.001147,
					"seconds":	3.001147,
					"bytes":	7602176,
					"bits_per_second":	20264721.454830438,
					"retransmits":	0,
					"max_snd_cwnd":	359024,
					"max_snd_wnd":	0,
					"max_rtt":	167,
					"min_rtt":	117,
					"mean_rtt":	146,
					"sender":	true
				},
				"receiver":	{
					"socket":	5,
					"start":	0,
					"end":	3.00125,
					"seconds":	3.001147,
					"bytes":	7602176,
					"bits_per_second":	20264025.989171177,
					"sender":	true
				}
			}],
		"sum_sent":	{
			"start":	0,
			"end":	3.001147,
			"seconds":	3.001147,
			"bytes":	7602176,
			"bits_per_second":	20264721.454830438,
			"retransmits":	0,
			"sender":	true
		},
		"sum_received":	{
			"start":	0,
			"end":	3.00125,
			"seconds":	3.00125,
			"bytes":	7602176,
			"bits_per_second":	20264025.989171177,
			"sender":	true
		},
		"cpu_utilization_percent":	{
			"host_total":	0.55682136147419758,
			"host_user":	0,
			"host_system":	0.556854672156267,
			"remote_total":	0.18915237611635555,
			"remote_user":	0,
			"remote_system":	0.1891856951891257
		},
		"sender_tcp_congestion":	"cubic",
		"receiver_tcp_congestion":	"cubic"
	}
}
