{
	"start":	{
		"connected":	[{
				"socket":	5,
				"local_host":	"192.168.1.2",
				"local_port":	56038,
				"remote_host":	"192.168.4.2",
				"remote_port":	5204
			}],
		"version":	"iperf 3.19.1",
		"system_info":	"Linux h1 6.6.87.2-microsoft-standard-WSL2 #1 SMP PREEMPT_DYNAMIC Thu Jun  5 18:30:46 UTC 2025 x86_64",
		"timestamp":	{
			"time":	"Sun, 05 Apr 2026 07:38:31 UTC",
			"timesecs":	1775374711
		},
		"connecting_to":	{
			"host":	"192.168.4.2",
			"port":	5204
		},
		"cookie":	"zo4o6ggty3apw7435443jxv5sgasxtz6fhcm",
		"tcp_mss_default":	9448,
		"target_bitrate":	20000000,
		"fq_rate":	0,
		"sock_bufsize":	0,
		"sndbuf_actual":	16384,
		"rcvbuf_actual":	131072,
		"test_start":	{
			"protocol":	"TCP",
			"num_streams":	1,
			"blksize":	131072,
			"omit":	0,
			"duration":	3,
			"bytes":	0,
			"blocks":	0,
			"reverse":	0,
			"tos":	0,
			"target_bitrate":	20000000,
			"bidir":	0,
			"fqrate":	0,
			"interval":	1
		}
	},
	"intervals":	[{
			"streams":	[{
					"socket":	5,
					"start":	0,
					"end":	1.001188,
					"seconds":	1.0011880397796631,
					"bytes":	2621440,
					"bits_per_second":	20946634.564886849,
					"retransmits":	0,
					"snd_cwnd":	377920,
					"snd_wnd":	-1,
					"rtt":	142,
					"rttvar":	68,
					"pmtu":	9500,
					"omitted":	false,
					"sender":	true
				}],
			"sum":	{
				"start":	0,
				"end":	1.001188,
				"seconds":	1.0011880397796631,
				"bytes":	2621440,
				"bits_per_second":	20946634.564886849,
				"retransmits":	0,
				"omitted":	false,
				"sender":	true
			}
		}, {
			"streams":	[{
					"socket":	5,
					"start":	1.001188,
					"end":	2.001119,
					"seconds":	0.99993097782135,
					"bytes":	2490368,
					"bits_per_second":	19924319.219920676,
					"retransmits":	0,
					"snd_cwnd":	377920,
					"snd_wnd":	-1,
					"rtt":	116,
					"rttvar":	51,
					"pmtu":	9500,
					"omitted":	false,
					"sender":	true
				}],
			"sum":	{
				"start":	1.001188,
				"end":	2.001119,
				"seconds":	0.99993097782135,
				"bytes":	2490368,
				"bits_per_second":	19924319.219920676,
				"retransmits":	0,
				"omitted":	false,
				"sender":	true
			}
		}, {
			"streams":	[{
					"socket":	5,
					"start":	2.001119,
					"end":	3.001764,
					"seconds":	1.0006450414657593,
					"bytes":	2490368,
					"bits_per_second":	19910101.159164876,
					"retransmits":	0,
					"snd_cwnd":	377920,
					"snd_wnd":	-1,
					"rtt":	153,
					"rttvar":	69,
					"pmtu":	9500,
					"omitted":	false,
					"sender":	true
				}],
			"sum":	{
				"start":	2.001119,
				"end":	3.001764,
				"seconds":	1.0006450414657593,
				"bytes":	2490368,
				"bits_per_second":	19910101.159164876,
				"retransmits":	0,
				"omitted":	false,
				"sender":	true
			}
		}],
	"end":	{
		"streams":	[{
				"sender":	{
					"socket":	5,
					"start":	0,
					"end":	3.001764,
					"seconds":	3.001764,
					"bytes":	7602176,
					"bits_per_second":	20260556.12633105,
					"retransmits":	0,
					"max_snd_cwnd":	377920,
					"max_snd_wnd":	0,
					"max_rtt":	153,
					"min_rtt":	116,
					"mean_rtt":	137,
					"sender":	true
				},
				"receiver":	{
					"socket":	5,
					"start":	0,
					"end":	3.002041,
					"seconds":	3.001764,
					"bytes":	7602176,
					"bits_per_second":	20258686.673499793,
					"sender":	true
				}
			}],
		"sum_sent":	{
			"start":	0,
			"end":	3.001764,
			"seconds":	3.001764,
			"bytes":	7602176,
			"bits_per_second":	20260556.12633105,
			"retransmits":	0,
			"sender":	true
		},
		"sum_received":	{
			"start":	0,
			"end":	3.002041,
			"seconds":	3.002041,
			"bytes":	7602176,
			"bits_per_second":	20258686.673499793,
			"sender":	true
		},
		"cpu_utilization_percent":	{
			"host_total":	0.56029544970161971,
			"host_user":	0.0022311913895993181,
			"host_system":	0.55806425831202044,
			"remote_total":	0.19956283381222639,
			"remote_user":	0,
			"remote_system":	0.19959614425018538
		},
		"sender_tcp_congestion":	"cubic",
		"receiver_tcp_congestion":	"cubic"
	}
}
