{
	"start":	{
		"connected":	[{
				"socket":	5,
				"local_host":	"192.168.1.2",
				"local_port":	57750,
				"remote_host":	"192.168.4.2",
				"remote_port":	5203
			}],
		"version":	"iperf 3.19.1",
		"system_info":	"Linux h1 6.6.87.2-microsoft-standard-WSL2 #1 SMP PREEMPT_DYNAMIC Thu Jun  5 18:30:46 UTC 2025 x86_64",
		"timestamp":	{
			"time":	"Sun, 05 Apr 2026 07:51:09 UTC",
			"timesecs":	1775375469
		},
		"connecting_to":	{
			"host":	"192.168.4.2",
			"port":	5203
		},
		"cookie":	"xhot2inii6gcbxn7hicti3eyj7sfywjluxwq",
		"tcp_mss_default":	9448,
		"target_bitrate":	20000000,
		"fq_rate":	0,
		"sock_bufsize":	0,
		"sndbuf_actual":	16384,
		"rcvbuf_actual":	131072,
		"test_start":	{
			"protocol":	"TCP",
			"num_streams":	1,
			"blksize":	131072,
			"omit":	0,
			"duration":	3,
			"bytes":	0,
			"blocks":	0,
			"reverse":	0,
			"tos":	0,
			"target_bitrate":	20000000,
			"bidir":	0,
			"fqrate":	0,
			"interval":	1
		}
	},
	"intervals":	[{
			"streams":	[{
					"socket":	5,
					"start":	0,
					"end":	1.001063,
					"seconds":	1.0010629892349243,
					"bytes":	2621440,
					"bits_per_second":	20949251.171524942,
					"retransmits":	0,
					"snd_cwnd":	264544,
					"snd_wnd":	-1,
					"rtt":	91,
					"rttvar":	42,
					"pmtu":	9500,
					"omitted":	false,
					"sender":	true
				}],
			"sum":	{
				"start":	0,
				"end":	1.001063,
				"seconds":	1.0010629892349243,
				"bytes":	2621440,
				"bits_per_second":	20949251.171524942,
				"retransmits":	0,
				"omitted":	false,
				"sender":	true
			}
		}, {
			"streams":	[{
					"socket":	5,
					"start":	1.001063,
					"end":	2.001094,
					"seconds":	1.0000309944152832,
					"bytes":	2490368,
					"bits_per_second":	19922326.519138459,
					"retransmits":	0,
					"snd_cwnd":	264544,
					"snd_wnd":	-1,
					"rtt":	163,
					"rttvar":	111,
					"pmtu":	9500,
					"omitted":	false,
					"sender":	true
				}],
			"sum":	{
				"start":	1.001063,
				"end":	2.001094,
				"seconds":	1.0000309944152832,
				"bytes":	2490368,
				"bits_per_second":	19922326.519138459,
				"retransmits":	0,
				"omitted":	false,
				"sender":	true
			}
		}, {
			"streams":	[{
					"socket":	5,
					"start":	2.001094,
					"end":	3.001178,
					"seconds":	1.0000840425491333,
					"bytes":	2490368,
					"bits_per_second":	19921269.765706919,
					"retransmits":	0,
					"snd_cwnd":	264544,
					"snd_wnd":	-1,
					"rtt":	121,
					"rttvar":	79,
					"pmtu":	9500,
					"omitted":	false,
					"sender":	true
				}],
			"sum":	{
				"start":	2.001094,
				"end":	3.001178,
				"seconds":	1.0000840425491333,
				"bytes":	2490368,
				"bits_per_second":	19921269.765706919,
				"retransmits":	0,
				"omitted":	false,
				"sender":	true
			}
		}],
	"end":	{
		"streams":	[{
				"sender":	{
					"socket":	5,
					"start":	0,
					"end":	3.001178,
					"seconds":	3.001178,
					"bytes":	7602176,
					"bits_per_second":	20264512.1349017,
					"retransmits":	0,
					"max_snd_cwnd":	264544,
					"max_snd_wnd":	0,
					"max_rtt":	163,
					"min_rtt":	91,
					"mean_rtt":	125,
					"sender":	true
				},
				"receiver":	{
					"socket":	5,
					"start":	0,
					"end":	3.001363,
					"seconds":	3.001178,
					"bytes":	7602176,
					"bits_per_second":	20263263.057484217,
					"sender":	true
				}
			}],
		"sum_sent":	{
			"start":	0,
			"end":	3.001178,
			"seconds":	3.001178,
			"bytes":	7602176,
			"bits_per_second":	20264512.1349017,
			"retransmits":	0,
			"sender":	true
		},
		"sum_received":	{
			"start":	0,
			"end":	3.001363,
			"seconds":	3.001363,
			"bytes":	7602176,
			"bits_per_second":	20263263.057484217,
			"sender":	true
		},
		"cpu_utilization_percent":	{
			"host_total":	0.52754242439685528,
			"host_user":	0,
			"host_system":	0.52757573304847771,
			"remote_total":	0.19054466654849941,
			"remote_user":	0.0923570231985383,
			"remote_system":	0.098154325520524444
		},
		"sender_tcp_congestion":	"cubic",
		"receiver_tcp_congestion":	"cubic"
	}
}
