{
	"start":	{
		"connected":	[{
				"socket":	5,
				"local_host":	"192.168.1.2",
				"local_port":	47834,
				"remote_host":	"192.168.4.2",
				"remote_port":	5204
			}],
		"version":	"iperf 3.19.1",
		"system_info":	"Linux h1 6.6.87.2-microsoft-standard-WSL2 #1 SMP PREEMPT_DYNAMIC Thu Jun  5 18:30:46 UTC 2025 x86_64",
		"timestamp":	{
			"time":	"Sun, 05 Apr 2026 07:32:20 UTC",
			"timesecs":	1775374340
		},
		"connecting_to":	{
			"host":	"192.168.4.2",
			"port":	5204
		},
		"cookie":	"jdgnxiblwuubbm2ttsfwi7xx737hfj5anq4n",
		"tcp_mss_default":	9448,
		"target_bitrate":	20000000,
		"fq_rate":	0,
		"sock_bufsize":	0,
		"sndbuf_actual":	16384,
		"rcvbuf_actual":	131072,
		"test_start":	{
			"protocol":	"TCP",
			"num_streams":	1,
			"blksize":	131072,
			"omit":	0,
			"duration":	3,
			"bytes":	0,
			"blocks":	0,
			"reverse":	0,
			"tos":	0,
			"target_bitrate":	20000000,
			"bidir":	0,
			"fqrate":	0,
			"interval":	1
		}
	},
	"intervals":	[{
			"streams":	[{
					"socket":	5,
					"start":	0,
					"end":	1.001102,
					"seconds":	1.0011019706726074,
					"bytes":	2621440,
					"bits_per_second":	20948435.438509751,
					"retransmits":	0,
					"snd_cwnd":	207856,
					"snd_wnd":	-1,
					"rtt":	132,
					"rttvar":	74,
					"pmtu":	9500,
					"omitted":	false,
					"sender":	true
				}],
			"sum":	{
				"start":	0,
				"end":	1.001102,
				"seconds":	1.0011019706726074,
				"bytes":	2621440,
				"bits_per_second":	20948435.438509751,
				"retransmits":	0,
				"omitted":	false,
				"sender":	true
			}
		}, {
			"streams":	[{
					"socket":	5,
					"start":	1.001102,
					"end":	2.001097,
					"seconds":	0.999994993209839,
					"bytes":	2490368,
					"bits_per_second":	19923043.750499431,
					"retransmits":	0,
					"snd_cwnd":	207856,
					"snd_wnd":	-1,
					"rtt":	171,
					"rttvar":	58,
					"pmtu":	9500,
					"omitted":	false,
					"sender":	true
				}],
			"sum":	{
				"start":	1.001102,
				"end":	2.001097,
				"seconds":	0.999994993209839,
				"bytes":	2490368,
				"bits_per_second":	19923043.750499431,
				"retransmits":	0,
				"omitted":	false,
				"sender":	true
			}
		}, {
			"streams":	[{
					"socket":	5,
					"start":	2.001097,
					"end":	3.001445,
					"seconds":	1.0003479719161987,
					"bytes":	2490368,
					"bits_per_second":	19916013.786519665,
					"retransmits":	0,
					"snd_cwnd":	207856,
					"snd_wnd":	-1,
					"rtt":	124,
					"rttvar":	75,
					"pmtu":	9500,
					"omitted":	false,
					"sender":	true
				}],
			"sum":	{
				"start":	2.001097,
				"end":	3.001445,
				"seconds":	1.0003479719161987,
				"bytes":	2490368,
				"bits_per_second":	19916013.786519665,
				"retransmits":	0,
				"omitted":	false,
				"sender":	true
			}
		}],
	"end":	{
		"streams":	[{
				"sender":	{
					"socket":	5,
					"start":	0,
					"end":	3.001445,
					"seconds":	3.001445,
					"bytes":	7602176,
					"bits_per_second":	20262709.461609326,
					"retransmits":	0,
					"max_snd_cwnd":	207856,
					"max_snd_wnd":	0,
					"max_rtt":	171,
					"min_rtt":	124,
					"mean_rtt":	142,
					"sender":	true
				},
				"receiver":	{
					"socket":	5,
					"start":	0,
					"end":	3.001649,
					"seconds":	3.001445,
					"bytes":	7602176,
					"bits_per_second":	20261332.35431591,
					"sender":	true
				}
			}],
		"sum_sent":	{
			"start":	0,
			"end":	3.001445,
			"seconds":	3.001445,
			"bytes":	7602176,
			"bits_per_second":	20262709.461609326,
			"retransmits":	0,
			"sender":	true
		},
		"sum_received":	{
			"start":	0,
			"end":	3.001649,
			"seconds":	3.001649,
			"bytes":	7602176,
			"bits_per_second":	20261332.35431591,
			"sender":	true
		},
		"cpu_utilization_percent":	{
			"host_total":	0.598129745531761,
			"host_user":	0,
			"host_system":	0.598129745531761,
			"remote_total":	0.22454114816484252,
			"remote_user":	0,
			"remote_system":	0.22457446287525276
		},
		"sender_tcp_congestion":	"cubic",
		"receiver_tcp_congestion":	"cubic"
	}
}
