{
	"start":	{
		"connected":	[{
				"socket":	5,
				"local_host":	"192.168.1.2",
				"local_port":	52342,
				"remote_host":	"192.168.4.2",
				"remote_port":	5203
			}],
		"version":	"iperf 3.19.1",
		"system_info":	"Linux h1 6.6.87.2-microsoft-standard-WSL2 #1 SMP PREEMPT_DYNAMIC Thu Jun  5 18:30:46 UTC 2025 x86_64",
		"timestamp":	{
			"time":	"Sun, 05 Apr 2026 07:42:32 UTC",
			"timesecs":	1775374952
		},
		"connecting_to":	{
			"host":	"192.168.4.2",
			"port":	5203
		},
		"cookie":	"ms33lq5pzvvq7ryzsyogb2pwfnfj4tgie6hf",
		"tcp_mss_default":	9448,
		"target_bitrate":	20000000,
		"fq_rate":	0,
		"sock_bufsize":	0,
		"sndbuf_actual":	16384,
		"rcvbuf_actual":	131072,
		"test_start":	{
			"protocol":	"TCP",
			"num_streams":	1,
			"blksize":	131072,
			"omit":	0,
			"duration":	3,
			"bytes":	0,
			"blocks":	0,
			"reverse":	0,
			"tos":	0,
			"target_bitrate":	20000000,
			"bidir":	0,
			"fqrate":	0,
			"interval":	1
		}
	},
	"intervals":	[{
			"streams":	[{
					"socket":	5,
					"start":	0,
					"end":	1.001097,
					"seconds":	1.0010969638824463,
					"bytes":	2621440,
					"bits_per_second":	20948540.208001848,
					"retransmits":	0,
					"snd_cwnd":	264544,
					"snd_wnd":	-1,
					"rtt":	109,
					"rttvar":	51,
					"pmtu":	9500,
					"omitted":	false,
					"sender":	true
				}],
			"sum":	{
				"start":	0,
				"end":	1.001097,
				"seconds":	1.0010969638824463,
				"bytes":	2621440,
				"bits_per_second":	20948540.208001848,
				"retransmits":	0,
				"omitted":	false,
				"sender":	true
			}
		}, {
			"streams":	[{
					"socket":	5,
					"start":	1.001097,
					"end":	2.001226,
					"seconds":	1.0001289844512939,
					"bytes":	2490368,
					"bits_per_second":	19920374.581415046,
					"retransmits":	0,
					"snd_cwnd":	264544,
					"snd_wnd":	-1,
					"rtt":	141,
					"rttvar":	73,
					"pmtu":	9500,
					"omitted":	false,
					"sender":	true
				}],
			"sum":	{
				"start":	1.001097,
				"end":	2.001226,
				"seconds":	1.0001289844512939,
				"bytes":	2490368,
				"bits_per_second":	19920374.581415046,
				"retransmits":	0,
				"omitted":	false,
				"sender":	true
			}
		}, {
			"streams":	[{
					"socket":	5,
					"start":	2.001226,
					"end":	3.001524,
					"seconds":	1.000298023223877,
					"bytes":	2490368,
					"bits_per_second":	19917008.268985692,
					"retransmits":	0,
					"snd_cwnd":	264544,
					"snd_wnd":	-1,
					"rtt":	115,
					"rttvar":	59,
					"pmtu":	9500,
					"omitted":	false,
					"sender":	true
				}],
			"sum":	{
				"start":	2.001226,
				"end":	3.001524,
				"seconds":	1.000298023223877,
				"bytes":	2490368,
				"bits_per_second":	19917008.268985692,
				"retransmits":	0,
				"omitted":	false,
				"sender":	true
			}
		}],
	"end":	{
		"streams":	[{
				"sender":	{
					"socket":	5,
					"start":	0,
					"end":	3.001524,
					"seconds":	3.001524,
					"bytes":	7602176,
					"bits_per_second":	20262176.147850227,
					"retransmits":	0,
					"max_snd_cwnd":	264544,
					"max_snd_wnd":	0,
					"max_rtt":	141,
					"min_rtt":	109,
					"mean_rtt":	121,
					"sender":	true
				},
				"receiver":	{
					"socket":	5,
					"start":	0,
					"end":	3.001728,
					"seconds":	3.001524,
					"bytes":	7602176,
					"bits_per_second":	20260799.113044221,
					"sender":	true
				}
			}],
		"sum_sent":	{
			"start":	0,
			"end":	3.001524,
			"seconds":	3.001524,
			"bytes":	7602176,
			"bits_per_second":	20262176.147850227,
			"retransmits":	0,
			"sender":	true
		},
		"sum_received":	{
			"start":	0,
			"end":	3.001728,
			"seconds":	3.001728,
			"bytes":	7602176,
			"bits_per_second":	20260799.113044221,
			"sender":	true
		},
		"cpu_utilization_percent":	{
			"host_total":	0.50250051289156272,
			"host_user":	0.039665834494555352,
			"host_system":	0.46283467839700737,
			"remote_total":	0.18532436260811977,
			"remote_user":	0,
			"remote_system":	0.18535767635297112
		},
		"sender_tcp_congestion":	"cubic",
		"receiver_tcp_congestion":	"cubic"
	}
}
