{
	"start":	{
		"connected":	[{
				"socket":	5,
				"local_host":	"192.168.1.2",
				"local_port":	58818,
				"remote_host":	"192.168.4.2",
				"remote_port":	5202
			}],
		"version":	"iperf 3.19.1",
		"system_info":	"Linux h1 6.6.87.2-microsoft-standard-WSL2 #1 SMP PREEMPT_DYNAMIC Thu Jun  5 18:30:46 UTC 2025 x86_64",
		"timestamp":	{
			"time":	"Sun, 05 Apr 2026 07:29:45 UTC",
			"timesecs":	1775374185
		},
		"connecting_to":	{
			"host":	"192.168.4.2",
			"port":	5202
		},
		"cookie":	"im6w44krfutd3upjiqtfiajkaqvxxyn4b6jy",
		"tcp_mss_default":	9448,
		"target_bitrate":	20000000,
		"fq_rate":	0,
		"sock_bufsize":	0,
		"sndbuf_actual":	16384,
		"rcvbuf_actual":	131072,
		"test_start":	{
			"protocol":	"TCP",
			"num_streams":	1,
			"blksize":	131072,
			"omit":	0,
			"duration":	3,
			"bytes":	0,
			"blocks":	0,
			"reverse":	0,
			"tos":	0,
			"target_bitrate":	20000000,
			"bidir":	0,
			"fqrate":	0,
			"interval":	1
		}
	},
	"intervals":	[{
			"streams":	[{
					"socket":	5,
					"start":	0,
					"end":	1.001421,
					"seconds":	1.0014209747314453,
					"bytes":	2621440,
					"bits_per_second":	20941762.284961134,
					"retransmits":	0,
					"snd_cwnd":	207856,
					"snd_wnd":	-1,
					"rtt":	163,
					"rttvar":	87,
					"pmtu":	9500,
					"omitted":	false,
					"sender":	true
				}],
			"sum":	{
				"start":	0,
				"end":	1.001421,
				"seconds":	1.0014209747314453,
				"bytes":	2621440,
				"bits_per_second":	20941762.284961134,
				"retransmits":	0,
				"omitted":	false,
				"sender":	true
			}
		}, {
			"streams":	[{
					"socket":	5,
					"start":	1.001421,
					"end":	2.001081,
					"seconds":	0.99966001510620117,
					"bytes":	2490368,
					"bits_per_second":	19929719.803670891,
					"retransmits":	0,
					"snd_cwnd":	207856,
					"snd_wnd":	-1,
					"rtt":	89,
					"rttvar":	55,
					"pmtu":	9500,
					"omitted":	false,
					"sender":	true
				}],
			"sum":	{
				"start":	1.001421,
				"end":	2.001081,
				"seconds":	0.99966001510620117,
				"bytes":	2490368,
				"bits_per_second":	19929719.803670891,
				"retransmits":	0,
				"omitted":	false,
				"sender":	true
			}
		}, {
			"streams":	[{
					"socket":	5,
					"start":	2.001081,
					"end":	3.000559,
					"seconds":	0.999477982521057,
					"bytes":	2490368,
					"bits_per_second":	19933349.556882571,
					"retransmits":	0,
					"snd_cwnd":	207856,
					"snd_wnd":	-1,
					"rtt":	211,
					"rttvar":	76,
					"pmtu":	9500,
					"omitted":	false,
					"sender":	true
				}],
			"sum":	{
				"start":	2.001081,
				"end":	3.000559,
				"seconds":	0.999477982521057,
				"bytes":	2490368,
				"bits_per_second":	19933349.556882571,
				"retransmits":	0,
				"omitted":	false,
				"sender":	true
			}
		}],
	"end":	{
		"streams":	[{
				"sender":	{
					"socket":	5,
					"start":	0,
					"end":	3.000559,
					"seconds":	3.000559,
					"bytes":	7602176,
					"bits_per_second":	20268692.600278813,
					"retransmits":	0,
					"max_snd_cwnd":	207856,
					"max_snd_wnd":	0,
					"max_rtt":	211,
					"min_rtt":	89,
					"mean_rtt":	154,
					"sender":	true
				},
				"receiver":	{
					"socket":	5,
					"start":	0,
					"end":	3.000752,
					"seconds":	3.000559,
					"bytes":	7602176,
					"bits_per_second":	20267388.974497061,
					"sender":	true
				}
			}],
		"sum_sent":	{
			"start":	0,
			"end":	3.000559,
			"seconds":	3.000559,
			"bytes":	7602176,
			"bits_per_second":	20268692.600278813,
			"retransmits":	0,
			"sender":	true
		},
		"sum_received":	{
			"start":	0,
			"end":	3.000752,
			"seconds":	3.000752,
			"bytes":	7602176,
			"bits_per_second":	20267388.974497061,
			"sender":	true
		},
		"cpu_utilization_percent":	{
			"host_total":	0.59464555806531139,
			"host_user":	0.029883862714134367,
			"host_system":	0.564795010694225,
			"remote_total":	0.20004725420730735,
			"remote_user":	0.00039989456113404762,
			"remote_system":	0.19961403509941214
		},
		"sender_tcp_congestion":	"cubic",
		"receiver_tcp_congestion":	"cubic"
	}
}
