{
	"start":	{
		"connected":	[{
				"socket":	5,
				"local_host":	"192.168.1.2",
				"local_port":	51800,
				"remote_host":	"192.168.4.2",
				"remote_port":	5202
			}],
		"version":	"iperf 3.19.1",
		"system_info":	"Linux h1 6.6.87.2-microsoft-standard-WSL2 #1 SMP PREEMPT_DYNAMIC Thu Jun  5 18:30:46 UTC 2025 x86_64",
		"timestamp":	{
			"time":	"Sun, 05 Apr 2026 07:29:19 UTC",
			"timesecs":	1775374159
		},
		"connecting_to":	{
			"host":	"192.168.4.2",
			"port":	5202
		},
		"cookie":	"js7meczufswfqakxfwctu5cu7lcwio7saaip",
		"tcp_mss_default":	9448,
		"target_bitrate":	20000000,
		"fq_rate":	0,
		"sock_bufsize":	0,
		"sndbuf_actual":	16384,
		"rcvbuf_actual":	131072,
		"test_start":	{
			"protocol":	"TCP",
			"num_streams":	1,
			"blksize":	131072,
			"omit":	0,
			"duration":	3,
			"bytes":	0,
			"blocks":	0,
			"reverse":	0,
			"tos":	0,
			"target_bitrate":	20000000,
			"bidir":	0,
			"fqrate":	0,
			"interval":	1
		}
	},
	"intervals":	[{
			"streams":	[{
					"socket":	5,
					"start":	0,
					"end":	1.001403,
					"seconds":	1.0014029741287231,
					"bytes":	2621440,
					"bits_per_second":	20942138.721174061,
					"retransmits":	0,
					"snd_cwnd":	264544,
					"snd_wnd":	-1,
					"rtt":	125,
					"rttvar":	77,
					"pmtu":	9500,
					"omitted":	false,
					"sender":	true
				}],
			"sum":	{
				"start":	0,
				"end":	1.001403,
				"seconds":	1.0014029741287231,
				"bytes":	2621440,
				"bits_per_second":	20942138.721174061,
				"retransmits":	0,
				"omitted":	false,
				"sender":	true
			}
		}, {
			"streams":	[{
					"socket":	5,
					"start":	1.001403,
					"end":	2.001076,
					"seconds":	0.99967300891876221,
					"bytes":	2490368,
					"bits_per_second":	19929460.755921066,
					"retransmits":	0,
					"snd_cwnd":	264544,
					"snd_wnd":	-1,
					"rtt":	118,
					"rttvar":	47,
					"pmtu":	9500,
					"omitted":	false,
					"sender":	true
				}],
			"sum":	{
				"start":	1.001403,
				"end":	2.001076,
				"seconds":	0.99967300891876221,
				"bytes":	2490368,
				"bits_per_second":	19929460.755921066,
				"retransmits":	0,
				"omitted":	false,
				"sender":	true
			}
		}, {
			"streams":	[{
					"socket":	5,
					"start":	2.001076,
					"end":	3.00151,
					"seconds":	1.0004340410232544,
					"bytes":	2490368,
					"bits_per_second":	19914300.376687106,
					"retransmits":	0,
					"snd_cwnd":	264544,
					"snd_wnd":	-1,
					"rtt":	104,
					"rttvar":	54,
					"pmtu":	9500,
					"omitted":	false,
					"sender":	true
				}],
			"sum":	{
				"start":	2.001076,
				"end":	3.00151,
				"seconds":	1.0004340410232544,
				"bytes":	2490368,
				"bits_per_second":	19914300.376687106,
				"retransmits":	0,
				"omitted":	false,
				"sender":	true
			}
		}],
	"end":	{
		"streams":	[{
				"sender":	{
					"socket":	5,
					"start":	0,
					"end":	3.00151,
					"seconds":	3.00151,
					"bytes":	7602176,
					"bits_per_second":	20262270.657102592,
					"retransmits":	0,
					"max_snd_cwnd":	264544,
					"max_snd_wnd":	0,
					"max_rtt":	125,
					"min_rtt":	104,
					"mean_rtt":	115,
					"sender":	true
				},
				"receiver":	{
					"socket":	5,
					"start":	0,
					"end":	3.001753,
					"seconds":	3.00151,
					"bytes":	7602176,
					"bits_per_second":	20260630.37165283,
					"sender":	true
				}
			}],
		"sum_sent":	{
			"start":	0,
			"end":	3.00151,
			"seconds":	3.00151,
			"bytes":	7602176,
			"bits_per_second":	20262270.657102592,
			"retransmits":	0,
			"sender":	true
		},
		"sum_received":	{
			"start":	0,
			"end":	3.001753,
			"seconds":	3.001753,
			"bytes":	7602176,
			"bits_per_second":	20260630.37165283,
			"sender":	true
		},
		"cpu_utilization_percent":	{
			"host_total":	0.47891052267940826,
			"host_user":	0.16385445888238673,
			"host_system":	0.315122657765273,
			"remote_total":	0.16286927084270272,
			"remote_user":	0.00033313411913009355,
			"remote_system":	0.16250282331165963
		},
		"sender_tcp_congestion":	"cubic",
		"receiver_tcp_congestion":	"cubic"
	}
}
