{
	"start":	{
		"connected":	[{
				"socket":	5,
				"local_host":	"192.168.1.2",
				"local_port":	37048,
				"remote_host":	"192.168.4.2",
				"remote_port":	5203
			}],
		"version":	"iperf 3.19.1",
		"system_info":	"Linux h1 6.6.87.2-microsoft-standard-WSL2 #1 SMP PREEMPT_DYNAMIC Thu Jun  5 18:30:46 UTC 2025 x86_64",
		"timestamp":	{
			"time":	"Sun, 05 Apr 2026 07:55:01 UTC",
			"timesecs":	1775375701
		},
		"connecting_to":	{
			"host":	"192.168.4.2",
			"port":	5203
		},
		"cookie":	"sbqgdwl2f6z26ovhtrd2mqfqrhacxrd5rurb",
		"tcp_mss_default":	9448,
		"target_bitrate":	20000000,
		"fq_rate":	0,
		"sock_bufsize":	0,
		"sndbuf_actual":	16384,
		"rcvbuf_actual":	131072,
		"test_start":	{
			"protocol":	"TCP",
			"num_streams":	1,
			"blksize":	131072,
			"omit":	0,
			"duration":	3,
			"bytes":	0,
			"blocks":	0,
			"reverse":	0,
			"tos":	0,
			"target_bitrate":	20000000,
			"bidir":	0,
			"fqrate":	0,
			"interval":	1
		}
	},
	"intervals":	[{
			"streams":	[{
					"socket":	5,
					"start":	0,
					"end":	1.000101,
					"seconds":	1.0001009702682495,
					"bytes":	2621440,
					"bits_per_second":	20969402.713782959,
					"retransmits":	0,
					"snd_cwnd":	311784,
					"snd_wnd":	-1,
					"rtt":	151,
					"rttvar":	124,
					"pmtu":	9500,
					"omitted":	false,
					"sender":	true
				}],
			"sum":	{
				"start":	0,
				"end":	1.000101,
				"seconds":	1.0001009702682495,
				"bytes":	2621440,
				"bits_per_second":	20969402.713782959,
				"retransmits":	0,
				"omitted":	false,
				"sender":	true
			}
		}, {
			"streams":	[{
					"socket":	5,
					"start":	1.000101,
					"end":	2.000433,
					"seconds":	1.0003319978713989,
					"bytes":	2490368,
					"bits_per_second":	19916331.820229609,
					"retransmits":	0,
					"snd_cwnd":	311784,
					"snd_wnd":	-1,
					"rtt":	122,
					"rttvar":	72,
					"pmtu":	9500,
					"omitted":	false,
					"sender":	true
				}],
			"sum":	{
				"start":	1.000101,
				"end":	2.000433,
				"seconds":	1.0003319978713989,
				"bytes":	2490368,
				"bits_per_second":	19916331.820229609,
				"retransmits":	0,
				"omitted":	false,
				"sender":	true
			}
		}, {
			"streams":	[{
					"socket":	5,
					"start":	2.000433,
					"end":	3.00054,
					"seconds":	1.0001070499420166,
					"bytes":	2490368,
					"bits_per_second":	19920811.478286326,
					"retransmits":	0,
					"snd_cwnd":	311784,
					"snd_wnd":	-1,
					"rtt":	122,
					"rttvar":	51,
					"pmtu":	9500,
					"omitted":	false,
					"sender":	true
				}],
			"sum":	{
				"start":	2.000433,
				"end":	3.00054,
				"seconds":	1.0001070499420166,
				"bytes":	2490368,
				"bits_per_second":	19920811.478286326,
				"retransmits":	0,
				"omitted":	false,
				"sender":	true
			}
		}],
	"end":	{
		"streams":	[{
				"sender":	{
					"socket":	5,
					"start":	0,
					"end":	3.00054,
					"seconds":	3.00054,
					"bytes":	7602176,
					"bits_per_second":	20268820.945563134,
					"retransmits":	0,
					"max_snd_cwnd":	311784,
					"max_snd_wnd":	0,
					"max_rtt":	151,
					"min_rtt":	122,
					"mean_rtt":	131,
					"sender":	true
				},
				"receiver":	{
					"socket":	5,
					"start":	0,
					"end":	3.000721,
					"seconds":	3.00054,
					"bytes":	7602176,
					"bits_per_second":	20267598.353862289,
					"sender":	true
				}
			}],
		"sum_sent":	{
			"start":	0,
			"end":	3.00054,
			"seconds":	3.00054,
			"bytes":	7602176,
			"bits_per_second":	20268820.945563134,
			"retransmits":	0,
			"sender":	true
		},
		"sum_received":	{
			"start":	0,
			"end":	3.000721,
			"seconds":	3.000721,
			"bytes":	7602176,
			"bits_per_second":	20267598.353862289,
			"sender":	true
		},
		"cpu_utilization_percent":	{
			"host_total":	0.57216327226882246,
			"host_user":	0,
			"host_system":	0.57216327226882246,
			"remote_total":	0.19498432727241222,
			"remote_user":	0.19495100231475157,
			"remote_system":	0
		},
		"sender_tcp_congestion":	"cubic",
		"receiver_tcp_congestion":	"cubic"
	}
}
