{
	"start":	{
		"connected":	[{
				"socket":	5,
				"local_host":	"192.168.1.2",
				"local_port":	48696,
				"remote_host":	"192.168.4.2",
				"remote_port":	5203
			}],
		"version":	"iperf 3.19.1",
		"system_info":	"Linux h1 6.6.87.2-microsoft-standard-WSL2 #1 SMP PREEMPT_DYNAMIC Thu Jun  5 18:30:46 UTC 2025 x86_64",
		"timestamp":	{
			"time":	"Sun, 05 Apr 2026 07:36:11 UTC",
			"timesecs":	1775374571
		},
		"connecting_to":	{
			"host":	"192.168.4.2",
			"port":	5203
		},
		"cookie":	"jymt53zfkka4zj5uvkat536k5ei5suepvll3",
		"tcp_mss_default":	9448,
		"target_bitrate":	20000000,
		"fq_rate":	0,
		"sock_bufsize":	0,
		"sndbuf_actual":	16384,
		"rcvbuf_actual":	131072,
		"test_start":	{
			"protocol":	"TCP",
			"num_streams":	1,
			"blksize":	131072,
			"omit":	0,
			"duration":	3,
			"bytes":	0,
			"blocks":	0,
			"reverse":	0,
			"tos":	0,
			"target_bitrate":	20000000,
			"bidir":	0,
			"fqrate":	0,
			"interval":	1
		}
	},
	"intervals":	[{
			"streams":	[{
					"socket":	5,
					"start":	0,
					"end":	1.000991,
					"seconds":	1.0009909868240356,
					"bytes":	2621440,
					"bits_per_second":	20950758.074794322,
					"retransmits":	0,
					"snd_cwnd":	359024,
					"snd_wnd":	-1,
					"rtt":	106,
					"rttvar":	39,
					"pmtu":	9500,
					"omitted":	false,
					"sender":	true
				}],
			"sum":	{
				"start":	0,
				"end":	1.000991,
				"seconds":	1.0009909868240356,
				"bytes":	2621440,
				"bits_per_second":	20950758.074794322,
				"retransmits":	0,
				"omitted":	false,
				"sender":	true
			}
		}, {
			"streams":	[{
					"socket":	5,
					"start":	1.000991,
					"end":	2.001104,
					"seconds":	1.0001130104064941,
					"bytes":	2490368,
					"bits_per_second":	19920692.754414178,
					"retransmits":	0,
					"snd_cwnd":	359024,
					"snd_wnd":	-1,
					"rtt":	108,
					"rttvar":	60,
					"pmtu":	9500,
					"omitted":	false,
					"sender":	true
				}],
			"sum":	{
				"start":	1.000991,
				"end":	2.001104,
				"seconds":	1.0001130104064941,
				"bytes":	2490368,
				"bits_per_second":	19920692.754414178,
				"retransmits":	0,
				"omitted":	false,
				"sender":	true
			}
		}, {
			"streams":	[{
					"socket":	5,
					"start":	2.001104,
					"end":	3.001034,
					"seconds":	0.99993002414703369,
					"bytes":	2490368,
					"bits_per_second":	19924338.222561914,
					"retransmits":	0,
					"snd_cwnd":	359024,
					"snd_wnd":	-1,
					"rtt":	112,
					"rttvar":	56,
					"pmtu":	9500,
					"omitted":	false,
					"sender":	true
				}],
			"sum":	{
				"start":	2.001104,
				"end":	3.001034,
				"seconds":	0.99993002414703369,
				"bytes":	2490368,
				"bits_per_second":	19924338.222561914,
				"retransmits":	0,
				"omitted":	false,
				"sender":	true
			}
		}],
	"end":	{
		"streams":	[{
				"sender":	{
					"socket":	5,
					"start":	0,
					"end":	3.001034,
					"seconds":	3.001034,
					"bytes":	7602176,
					"bits_per_second":	20265484.496343594,
					"retransmits":	0,
					"max_snd_cwnd":	359024,
					"max_snd_wnd":	0,
					"max_rtt":	112,
					"min_rtt":	106,
					"mean_rtt":	108,
					"sender":	true
				},
				"receiver":	{
					"socket":	5,
					"start":	0,
					"end":	3.001195,
					"seconds":	3.001034,
					"bytes":	7602176,
					"bits_per_second":	20264397.348389558,
					"sender":	true
				}
			}],
		"sum_sent":	{
			"start":	0,
			"end":	3.001034,
			"seconds":	3.001034,
			"bytes":	7602176,
			"bits_per_second":	20265484.496343594,
			"retransmits":	0,
			"sender":	true
		},
		"sum_received":	{
			"start":	0,
			"end":	3.001195,
			"seconds":	3.001195,
			"bytes":	7602176,
			"bits_per_second":	20264397.348389558,
			"sender":	true
		},
		"cpu_utilization_percent":	{
			"host_total":	0.48660203953837261,
			"host_user":	0,
			"host_system":	0.48660203953837261,
			"remote_total":	0.16769791052335209,
			"remote_user":	0.16769791052335209,
			"remote_system":	0
		},
		"sender_tcp_congestion":	"cubic",
		"receiver_tcp_congestion":	"cubic"
	}
}
