{
	"start":	{
		"connected":	[{
				"socket":	5,
				"local_host":	"192.168.1.2",
				"local_port":	40592,
				"remote_host":	"192.168.4.2",
				"remote_port":	5202
			}],
		"version":	"iperf 3.19.1",
		"system_info":	"Linux h1 6.6.87.2-microsoft-standard-WSL2 #1 SMP PREEMPT_DYNAMIC Thu Jun  5 18:30:46 UTC 2025 x86_64",
		"timestamp":	{
			"time":	"Sun, 05 Apr 2026 07:33:55 UTC",
			"timesecs":	1775374435
		},
		"connecting_to":	{
			"host":	"192.168.4.2",
			"port":	5202
		},
		"cookie":	"atlgx2wqoet2xh5lbstunvjgjn2vl4avtk6i",
		"tcp_mss_default":	9448,
		"target_bitrate":	20000000,
		"fq_rate":	0,
		"sock_bufsize":	0,
		"sndbuf_actual":	16384,
		"rcvbuf_actual":	131072,
		"test_start":	{
			"protocol":	"TCP",
			"num_streams":	1,
			"blksize":	131072,
			"omit":	0,
			"duration":	3,
			"bytes":	0,
			"blocks":	0,
			"reverse":	0,
			"tos":	0,
			"target_bitrate":	20000000,
			"bidir":	0,
			"fqrate":	0,
			"interval":	1
		}
	},
	"intervals":	[{
			"streams":	[{
					"socket":	5,
					"start":	0,
					"end":	1.001187,
					"seconds":	1.0011869668960571,
					"bytes":	2621440,
					"bits_per_second":	20946657.011544235,
					"retransmits":	0,
					"snd_cwnd":	349576,
					"snd_wnd":	-1,
					"rtt":	129,
					"rttvar":	45,
					"pmtu":	9500,
					"omitted":	false,
					"sender":	true
				}],
			"sum":	{
				"start":	0,
				"end":	1.001187,
				"seconds":	1.0011869668960571,
				"bytes":	2621440,
				"bits_per_second":	20946657.011544235,
				"retransmits":	0,
				"omitted":	false,
				"sender":	true
			}
		}, {
			"streams":	[{
					"socket":	5,
					"start":	1.001187,
					"end":	2.001602,
					"seconds":	1.0004149675369263,
					"bytes":	2490368,
					"bits_per_second":	19914680.054269206,
					"retransmits":	0,
					"snd_cwnd":	349576,
					"snd_wnd":	-1,
					"rtt":	114,
					"rttvar":	72,
					"pmtu":	9500,
					"omitted":	false,
					"sender":	true
				}],
			"sum":	{
				"start":	1.001187,
				"end":	2.001602,
				"seconds":	1.0004149675369263,
				"bytes":	2490368,
				"bits_per_second":	19914680.054269206,
				"retransmits":	0,
				"omitted":	false,
				"sender":	true
			}
		}, {
			"streams":	[{
					"socket":	5,
					"start":	2.001602,
					"end":	3.001355,
					"seconds":	0.99975299835205078,
					"bytes":	2490368,
					"bits_per_second":	19927866.215795413,
					"retransmits":	0,
					"snd_cwnd":	349576,
					"snd_wnd":	-1,
					"rtt":	150,
					"rttvar":	85,
					"pmtu":	9500,
					"omitted":	false,
					"sender":	true
				}],
			"sum":	{
				"start":	2.001602,
				"end":	3.001355,
				"seconds":	0.99975299835205078,
				"bytes":	2490368,
				"bits_per_second":	19927866.215795413,
				"retransmits":	0,
				"omitted":	false,
				"sender":	true
			}
		}],
	"end":	{
		"streams":	[{
				"sender":	{
					"socket":	5,
					"start":	0,
					"end":	3.001355,
					"seconds":	3.001355,
					"bytes":	7602176,
					"bits_per_second":	20263317.068457413,
					"retransmits":	0,
					"max_snd_cwnd":	349576,
					"max_snd_wnd":	0,
					"max_rtt":	150,
					"min_rtt":	114,
					"mean_rtt":	131,
					"sender":	true
				},
				"receiver":	{
					"socket":	5,
					"start":	0,
					"end":	3.001543,
					"seconds":	3.001355,
					"bytes":	7602176,
					"bits_per_second":	20262047.886703607,
					"sender":	true
				}
			}],
		"sum_sent":	{
			"start":	0,
			"end":	3.001355,
			"seconds":	3.001355,
			"bytes":	7602176,
			"bits_per_second":	20263317.068457413,
			"retransmits":	0,
			"sender":	true
		},
		"sum_received":	{
			"start":	0,
			"end":	3.001543,
			"seconds":	3.001543,
			"bytes":	7602176,
			"bits_per_second":	20262047.886703607,
			"sender":	true
		},
		"cpu_utilization_percent":	{
			"host_total":	0.61350959926231,
			"host_user":	0,
			"host_system":	0.61350959926231,
			"remote_total":	0.20069102477354794,
			"remote_user":	0,
			"remote_system":	0.20069102477354794
		},
		"sender_tcp_congestion":	"cubic",
		"receiver_tcp_congestion":	"cubic"
	}
}
