{
	"start":	{
		"connected":	[{
				"socket":	5,
				"local_host":	"192.168.1.2",
				"local_port":	51166,
				"remote_host":	"192.168.4.2",
				"remote_port":	5202
			}],
		"version":	"iperf 3.19.1",
		"system_info":	"Linux h1 6.6.87.2-microsoft-standard-WSL2 #1 SMP PREEMPT_DYNAMIC Thu Jun  5 18:30:46 UTC 2025 x86_64",
		"timestamp":	{
			"time":	"Sun, 05 Apr 2026 07:35:23 UTC",
			"timesecs":	1775374523
		},
		"connecting_to":	{
			"host":	"192.168.4.2",
			"port":	5202
		},
		"cookie":	"z6msutckhrb64hin5w32eg2gdtlxu2ms6fy7",
		"tcp_mss_default":	9448,
		"target_bitrate":	20000000,
		"fq_rate":	0,
		"sock_bufsize":	0,
		"sndbuf_actual":	16384,
		"rcvbuf_actual":	131072,
		"test_start":	{
			"protocol":	"TCP",
			"num_streams":	1,
			"blksize":	131072,
			"omit":	0,
			"duration":	3,
			"bytes":	0,
			"blocks":	0,
			"reverse":	0,
			"tos":	0,
			"target_bitrate":	20000000,
			"bidir":	0,
			"fqrate":	0,
			"interval":	1
		}
	},
	"intervals":	[{
			"streams":	[{
					"socket":	5,
					"start":	0,
					"end":	1.001093,
					"seconds":	1.0010930299758911,
					"bytes":	2621440,
					"bits_per_second":	20948622.527623679,
					"retransmits":	0,
					"snd_cwnd":	264544,
					"snd_wnd":	-1,
					"rtt":	124,
					"rttvar":	55,
					"pmtu":	9500,
					"omitted":	false,
					"sender":	true
				}],
			"sum":	{
				"start":	0,
				"end":	1.001093,
				"seconds":	1.0010930299758911,
				"bytes":	2621440,
				"bits_per_second":	20948622.527623679,
				"retransmits":	0,
				"omitted":	false,
				"sender":	true
			}
		}, {
			"streams":	[{
					"socket":	5,
					"start":	1.001093,
					"end":	2.001092,
					"seconds":	0.99999898672103882,
					"bytes":	2490368,
					"bits_per_second":	19922964.187520456,
					"retransmits":	0,
					"snd_cwnd":	264544,
					"snd_wnd":	-1,
					"rtt":	138,
					"rttvar":	63,
					"pmtu":	9500,
					"omitted":	false,
					"sender":	true
				}],
			"sum":	{
				"start":	1.001093,
				"end":	2.001092,
				"seconds":	0.99999898672103882,
				"bytes":	2490368,
				"bits_per_second":	19922964.187520456,
				"retransmits":	0,
				"omitted":	false,
				"sender":	true
			}
		}, {
			"streams":	[{
					"socket":	5,
					"start":	2.001092,
					"end":	3.001373,
					"seconds":	1.0002809762954712,
					"bytes":	2490368,
					"bits_per_second":	19917347.697428364,
					"retransmits":	0,
					"snd_cwnd":	264544,
					"snd_wnd":	-1,
					"rtt":	117,
					"rttvar":	69,
					"pmtu":	9500,
					"omitted":	false,
					"sender":	true
				}],
			"sum":	{
				"start":	2.001092,
				"end":	3.001373,
				"seconds":	1.0002809762954712,
				"bytes":	2490368,
				"bits_per_second":	19917347.697428364,
				"retransmits":	0,
				"omitted":	false,
				"sender":	true
			}
		}],
	"end":	{
		"streams":	[{
				"sender":	{
					"socket":	5,
					"start":	0,
					"end":	3.001373,
					"seconds":	3.001373,
					"bytes":	7602176,
					"bits_per_second":	20263195.544172615,
					"retransmits":	0,
					"max_snd_cwnd":	264544,
					"max_snd_wnd":	0,
					"max_rtt":	138,
					"min_rtt":	117,
					"mean_rtt":	126,
					"sender":	true
				},
				"receiver":	{
					"socket":	5,
					"start":	0,
					"end":	3.00215,
					"seconds":	3.001373,
					"bytes":	7602176,
					"bits_per_second":	20257951.1350199,
					"sender":	true
				}
			}],
		"sum_sent":	{
			"start":	0,
			"end":	3.001373,
			"seconds":	3.001373,
			"bytes":	7602176,
			"bits_per_second":	20263195.544172615,
			"retransmits":	0,
			"sender":	true
		},
		"sum_received":	{
			"start":	0,
			"end":	3.00215,
			"seconds":	3.00215,
			"bytes":	7602176,
			"bits_per_second":	20257951.1350199,
			"sender":	true
		},
		"cpu_utilization_percent":	{
			"host_total":	0.59795161126021246,
			"host_user":	0,
			"host_system":	0.597851741822857,
			"remote_total":	0.19835632390271979,
			"remote_user":	0,
			"remote_system":	0.19835632390271979
		},
		"sender_tcp_congestion":	"cubic",
		"receiver_tcp_congestion":	"cubic"
	}
}
