{
	"start":	{
		"connected":	[{
				"socket":	5,
				"local_host":	"192.168.1.2",
				"local_port":	34072,
				"remote_host":	"192.168.4.2",
				"remote_port":	5202
			}],
		"version":	"iperf 3.19.1",
		"system_info":	"Linux h1 6.6.87.2-microsoft-standard-WSL2 #1 SMP PREEMPT_DYNAMIC Thu Jun  5 18:30:46 UTC 2025 x86_64",
		"timestamp":	{
			"time":	"Sun, 05 Apr 2026 07:49:43 UTC",
			"timesecs":	1775375383
		},
		"connecting_to":	{
			"host":	"192.168.4.2",
			"port":	5202
		},
		"cookie":	"mpl3i3qs4atrumcy553rl2e7v3gn2gaijfo5",
		"tcp_mss_default":	9448,
		"target_bitrate":	20000000,
		"fq_rate":	0,
		"sock_bufsize":	0,
		"sndbuf_actual":	16384,
		"rcvbuf_actual":	131072,
		"test_start":	{
			"protocol":	"TCP",
			"num_streams":	1,
			"blksize":	131072,
			"omit":	0,
			"duration":	3,
			"bytes":	0,
			"blocks":	0,
			"reverse":	0,
			"tos":	0,
			"target_bitrate":	20000000,
			"bidir":	0,
			"fqrate":	0,
			"interval":	1
		}
	},
	"intervals":	[{
			"streams":	[{
					"socket":	5,
					"start":	0,
					"end":	1.000988,
					"seconds":	1.0009880065917969,
					"bytes":	2621440,
					"bits_per_second":	20950820.451290574,
					"retransmits":	0,
					"snd_cwnd":	264544,
					"snd_wnd":	-1,
					"rtt":	104,
					"rttvar":	44,
					"pmtu":	9500,
					"omitted":	false,
					"sender":	true
				}],
			"sum":	{
				"start":	0,
				"end":	1.000988,
				"seconds":	1.0009880065917969,
				"bytes":	2621440,
				"bits_per_second":	20950820.451290574,
				"retransmits":	0,
				"omitted":	false,
				"sender":	true
			}
		}, {
			"streams":	[{
					"socket":	5,
					"start":	1.000988,
					"end":	2.000415,
					"seconds":	0.99942702054977417,
					"bytes":	2490368,
					"bits_per_second":	19934365.982061,
					"retransmits":	0,
					"snd_cwnd":	264544,
					"snd_wnd":	-1,
					"rtt":	114,
					"rttvar":	70,
					"pmtu":	9500,
					"omitted":	false,
					"sender":	true
				}],
			"sum":	{
				"start":	1.000988,
				"end":	2.000415,
				"seconds":	0.99942702054977417,
				"bytes":	2490368,
				"bits_per_second":	19934365.982061,
				"retransmits":	0,
				"omitted":	false,
				"sender":	true
			}
		}, {
			"streams":	[{
					"socket":	5,
					"start":	2.000415,
					"end":	3.000535,
					"seconds":	1.0001200437545776,
					"bytes":	2490368,
					"bits_per_second":	19920552.662065186,
					"retransmits":	0,
					"snd_cwnd":	264544,
					"snd_wnd":	-1,
					"rtt":	106,
					"rttvar":	42,
					"pmtu":	9500,
					"omitted":	false,
					"sender":	true
				}],
			"sum":	{
				"start":	2.000415,
				"end":	3.000535,
				"seconds":	1.0001200437545776,
				"bytes":	2490368,
				"bits_per_second":	19920552.662065186,
				"retransmits":	0,
				"omitted":	false,
				"sender":	true
			}
		}],
	"end":	{
		"streams":	[{
				"sender":	{
					"socket":	5,
					"start":	0,
					"end":	3.000535,
					"seconds":	3.000535,
					"bytes":	7602176,
					"bits_per_second":	20268854.7209081,
					"retransmits":	0,
					"max_snd_cwnd":	264544,
					"max_snd_wnd":	0,
					"max_rtt":	114,
					"min_rtt":	104,
					"mean_rtt":	108,
					"sender":	true
				},
				"receiver":	{
					"socket":	5,
					"start":	0,
					"end":	3.000719,
					"seconds":	3.000535,
					"bytes":	7602176,
					"bits_per_second":	20267611.862356987,
					"sender":	true
				}
			}],
		"sum_sent":	{
			"start":	0,
			"end":	3.000535,
			"seconds":	3.000535,
			"bytes":	7602176,
			"bits_per_second":	20268854.7209081,
			"retransmits":	0,
			"sender":	true
		},
		"sum_received":	{
			"start":	0,
			"end":	3.000719,
			"seconds":	3.000719,
			"bytes":	7602176,
			"bits_per_second":	20267611.862356987,
			"sender":	true
		},
		"cpu_utilization_percent":	{
			"host_total":	0.4811156846511736,
			"host_user":	0.14175938218895809,
			"host_system":	0.33935630246221554,
			"remote_total":	0.16582482353619438,
			"remote_user":	0,
			"remote_system":	0.16582482353619438
		},
		"sender_tcp_congestion":	"cubic",
		"receiver_tcp_congestion":	"cubic"
	}
}
