{
	"start":	{
		"connected":	[{
				"socket":	5,
				"local_host":	"192.168.1.2",
				"local_port":	54880,
				"remote_host":	"192.168.4.2",
				"remote_port":	5204
			}],
		"version":	"iperf 3.19.1",
		"system_info":	"Linux h1 6.6.87.2-microsoft-standard-WSL2 #1 SMP PREEMPT_DYNAMIC Thu Jun  5 18:30:46 UTC 2025 x86_64",
		"timestamp":	{
			"time":	"Sun, 05 Apr 2026 07:31:25 UTC",
			"timesecs":	1775374285
		},
		"connecting_to":	{
			"host":	"192.168.4.2",
			"port":	5204
		},
		"cookie":	"dtjnmj4xbcvm34rhbbi5igapy3cv6l4lrdop",
		"tcp_mss_default":	9448,
		"target_bitrate":	20000000,
		"fq_rate":	0,
		"sock_bufsize":	0,
		"sndbuf_actual":	16384,
		"rcvbuf_actual":	131072,
		"test_start":	{
			"protocol":	"TCP",
			"num_streams":	1,
			"blksize":	131072,
			"omit":	0,
			"duration":	3,
			"bytes":	0,
			"blocks":	0,
			"reverse":	0,
			"tos":	0,
			"target_bitrate":	20000000,
			"bidir":	0,
			"fqrate":	0,
			"interval":	1
		}
	},
	"intervals":	[{
			"streams":	[{
					"socket":	5,
					"start":	0,
					"end":	1.001102,
					"seconds":	1.0011019706726074,
					"bytes":	2621440,
					"bits_per_second":	20948435.438509751,
					"retransmits":	0,
					"snd_cwnd":	264544,
					"snd_wnd":	-1,
					"rtt":	125,
					"rttvar":	54,
					"pmtu":	9500,
					"omitted":	false,
					"sender":	true
				}],
			"sum":	{
				"start":	0,
				"end":	1.001102,
				"seconds":	1.0011019706726074,
				"bytes":	2621440,
				"bits_per_second":	20948435.438509751,
				"retransmits":	0,
				"omitted":	false,
				"sender":	true
			}
		}, {
			"streams":	[{
					"socket":	5,
					"start":	1.001102,
					"end":	2.001077,
					"seconds":	0.999975025653839,
					"bytes":	2490368,
					"bits_per_second":	19923441.574926607,
					"retransmits":	0,
					"snd_cwnd":	264544,
					"snd_wnd":	-1,
					"rtt":	127,
					"rttvar":	76,
					"pmtu":	9500,
					"omitted":	false,
					"sender":	true
				}],
			"sum":	{
				"start":	1.001102,
				"end":	2.001077,
				"seconds":	0.999975025653839,
				"bytes":	2490368,
				"bits_per_second":	19923441.574926607,
				"retransmits":	0,
				"omitted":	false,
				"sender":	true
			}
		}, {
			"streams":	[{
					"socket":	5,
					"start":	2.001077,
					"end":	3.001226,
					"seconds":	1.0001490116119385,
					"bytes":	2490368,
					"bits_per_second":	19919975.692312315,
					"retransmits":	0,
					"snd_cwnd":	264544,
					"snd_wnd":	-1,
					"rtt":	132,
					"rttvar":	51,
					"pmtu":	9500,
					"omitted":	false,
					"sender":	true
				}],
			"sum":	{
				"start":	2.001077,
				"end":	3.001226,
				"seconds":	1.0001490116119385,
				"bytes":	2490368,
				"bits_per_second":	19919975.692312315,
				"retransmits":	0,
				"omitted":	false,
				"sender":	true
			}
		}],
	"end":	{
		"streams":	[{
				"sender":	{
					"socket":	5,
					"start":	0,
					"end":	3.001226,
					"seconds":	3.001226,
					"bytes":	7602176,
					"bits_per_second":	20264188.0351563,
					"retransmits":	0,
					"max_snd_cwnd":	264544,
					"max_snd_wnd":	0,
					"max_rtt":	132,
					"min_rtt":	125,
					"mean_rtt":	128,
					"sender":	true
				},
				"receiver":	{
					"socket":	5,
					"start":	0,
					"end":	3.001376,
					"seconds":	3.001226,
					"bytes":	7602176,
					"bits_per_second":	20263175.290266864,
					"sender":	true
				}
			}],
		"sum_sent":	{
			"start":	0,
			"end":	3.001226,
			"seconds":	3.001226,
			"bytes":	7602176,
			"bits_per_second":	20264188.0351563,
			"retransmits":	0,
			"sender":	true
		},
		"sum_received":	{
			"start":	0,
			"end":	3.001376,
			"seconds":	3.001376,
			"bytes":	7602176,
			"bits_per_second":	20263175.290266864,
			"sender":	true
		},
		"cpu_utilization_percent":	{
			"host_total":	0.553150513097313,
			"host_user":	0.0695143686899556,
			"host_system":	0.4836028361329493,
			"remote_total":	0.19720704974388736,
			"remote_user":	0.0078296429616174241,
			"remote_system":	0.18937740678226994
		},
		"sender_tcp_congestion":	"cubic",
		"receiver_tcp_congestion":	"cubic"
	}
}
