{
	"start":	{
		"connected":	[{
				"socket":	5,
				"local_host":	"192.168.1.2",
				"local_port":	52826,
				"remote_host":	"192.168.4.2",
				"remote_port":	5203
			}],
		"version":	"iperf 3.19.1",
		"system_info":	"Linux h1 6.6.87.2-microsoft-standard-WSL2 #1 SMP PREEMPT_DYNAMIC Thu Jun  5 18:30:46 UTC 2025 x86_64",
		"timestamp":	{
			"time":	"Sun, 05 Apr 2026 07:53:00 UTC",
			"timesecs":	1775375580
		},
		"connecting_to":	{
			"host":	"192.168.4.2",
			"port":	5203
		},
		"cookie":	"3dgv22kpvkidd6d7ma35yub6k6pz66v7rl3k",
		"tcp_mss_default":	9448,
		"target_bitrate":	20000000,
		"fq_rate":	0,
		"sock_bufsize":	0,
		"sndbuf_actual":	16384,
		"rcvbuf_actual":	131072,
		"test_start":	{
			"protocol":	"TCP",
			"num_streams":	1,
			"blksize":	131072,
			"omit":	0,
			"duration":	3,
			"bytes":	0,
			"blocks":	0,
			"reverse":	0,
			"tos":	0,
			"target_bitrate":	20000000,
			"bidir":	0,
			"fqrate":	0,
			"interval":	1
		}
	},
	"intervals":	[{
			"streams":	[{
					"socket":	5,
					"start":	0,
					"end":	1.001123,
					"seconds":	1.0011229515075684,
					"bytes":	2621440,
					"bits_per_second":	20947996.415844291,
					"retransmits":	0,
					"snd_cwnd":	377920,
					"snd_wnd":	-1,
					"rtt":	140,
					"rttvar":	60,
					"pmtu":	9500,
					"omitted":	false,
					"sender":	true
				}],
			"sum":	{
				"start":	0,
				"end":	1.001123,
				"seconds":	1.0011229515075684,
				"bytes":	2621440,
				"bits_per_second":	20947996.415844291,
				"retransmits":	0,
				"omitted":	false,
				"sender":	true
			}
		}, {
			"streams":	[{
					"socket":	5,
					"start":	1.001123,
					"end":	2.001061,
					"seconds":	0.99993801116943359,
					"bytes":	2490368,
					"bits_per_second":	19924179.076560952,
					"retransmits":	0,
					"snd_cwnd":	377920,
					"snd_wnd":	-1,
					"rtt":	138,
					"rttvar":	71,
					"pmtu":	9500,
					"omitted":	false,
					"sender":	true
				}],
			"sum":	{
				"start":	1.001123,
				"end":	2.001061,
				"seconds":	0.99993801116943359,
				"bytes":	2490368,
				"bits_per_second":	19924179.076560952,
				"retransmits":	0,
				"omitted":	false,
				"sender":	true
			}
		}, {
			"streams":	[{
					"socket":	5,
					"start":	2.001061,
					"end":	3.001219,
					"seconds":	1.0001579523086548,
					"bytes":	2490368,
					"bits_per_second":	19919797.621977672,
					"retransmits":	0,
					"snd_cwnd":	377920,
					"snd_wnd":	-1,
					"rtt":	145,
					"rttvar":	82,
					"pmtu":	9500,
					"omitted":	false,
					"sender":	true
				}],
			"sum":	{
				"start":	2.001061,
				"end":	3.001219,
				"seconds":	1.0001579523086548,
				"bytes":	2490368,
				"bits_per_second":	19919797.621977672,
				"retransmits":	0,
				"omitted":	false,
				"sender":	true
			}
		}],
	"end":	{
		"streams":	[{
				"sender":	{
					"socket":	5,
					"start":	0,
					"end":	3.001219,
					"seconds":	3.001219,
					"bytes":	7602176,
					"bits_per_second":	20264235.299056817,
					"retransmits":	0,
					"max_snd_cwnd":	377920,
					"max_snd_wnd":	0,
					"max_rtt":	145,
					"min_rtt":	138,
					"mean_rtt":	141,
					"sender":	true
				},
				"receiver":	{
					"socket":	5,
					"start":	0,
					"end":	3.001413,
					"seconds":	3.001219,
					"bytes":	7602176,
					"bits_per_second":	20262925.49542499,
					"sender":	true
				}
			}],
		"sum_sent":	{
			"start":	0,
			"end":	3.001219,
			"seconds":	3.001219,
			"bytes":	7602176,
			"bits_per_second":	20264235.299056817,
			"retransmits":	0,
			"sender":	true
		},
		"sum_received":	{
			"start":	0,
			"end":	3.001413,
			"seconds":	3.001413,
			"bytes":	7602176,
			"bits_per_second":	20262925.49542499,
			"sender":	true
		},
		"cpu_utilization_percent":	{
			"host_total":	0.60280752826597073,
			"host_user":	0,
			"host_system":	0.602874144193506,
			"remote_total":	0.19357284835949509,
			"remote_user":	0.19360616554509913,
			"remote_system":	0
		},
		"sender_tcp_congestion":	"cubic",
		"receiver_tcp_congestion":	"cubic"
	}
}
