{
	"start":	{
		"connected":	[{
				"socket":	5,
				"local_host":	"192.168.1.2",
				"local_port":	52840,
				"remote_host":	"192.168.4.2",
				"remote_port":	5203
			}],
		"version":	"iperf 3.19.1",
		"system_info":	"Linux h1 6.6.87.2-microsoft-standard-WSL2 #1 SMP PREEMPT_DYNAMIC Thu Jun  5 18:30:46 UTC 2025 x86_64",
		"timestamp":	{
			"time":	"Sun, 05 Apr 2026 07:45:05 UTC",
			"timesecs":	1775375105
		},
		"connecting_to":	{
			"host":	"192.168.4.2",
			"port":	5203
		},
		"cookie":	"h3ib4iaoinqkefense5oqy6p2j2jri6ycuc2",
		"tcp_mss_default":	9448,
		"target_bitrate":	20000000,
		"fq_rate":	0,
		"sock_bufsize":	0,
		"sndbuf_actual":	16384,
		"rcvbuf_actual":	131072,
		"test_start":	{
			"protocol":	"TCP",
			"num_streams":	1,
			"blksize":	131072,
			"omit":	0,
			"duration":	3,
			"bytes":	0,
			"blocks":	0,
			"reverse":	0,
			"tos":	0,
			"target_bitrate":	20000000,
			"bidir":	0,
			"fqrate":	0,
			"interval":	1
		}
	},
	"intervals":	[{
			"streams":	[{
					"socket":	5,
					"start":	0,
					"end":	1.000836,
					"seconds":	1.0008360147476196,
					"bytes":	2621440,
					"bits_per_second":	20954002.145184971,
					"retransmits":	0,
					"snd_cwnd":	283440,
					"snd_wnd":	-1,
					"rtt":	164,
					"rttvar":	60,
					"pmtu":	9500,
					"omitted":	false,
					"sender":	true
				}],
			"sum":	{
				"start":	0,
				"end":	1.000836,
				"seconds":	1.0008360147476196,
				"bytes":	2621440,
				"bits_per_second":	20954002.145184971,
				"retransmits":	0,
				"omitted":	false,
				"sender":	true
			}
		}, {
			"streams":	[{
					"socket":	5,
					"start":	1.000836,
					"end":	2.001254,
					"seconds":	1.000417947769165,
					"bytes":	2490368,
					"bits_per_second":	19914620.728692677,
					"retransmits":	0,
					"snd_cwnd":	283440,
					"snd_wnd":	-1,
					"rtt":	101,
					"rttvar":	43,
					"pmtu":	9500,
					"omitted":	false,
					"sender":	true
				}],
			"sum":	{
				"start":	1.000836,
				"end":	2.001254,
				"seconds":	1.000417947769165,
				"bytes":	2490368,
				"bits_per_second":	19914620.728692677,
				"retransmits":	0,
				"omitted":	false,
				"sender":	true
			}
		}, {
			"streams":	[{
					"socket":	5,
					"start":	2.001254,
					"end":	3.001299,
					"seconds":	1.0000449419021606,
					"bytes":	2490368,
					"bits_per_second":	19922048.665238049,
					"retransmits":	0,
					"snd_cwnd":	283440,
					"snd_wnd":	-1,
					"rtt":	152,
					"rttvar":	68,
					"pmtu":	9500,
					"omitted":	false,
					"sender":	true
				}],
			"sum":	{
				"start":	2.001254,
				"end":	3.001299,
				"seconds":	1.0000449419021606,
				"bytes":	2490368,
				"bits_per_second":	19922048.665238049,
				"retransmits":	0,
				"omitted":	false,
				"sender":	true
			}
		}],
	"end":	{
		"streams":	[{
				"sender":	{
					"socket":	5,
					"start":	0,
					"end":	3.001299,
					"seconds":	3.001299,
					"bytes":	7602176,
					"bits_per_second":	20263695.153331943,
					"retransmits":	0,
					"max_snd_cwnd":	283440,
					"max_snd_wnd":	0,
					"max_rtt":	164,
					"min_rtt":	101,
					"mean_rtt":	139,
					"sender":	true
				},
				"receiver":	{
					"socket":	5,
					"start":	0,
					"end":	3.001482,
					"seconds":	3.001299,
					"bytes":	7602176,
					"bits_per_second":	20262459.678252276,
					"sender":	true
				}
			}],
		"sum_sent":	{
			"start":	0,
			"end":	3.001299,
			"seconds":	3.001299,
			"bytes":	7602176,
			"bits_per_second":	20263695.153331943,
			"retransmits":	0,
			"sender":	true
		},
		"sum_received":	{
			"start":	0,
			"end":	3.001482,
			"seconds":	3.001482,
			"bytes":	7602176,
			"bits_per_second":	20262459.678252276,
			"sender":	true
		},
		"cpu_utilization_percent":	{
			"host_total":	0.6000371713285152,
			"host_user":	0,
			"host_system":	0.60000386368647651,
			"remote_total":	0.22815099411265155,
			"remote_user":	0,
			"remote_system":	0.22818431055454885
		},
		"sender_tcp_congestion":	"cubic",
		"receiver_tcp_congestion":	"cubic"
	}
}
