{
	"start":	{
		"connected":	[{
				"socket":	5,
				"local_host":	"192.168.1.2",
				"local_port":	41196,
				"remote_host":	"192.168.4.2",
				"remote_port":	5202
			}],
		"version":	"iperf 3.19.1",
		"system_info":	"Linux h1 6.6.87.2-microsoft-standard-WSL2 #1 SMP PREEMPT_DYNAMIC Thu Jun  5 18:30:46 UTC 2025 x86_64",
		"timestamp":	{
			"time":	"Sun, 05 Apr 2026 07:39:19 UTC",
			"timesecs":	1775374759
		},
		"connecting_to":	{
			"host":	"192.168.4.2",
			"port":	5202
		},
		"cookie":	"f4bm3fczhexjo3g5zefl55ru7o7a7fmfpa4o",
		"tcp_mss_default":	9448,
		"target_bitrate":	20000000,
		"fq_rate":	0,
		"sock_bufsize":	0,
		"sndbuf_actual":	16384,
		"rcvbuf_actual":	131072,
		"test_start":	{
			"protocol":	"TCP",
			"num_streams":	1,
			"blksize":	131072,
			"omit":	0,
			"duration":	3,
			"bytes":	0,
			"blocks":	0,
			"reverse":	0,
			"tos":	0,
			"target_bitrate":	20000000,
			"bidir":	0,
			"fqrate":	0,
			"interval":	1
		}
	},
	"intervals":	[{
			"streams":	[{
					"socket":	5,
					"start":	0,
					"end":	1.001049,
					"seconds":	1.0010490417480469,
					"bytes":	2621440,
					"bits_per_second":	20949543.054733079,
					"retransmits":	0,
					"snd_cwnd":	264544,
					"snd_wnd":	-1,
					"rtt":	112,
					"rttvar":	52,
					"pmtu":	9500,
					"omitted":	false,
					"sender":	true
				}],
			"sum":	{
				"start":	0,
				"end":	1.001049,
				"seconds":	1.0010490417480469,
				"bytes":	2621440,
				"bits_per_second":	20949543.054733079,
				"retransmits":	0,
				"omitted":	false,
				"sender":	true
			}
		}, {
			"streams":	[{
					"socket":	5,
					"start":	1.001049,
					"end":	2.001155,
					"seconds":	1.0001059770584106,
					"bytes":	2490368,
					"bits_per_second":	19920832.8487336,
					"retransmits":	0,
					"snd_cwnd":	264544,
					"snd_wnd":	-1,
					"rtt":	129,
					"rttvar":	64,
					"pmtu":	9500,
					"omitted":	false,
					"sender":	true
				}],
			"sum":	{
				"start":	1.001049,
				"end":	2.001155,
				"seconds":	1.0001059770584106,
				"bytes":	2490368,
				"bits_per_second":	19920832.8487336,
				"retransmits":	0,
				"omitted":	false,
				"sender":	true
			}
		}, {
			"streams":	[{
					"socket":	5,
					"start":	2.001155,
					"end":	3.001263,
					"seconds":	1.000108003616333,
					"bytes":	2490368,
					"bits_per_second":	19920792.482371684,
					"retransmits":	0,
					"snd_cwnd":	264544,
					"snd_wnd":	-1,
					"rtt":	115,
					"rttvar":	45,
					"pmtu":	9500,
					"omitted":	false,
					"sender":	true
				}],
			"sum":	{
				"start":	2.001155,
				"end":	3.001263,
				"seconds":	1.000108003616333,
				"bytes":	2490368,
				"bits_per_second":	19920792.482371684,
				"retransmits":	0,
				"omitted":	false,
				"sender":	true
			}
		}],
	"end":	{
		"streams":	[{
				"sender":	{
					"socket":	5,
					"start":	0,
					"end":	3.001263,
					"seconds":	3.001263,
					"bytes":	7602176,
					"bits_per_second":	20263938.215344675,
					"retransmits":	0,
					"max_snd_cwnd":	264544,
					"max_snd_wnd":	0,
					"max_rtt":	129,
					"min_rtt":	112,
					"mean_rtt":	118,
					"sender":	true
				},
				"receiver":	{
					"socket":	5,
					"start":	0,
					"end":	3.001447,
					"seconds":	3.001263,
					"bytes":	7602176,
					"bits_per_second":	20262695.9596488,
					"sender":	true
				}
			}],
		"sum_sent":	{
			"start":	0,
			"end":	3.001263,
			"seconds":	3.001263,
			"bytes":	7602176,
			"bits_per_second":	20263938.215344675,
			"retransmits":	0,
			"sender":	true
		},
		"sum_received":	{
			"start":	0,
			"end":	3.001447,
			"seconds":	3.001447,
			"bytes":	7602176,
			"bits_per_second":	20262695.9596488,
			"sender":	true
		},
		"cpu_utilization_percent":	{
			"host_total":	0.47684055259030866,
			"host_user":	0.0507440124396083,
			"host_system":	0.42609654015070042,
			"remote_total":	0.16605064011455628,
			"remote_user":	0.015325701134168517,
			"remote_system":	0.15072493898038777
		},
		"sender_tcp_congestion":	"cubic",
		"receiver_tcp_congestion":	"cubic"
	}
}
