{
	"start":	{
		"connected":	[{
				"socket":	5,
				"local_host":	"192.168.1.2",
				"local_port":	44810,
				"remote_host":	"192.168.4.2",
				"remote_port":	5204
			}],
		"version":	"iperf 3.19.1",
		"system_info":	"Linux h1 6.6.87.2-microsoft-standard-WSL2 #1 SMP PREEMPT_DYNAMIC Thu Jun  5 18:30:46 UTC 2025 x86_64",
		"timestamp":	{
			"time":	"Sun, 05 Apr 2026 07:32:29 UTC",
			"timesecs":	1775374349
		},
		"connecting_to":	{
			"host":	"192.168.4.2",
			"port":	5204
		},
		"cookie":	"vhbx7a6l56ge2esfpijqj6xy6ucdeos5ndag",
		"tcp_mss_default":	9448,
		"target_bitrate":	20000000,
		"fq_rate":	0,
		"sock_bufsize":	0,
		"sndbuf_actual":	16384,
		"rcvbuf_actual":	131072,
		"test_start":	{
			"protocol":	"TCP",
			"num_streams":	1,
			"blksize":	131072,
			"omit":	0,
			"duration":	3,
			"bytes":	0,
			"blocks":	0,
			"reverse":	0,
			"tos":	0,
			"target_bitrate":	20000000,
			"bidir":	0,
			"fqrate":	0,
			"interval":	1
		}
	},
	"intervals":	[{
			"streams":	[{
					"socket":	5,
					"start":	0,
					"end":	1.001101,
					"seconds":	1.001101016998291,
					"bytes":	2621440,
					"bits_per_second":	20948455.394522689,
					"retransmits":	0,
					"snd_cwnd":	311784,
					"snd_wnd":	-1,
					"rtt":	151,
					"rttvar":	79,
					"pmtu":	9500,
					"omitted":	false,
					"sender":	true
				}],
			"sum":	{
				"start":	0,
				"end":	1.001101,
				"seconds":	1.001101016998291,
				"bytes":	2621440,
				"bits_per_second":	20948455.394522689,
				"retransmits":	0,
				"omitted":	false,
				"sender":	true
			}
		}, {
			"streams":	[{
					"socket":	5,
					"start":	1.001101,
					"end":	2.001068,
					"seconds":	0.99996697902679443,
					"bytes":	2490368,
					"bits_per_second":	19923601.896724392,
					"retransmits":	0,
					"snd_cwnd":	311784,
					"snd_wnd":	-1,
					"rtt":	119,
					"rttvar":	51,
					"pmtu":	9500,
					"omitted":	false,
					"sender":	true
				}],
			"sum":	{
				"start":	1.001101,
				"end":	2.001068,
				"seconds":	0.99996697902679443,
				"bytes":	2490368,
				"bits_per_second":	19923601.896724392,
				"retransmits":	0,
				"omitted":	false,
				"sender":	true
			}
		}, {
			"streams":	[{
					"socket":	5,
					"start":	2.001068,
					"end":	3.001203,
					"seconds":	1.0001349449157715,
					"bytes":	2490368,
					"bits_per_second":	19920255.862750456,
					"retransmits":	0,
					"snd_cwnd":	311784,
					"snd_wnd":	-1,
					"rtt":	145,
					"rttvar":	100,
					"pmtu":	9500,
					"omitted":	false,
					"sender":	true
				}],
			"sum":	{
				"start":	2.001068,
				"end":	3.001203,
				"seconds":	1.0001349449157715,
				"bytes":	2490368,
				"bits_per_second":	19920255.862750456,
				"retransmits":	0,
				"omitted":	false,
				"sender":	true
			}
		}],
	"end":	{
		"streams":	[{
				"sender":	{
					"socket":	5,
					"start":	0,
					"end":	3.001203,
					"seconds":	3.001203,
					"bytes":	7602176,
					"bits_per_second":	20264343.331657339,
					"retransmits":	0,
					"max_snd_cwnd":	311784,
					"max_snd_wnd":	0,
					"max_rtt":	151,
					"min_rtt":	119,
					"mean_rtt":	138,
					"sender":	true
				},
				"receiver":	{
					"socket":	5,
					"start":	0,
					"end":	3.001392,
					"seconds":	3.001203,
					"bytes":	7602176,
					"bits_per_second":	20263067.27012,
					"sender":	true
				}
			}],
		"sum_sent":	{
			"start":	0,
			"end":	3.001203,
			"seconds":	3.001203,
			"bytes":	7602176,
			"bits_per_second":	20264343.331657339,
			"retransmits":	0,
			"sender":	true
		},
		"sum_received":	{
			"start":	0,
			"end":	3.001392,
			"seconds":	3.001392,
			"bytes":	7602176,
			"bits_per_second":	20263067.27012,
			"sender":	true
		},
		"cpu_utilization_percent":	{
			"host_total":	0.58206566372070434,
			"host_user":	0.090516905480768656,
			"host_system":	0.49154875823993577,
			"remote_total":	0.19737133631122836,
			"remote_user":	0,
			"remote_system":	0.19730470182901658
		},
		"sender_tcp_congestion":	"cubic",
		"receiver_tcp_congestion":	"cubic"
	}
}
