{
	"start":	{
		"connected":	[{
				"socket":	5,
				"local_host":	"192.168.1.2",
				"local_port":	35198,
				"remote_host":	"192.168.4.2",
				"remote_port":	5203
			}],
		"version":	"iperf 3.19.1",
		"system_info":	"Linux h1 6.6.87.2-microsoft-standard-WSL2 #1 SMP PREEMPT_DYNAMIC Thu Jun  5 18:30:46 UTC 2025 x86_64",
		"timestamp":	{
			"time":	"Sun, 05 Apr 2026 07:50:19 UTC",
			"timesecs":	1775375419
		},
		"connecting_to":	{
			"host":	"192.168.4.2",
			"port":	5203
		},
		"cookie":	"mer4y56adnm577milpknb4f7jbicm4zsm3if",
		"tcp_mss_default":	9448,
		"target_bitrate":	20000000,
		"fq_rate":	0,
		"sock_bufsize":	0,
		"sndbuf_actual":	16384,
		"rcvbuf_actual":	131072,
		"test_start":	{
			"protocol":	"TCP",
			"num_streams":	1,
			"blksize":	131072,
			"omit":	0,
			"duration":	3,
			"bytes":	0,
			"blocks":	0,
			"reverse":	0,
			"tos":	0,
			"target_bitrate":	20000000,
			"bidir":	0,
			"fqrate":	0,
			"interval":	1
		}
	},
	"intervals":	[{
			"streams":	[{
					"socket":	5,
					"start":	0,
					"end":	1.001351,
					"seconds":	1.001350998878479,
					"bytes":	2621440,
					"bits_per_second":	20943225.725533072,
					"retransmits":	0,
					"snd_cwnd":	264544,
					"snd_wnd":	-1,
					"rtt":	122,
					"rttvar":	52,
					"pmtu":	9500,
					"omitted":	false,
					"sender":	true
				}],
			"sum":	{
				"start":	0,
				"end":	1.001351,
				"seconds":	1.001350998878479,
				"bytes":	2621440,
				"bits_per_second":	20943225.725533072,
				"retransmits":	0,
				"omitted":	false,
				"sender":	true
			}
		}, {
			"streams":	[{
					"socket":	5,
					"start":	1.001351,
					"end":	2.001058,
					"seconds":	0.99970698356628418,
					"bytes":	2490368,
					"bits_per_second":	19928783.461058054,
					"retransmits":	0,
					"snd_cwnd":	264544,
					"snd_wnd":	-1,
					"rtt":	102,
					"rttvar":	40,
					"pmtu":	9500,
					"omitted":	false,
					"sender":	true
				}],
			"sum":	{
				"start":	1.001351,
				"end":	2.001058,
				"seconds":	0.99970698356628418,
				"bytes":	2490368,
				"bits_per_second":	19928783.461058054,
				"retransmits":	0,
				"omitted":	false,
				"sender":	true
			}
		}, {
			"streams":	[{
					"socket":	5,
					"start":	2.001058,
					"end":	3.000476,
					"seconds":	0.999418020248413,
					"bytes":	2490368,
					"bits_per_second":	19934545.501839157,
					"retransmits":	0,
					"snd_cwnd":	264544,
					"snd_wnd":	-1,
					"rtt":	99,
					"rttvar":	54,
					"pmtu":	9500,
					"omitted":	false,
					"sender":	true
				}],
			"sum":	{
				"start":	2.001058,
				"end":	3.000476,
				"seconds":	0.999418020248413,
				"bytes":	2490368,
				"bits_per_second":	19934545.501839157,
				"retransmits":	0,
				"omitted":	false,
				"sender":	true
			}
		}],
	"end":	{
		"streams":	[{
				"sender":	{
					"socket":	5,
					"start":	0,
					"end":	3.000476,
					"seconds":	3.000476,
					"bytes":	7602176,
					"bits_per_second":	20269253.278479815,
					"retransmits":	0,
					"max_snd_cwnd":	264544,
					"max_snd_wnd":	0,
					"max_rtt":	122,
					"min_rtt":	99,
					"mean_rtt":	107,
					"sender":	true
				},
				"receiver":	{
					"socket":	5,
					"start":	0,
					"end":	3.000654,
					"seconds":	3.000476,
					"bytes":	7602176,
					"bits_per_second":	20268050.898237519,
					"sender":	true
				}
			}],
		"sum_sent":	{
			"start":	0,
			"end":	3.000476,
			"seconds":	3.000476,
			"bytes":	7602176,
			"bits_per_second":	20269253.278479815,
			"retransmits":	0,
			"sender":	true
		},
		"sum_received":	{
			"start":	0,
			"end":	3.000654,
			"seconds":	3.000654,
			"bytes":	7602176,
			"bits_per_second":	20268050.898237519,
			"sender":	true
		},
		"cpu_utilization_percent":	{
			"host_total":	0.50187386454536342,
			"host_user":	0,
			"host_system":	0.50187386454536342,
			"remote_total":	0.16576170904521056,
			"remote_user":	0,
			"remote_system":	0.1657950346803222
		},
		"sender_tcp_congestion":	"cubic",
		"receiver_tcp_congestion":	"cubic"
	}
}
