{
	"start":	{
		"connected":	[{
				"socket":	5,
				"local_host":	"192.168.1.2",
				"local_port":	46996,
				"remote_host":	"192.168.4.2",
				"remote_port":	5202
			}],
		"version":	"iperf 3.19.1",
		"system_info":	"Linux h1 6.6.87.2-microsoft-standard-WSL2 #1 SMP PREEMPT_DYNAMIC Thu Jun  5 18:30:46 UTC 2025 x86_64",
		"timestamp":	{
			"time":	"Sun, 05 Apr 2026 07:43:54 UTC",
			"timesecs":	1775375034
		},
		"connecting_to":	{
			"host":	"192.168.4.2",
			"port":	5202
		},
		"cookie":	"3j6btosovt5ks3shtermki2syxqdseaaj5ah",
		"tcp_mss_default":	9448,
		"target_bitrate":	20000000,
		"fq_rate":	0,
		"sock_bufsize":	0,
		"sndbuf_actual":	16384,
		"rcvbuf_actual":	131072,
		"test_start":	{
			"protocol":	"TCP",
			"num_streams":	1,
			"blksize":	131072,
			"omit":	0,
			"duration":	3,
			"bytes":	0,
			"blocks":	0,
			"reverse":	0,
			"tos":	0,
			"target_bitrate":	20000000,
			"bidir":	0,
			"fqrate":	0,
			"interval":	1
		}
	},
	"intervals":	[{
			"streams":	[{
					"socket":	5,
					"start":	0,
					"end":	1.001169,
					"seconds":	1.001168966293335,
					"bytes":	2621440,
					"bits_per_second":	20947033.623748485,
					"retransmits":	0,
					"snd_cwnd":	321232,
					"snd_wnd":	-1,
					"rtt":	131,
					"rttvar":	62,
					"pmtu":	9500,
					"omitted":	false,
					"sender":	true
				}],
			"sum":	{
				"start":	0,
				"end":	1.001169,
				"seconds":	1.001168966293335,
				"bytes":	2621440,
				"bits_per_second":	20947033.623748485,
				"retransmits":	0,
				"omitted":	false,
				"sender":	true
			}
		}, {
			"streams":	[{
					"socket":	5,
					"start":	1.001169,
					"end":	2.001214,
					"seconds":	1.0000449419021606,
					"bytes":	2490368,
					"bits_per_second":	19922048.665238049,
					"retransmits":	0,
					"snd_cwnd":	321232,
					"snd_wnd":	-1,
					"rtt":	184,
					"rttvar":	120,
					"pmtu":	9500,
					"omitted":	false,
					"sender":	true
				}],
			"sum":	{
				"start":	1.001169,
				"end":	2.001214,
				"seconds":	1.0000449419021606,
				"bytes":	2490368,
				"bits_per_second":	19922048.665238049,
				"retransmits":	0,
				"omitted":	false,
				"sender":	true
			}
		}, {
			"streams":	[{
					"socket":	5,
					"start":	2.001214,
					"end":	3.001294,
					"seconds":	1.0000799894332886,
					"bytes":	2490368,
					"bits_per_second":	19921350.502462965,
					"retransmits":	0,
					"snd_cwnd":	321232,
					"snd_wnd":	-1,
					"rtt":	124,
					"rttvar":	64,
					"pmtu":	9500,
					"omitted":	false,
					"sender":	true
				}],
			"sum":	{
				"start":	2.001214,
				"end":	3.001294,
				"seconds":	1.0000799894332886,
				"bytes":	2490368,
				"bits_per_second":	19921350.502462965,
				"retransmits":	0,
				"omitted":	false,
				"sender":	true
			}
		}],
	"end":	{
		"streams":	[{
				"sender":	{
					"socket":	5,
					"start":	0,
					"end":	3.001294,
					"seconds":	3.001294,
					"bytes":	7602176,
					"bits_per_second":	20263728.911596131,
					"retransmits":	0,
					"max_snd_cwnd":	321232,
					"max_snd_wnd":	0,
					"max_rtt":	184,
					"min_rtt":	124,
					"mean_rtt":	146,
					"sender":	true
				},
				"receiver":	{
					"socket":	5,
					"start":	0,
					"end":	3.001469,
					"seconds":	3.001294,
					"bytes":	7602176,
					"bits_per_second":	20262547.439270571,
					"sender":	true
				}
			}],
		"sum_sent":	{
			"start":	0,
			"end":	3.001294,
			"seconds":	3.001294,
			"bytes":	7602176,
			"bits_per_second":	20263728.911596131,
			"retransmits":	0,
			"sender":	true
		},
		"sum_received":	{
			"start":	0,
			"end":	3.001469,
			"seconds":	3.001469,
			"bytes":	7602176,
			"bits_per_second":	20262547.439270571,
			"sender":	true
		},
		"cpu_utilization_percent":	{
			"host_total":	0.59373787402138667,
			"host_user":	0.14891742593681251,
			"host_system":	0.44478714067550756,
			"remote_total":	0.19923291994168274,
			"remote_user":	0.017890982944595922,
			"remote_system":	0.18130862045529053
		},
		"sender_tcp_congestion":	"cubic",
		"receiver_tcp_congestion":	"cubic"
	}
}
