{
	"start":	{
		"connected":	[{
				"socket":	5,
				"local_host":	"192.168.1.2",
				"local_port":	45356,
				"remote_host":	"192.168.4.2",
				"remote_port":	5203
			}],
		"version":	"iperf 3.19.1",
		"system_info":	"Linux h1 6.6.87.2-microsoft-standard-WSL2 #1 SMP PREEMPT_DYNAMIC Thu Jun  5 18:30:46 UTC 2025 x86_64",
		"timestamp":	{
			"time":	"Sun, 05 Apr 2026 07:33:33 UTC",
			"timesecs":	1775374413
		},
		"connecting_to":	{
			"host":	"192.168.4.2",
			"port":	5203
		},
		"cookie":	"lbj5jrzagloku3vo6uy7kpsqoytvn75uqdq6",
		"tcp_mss_default":	9448,
		"target_bitrate":	20000000,
		"fq_rate":	0,
		"sock_bufsize":	0,
		"sndbuf_actual":	16384,
		"rcvbuf_actual":	131072,
		"test_start":	{
			"protocol":	"TCP",
			"num_streams":	1,
			"blksize":	131072,
			"omit":	0,
			"duration":	3,
			"bytes":	0,
			"blocks":	0,
			"reverse":	0,
			"tos":	0,
			"target_bitrate":	20000000,
			"bidir":	0,
			"fqrate":	0,
			"interval":	1
		}
	},
	"intervals":	[{
			"streams":	[{
					"socket":	5,
					"start":	0,
					"end":	1.000721,
					"seconds":	1.0007209777832031,
					"bytes":	2621440,
					"bits_per_second":	20956410.893330231,
					"retransmits":	0,
					"snd_cwnd":	283440,
					"snd_wnd":	-1,
					"rtt":	116,
					"rttvar":	57,
					"pmtu":	9500,
					"omitted":	false,
					"sender":	true
				}],
			"sum":	{
				"start":	0,
				"end":	1.000721,
				"seconds":	1.0007209777832031,
				"bytes":	2621440,
				"bits_per_second":	20956410.893330231,
				"retransmits":	0,
				"omitted":	false,
				"sender":	true
			}
		}, {
			"streams":	[{
					"socket":	5,
					"start":	1.000721,
					"end":	2.000702,
					"seconds":	0.99998098611831665,
					"bytes":	2490368,
					"bits_per_second":	19923322.819702834,
					"retransmits":	0,
					"snd_cwnd":	283440,
					"snd_wnd":	-1,
					"rtt":	146,
					"rttvar":	67,
					"pmtu":	9500,
					"omitted":	false,
					"sender":	true
				}],
			"sum":	{
				"start":	1.000721,
				"end":	2.000702,
				"seconds":	0.99998098611831665,
				"bytes":	2490368,
				"bits_per_second":	19923322.819702834,
				"retransmits":	0,
				"omitted":	false,
				"sender":	true
			}
		}, {
			"streams":	[{
					"socket":	5,
					"start":	2.000702,
					"end":	3.001109,
					"seconds":	1.0004069805145264,
					"bytes":	2490368,
					"bits_per_second":	19914839.048557308,
					"retransmits":	0,
					"snd_cwnd":	283440,
					"snd_wnd":	-1,
					"rtt":	134,
					"rttvar":	40,
					"pmtu":	9500,
					"omitted":	false,
					"sender":	true
				}],
			"sum":	{
				"start":	2.000702,
				"end":	3.001109,
				"seconds":	1.0004069805145264,
				"bytes":	2490368,
				"bits_per_second":	19914839.048557308,
				"retransmits":	0,
				"omitted":	false,
				"sender":	true
			}
		}],
	"end":	{
		"streams":	[{
				"sender":	{
					"socket":	5,
					"start":	0,
					"end":	3.001109,
					"seconds":	3.001109,
					"bytes":	7602176,
					"bits_per_second":	20264978.046448831,
					"retransmits":	0,
					"max_snd_cwnd":	283440,
					"max_snd_wnd":	0,
					"max_rtt":	146,
					"min_rtt":	116,
					"mean_rtt":	132,
					"sender":	true
				},
				"receiver":	{
					"socket":	5,
					"start":	0,
					"end":	3.001657,
					"seconds":	3.001109,
					"bytes":	7602176,
					"bits_per_second":	20261278.35392252,
					"sender":	true
				}
			}],
		"sum_sent":	{
			"start":	0,
			"end":	3.001109,
			"seconds":	3.001109,
			"bytes":	7602176,
			"bits_per_second":	20264978.046448831,
			"retransmits":	0,
			"sender":	true
		},
		"sum_received":	{
			"start":	0,
			"end":	3.001657,
			"seconds":	3.001657,
			"bytes":	7602176,
			"bits_per_second":	20261278.35392252,
			"sender":	true
		},
		"cpu_utilization_percent":	{
			"host_total":	0.57422304045804629,
			"host_user":	0.01595249022035751,
			"host_system":	0.558303853975101,
			"remote_total":	0.19315856225798961,
			"remote_user":	0,
			"remote_system":	0.19315856225798961
		},
		"sender_tcp_congestion":	"cubic",
		"receiver_tcp_congestion":	"cubic"
	}
}
