{
	"start":	{
		"connected":	[{
				"socket":	5,
				"local_host":	"192.168.1.2",
				"local_port":	52870,
				"remote_host":	"192.168.4.2",
				"remote_port":	5205
			}],
		"version":	"iperf 3.19.1",
		"system_info":	"Linux h1 6.6.87.2-microsoft-standard-WSL2 #1 SMP PREEMPT_DYNAMIC Thu Jun  5 18:30:46 UTC 2025 x86_64",
		"timestamp":	{
			"time":	"Sun, 05 Apr 2026 07:42:34 UTC",
			"timesecs":	1775374954
		},
		"connecting_to":	{
			"host":	"192.168.4.2",
			"port":	5205
		},
		"cookie":	"sntxoxlmpl5amoqgms4zli754ik5okmhafeg",
		"tcp_mss_default":	9448,
		"target_bitrate":	20000000,
		"fq_rate":	0,
		"sock_bufsize":	0,
		"sndbuf_actual":	16384,
		"rcvbuf_actual":	131072,
		"test_start":	{
			"protocol":	"TCP",
			"num_streams":	1,
			"blksize":	131072,
			"omit":	0,
			"duration":	3,
			"bytes":	0,
			"blocks":	0,
			"reverse":	0,
			"tos":	0,
			"target_bitrate":	20000000,
			"bidir":	0,
			"fqrate":	0,
			"interval":	1
		}
	},
	"intervals":	[{
			"streams":	[{
					"socket":	5,
					"start":	0,
					"end":	1.000711,
					"seconds":	1.0007109642028809,
					"bytes":	2621440,
					"bits_per_second":	20956620.592945062,
					"retransmits":	0,
					"snd_cwnd":	264544,
					"snd_wnd":	-1,
					"rtt":	95,
					"rttvar":	54,
					"pmtu":	9500,
					"omitted":	false,
					"sender":	true
				}],
			"sum":	{
				"start":	0,
				"end":	1.000711,
				"seconds":	1.0007109642028809,
				"bytes":	2621440,
				"bits_per_second":	20956620.592945062,
				"retransmits":	0,
				"omitted":	false,
				"sender":	true
			}
		}, {
			"streams":	[{
					"socket":	5,
					"start":	1.000711,
					"end":	2.001135,
					"seconds":	1.0004240274429321,
					"bytes":	2490368,
					"bits_per_second":	19914499.705612555,
					"retransmits":	0,
					"snd_cwnd":	264544,
					"snd_wnd":	-1,
					"rtt":	106,
					"rttvar":	57,
					"pmtu":	9500,
					"omitted":	false,
					"sender":	true
				}],
			"sum":	{
				"start":	1.000711,
				"end":	2.001135,
				"seconds":	1.0004240274429321,
				"bytes":	2490368,
				"bits_per_second":	19914499.705612555,
				"retransmits":	0,
				"omitted":	false,
				"sender":	true
			}
		}, {
			"streams":	[{
					"socket":	5,
					"start":	2.001135,
					"end":	3.001211,
					"seconds":	1.0000760555267334,
					"bytes":	2490368,
					"bits_per_second":	19921428.865234371,
					"retransmits":	0,
					"snd_cwnd":	264544,
					"snd_wnd":	-1,
					"rtt":	102,
					"rttvar":	48,
					"pmtu":	9500,
					"omitted":	false,
					"sender":	true
				}],
			"sum":	{
				"start":	2.001135,
				"end":	3.001211,
				"seconds":	1.0000760555267334,
				"bytes":	2490368,
				"bits_per_second":	19921428.865234371,
				"retransmits":	0,
				"omitted":	false,
				"sender":	true
			}
		}],
	"end":	{
		"streams":	[{
				"sender":	{
					"socket":	5,
					"start":	0,
					"end":	3.001211,
					"seconds":	3.001211,
					"bytes":	7602176,
					"bits_per_second":	20264289.315213092,
					"retransmits":	0,
					"max_snd_cwnd":	264544,
					"max_snd_wnd":	0,
					"max_rtt":	106,
					"min_rtt":	95,
					"mean_rtt":	101,
					"sender":	true
				},
				"receiver":	{
					"socket":	5,
					"start":	0,
					"end":	3.001365,
					"seconds":	3.001211,
					"bytes":	7602176,
					"bits_per_second":	20263249.554785907,
					"sender":	true
				}
			}],
		"sum_sent":	{
			"start":	0,
			"end":	3.001211,
			"seconds":	3.001211,
			"bytes":	7602176,
			"bits_per_second":	20264289.315213092,
			"retransmits":	0,
			"sender":	true
		},
		"sum_received":	{
			"start":	0,
			"end":	3.001365,
			"seconds":	3.001365,
			"bytes":	7602176,
			"bits_per_second":	20263249.554785907,
			"sender":	true
		},
		"cpu_utilization_percent":	{
			"host_total":	0.48690197708582933,
			"host_user":	0,
			"host_system":	0.48693528547118209,
			"remote_total":	0.17758355756172778,
			"remote_user":	0,
			"remote_system":	0.17758355756172778
		},
		"sender_tcp_congestion":	"cubic",
		"receiver_tcp_congestion":	"cubic"
	}
}
