{
	"start":	{
		"connected":	[{
				"socket":	5,
				"local_host":	"192.168.1.2",
				"local_port":	42418,
				"remote_host":	"192.168.4.2",
				"remote_port":	5205
			}],
		"version":	"iperf 3.19.1",
		"system_info":	"Linux h1 6.6.87.2-microsoft-standard-WSL2 #1 SMP PREEMPT_DYNAMIC Thu Jun  5 18:30:46 UTC 2025 x86_64",
		"timestamp":	{
			"time":	"Sun, 05 Apr 2026 07:27:19 UTC",
			"timesecs":	1775374039
		},
		"connecting_to":	{
			"host":	"192.168.4.2",
			"port":	5205
		},
		"cookie":	"byuc6n2shosgvirwekpdal6yav3okmojvkwm",
		"tcp_mss_default":	9448,
		"target_bitrate":	20000000,
		"fq_rate":	0,
		"sock_bufsize":	0,
		"sndbuf_actual":	16384,
		"rcvbuf_actual":	131072,
		"test_start":	{
			"protocol":	"TCP",
			"num_streams":	1,
			"blksize":	131072,
			"omit":	0,
			"duration":	3,
			"bytes":	0,
			"blocks":	0,
			"reverse":	0,
			"tos":	0,
			"target_bitrate":	20000000,
			"bidir":	0,
			"fqrate":	0,
			"interval":	1
		}
	},
	"intervals":	[{
			"streams":	[{
					"socket":	5,
					"start":	0,
					"end":	1.001106,
					"seconds":	1.0011060237884521,
					"bytes":	2621440,
					"bits_per_second":	20948350.625878941,
					"retransmits":	0,
					"snd_cwnd":	321232,
					"snd_wnd":	-1,
					"rtt":	384,
					"rttvar":	236,
					"pmtu":	9500,
					"omitted":	false,
					"sender":	true
				}],
			"sum":	{
				"start":	0,
				"end":	1.001106,
				"seconds":	1.0011060237884521,
				"bytes":	2621440,
				"bits_per_second":	20948350.625878941,
				"retransmits":	0,
				"omitted":	false,
				"sender":	true
			}
		}, {
			"streams":	[{
					"socket":	5,
					"start":	1.001106,
					"end":	2.001077,
					"seconds":	0.99997097253799438,
					"bytes":	2490368,
					"bits_per_second":	19923522.329287432,
					"retransmits":	0,
					"snd_cwnd":	321232,
					"snd_wnd":	-1,
					"rtt":	115,
					"rttvar":	52,
					"pmtu":	9500,
					"omitted":	false,
					"sender":	true
				}],
			"sum":	{
				"start":	1.001106,
				"end":	2.001077,
				"seconds":	0.99997097253799438,
				"bytes":	2490368,
				"bits_per_second":	19923522.329287432,
				"retransmits":	0,
				"omitted":	false,
				"sender":	true
			}
		}, {
			"streams":	[{
					"socket":	5,
					"start":	2.001077,
					"end":	3.001211,
					"seconds":	1.0001339912414551,
					"bytes":	2490368,
					"bits_per_second":	19920274.8576417,
					"retransmits":	0,
					"snd_cwnd":	321232,
					"snd_wnd":	-1,
					"rtt":	118,
					"rttvar":	62,
					"pmtu":	9500,
					"omitted":	false,
					"sender":	true
				}],
			"sum":	{
				"start":	2.001077,
				"end":	3.001211,
				"seconds":	1.0001339912414551,
				"bytes":	2490368,
				"bits_per_second":	19920274.8576417,
				"retransmits":	0,
				"omitted":	false,
				"sender":	true
			}
		}],
	"end":	{
		"streams":	[{
				"sender":	{
					"socket":	5,
					"start":	0,
					"end":	3.001211,
					"seconds":	3.001211,
					"bytes":	7602176,
					"bits_per_second":	20264289.315213092,
					"retransmits":	0,
					"max_snd_cwnd":	321232,
					"max_snd_wnd":	0,
					"max_rtt":	384,
					"min_rtt":	115,
					"mean_rtt":	205,
					"sender":	true
				},
				"receiver":	{
					"socket":	5,
					"start":	0,
					"end":	3.001436,
					"seconds":	3.001211,
					"bytes":	7602176,
					"bits_per_second":	20262770.22065438,
					"sender":	true
				}
			}],
		"sum_sent":	{
			"start":	0,
			"end":	3.001211,
			"seconds":	3.001211,
			"bytes":	7602176,
			"bits_per_second":	20264289.315213092,
			"retransmits":	0,
			"sender":	true
		},
		"sum_received":	{
			"start":	0,
			"end":	3.001436,
			"seconds":	3.001436,
			"bytes":	7602176,
			"bits_per_second":	20262770.22065438,
			"sender":	true
		},
		"cpu_utilization_percent":	{
			"host_total":	0.82512329217931546,
			"host_user":	0.38594798912004391,
			"host_system":	0.43920861176636738,
			"remote_total":	0.348060927154083,
			"remote_user":	0,
			"remote_system":	0.34799429349328964
		},
		"sender_tcp_congestion":	"cubic",
		"receiver_tcp_congestion":	"cubic"
	}
}
