{
	"start":	{
		"connected":	[{
				"socket":	5,
				"local_host":	"192.168.1.2",
				"local_port":	40562,
				"remote_host":	"192.168.4.2",
				"remote_port":	5205
			}],
		"version":	"iperf 3.19.1",
		"system_info":	"Linux h1 6.6.87.2-microsoft-standard-WSL2 #1 SMP PREEMPT_DYNAMIC Thu Jun  5 18:30:46 UTC 2025 x86_64",
		"timestamp":	{
			"time":	"Sun, 05 Apr 2026 07:28:07 UTC",
			"timesecs":	1775374087
		},
		"connecting_to":	{
			"host":	"192.168.4.2",
			"port":	5205
		},
		"cookie":	"xyrvc4avqmj2wnrpnrd62jrmdg27smfebjby",
		"tcp_mss_default":	9448,
		"target_bitrate":	20000000,
		"fq_rate":	0,
		"sock_bufsize":	0,
		"sndbuf_actual":	16384,
		"rcvbuf_actual":	131072,
		"test_start":	{
			"protocol":	"TCP",
			"num_streams":	1,
			"blksize":	131072,
			"omit":	0,
			"duration":	3,
			"bytes":	0,
			"blocks":	0,
			"reverse":	0,
			"tos":	0,
			"target_bitrate":	20000000,
			"bidir":	0,
			"fqrate":	0,
			"interval":	1
		}
	},
	"intervals":	[{
			"streams":	[{
					"socket":	5,
					"start":	0,
					"end":	1.003159,
					"seconds":	1.0031590461730957,
					"bytes":	2621440,
					"bits_per_second":	20905478.627744291,
					"retransmits":	0,
					"snd_cwnd":	264544,
					"snd_wnd":	-1,
					"rtt":	120,
					"rttvar":	62,
					"pmtu":	9500,
					"omitted":	false,
					"sender":	true
				}],
			"sum":	{
				"start":	0,
				"end":	1.003159,
				"seconds":	1.0031590461730957,
				"bytes":	2621440,
				"bits_per_second":	20905478.627744291,
				"retransmits":	0,
				"omitted":	false,
				"sender":	true
			}
		}, {
			"streams":	[{
					"socket":	5,
					"start":	1.003159,
					"end":	2.001047,
					"seconds":	0.99788802862167358,
					"bytes":	2490368,
					"bits_per_second":	19965109.740336739,
					"retransmits":	0,
					"snd_cwnd":	264544,
					"snd_wnd":	-1,
					"rtt":	135,
					"rttvar":	74,
					"pmtu":	9500,
					"omitted":	false,
					"sender":	true
				}],
			"sum":	{
				"start":	1.003159,
				"end":	2.001047,
				"seconds":	0.99788802862167358,
				"bytes":	2490368,
				"bits_per_second":	19965109.740336739,
				"retransmits":	0,
				"omitted":	false,
				"sender":	true
			}
		}, {
			"streams":	[{
					"socket":	5,
					"start":	2.001047,
					"end":	3.001471,
					"seconds":	1.0004240274429321,
					"bytes":	2490368,
					"bits_per_second":	19914499.705612555,
					"retransmits":	0,
					"snd_cwnd":	264544,
					"snd_wnd":	-1,
					"rtt":	116,
					"rttvar":	52,
					"pmtu":	9500,
					"omitted":	false,
					"sender":	true
				}],
			"sum":	{
				"start":	2.001047,
				"end":	3.001471,
				"seconds":	1.0004240274429321,
				"bytes":	2490368,
				"bits_per_second":	19914499.705612555,
				"retransmits":	0,
				"omitted":	false,
				"sender":	true
			}
		}],
	"end":	{
		"streams":	[{
				"sender":	{
					"socket":	5,
					"start":	0,
					"end":	3.001471,
					"seconds":	3.001471,
					"bytes":	7602176,
					"bits_per_second":	20262533.937525965,
					"retransmits":	0,
					"max_snd_cwnd":	264544,
					"max_snd_wnd":	0,
					"max_rtt":	135,
					"min_rtt":	116,
					"mean_rtt":	123,
					"sender":	true
				},
				"receiver":	{
					"socket":	5,
					"start":	0,
					"end":	3.001565,
					"seconds":	3.001471,
					"bytes":	7602176,
					"bits_per_second":	20261899.375825614,
					"sender":	true
				}
			}],
		"sum_sent":	{
			"start":	0,
			"end":	3.001471,
			"seconds":	3.001471,
			"bytes":	7602176,
			"bits_per_second":	20262533.937525965,
			"retransmits":	0,
			"sender":	true
		},
		"sum_received":	{
			"start":	0,
			"end":	3.001565,
			"seconds":	3.001565,
			"bytes":	7602176,
			"bits_per_second":	20261899.375825614,
			"sender":	true
		},
		"cpu_utilization_percent":	{
			"host_total":	0.48565175818126044,
			"host_user":	0.016952183850930024,
			"host_system":	0.46866626945046613,
			"remote_total":	0.17084113606690257,
			"remote_user":	0.0859869290539539,
			"remote_system":	0.0848542070129487
		},
		"sender_tcp_congestion":	"cubic",
		"receiver_tcp_congestion":	"cubic"
	}
}
