{
	"start":	{
		"connected":	[{
				"socket":	5,
				"local_host":	"192.168.1.2",
				"local_port":	38882,
				"remote_host":	"192.168.4.2",
				"remote_port":	5202
			}],
		"version":	"iperf 3.19.1",
		"system_info":	"Linux h1 6.6.87.2-microsoft-standard-WSL2 #1 SMP PREEMPT_DYNAMIC Thu Jun  5 18:30:46 UTC 2025 x86_64",
		"timestamp":	{
			"time":	"Sun, 05 Apr 2026 07:33:31 UTC",
			"timesecs":	1775374411
		},
		"connecting_to":	{
			"host":	"192.168.4.2",
			"port":	5202
		},
		"cookie":	"lpcutbd4pkjwjc7kvztxlh3vgcsy4rdqbud7",
		"tcp_mss_default":	9448,
		"target_bitrate":	20000000,
		"fq_rate":	0,
		"sock_bufsize":	0,
		"sndbuf_actual":	16384,
		"rcvbuf_actual":	131072,
		"test_start":	{
			"protocol":	"TCP",
			"num_streams":	1,
			"blksize":	131072,
			"omit":	0,
			"duration":	3,
			"bytes":	0,
			"blocks":	0,
			"reverse":	0,
			"tos":	0,
			"target_bitrate":	20000000,
			"bidir":	0,
			"fqrate":	0,
			"interval":	1
		}
	},
	"intervals":	[{
			"streams":	[{
					"socket":	5,
					"start":	0,
					"end":	1.001181,
					"seconds":	1.0011810064315796,
					"bytes":	2621440,
					"bits_per_second":	20946781.716072425,
					"retransmits":	0,
					"snd_cwnd":	377920,
					"snd_wnd":	-1,
					"rtt":	134,
					"rttvar":	61,
					"pmtu":	9500,
					"omitted":	false,
					"sender":	true
				}],
			"sum":	{
				"start":	0,
				"end":	1.001181,
				"seconds":	1.0011810064315796,
				"bytes":	2621440,
				"bits_per_second":	20946781.716072425,
				"retransmits":	0,
				"omitted":	false,
				"sender":	true
			}
		}, {
			"streams":	[{
					"socket":	5,
					"start":	1.001181,
					"end":	2.001076,
					"seconds":	0.99989497661590576,
					"bytes":	2490368,
					"bits_per_second":	19925036.594771385,
					"retransmits":	0,
					"snd_cwnd":	377920,
					"snd_wnd":	-1,
					"rtt":	146,
					"rttvar":	90,
					"pmtu":	9500,
					"omitted":	false,
					"sender":	true
				}],
			"sum":	{
				"start":	1.001181,
				"end":	2.001076,
				"seconds":	0.99989497661590576,
				"bytes":	2490368,
				"bits_per_second":	19925036.594771385,
				"retransmits":	0,
				"omitted":	false,
				"sender":	true
			}
		}, {
			"streams":	[{
					"socket":	5,
					"start":	2.001076,
					"end":	3.000532,
					"seconds":	0.999455988407135,
					"bytes":	2490368,
					"bits_per_second":	19933788.211876977,
					"retransmits":	0,
					"snd_cwnd":	377920,
					"snd_wnd":	-1,
					"rtt":	100,
					"rttvar":	52,
					"pmtu":	9500,
					"omitted":	false,
					"sender":	true
				}],
			"sum":	{
				"start":	2.001076,
				"end":	3.000532,
				"seconds":	0.999455988407135,
				"bytes":	2490368,
				"bits_per_second":	19933788.211876977,
				"retransmits":	0,
				"omitted":	false,
				"sender":	true
			}
		}],
	"end":	{
		"streams":	[{
				"sender":	{
					"socket":	5,
					"start":	0,
					"end":	3.000532,
					"seconds":	3.000532,
					"bytes":	7602176,
					"bits_per_second":	20268874.986169118,
					"retransmits":	0,
					"max_snd_cwnd":	377920,
					"max_snd_wnd":	0,
					"max_rtt":	146,
					"min_rtt":	100,
					"mean_rtt":	126,
					"sender":	true
				},
				"receiver":	{
					"socket":	5,
					"start":	0,
					"end":	3.000676,
					"seconds":	3.000532,
					"bytes":	7602176,
					"bits_per_second":	20267902.299348548,
					"sender":	true
				}
			}],
		"sum_sent":	{
			"start":	0,
			"end":	3.000532,
			"seconds":	3.000532,
			"bytes":	7602176,
			"bits_per_second":	20268874.986169118,
			"retransmits":	0,
			"sender":	true
		},
		"sum_received":	{
			"start":	0,
			"end":	3.000676,
			"seconds":	3.000676,
			"bytes":	7602176,
			"bits_per_second":	20267902.299348548,
			"sender":	true
		},
		"cpu_utilization_percent":	{
			"host_total":	0.52216615831566182,
			"host_user":	0.037447506026083321,
			"host_system":	0.48475196857607855,
			"remote_total":	0.17665789653465924,
			"remote_user":	0,
			"remote_system":	0.17669122192544112
		},
		"sender_tcp_congestion":	"cubic",
		"receiver_tcp_congestion":	"cubic"
	}
}
