{
	"start":	{
		"connected":	[{
				"socket":	5,
				"local_host":	"192.168.1.2",
				"local_port":	35946,
				"remote_host":	"192.168.4.2",
				"remote_port":	5202
			}],
		"version":	"iperf 3.19.1",
		"system_info":	"Linux h1 6.6.87.2-microsoft-standard-WSL2 #1 SMP PREEMPT_DYNAMIC Thu Jun  5 18:30:46 UTC 2025 x86_64",
		"timestamp":	{
			"time":	"Sun, 05 Apr 2026 07:47:38 UTC",
			"timesecs":	1775375258
		},
		"connecting_to":	{
			"host":	"192.168.4.2",
			"port":	5202
		},
		"cookie":	"duighr6ao454fq74ah5a5kpfm5ow5psr24n2",
		"tcp_mss_default":	9448,
		"target_bitrate":	20000000,
		"fq_rate":	0,
		"sock_bufsize":	0,
		"sndbuf_actual":	16384,
		"rcvbuf_actual":	131072,
		"test_start":	{
			"protocol":	"TCP",
			"num_streams":	1,
			"blksize":	131072,
			"omit":	0,
			"duration":	3,
			"bytes":	0,
			"blocks":	0,
			"reverse":	0,
			"tos":	0,
			"target_bitrate":	20000000,
			"bidir":	0,
			"fqrate":	0,
			"interval":	1
		}
	},
	"intervals":	[{
			"streams":	[{
					"socket":	5,
					"start":	0,
					"end":	1.001047,
					"seconds":	1.0010470151901245,
					"bytes":	2621440,
					"bits_per_second":	20949585.465790506,
					"retransmits":	0,
					"snd_cwnd":	359024,
					"snd_wnd":	-1,
					"rtt":	103,
					"rttvar":	52,
					"pmtu":	9500,
					"omitted":	false,
					"sender":	true
				}],
			"sum":	{
				"start":	0,
				"end":	1.001047,
				"seconds":	1.0010470151901245,
				"bytes":	2621440,
				"bits_per_second":	20949585.465790506,
				"retransmits":	0,
				"omitted":	false,
				"sender":	true
			}
		}, {
			"streams":	[{
					"socket":	5,
					"start":	1.001047,
					"end":	2.001092,
					"seconds":	1.0000449419021606,
					"bytes":	2490368,
					"bits_per_second":	19922048.665238049,
					"retransmits":	0,
					"snd_cwnd":	359024,
					"snd_wnd":	-1,
					"rtt":	100,
					"rttvar":	51,
					"pmtu":	9500,
					"omitted":	false,
					"sender":	true
				}],
			"sum":	{
				"start":	1.001047,
				"end":	2.001092,
				"seconds":	1.0000449419021606,
				"bytes":	2490368,
				"bits_per_second":	19922048.665238049,
				"retransmits":	0,
				"omitted":	false,
				"sender":	true
			}
		}, {
			"streams":	[{
					"socket":	5,
					"start":	2.001092,
					"end":	3.001639,
					"seconds":	1.0005470514297485,
					"bytes":	2490368,
					"bits_per_second":	19912051.08398528,
					"retransmits":	0,
					"snd_cwnd":	359024,
					"snd_wnd":	-1,
					"rtt":	111,
					"rttvar":	48,
					"pmtu":	9500,
					"omitted":	false,
					"sender":	true
				}],
			"sum":	{
				"start":	2.001092,
				"end":	3.001639,
				"seconds":	1.0005470514297485,
				"bytes":	2490368,
				"bits_per_second":	19912051.08398528,
				"retransmits":	0,
				"omitted":	false,
				"sender":	true
			}
		}],
	"end":	{
		"streams":	[{
				"sender":	{
					"socket":	5,
					"start":	0,
					"end":	3.001639,
					"seconds":	3.001639,
					"bytes":	7602176,
					"bits_per_second":	20261399.855212435,
					"retransmits":	0,
					"max_snd_cwnd":	359024,
					"max_snd_wnd":	0,
					"max_rtt":	111,
					"min_rtt":	100,
					"mean_rtt":	104,
					"sender":	true
				},
				"receiver":	{
					"socket":	5,
					"start":	0,
					"end":	3.001837,
					"seconds":	3.001639,
					"bytes":	7602176,
					"bits_per_second":	20260063.4211651,
					"sender":	true
				}
			}],
		"sum_sent":	{
			"start":	0,
			"end":	3.001639,
			"seconds":	3.001639,
			"bytes":	7602176,
			"bits_per_second":	20261399.855212435,
			"retransmits":	0,
			"sender":	true
		},
		"sum_received":	{
			"start":	0,
			"end":	3.001837,
			"seconds":	3.001837,
			"bytes":	7602176,
			"bits_per_second":	20260063.4211651,
			"sender":	true
		},
		"cpu_utilization_percent":	{
			"host_total":	0.49091818019228411,
			"host_user":	0.068109069097233438,
			"host_system":	0.422875721431576,
			"remote_total":	0.16366459451455442,
			"remote_user":	0,
			"remote_system":	0.16369790707195614
		},
		"sender_tcp_congestion":	"cubic",
		"receiver_tcp_congestion":	"cubic"
	}
}
