{
	"start":	{
		"connected":	[{
				"socket":	5,
				"local_host":	"192.168.1.2",
				"local_port":	43598,
				"remote_host":	"192.168.4.2",
				"remote_port":	5202
			}],
		"version":	"iperf 3.19.1",
		"system_info":	"Linux h1 6.6.87.2-microsoft-standard-WSL2 #1 SMP PREEMPT_DYNAMIC Thu Jun  5 18:30:46 UTC 2025 x86_64",
		"timestamp":	{
			"time":	"Sun, 05 Apr 2026 07:46:13 UTC",
			"timesecs":	1775375173
		},
		"connecting_to":	{
			"host":	"192.168.4.2",
			"port":	5202
		},
		"cookie":	"o7qt6pei3l3is4e46m7bb7g574zmsgvwlll3",
		"tcp_mss_default":	9448,
		"target_bitrate":	20000000,
		"fq_rate":	0,
		"sock_bufsize":	0,
		"sndbuf_actual":	16384,
		"rcvbuf_actual":	131072,
		"test_start":	{
			"protocol":	"TCP",
			"num_streams":	1,
			"blksize":	131072,
			"omit":	0,
			"duration":	3,
			"bytes":	0,
			"blocks":	0,
			"reverse":	0,
			"tos":	0,
			"target_bitrate":	20000000,
			"bidir":	0,
			"fqrate":	0,
			"interval":	1
		}
	},
	"intervals":	[{
			"streams":	[{
					"socket":	5,
					"start":	0,
					"end":	1.001437,
					"seconds":	1.0014369487762451,
					"bytes":	2621440,
					"bits_per_second":	20941428.240317252,
					"retransmits":	0,
					"snd_cwnd":	340128,
					"snd_wnd":	-1,
					"rtt":	99,
					"rttvar":	41,
					"pmtu":	9500,
					"omitted":	false,
					"sender":	true
				}],
			"sum":	{
				"start":	0,
				"end":	1.001437,
				"seconds":	1.0014369487762451,
				"bytes":	2621440,
				"bits_per_second":	20941428.240317252,
				"retransmits":	0,
				"omitted":	false,
				"sender":	true
			}
		}, {
			"streams":	[{
					"socket":	5,
					"start":	1.001437,
					"end":	2.001081,
					"seconds":	0.99964398145675659,
					"bytes":	2490368,
					"bits_per_second":	19930039.463616621,
					"retransmits":	0,
					"snd_cwnd":	340128,
					"snd_wnd":	-1,
					"rtt":	103,
					"rttvar":	48,
					"pmtu":	9500,
					"omitted":	false,
					"sender":	true
				}],
			"sum":	{
				"start":	1.001437,
				"end":	2.001081,
				"seconds":	0.99964398145675659,
				"bytes":	2490368,
				"bits_per_second":	19930039.463616621,
				"retransmits":	0,
				"omitted":	false,
				"sender":	true
			}
		}, {
			"streams":	[{
					"socket":	5,
					"start":	2.001081,
					"end":	3.000235,
					"seconds":	0.999153971672058,
					"bytes":	2490368,
					"bits_per_second":	19939813.647199415,
					"retransmits":	0,
					"snd_cwnd":	340128,
					"snd_wnd":	-1,
					"rtt":	108,
					"rttvar":	42,
					"pmtu":	9500,
					"omitted":	false,
					"sender":	true
				}],
			"sum":	{
				"start":	2.001081,
				"end":	3.000235,
				"seconds":	0.999153971672058,
				"bytes":	2490368,
				"bits_per_second":	19939813.647199415,
				"retransmits":	0,
				"omitted":	false,
				"sender":	true
			}
		}],
	"end":	{
		"streams":	[{
				"sender":	{
					"socket":	5,
					"start":	0,
					"end":	3.000235,
					"seconds":	3.000235,
					"bytes":	7602176,
					"bits_per_second":	20270881.447619937,
					"retransmits":	0,
					"max_snd_cwnd":	340128,
					"max_snd_wnd":	0,
					"max_rtt":	108,
					"min_rtt":	99,
					"mean_rtt":	103,
					"sender":	true
				},
				"receiver":	{
					"socket":	5,
					"start":	0,
					"end":	3.000385,
					"seconds":	3.000235,
					"bytes":	7602176,
					"bits_per_second":	20269868.033602353,
					"sender":	true
				}
			}],
		"sum_sent":	{
			"start":	0,
			"end":	3.000235,
			"seconds":	3.000235,
			"bytes":	7602176,
			"bits_per_second":	20270881.447619937,
			"retransmits":	0,
			"sender":	true
		},
		"sum_received":	{
			"start":	0,
			"end":	3.000385,
			"seconds":	3.000385,
			"bytes":	7602176,
			"bits_per_second":	20269868.033602353,
			"sender":	true
		},
		"cpu_utilization_percent":	{
			"host_total":	0.5224699390701627,
			"host_user":	0.0095957746605578,
			"host_system":	0.512874164409605,
			"remote_total":	0.17747491687841452,
			"remote_user":	0.0039661061236678551,
			"remote_system":	0.17354213937763463
		},
		"sender_tcp_congestion":	"cubic",
		"receiver_tcp_congestion":	"cubic"
	}
}
