{
	"start":	{
		"connected":	[{
				"socket":	5,
				"local_host":	"192.168.1.2",
				"local_port":	47694,
				"remote_host":	"192.168.4.2",
				"remote_port":	5203
			}],
		"version":	"iperf 3.19.1",
		"system_info":	"Linux h1 6.6.87.2-microsoft-standard-WSL2 #1 SMP PREEMPT_DYNAMIC Thu Jun  5 18:30:46 UTC 2025 x86_64",
		"timestamp":	{
			"time":	"Sun, 05 Apr 2026 07:46:39 UTC",
			"timesecs":	1775375199
		},
		"connecting_to":	{
			"host":	"192.168.4.2",
			"port":	5203
		},
		"cookie":	"fbxa2kxttqzuxg6fds2lk6fgh63wxk4qarhc",
		"tcp_mss_default":	9448,
		"target_bitrate":	20000000,
		"fq_rate":	0,
		"sock_bufsize":	0,
		"sndbuf_actual":	16384,
		"rcvbuf_actual":	131072,
		"test_start":	{
			"protocol":	"TCP",
			"num_streams":	1,
			"blksize":	131072,
			"omit":	0,
			"duration":	3,
			"bytes":	0,
			"blocks":	0,
			"reverse":	0,
			"tos":	0,
			"target_bitrate":	20000000,
			"bidir":	0,
			"fqrate":	0,
			"interval":	1
		}
	},
	"intervals":	[{
			"streams":	[{
					"socket":	5,
					"start":	0,
					"end":	1.001055,
					"seconds":	1.0010550022125244,
					"bytes":	2621440,
					"bits_per_second":	20949418.317324124,
					"retransmits":	0,
					"snd_cwnd":	368472,
					"snd_wnd":	-1,
					"rtt":	133,
					"rttvar":	66,
					"pmtu":	9500,
					"omitted":	false,
					"sender":	true
				}],
			"sum":	{
				"start":	0,
				"end":	1.001055,
				"seconds":	1.0010550022125244,
				"bytes":	2621440,
				"bits_per_second":	20949418.317324124,
				"retransmits":	0,
				"omitted":	false,
				"sender":	true
			}
		}, {
			"streams":	[{
					"socket":	5,
					"start":	1.001055,
					"end":	2.001117,
					"seconds":	1.0000619888305664,
					"bytes":	2490368,
					"bits_per_second":	19921709.07655146,
					"retransmits":	0,
					"snd_cwnd":	368472,
					"snd_wnd":	-1,
					"rtt":	140,
					"rttvar":	42,
					"pmtu":	9500,
					"omitted":	false,
					"sender":	true
				}],
			"sum":	{
				"start":	1.001055,
				"end":	2.001117,
				"seconds":	1.0000619888305664,
				"bytes":	2490368,
				"bits_per_second":	19921709.07655146,
				"retransmits":	0,
				"omitted":	false,
				"sender":	true
			}
		}, {
			"streams":	[{
					"socket":	5,
					"start":	2.001117,
					"end":	3.001614,
					"seconds":	1.0004969835281372,
					"bytes":	2490368,
					"bits_per_second":	19913047.543375928,
					"retransmits":	0,
					"snd_cwnd":	368472,
					"snd_wnd":	-1,
					"rtt":	128,
					"rttvar":	75,
					"pmtu":	9500,
					"omitted":	false,
					"sender":	true
				}],
			"sum":	{
				"start":	2.001117,
				"end":	3.001614,
				"seconds":	1.0004969835281372,
				"bytes":	2490368,
				"bits_per_second":	19913047.543375928,
				"retransmits":	0,
				"omitted":	false,
				"sender":	true
			}
		}],
	"end":	{
		"streams":	[{
				"sender":	{
					"socket":	5,
					"start":	0,
					"end":	3.001614,
					"seconds":	3.001614,
					"bytes":	7602176,
					"bits_per_second":	20261568.609421466,
					"retransmits":	0,
					"max_snd_cwnd":	368472,
					"max_snd_wnd":	0,
					"max_rtt":	140,
					"min_rtt":	128,
					"mean_rtt":	133,
					"sender":	true
				},
				"receiver":	{
					"socket":	5,
					"start":	0,
					"end":	3.002042,
					"seconds":	3.001614,
					"bytes":	7602176,
					"bits_per_second":	20258679.925197583,
					"sender":	true
				}
			}],
		"sum_sent":	{
			"start":	0,
			"end":	3.001614,
			"seconds":	3.001614,
			"bytes":	7602176,
			"bits_per_second":	20261568.609421466,
			"retransmits":	0,
			"sender":	true
		},
		"sum_received":	{
			"start":	0,
			"end":	3.002042,
			"seconds":	3.002042,
			"bytes":	7602176,
			"bits_per_second":	20258679.925197583,
			"sender":	true
		},
		"cpu_utilization_percent":	{
			"host_total":	0.53753342724599462,
			"host_user":	0.042527116448369678,
			"host_system":	0.495072915521898,
			"remote_total":	0.18057642553279374,
			"remote_user":	0,
			"remote_system":	0.1806763571462596
		},
		"sender_tcp_congestion":	"cubic",
		"receiver_tcp_congestion":	"cubic"
	}
}
