{
	"start":	{
		"connected":	[{
				"socket":	5,
				"local_host":	"192.168.1.2",
				"local_port":	56350,
				"remote_host":	"192.168.4.2",
				"remote_port":	5202
			}],
		"version":	"iperf 3.19.1",
		"system_info":	"Linux h1 6.6.87.2-microsoft-standard-WSL2 #1 SMP PREEMPT_DYNAMIC Thu Jun  5 18:30:46 UTC 2025 x86_64",
		"timestamp":	{
			"time":	"Sun, 05 Apr 2026 07:34:02 UTC",
			"timesecs":	1775374442
		},
		"connecting_to":	{
			"host":	"192.168.4.2",
			"port":	5202
		},
		"cookie":	"akjf2fp2uyf37txpx2bc4nzwkzzxwmwf2prh",
		"tcp_mss_default":	9448,
		"target_bitrate":	20000000,
		"fq_rate":	0,
		"sock_bufsize":	0,
		"sndbuf_actual":	16384,
		"rcvbuf_actual":	131072,
		"test_start":	{
			"protocol":	"TCP",
			"num_streams":	1,
			"blksize":	131072,
			"omit":	0,
			"duration":	3,
			"bytes":	0,
			"blocks":	0,
			"reverse":	0,
			"tos":	0,
			"target_bitrate":	20000000,
			"bidir":	0,
			"fqrate":	0,
			"interval":	1
		}
	},
	"intervals":	[{
			"streams":	[{
					"socket":	5,
					"start":	0,
					"end":	1.001496,
					"seconds":	1.0014959573745728,
					"bytes":	2621440,
					"bits_per_second":	20940194.36181945,
					"retransmits":	0,
					"snd_cwnd":	330680,
					"snd_wnd":	-1,
					"rtt":	131,
					"rttvar":	68,
					"pmtu":	9500,
					"omitted":	false,
					"sender":	true
				}],
			"sum":	{
				"start":	0,
				"end":	1.001496,
				"seconds":	1.0014959573745728,
				"bytes":	2621440,
				"bits_per_second":	20940194.36181945,
				"retransmits":	0,
				"omitted":	false,
				"sender":	true
			}
		}, {
			"streams":	[{
					"socket":	5,
					"start":	1.001496,
					"end":	2.001141,
					"seconds":	0.99964499473571777,
					"bytes":	2490368,
					"bits_per_second":	19930019.261755168,
					"retransmits":	0,
					"snd_cwnd":	330680,
					"snd_wnd":	-1,
					"rtt":	119,
					"rttvar":	60,
					"pmtu":	9500,
					"omitted":	false,
					"sender":	true
				}],
			"sum":	{
				"start":	1.001496,
				"end":	2.001141,
				"seconds":	0.99964499473571777,
				"bytes":	2490368,
				"bits_per_second":	19930019.261755168,
				"retransmits":	0,
				"omitted":	false,
				"sender":	true
			}
		}, {
			"streams":	[{
					"socket":	5,
					"start":	2.001141,
					"end":	3.001349,
					"seconds":	1.0002080202102661,
					"bytes":	2490368,
					"bits_per_second":	19918800.486934461,
					"retransmits":	0,
					"snd_cwnd":	330680,
					"snd_wnd":	-1,
					"rtt":	130,
					"rttvar":	62,
					"pmtu":	9500,
					"omitted":	false,
					"sender":	true
				}],
			"sum":	{
				"start":	2.001141,
				"end":	3.001349,
				"seconds":	1.0002080202102661,
				"bytes":	2490368,
				"bits_per_second":	19918800.486934461,
				"retransmits":	0,
				"omitted":	false,
				"sender":	true
			}
		}],
	"end":	{
		"streams":	[{
				"sender":	{
					"socket":	5,
					"start":	0,
					"end":	3.001349,
					"seconds":	3.001349,
					"bytes":	7602176,
					"bits_per_second":	20263357.576876264,
					"retransmits":	0,
					"max_snd_cwnd":	330680,
					"max_snd_wnd":	0,
					"max_rtt":	131,
					"min_rtt":	119,
					"mean_rtt":	126,
					"sender":	true
				},
				"receiver":	{
					"socket":	5,
					"start":	0,
					"end":	3.001647,
					"seconds":	3.001349,
					"bytes":	7602176,
					"bits_per_second":	20261345.854459234,
					"sender":	true
				}
			}],
		"sum_sent":	{
			"start":	0,
			"end":	3.001349,
			"seconds":	3.001349,
			"bytes":	7602176,
			"bits_per_second":	20263357.576876264,
			"retransmits":	0,
			"sender":	true
		},
		"sum_received":	{
			"start":	0,
			"end":	3.001647,
			"seconds":	3.001647,
			"bytes":	7602176,
			"bits_per_second":	20261345.854459234,
			"sender":	true
		},
		"cpu_utilization_percent":	{
			"host_total":	0.65710261345586551,
			"host_user":	0,
			"host_system":	0.65710261345586551,
			"remote_total":	0.292369216746333,
			"remote_user":	0,
			"remote_system":	0.29240253137905253
		},
		"sender_tcp_congestion":	"cubic",
		"receiver_tcp_congestion":	"cubic"
	}
}
