{
	"start":	{
		"connected":	[{
				"socket":	5,
				"local_host":	"192.168.1.2",
				"local_port":	56396,
				"remote_host":	"192.168.4.2",
				"remote_port":	5202
			}],
		"version":	"iperf 3.19.1",
		"system_info":	"Linux h1 6.6.87.2-microsoft-standard-WSL2 #1 SMP PREEMPT_DYNAMIC Thu Jun  5 18:30:46 UTC 2025 x86_64",
		"timestamp":	{
			"time":	"Sun, 05 Apr 2026 07:47:46 UTC",
			"timesecs":	1775375266
		},
		"connecting_to":	{
			"host":	"192.168.4.2",
			"port":	5202
		},
		"cookie":	"sikfofm4r4fzkrhgggxwultnwffbbex6iadx",
		"tcp_mss_default":	9448,
		"target_bitrate":	20000000,
		"fq_rate":	0,
		"sock_bufsize":	0,
		"sndbuf_actual":	16384,
		"rcvbuf_actual":	131072,
		"test_start":	{
			"protocol":	"TCP",
			"num_streams":	1,
			"blksize":	131072,
			"omit":	0,
			"duration":	3,
			"bytes":	0,
			"blocks":	0,
			"reverse":	0,
			"tos":	0,
			"target_bitrate":	20000000,
			"bidir":	0,
			"fqrate":	0,
			"interval":	1
		}
	},
	"intervals":	[{
			"streams":	[{
					"socket":	5,
					"start":	0,
					"end":	1.001077,
					"seconds":	1.0010770559310913,
					"bytes":	2621440,
					"bits_per_second":	20948956.801826417,
					"retransmits":	0,
					"snd_cwnd":	264544,
					"snd_wnd":	-1,
					"rtt":	128,
					"rttvar":	37,
					"pmtu":	9500,
					"omitted":	false,
					"sender":	true
				}],
			"sum":	{
				"start":	0,
				"end":	1.001077,
				"seconds":	1.0010770559310913,
				"bytes":	2621440,
				"bits_per_second":	20948956.801826417,
				"retransmits":	0,
				"omitted":	false,
				"sender":	true
			}
		}, {
			"streams":	[{
					"socket":	5,
					"start":	1.001077,
					"end":	2.001092,
					"seconds":	1.0000150203704834,
					"bytes":	2490368,
					"bits_per_second":	19922644.754494779,
					"retransmits":	0,
					"snd_cwnd":	264544,
					"snd_wnd":	-1,
					"rtt":	176,
					"rttvar":	139,
					"pmtu":	9500,
					"omitted":	false,
					"sender":	true
				}],
			"sum":	{
				"start":	1.001077,
				"end":	2.001092,
				"seconds":	1.0000150203704834,
				"bytes":	2490368,
				"bits_per_second":	19922644.754494779,
				"retransmits":	0,
				"omitted":	false,
				"sender":	true
			}
		}, {
			"streams":	[{
					"socket":	5,
					"start":	2.001092,
					"end":	3.000355,
					"seconds":	0.99926298856735229,
					"bytes":	2490368,
					"bits_per_second":	19937638.267343026,
					"retransmits":	0,
					"snd_cwnd":	264544,
					"snd_wnd":	-1,
					"rtt":	121,
					"rttvar":	44,
					"pmtu":	9500,
					"omitted":	false,
					"sender":	true
				}],
			"sum":	{
				"start":	2.001092,
				"end":	3.000355,
				"seconds":	0.99926298856735229,
				"bytes":	2490368,
				"bits_per_second":	19937638.267343026,
				"retransmits":	0,
				"omitted":	false,
				"sender":	true
			}
		}],
	"end":	{
		"streams":	[{
				"sender":	{
					"socket":	5,
					"start":	0,
					"end":	3.000355,
					"seconds":	3.000355,
					"bytes":	7602176,
					"bits_per_second":	20270070.708299518,
					"retransmits":	0,
					"max_snd_cwnd":	264544,
					"max_snd_wnd":	0,
					"max_rtt":	176,
					"min_rtt":	121,
					"mean_rtt":	141,
					"sender":	true
				},
				"receiver":	{
					"socket":	5,
					"start":	0,
					"end":	3.000492,
					"seconds":	3.000355,
					"bytes":	7602176,
					"bits_per_second":	20269145.1935216,
					"sender":	true
				}
			}],
		"sum_sent":	{
			"start":	0,
			"end":	3.000355,
			"seconds":	3.000355,
			"bytes":	7602176,
			"bits_per_second":	20270070.708299518,
			"retransmits":	0,
			"sender":	true
		},
		"sum_received":	{
			"start":	0,
			"end":	3.000492,
			"seconds":	3.000492,
			"bytes":	7602176,
			"bits_per_second":	20269145.1935216,
			"sender":	true
		},
		"cpu_utilization_percent":	{
			"host_total":	0.50439559487628172,
			"host_user":	0.099219901019985929,
			"host_system":	0.40517569385629576,
			"remote_total":	0.16910334567336727,
			"remote_user":	0,
			"remote_system":	0.16910334567336727
		},
		"sender_tcp_congestion":	"cubic",
		"receiver_tcp_congestion":	"cubic"
	}
}
