{
	"start":	{
		"connected":	[{
				"socket":	5,
				"local_host":	"192.168.1.2",
				"local_port":	43128,
				"remote_host":	"192.168.4.2",
				"remote_port":	5203
			}],
		"version":	"iperf 3.19.1",
		"system_info":	"Linux h1 6.6.87.2-microsoft-standard-WSL2 #1 SMP PREEMPT_DYNAMIC Thu Jun  5 18:30:46 UTC 2025 x86_64",
		"timestamp":	{
			"time":	"Sun, 05 Apr 2026 07:35:48 UTC",
			"timesecs":	1775374548
		},
		"connecting_to":	{
			"host":	"192.168.4.2",
			"port":	5203
		},
		"cookie":	"v7croo2ikszmuyos6h2tb7gury33we5a6k5l",
		"tcp_mss_default":	9448,
		"target_bitrate":	20000000,
		"fq_rate":	0,
		"sock_bufsize":	0,
		"sndbuf_actual":	16384,
		"rcvbuf_actual":	131072,
		"test_start":	{
			"protocol":	"TCP",
			"num_streams":	1,
			"blksize":	131072,
			"omit":	0,
			"duration":	3,
			"bytes":	0,
			"blocks":	0,
			"reverse":	0,
			"tos":	0,
			"target_bitrate":	20000000,
			"bidir":	0,
			"fqrate":	0,
			"interval":	1
		}
	},
	"intervals":	[{
			"streams":	[{
					"socket":	5,
					"start":	0,
					"end":	1.001122,
					"seconds":	1.001121997833252,
					"bytes":	2621440,
					"bits_per_second":	20948016.371020786,
					"retransmits":	0,
					"snd_cwnd":	207856,
					"snd_wnd":	-1,
					"rtt":	123,
					"rttvar":	62,
					"pmtu":	9500,
					"omitted":	false,
					"sender":	true
				}],
			"sum":	{
				"start":	0,
				"end":	1.001122,
				"seconds":	1.001121997833252,
				"bytes":	2621440,
				"bits_per_second":	20948016.371020786,
				"retransmits":	0,
				"omitted":	false,
				"sender":	true
			}
		}, {
			"streams":	[{
					"socket":	5,
					"start":	1.001122,
					"end":	2.000912,
					"seconds":	0.9997900128364563,
					"bytes":	2490368,
					"bits_per_second":	19927128.441178933,
					"retransmits":	0,
					"snd_cwnd":	207856,
					"snd_wnd":	-1,
					"rtt":	128,
					"rttvar":	57,
					"pmtu":	9500,
					"omitted":	false,
					"sender":	true
				}],
			"sum":	{
				"start":	1.001122,
				"end":	2.000912,
				"seconds":	0.9997900128364563,
				"bytes":	2490368,
				"bits_per_second":	19927128.441178933,
				"retransmits":	0,
				"omitted":	false,
				"sender":	true
			}
		}, {
			"streams":	[{
					"socket":	5,
					"start":	2.000912,
					"end":	3.001274,
					"seconds":	1.0003620386123657,
					"bytes":	2490368,
					"bits_per_second":	19915733.735394191,
					"retransmits":	0,
					"snd_cwnd":	207856,
					"snd_wnd":	-1,
					"rtt":	154,
					"rttvar":	84,
					"pmtu":	9500,
					"omitted":	false,
					"sender":	true
				}],
			"sum":	{
				"start":	2.000912,
				"end":	3.001274,
				"seconds":	1.0003620386123657,
				"bytes":	2490368,
				"bits_per_second":	19915733.735394191,
				"retransmits":	0,
				"omitted":	false,
				"sender":	true
			}
		}],
	"end":	{
		"streams":	[{
				"sender":	{
					"socket":	5,
					"start":	0,
					"end":	3.001274,
					"seconds":	3.001274,
					"bytes":	7602176,
					"bits_per_second":	20263863.945777692,
					"retransmits":	0,
					"max_snd_cwnd":	207856,
					"max_snd_wnd":	0,
					"max_rtt":	154,
					"min_rtt":	123,
					"mean_rtt":	135,
					"sender":	true
				},
				"receiver":	{
					"socket":	5,
					"start":	0,
					"end":	3.00139,
					"seconds":	3.001274,
					"bytes":	7602176,
					"bits_per_second":	20263080.772575375,
					"sender":	true
				}
			}],
		"sum_sent":	{
			"start":	0,
			"end":	3.001274,
			"seconds":	3.001274,
			"bytes":	7602176,
			"bits_per_second":	20263863.945777692,
			"retransmits":	0,
			"sender":	true
		},
		"sum_received":	{
			"start":	0,
			"end":	3.00139,
			"seconds":	3.00139,
			"bytes":	7602176,
			"bits_per_second":	20263080.772575375,
			"sender":	true
		},
		"cpu_utilization_percent":	{
			"host_total":	0.48181567169920791,
			"host_user":	0.12020411718252741,
			"host_system":	0.36157824775104391,
			"remote_total":	0.16835151449728766,
			"remote_user":	0.0014659542129191879,
			"remote_system":	0.16691887742557115
		},
		"sender_tcp_congestion":	"cubic",
		"receiver_tcp_congestion":	"cubic"
	}
}
