{
	"start":	{
		"connected":	[{
				"socket":	5,
				"local_host":	"192.168.1.2",
				"local_port":	54194,
				"remote_host":	"192.168.4.2",
				"remote_port":	5204
			}],
		"version":	"iperf 3.19.1",
		"system_info":	"Linux h1 6.6.87.2-microsoft-standard-WSL2 #1 SMP PREEMPT_DYNAMIC Thu Jun  5 18:30:46 UTC 2025 x86_64",
		"timestamp":	{
			"time":	"Sun, 05 Apr 2026 07:47:44 UTC",
			"timesecs":	1775375264
		},
		"connecting_to":	{
			"host":	"192.168.4.2",
			"port":	5204
		},
		"cookie":	"qmlomd3frobgtir2qm7mhgayu3nb4dri7uie",
		"tcp_mss_default":	9448,
		"target_bitrate":	20000000,
		"fq_rate":	0,
		"sock_bufsize":	0,
		"sndbuf_actual":	16384,
		"rcvbuf_actual":	131072,
		"test_start":	{
			"protocol":	"TCP",
			"num_streams":	1,
			"blksize":	131072,
			"omit":	0,
			"duration":	3,
			"bytes":	0,
			"blocks":	0,
			"reverse":	0,
			"tos":	0,
			"target_bitrate":	20000000,
			"bidir":	0,
			"fqrate":	0,
			"interval":	1
		}
	},
	"intervals":	[{
			"streams":	[{
					"socket":	5,
					"start":	0,
					"end":	1.000848,
					"seconds":	1.0008480548858643,
					"bytes":	2621440,
					"bits_per_second":	20953750.069876064,
					"retransmits":	0,
					"snd_cwnd":	198408,
					"snd_wnd":	-1,
					"rtt":	171,
					"rttvar":	85,
					"pmtu":	9500,
					"omitted":	false,
					"sender":	true
				}],
			"sum":	{
				"start":	0,
				"end":	1.000848,
				"seconds":	1.0008480548858643,
				"bytes":	2621440,
				"bits_per_second":	20953750.069876064,
				"retransmits":	0,
				"omitted":	false,
				"sender":	true
			}
		}, {
			"streams":	[{
					"socket":	5,
					"start":	1.000848,
					"end":	2.001413,
					"seconds":	1.0005650520324707,
					"bytes":	2490368,
					"bits_per_second":	19911692.857480947,
					"retransmits":	0,
					"snd_cwnd":	198408,
					"snd_wnd":	-1,
					"rtt":	113,
					"rttvar":	63,
					"pmtu":	9500,
					"omitted":	false,
					"sender":	true
				}],
			"sum":	{
				"start":	1.000848,
				"end":	2.001413,
				"seconds":	1.0005650520324707,
				"bytes":	2490368,
				"bits_per_second":	19911692.857480947,
				"retransmits":	0,
				"omitted":	false,
				"sender":	true
			}
		}, {
			"streams":	[{
					"socket":	5,
					"start":	2.001413,
					"end":	3.001002,
					"seconds":	0.99958902597427368,
					"bytes":	2490368,
					"bits_per_second":	19931135.178861752,
					"retransmits":	0,
					"snd_cwnd":	198408,
					"snd_wnd":	-1,
					"rtt":	138,
					"rttvar":	64,
					"pmtu":	9500,
					"omitted":	false,
					"sender":	true
				}],
			"sum":	{
				"start":	2.001413,
				"end":	3.001002,
				"seconds":	0.99958902597427368,
				"bytes":	2490368,
				"bits_per_second":	19931135.178861752,
				"retransmits":	0,
				"omitted":	false,
				"sender":	true
			}
		}],
	"end":	{
		"streams":	[{
				"sender":	{
					"socket":	5,
					"start":	0,
					"end":	3.001002,
					"seconds":	3.001002,
					"bytes":	7602176,
					"bits_per_second":	20265700.589336492,
					"retransmits":	0,
					"max_snd_cwnd":	198408,
					"max_snd_wnd":	0,
					"max_rtt":	171,
					"min_rtt":	113,
					"mean_rtt":	140,
					"sender":	true
				},
				"receiver":	{
					"socket":	5,
					"start":	0,
					"end":	3.001195,
					"seconds":	3.001002,
					"bytes":	7602176,
					"bits_per_second":	20264397.348389558,
					"sender":	true
				}
			}],
		"sum_sent":	{
			"start":	0,
			"end":	3.001002,
			"seconds":	3.001002,
			"bytes":	7602176,
			"bits_per_second":	20265700.589336492,
			"retransmits":	0,
			"sender":	true
		},
		"sum_received":	{
			"start":	0,
			"end":	3.001195,
			"seconds":	3.001195,
			"bytes":	7602176,
			"bits_per_second":	20264397.348389558,
			"sender":	true
		},
		"cpu_utilization_percent":	{
			"host_total":	0.6775528038264,
			"host_user":	0,
			"host_system":	0.67761941014773952,
			"remote_total":	0.2774195913009,
			"remote_user":	0.00539778690736798,
			"remote_system":	0.27205512406579968
		},
		"sender_tcp_congestion":	"cubic",
		"receiver_tcp_congestion":	"cubic"
	}
}
