{
	"start":	{
		"connected":	[{
				"socket":	5,
				"local_host":	"192.168.1.2",
				"local_port":	52154,
				"remote_host":	"192.168.4.2",
				"remote_port":	5203
			}],
		"version":	"iperf 3.19.1",
		"system_info":	"Linux h1 6.6.87.2-microsoft-standard-WSL2 #1 SMP PREEMPT_DYNAMIC Thu Jun  5 18:30:46 UTC 2025 x86_64",
		"timestamp":	{
			"time":	"Sun, 05 Apr 2026 07:53:10 UTC",
			"timesecs":	1775375590
		},
		"connecting_to":	{
			"host":	"192.168.4.2",
			"port":	5203
		},
		"cookie":	"bhvpr5gmgm3b2wjgoczfghtv4tgqrsuj4544",
		"tcp_mss_default":	9448,
		"target_bitrate":	20000000,
		"fq_rate":	0,
		"sock_bufsize":	0,
		"sndbuf_actual":	16384,
		"rcvbuf_actual":	131072,
		"test_start":	{
			"protocol":	"TCP",
			"num_streams":	1,
			"blksize":	131072,
			"omit":	0,
			"duration":	3,
			"bytes":	0,
			"blocks":	0,
			"reverse":	0,
			"tos":	0,
			"target_bitrate":	20000000,
			"bidir":	0,
			"fqrate":	0,
			"interval":	1
		}
	},
	"intervals":	[{
			"streams":	[{
					"socket":	5,
					"start":	0,
					"end":	1.001095,
					"seconds":	1.0010950565338135,
					"bytes":	2621440,
					"bits_per_second":	20948580.120464969,
					"retransmits":	0,
					"snd_cwnd":	264544,
					"snd_wnd":	-1,
					"rtt":	106,
					"rttvar":	49,
					"pmtu":	9500,
					"omitted":	false,
					"sender":	true
				}],
			"sum":	{
				"start":	0,
				"end":	1.001095,
				"seconds":	1.0010950565338135,
				"bytes":	2621440,
				"bits_per_second":	20948580.120464969,
				"retransmits":	0,
				"omitted":	false,
				"sender":	true
			}
		}, {
			"streams":	[{
					"socket":	5,
					"start":	1.001095,
					"end":	2.001071,
					"seconds":	0.99997597932815552,
					"bytes":	2490368,
					"bits_per_second":	19923422.573995668,
					"retransmits":	0,
					"snd_cwnd":	264544,
					"snd_wnd":	-1,
					"rtt":	125,
					"rttvar":	51,
					"pmtu":	9500,
					"omitted":	false,
					"sender":	true
				}],
			"sum":	{
				"start":	1.001095,
				"end":	2.001071,
				"seconds":	0.99997597932815552,
				"bytes":	2490368,
				"bits_per_second":	19923422.573995668,
				"retransmits":	0,
				"omitted":	false,
				"sender":	true
			}
		}, {
			"streams":	[{
					"socket":	5,
					"start":	2.001071,
					"end":	3.001316,
					"seconds":	1.0002449750900269,
					"bytes":	2490368,
					"bits_per_second":	19918064.570338722,
					"retransmits":	0,
					"snd_cwnd":	264544,
					"snd_wnd":	-1,
					"rtt":	122,
					"rttvar":	56,
					"pmtu":	9500,
					"omitted":	false,
					"sender":	true
				}],
			"sum":	{
				"start":	2.001071,
				"end":	3.001316,
				"seconds":	1.0002449750900269,
				"bytes":	2490368,
				"bits_per_second":	19918064.570338722,
				"retransmits":	0,
				"omitted":	false,
				"sender":	true
			}
		}],
	"end":	{
		"streams":	[{
				"sender":	{
					"socket":	5,
					"start":	0,
					"end":	3.001316,
					"seconds":	3.001316,
					"bytes":	7602176,
					"bits_per_second":	20263580.376075029,
					"retransmits":	0,
					"max_snd_cwnd":	264544,
					"max_snd_wnd":	0,
					"max_rtt":	125,
					"min_rtt":	106,
					"mean_rtt":	117,
					"sender":	true
				},
				"receiver":	{
					"socket":	5,
					"start":	0,
					"end":	3.001487,
					"seconds":	3.001316,
					"bytes":	7602176,
					"bits_per_second":	20262425.9242169,
					"sender":	true
				}
			}],
		"sum_sent":	{
			"start":	0,
			"end":	3.001316,
			"seconds":	3.001316,
			"bytes":	7602176,
			"bits_per_second":	20263580.376075029,
			"retransmits":	0,
			"sender":	true
		},
		"sum_received":	{
			"start":	0,
			"end":	3.001487,
			"seconds":	3.001487,
			"bytes":	7602176,
			"bits_per_second":	20262425.9242169,
			"sender":	true
		},
		"cpu_utilization_percent":	{
			"host_total":	0.47211098055202516,
			"host_user":	0.039167725793945785,
			"host_system":	0.43294325475807932,
			"remote_total":	0.16641512828457489,
			"remote_user":	0.00343158322588813,
			"remote_system":	0.16301686140068564
		},
		"sender_tcp_congestion":	"cubic",
		"receiver_tcp_congestion":	"cubic"
	}
}
