{
	"start":	{
		"connected":	[{
				"socket":	5,
				"local_host":	"192.168.1.2",
				"local_port":	36250,
				"remote_host":	"192.168.8.2",
				"remote_port":	5204
			}],
		"version":	"iperf 3.19.1",
		"system_info":	"Linux h1 6.6.87.2-microsoft-standard-WSL2 #1 SMP PREEMPT_DYNAMIC Thu Jun  5 18:30:46 UTC 2025 x86_64",
		"timestamp":	{
			"time":	"Mon, 06 Apr 2026 04:01:17 UTC",
			"timesecs":	1775448077
		},
		"connecting_to":	{
			"host":	"192.168.8.2",
			"port":	5204
		},
		"cookie":	"4l4ssuhb7cqiejbx6qb5vhrsy4drzb6bxbwi",
		"tcp_mss_default":	9448,
		"target_bitrate":	20000000,
		"fq_rate":	0,
		"sock_bufsize":	0,
		"sndbuf_actual":	16384,
		"rcvbuf_actual":	131072,
		"test_start":	{
			"protocol":	"TCP",
			"num_streams":	1,
			"blksize":	131072,
			"omit":	0,
			"duration":	3,
			"bytes":	0,
			"blocks":	0,
			"reverse":	0,
			"tos":	0,
			"target_bitrate":	20000000,
			"bidir":	0,
			"fqrate":	0,
			"interval":	1
		}
	},
	"intervals":	[{
			"streams":	[{
					"socket":	5,
					"start":	0,
					"end":	1.001355,
					"seconds":	1.0013550519943237,
					"bytes":	2621440,
					"bits_per_second":	20943140.955081414,
					"retransmits":	0,
					"snd_cwnd":	264544,
					"snd_wnd":	-1,
					"rtt":	277,
					"rttvar":	185,
					"pmtu":	9500,
					"omitted":	false,
					"sender":	true
				}],
			"sum":	{
				"start":	0,
				"end":	1.001355,
				"seconds":	1.0013550519943237,
				"bytes":	2621440,
				"bits_per_second":	20943140.955081414,
				"retransmits":	0,
				"omitted":	false,
				"sender":	true
			}
		}, {
			"streams":	[{
					"socket":	5,
					"start":	1.001355,
					"end":	2.000529,
					"seconds":	0.99917399883270264,
					"bytes":	2490368,
					"bits_per_second":	19939413.979222063,
					"retransmits":	0,
					"snd_cwnd":	264544,
					"snd_wnd":	-1,
					"rtt":	470,
					"rttvar":	421,
					"pmtu":	9500,
					"omitted":	false,
					"sender":	true
				}],
			"sum":	{
				"start":	1.001355,
				"end":	2.000529,
				"seconds":	0.99917399883270264,
				"bytes":	2490368,
				"bits_per_second":	19939413.979222063,
				"retransmits":	0,
				"omitted":	false,
				"sender":	true
			}
		}, {
			"streams":	[{
					"socket":	5,
					"start":	2.000529,
					"end":	3.000476,
					"seconds":	0.99994701147079468,
					"bytes":	2490368,
					"bits_per_second":	19923999.743442293,
					"retransmits":	0,
					"snd_cwnd":	264544,
					"snd_wnd":	-1,
					"rtt":	193,
					"rttvar":	141,
					"pmtu":	9500,
					"omitted":	false,
					"sender":	true
				}],
			"sum":	{
				"start":	2.000529,
				"end":	3.000476,
				"seconds":	0.99994701147079468,
				"bytes":	2490368,
				"bits_per_second":	19923999.743442293,
				"retransmits":	0,
				"omitted":	false,
				"sender":	true
			}
		}],
	"end":	{
		"streams":	[{
				"sender":	{
					"socket":	5,
					"start":	0,
					"end":	3.000476,
					"seconds":	3.000476,
					"bytes":	7602176,
					"bits_per_second":	20269253.278479815,
					"retransmits":	0,
					"max_snd_cwnd":	264544,
					"max_snd_wnd":	0,
					"max_rtt":	470,
					"min_rtt":	193,
					"mean_rtt":	313,
					"sender":	true
				},
				"receiver":	{
					"socket":	5,
					"start":	0,
					"end":	3.000596,
					"seconds":	3.000476,
					"bytes":	7602176,
					"bits_per_second":	20268442.669389684,
					"sender":	true
				}
			}],
		"sum_sent":	{
			"start":	0,
			"end":	3.000476,
			"seconds":	3.000476,
			"bytes":	7602176,
			"bits_per_second":	20269253.278479815,
			"retransmits":	0,
			"sender":	true
		},
		"sum_received":	{
			"start":	0,
			"end":	3.000596,
			"seconds":	3.000596,
			"bytes":	7602176,
			"bits_per_second":	20268442.669389684,
			"sender":	true
		},
		"cpu_utilization_percent":	{
			"host_total":	1.2809258060507487,
			"host_user":	0,
			"host_system":	1.2809258060507487,
			"remote_total":	0.50175828687670132,
			"remote_user":	0.029926869129601338,
			"remote_system":	0.47183141774709991
		},
		"sender_tcp_congestion":	"cubic",
		"receiver_tcp_congestion":	"cubic"
	}
}
