{
	"start":	{
		"connected":	[{
				"socket":	5,
				"local_host":	"192.168.1.2",
				"local_port":	49908,
				"remote_host":	"192.168.8.2",
				"remote_port":	5202
			}],
		"version":	"iperf 3.19.1",
		"system_info":	"Linux h1 6.6.87.2-microsoft-standard-WSL2 #1 SMP PREEMPT_DYNAMIC Thu Jun  5 18:30:46 UTC 2025 x86_64",
		"timestamp":	{
			"time":	"Mon, 06 Apr 2026 04:03:37 UTC",
			"timesecs":	1775448217
		},
		"connecting_to":	{
			"host":	"192.168.8.2",
			"port":	5202
		},
		"cookie":	"5uv4zyuqdsbr53nnv2qir2bkchs7wvv3eolg",
		"tcp_mss_default":	9448,
		"target_bitrate":	20000000,
		"fq_rate":	0,
		"sock_bufsize":	0,
		"sndbuf_actual":	16384,
		"rcvbuf_actual":	131072,
		"test_start":	{
			"protocol":	"TCP",
			"num_streams":	1,
			"blksize":	131072,
			"omit":	0,
			"duration":	3,
			"bytes":	0,
			"blocks":	0,
			"reverse":	0,
			"tos":	0,
			"target_bitrate":	20000000,
			"bidir":	0,
			"fqrate":	0,
			"interval":	1
		}
	},
	"intervals":	[{
			"streams":	[{
					"socket":	5,
					"start":	0,
					"end":	1.001078,
					"seconds":	1.0010780096054077,
					"bytes":	2621440,
					"bits_per_second":	20948936.844858162,
					"retransmits":	0,
					"snd_cwnd":	283440,
					"snd_wnd":	-1,
					"rtt":	167,
					"rttvar":	79,
					"pmtu":	9500,
					"omitted":	false,
					"sender":	true
				}],
			"sum":	{
				"start":	0,
				"end":	1.001078,
				"seconds":	1.0010780096054077,
				"bytes":	2621440,
				"bits_per_second":	20948936.844858162,
				"retransmits":	0,
				"omitted":	false,
				"sender":	true
			}
		}, {
			"streams":	[{
					"socket":	5,
					"start":	1.001078,
					"end":	2.001114,
					"seconds":	1.0000360012054443,
					"bytes":	2490368,
					"bits_per_second":	19922226.775820933,
					"retransmits":	0,
					"snd_cwnd":	283440,
					"snd_wnd":	-1,
					"rtt":	137,
					"rttvar":	60,
					"pmtu":	9500,
					"omitted":	false,
					"sender":	true
				}],
			"sum":	{
				"start":	1.001078,
				"end":	2.001114,
				"seconds":	1.0000360012054443,
				"bytes":	2490368,
				"bits_per_second":	19922226.775820933,
				"retransmits":	0,
				"omitted":	false,
				"sender":	true
			}
		}, {
			"streams":	[{
					"socket":	5,
					"start":	2.001114,
					"end":	3.001382,
					"seconds":	1.00026798248291,
					"bytes":	2490368,
					"bits_per_second":	19917606.430375163,
					"retransmits":	0,
					"snd_cwnd":	283440,
					"snd_wnd":	-1,
					"rtt":	119,
					"rttvar":	71,
					"pmtu":	9500,
					"omitted":	false,
					"sender":	true
				}],
			"sum":	{
				"start":	2.001114,
				"end":	3.001382,
				"seconds":	1.00026798248291,
				"bytes":	2490368,
				"bits_per_second":	19917606.430375163,
				"retransmits":	0,
				"omitted":	false,
				"sender":	true
			}
		}],
	"end":	{
		"streams":	[{
				"sender":	{
					"socket":	5,
					"start":	0,
					"end":	3.001382,
					"seconds":	3.001382,
					"bytes":	7602176,
					"bits_per_second":	20263134.782576825,
					"retransmits":	0,
					"max_snd_cwnd":	283440,
					"max_snd_wnd":	0,
					"max_rtt":	167,
					"min_rtt":	119,
					"mean_rtt":	141,
					"sender":	true
				},
				"receiver":	{
					"socket":	5,
					"start":	0,
					"end":	3.001607,
					"seconds":	3.001382,
					"bytes":	7602176,
					"bits_per_second":	20261615.861103736,
					"sender":	true
				}
			}],
		"sum_sent":	{
			"start":	0,
			"end":	3.001382,
			"seconds":	3.001382,
			"bytes":	7602176,
			"bits_per_second":	20263134.782576825,
			"retransmits":	0,
			"sender":	true
		},
		"sum_received":	{
			"start":	0,
			"end":	3.001607,
			"seconds":	3.001607,
			"bytes":	7602176,
			"bits_per_second":	20261615.861103736,
			"sender":	true
		},
		"cpu_utilization_percent":	{
			"host_total":	0.65756999858114362,
			"host_user":	0.059385468645604976,
			"host_system":	0.59825114291214621,
			"remote_total":	0.21434898907166633,
			"remote_user":	0.085019990691776876,
			"remote_system":	0.12936231342326396
		},
		"sender_tcp_congestion":	"cubic",
		"receiver_tcp_congestion":	"cubic"
	}
}
