{
	"start":	{
		"connected":	[{
				"socket":	5,
				"local_host":	"192.168.1.2",
				"local_port":	44536,
				"remote_host":	"192.168.8.2",
				"remote_port":	5204
			}],
		"version":	"iperf 3.19.1",
		"system_info":	"Linux h1 6.6.87.2-microsoft-standard-WSL2 #1 SMP PREEMPT_DYNAMIC Thu Jun  5 18:30:46 UTC 2025 x86_64",
		"timestamp":	{
			"time":	"Mon, 06 Apr 2026 03:57:07 UTC",
			"timesecs":	1775447827
		},
		"connecting_to":	{
			"host":	"192.168.8.2",
			"port":	5204
		},
		"cookie":	"ohshh7sb734rl4xjqzr7ht546kcefjoaa42b",
		"tcp_mss_default":	9448,
		"target_bitrate":	20000000,
		"fq_rate":	0,
		"sock_bufsize":	0,
		"sndbuf_actual":	16384,
		"rcvbuf_actual":	131072,
		"test_start":	{
			"protocol":	"TCP",
			"num_streams":	1,
			"blksize":	131072,
			"omit":	0,
			"duration":	3,
			"bytes":	0,
			"blocks":	0,
			"reverse":	0,
			"tos":	0,
			"target_bitrate":	20000000,
			"bidir":	0,
			"fqrate":	0,
			"interval":	1
		}
	},
	"intervals":	[{
			"streams":	[{
					"socket":	5,
					"start":	0,
					"end":	1.000795,
					"seconds":	1.0007950067520142,
					"bytes":	2621440,
					"bits_per_second":	20954860.744220827,
					"retransmits":	0,
					"snd_cwnd":	207856,
					"snd_wnd":	-1,
					"rtt":	235,
					"rttvar":	121,
					"pmtu":	9500,
					"omitted":	false,
					"sender":	true
				}],
			"sum":	{
				"start":	0,
				"end":	1.000795,
				"seconds":	1.0007950067520142,
				"bytes":	2621440,
				"bits_per_second":	20954860.744220827,
				"retransmits":	0,
				"omitted":	false,
				"sender":	true
			}
		}, {
			"streams":	[{
					"socket":	5,
					"start":	1.000795,
					"end":	2.001143,
					"seconds":	1.0003479719161987,
					"bytes":	2490368,
					"bits_per_second":	19916013.786519665,
					"retransmits":	0,
					"snd_cwnd":	207856,
					"snd_wnd":	-1,
					"rtt":	408,
					"rttvar":	368,
					"pmtu":	9500,
					"omitted":	false,
					"sender":	true
				}],
			"sum":	{
				"start":	1.000795,
				"end":	2.001143,
				"seconds":	1.0003479719161987,
				"bytes":	2490368,
				"bits_per_second":	19916013.786519665,
				"retransmits":	0,
				"omitted":	false,
				"sender":	true
			}
		}, {
			"streams":	[{
					"socket":	5,
					"start":	2.001143,
					"end":	3.001277,
					"seconds":	1.0001339912414551,
					"bytes":	2490368,
					"bits_per_second":	19920274.8576417,
					"retransmits":	0,
					"snd_cwnd":	207856,
					"snd_wnd":	-1,
					"rtt":	247,
					"rttvar":	100,
					"pmtu":	9500,
					"omitted":	false,
					"sender":	true
				}],
			"sum":	{
				"start":	2.001143,
				"end":	3.001277,
				"seconds":	1.0001339912414551,
				"bytes":	2490368,
				"bits_per_second":	19920274.8576417,
				"retransmits":	0,
				"omitted":	false,
				"sender":	true
			}
		}],
	"end":	{
		"streams":	[{
				"sender":	{
					"socket":	5,
					"start":	0,
					"end":	3.001277,
					"seconds":	3.001277,
					"bytes":	7602176,
					"bits_per_second":	20263843.690535728,
					"retransmits":	0,
					"max_snd_cwnd":	207856,
					"max_snd_wnd":	0,
					"max_rtt":	408,
					"min_rtt":	235,
					"mean_rtt":	296,
					"sender":	true
				},
				"receiver":	{
					"socket":	5,
					"start":	0,
					"end":	3.001487,
					"seconds":	3.001277,
					"bytes":	7602176,
					"bits_per_second":	20262425.9242169,
					"sender":	true
				}
			}],
		"sum_sent":	{
			"start":	0,
			"end":	3.001277,
			"seconds":	3.001277,
			"bytes":	7602176,
			"bits_per_second":	20263843.690535728,
			"retransmits":	0,
			"sender":	true
		},
		"sum_received":	{
			"start":	0,
			"end":	3.001487,
			"seconds":	3.001487,
			"bytes":	7602176,
			"bits_per_second":	20262425.9242169,
			"sender":	true
		},
		"cpu_utilization_percent":	{
			"host_total":	1.100430567064284,
			"host_user":	0.10707558103906277,
			"host_system":	0.993354986025221,
			"remote_total":	0.43311215739162534,
			"remote_user":	0,
			"remote_system":	0.43311215739162534
		},
		"sender_tcp_congestion":	"cubic",
		"receiver_tcp_congestion":	"cubic"
	}
}
