{
	"start":	{
		"connected":	[{
				"socket":	5,
				"local_host":	"192.168.1.2",
				"local_port":	41124,
				"remote_host":	"192.168.8.2",
				"remote_port":	5202
			}],
		"version":	"iperf 3.19.1",
		"system_info":	"Linux h1 6.6.87.2-microsoft-standard-WSL2 #1 SMP PREEMPT_DYNAMIC Thu Jun  5 18:30:46 UTC 2025 x86_64",
		"timestamp":	{
			"time":	"Mon, 06 Apr 2026 03:55:30 UTC",
			"timesecs":	1775447730
		},
		"connecting_to":	{
			"host":	"192.168.8.2",
			"port":	5202
		},
		"cookie":	"c2r6vjqr4uu4ibync4xop5ug4ej5aovkfhyo",
		"tcp_mss_default":	9448,
		"target_bitrate":	20000000,
		"fq_rate":	0,
		"sock_bufsize":	0,
		"sndbuf_actual":	16384,
		"rcvbuf_actual":	131072,
		"test_start":	{
			"protocol":	"TCP",
			"num_streams":	1,
			"blksize":	131072,
			"omit":	0,
			"duration":	3,
			"bytes":	0,
			"blocks":	0,
			"reverse":	0,
			"tos":	0,
			"target_bitrate":	20000000,
			"bidir":	0,
			"fqrate":	0,
			"interval":	1
		}
	},
	"intervals":	[{
			"streams":	[{
					"socket":	5,
					"start":	0,
					"end":	1.001649,
					"seconds":	1.001649022102356,
					"bytes":	2621440,
					"bits_per_second":	20936994.433422383,
					"retransmits":	0,
					"snd_cwnd":	359024,
					"snd_wnd":	-1,
					"rtt":	128,
					"rttvar":	83,
					"pmtu":	9500,
					"omitted":	false,
					"sender":	true
				}],
			"sum":	{
				"start":	0,
				"end":	1.001649,
				"seconds":	1.001649022102356,
				"bytes":	2621440,
				"bits_per_second":	20936994.433422383,
				"retransmits":	0,
				"omitted":	false,
				"sender":	true
			}
		}, {
			"streams":	[{
					"socket":	5,
					"start":	1.001649,
					"end":	2.001069,
					"seconds":	0.99941998720169067,
					"bytes":	2490368,
					"bits_per_second":	19934506.268763859,
					"retransmits":	0,
					"snd_cwnd":	359024,
					"snd_wnd":	-1,
					"rtt":	318,
					"rttvar":	193,
					"pmtu":	9500,
					"omitted":	false,
					"sender":	true
				}],
			"sum":	{
				"start":	1.001649,
				"end":	2.001069,
				"seconds":	0.99941998720169067,
				"bytes":	2490368,
				"bits_per_second":	19934506.268763859,
				"retransmits":	0,
				"omitted":	false,
				"sender":	true
			}
		}, {
			"streams":	[{
					"socket":	5,
					"start":	2.001069,
					"end":	3.00123,
					"seconds":	1.0001610517501831,
					"bytes":	2490368,
					"bits_per_second":	19919735.89167146,
					"retransmits":	0,
					"snd_cwnd":	359024,
					"snd_wnd":	-1,
					"rtt":	268,
					"rttvar":	130,
					"pmtu":	9500,
					"omitted":	false,
					"sender":	true
				}],
			"sum":	{
				"start":	2.001069,
				"end":	3.00123,
				"seconds":	1.0001610517501831,
				"bytes":	2490368,
				"bits_per_second":	19919735.89167146,
				"retransmits":	0,
				"omitted":	false,
				"sender":	true
			}
		}],
	"end":	{
		"streams":	[{
				"sender":	{
					"socket":	5,
					"start":	0,
					"end":	3.00123,
					"seconds":	3.00123,
					"bytes":	7602176,
					"bits_per_second":	20264161.027312133,
					"retransmits":	0,
					"max_snd_cwnd":	359024,
					"max_snd_wnd":	0,
					"max_rtt":	318,
					"min_rtt":	128,
					"mean_rtt":	238,
					"sender":	true
				},
				"receiver":	{
					"socket":	5,
					"start":	0,
					"end":	3.001392,
					"seconds":	3.00123,
					"bytes":	7602176,
					"bits_per_second":	20263067.27012,
					"sender":	true
				}
			}],
		"sum_sent":	{
			"start":	0,
			"end":	3.00123,
			"seconds":	3.00123,
			"bytes":	7602176,
			"bits_per_second":	20264161.027312133,
			"retransmits":	0,
			"sender":	true
		},
		"sum_received":	{
			"start":	0,
			"end":	3.001392,
			"seconds":	3.001392,
			"bytes":	7602176,
			"bits_per_second":	20263067.27012,
			"sender":	true
		},
		"cpu_utilization_percent":	{
			"host_total":	1.0569211000290695,
			"host_user":	0.12343677003899561,
			"host_system":	0.933517628282504,
			"remote_total":	0.36768980786908168,
			"remote_user":	0,
			"remote_system":	0.36765649056137328
		},
		"sender_tcp_congestion":	"cubic",
		"receiver_tcp_congestion":	"cubic"
	}
}
