{
	"start":	{
		"connected":	[{
				"socket":	5,
				"local_host":	"192.168.1.2",
				"local_port":	53980,
				"remote_host":	"192.168.8.2",
				"remote_port":	5203
			}],
		"version":	"iperf 3.19.1",
		"system_info":	"Linux h1 6.6.87.2-microsoft-standard-WSL2 #1 SMP PREEMPT_DYNAMIC Thu Jun  5 18:30:46 UTC 2025 x86_64",
		"timestamp":	{
			"time":	"Mon, 06 Apr 2026 03:44:36 UTC",
			"timesecs":	1775447076
		},
		"connecting_to":	{
			"host":	"192.168.8.2",
			"port":	5203
		},
		"cookie":	"wyjyyc75iz63ehmo2fqpcxhsmvyqtvjv7fra",
		"tcp_mss_default":	9448,
		"target_bitrate":	20000000,
		"fq_rate":	0,
		"sock_bufsize":	0,
		"sndbuf_actual":	16384,
		"rcvbuf_actual":	131072,
		"test_start":	{
			"protocol":	"TCP",
			"num_streams":	1,
			"blksize":	131072,
			"omit":	0,
			"duration":	3,
			"bytes":	0,
			"blocks":	0,
			"reverse":	0,
			"tos":	0,
			"target_bitrate":	20000000,
			"bidir":	0,
			"fqrate":	0,
			"interval":	1
		}
	},
	"intervals":	[{
			"streams":	[{
					"socket":	5,
					"start":	0,
					"end":	1.001111,
					"seconds":	1.0011110305786133,
					"bytes":	2621440,
					"bits_per_second":	20948245.85828314,
					"retransmits":	0,
					"snd_cwnd":	330680,
					"snd_wnd":	-1,
					"rtt":	315,
					"rttvar":	179,
					"pmtu":	9500,
					"omitted":	false,
					"sender":	true
				}],
			"sum":	{
				"start":	0,
				"end":	1.001111,
				"seconds":	1.0011110305786133,
				"bytes":	2621440,
				"bits_per_second":	20948245.85828314,
				"retransmits":	0,
				"omitted":	false,
				"sender":	true
			}
		}, {
			"streams":	[{
					"socket":	5,
					"start":	1.001111,
					"end":	2.001259,
					"seconds":	1.0001480579376221,
					"bytes":	2490368,
					"bits_per_second":	19919994.686669249,
					"retransmits":	0,
					"snd_cwnd":	330680,
					"snd_wnd":	-1,
					"rtt":	206,
					"rttvar":	101,
					"pmtu":	9500,
					"omitted":	false,
					"sender":	true
				}],
			"sum":	{
				"start":	1.001111,
				"end":	2.001259,
				"seconds":	1.0001480579376221,
				"bytes":	2490368,
				"bits_per_second":	19919994.686669249,
				"retransmits":	0,
				"omitted":	false,
				"sender":	true
			}
		}, {
			"streams":	[{
					"socket":	5,
					"start":	2.001259,
					"end":	3.000724,
					"seconds":	0.999464988708496,
					"bytes":	2490368,
					"bits_per_second":	19933608.705737989,
					"retransmits":	0,
					"snd_cwnd":	330680,
					"snd_wnd":	-1,
					"rtt":	183,
					"rttvar":	116,
					"pmtu":	9500,
					"omitted":	false,
					"sender":	true
				}],
			"sum":	{
				"start":	2.001259,
				"end":	3.000724,
				"seconds":	0.999464988708496,
				"bytes":	2490368,
				"bits_per_second":	19933608.705737989,
				"retransmits":	0,
				"omitted":	false,
				"sender":	true
			}
		}],
	"end":	{
		"streams":	[{
				"sender":	{
					"socket":	5,
					"start":	0,
					"end":	3.000724,
					"seconds":	3.000724,
					"bytes":	7602176,
					"bits_per_second":	20267578.091154,
					"retransmits":	0,
					"max_snd_cwnd":	330680,
					"max_snd_wnd":	0,
					"max_rtt":	315,
					"min_rtt":	183,
					"mean_rtt":	234,
					"sender":	true
				},
				"receiver":	{
					"socket":	5,
					"start":	0,
					"end":	3.001262,
					"seconds":	3.000724,
					"bytes":	7602176,
					"bits_per_second":	20263944.967150483,
					"sender":	true
				}
			}],
		"sum_sent":	{
			"start":	0,
			"end":	3.000724,
			"seconds":	3.000724,
			"bytes":	7602176,
			"bits_per_second":	20267578.091154,
			"retransmits":	0,
			"sender":	true
		},
		"sum_received":	{
			"start":	0,
			"end":	3.001262,
			"seconds":	3.001262,
			"bytes":	7602176,
			"bits_per_second":	20263944.967150483,
			"sender":	true
		},
		"cpu_utilization_percent":	{
			"host_total":	1.0564555065345875,
			"host_user":	0.0968284358611504,
			"host_system":	0.959726962457338,
			"remote_total":	0.35170558550850378,
			"remote_user":	0,
			"remote_system":	0.35170558550850378
		},
		"sender_tcp_congestion":	"cubic",
		"receiver_tcp_congestion":	"cubic"
	}
}
