{
	"start":	{
		"connected":	[{
				"socket":	5,
				"local_host":	"192.168.1.2",
				"local_port":	46798,
				"remote_host":	"192.168.8.2",
				"remote_port":	5203
			}],
		"version":	"iperf 3.19.1",
		"system_info":	"Linux h1 6.6.87.2-microsoft-standard-WSL2 #1 SMP PREEMPT_DYNAMIC Thu Jun  5 18:30:46 UTC 2025 x86_64",
		"timestamp":	{
			"time":	"Mon, 06 Apr 2026 03:45:05 UTC",
			"timesecs":	1775447105
		},
		"connecting_to":	{
			"host":	"192.168.8.2",
			"port":	5203
		},
		"cookie":	"icuy7fujdj4gzckjqgrydvpdmkzetp62ag34",
		"tcp_mss_default":	9448,
		"target_bitrate":	20000000,
		"fq_rate":	0,
		"sock_bufsize":	0,
		"sndbuf_actual":	16384,
		"rcvbuf_actual":	131072,
		"test_start":	{
			"protocol":	"TCP",
			"num_streams":	1,
			"blksize":	131072,
			"omit":	0,
			"duration":	3,
			"bytes":	0,
			"blocks":	0,
			"reverse":	0,
			"tos":	0,
			"target_bitrate":	20000000,
			"bidir":	0,
			"fqrate":	0,
			"interval":	1
		}
	},
	"intervals":	[{
			"streams":	[{
					"socket":	5,
					"start":	0,
					"end":	1.001178,
					"seconds":	1.0011780261993408,
					"bytes":	2621440,
					"bits_per_second":	20946844.068893336,
					"retransmits":	0,
					"snd_cwnd":	151168,
					"snd_wnd":	-1,
					"rtt":	225,
					"rttvar":	120,
					"pmtu":	9500,
					"omitted":	false,
					"sender":	true
				}],
			"sum":	{
				"start":	0,
				"end":	1.001178,
				"seconds":	1.0011780261993408,
				"bytes":	2621440,
				"bits_per_second":	20946844.068893336,
				"retransmits":	0,
				"omitted":	false,
				"sender":	true
			}
		}, {
			"streams":	[{
					"socket":	5,
					"start":	1.001178,
					"end":	2.001192,
					"seconds":	1.0000139474868774,
					"bytes":	2490368,
					"bits_per_second":	19922666.1288756,
					"retransmits":	0,
					"snd_cwnd":	151168,
					"snd_wnd":	-1,
					"rtt":	192,
					"rttvar":	103,
					"pmtu":	9500,
					"omitted":	false,
					"sender":	true
				}],
			"sum":	{
				"start":	1.001178,
				"end":	2.001192,
				"seconds":	1.0000139474868774,
				"bytes":	2490368,
				"bits_per_second":	19922666.1288756,
				"retransmits":	0,
				"omitted":	false,
				"sender":	true
			}
		}, {
			"streams":	[{
					"socket":	5,
					"start":	2.001192,
					"end":	3.001332,
					"seconds":	1.0001399517059326,
					"bytes":	2490368,
					"bits_per_second":	19920156.140165739,
					"retransmits":	0,
					"snd_cwnd":	151168,
					"snd_wnd":	-1,
					"rtt":	257,
					"rttvar":	176,
					"pmtu":	9500,
					"omitted":	false,
					"sender":	true
				}],
			"sum":	{
				"start":	2.001192,
				"end":	3.001332,
				"seconds":	1.0001399517059326,
				"bytes":	2490368,
				"bits_per_second":	19920156.140165739,
				"retransmits":	0,
				"omitted":	false,
				"sender":	true
			}
		}],
	"end":	{
		"streams":	[{
				"sender":	{
					"socket":	5,
					"start":	0,
					"end":	3.001332,
					"seconds":	3.001332,
					"bytes":	7602176,
					"bits_per_second":	20263472.351609219,
					"retransmits":	0,
					"max_snd_cwnd":	151168,
					"max_snd_wnd":	0,
					"max_rtt":	257,
					"min_rtt":	192,
					"mean_rtt":	224,
					"sender":	true
				},
				"receiver":	{
					"socket":	5,
					"start":	0,
					"end":	3.00171,
					"seconds":	3.001332,
					"bytes":	7602176,
					"bits_per_second":	20260920.608586438,
					"sender":	true
				}
			}],
		"sum_sent":	{
			"start":	0,
			"end":	3.001332,
			"seconds":	3.001332,
			"bytes":	7602176,
			"bits_per_second":	20263472.351609219,
			"retransmits":	0,
			"sender":	true
		},
		"sum_received":	{
			"start":	0,
			"end":	3.00171,
			"seconds":	3.00171,
			"bytes":	7602176,
			"bits_per_second":	20260920.608586438,
			"sender":	true
		},
		"cpu_utilization_percent":	{
			"host_total":	1.1098349164207018,
			"host_user":	0,
			"host_system":	1.1098349164207018,
			"remote_total":	0.39439424107826621,
			"remote_user":	0.13758016075436014,
			"remote_system":	0.256281340108013
		},
		"sender_tcp_congestion":	"cubic",
		"receiver_tcp_congestion":	"cubic"
	}
}
