{
	"start":	{
		"connected":	[{
				"socket":	5,
				"local_host":	"192.168.1.2",
				"local_port":	37946,
				"remote_host":	"192.168.8.2",
				"remote_port":	5203
			}],
		"version":	"iperf 3.19.1",
		"system_info":	"Linux h1 6.6.87.2-microsoft-standard-WSL2 #1 SMP PREEMPT_DYNAMIC Thu Jun  5 18:30:46 UTC 2025 x86_64",
		"timestamp":	{
			"time":	"Mon, 06 Apr 2026 03:53:41 UTC",
			"timesecs":	1775447621
		},
		"connecting_to":	{
			"host":	"192.168.8.2",
			"port":	5203
		},
		"cookie":	"2q5vpya44swblcwn7pcwzhjroxn7yxi2miy2",
		"tcp_mss_default":	9448,
		"target_bitrate":	20000000,
		"fq_rate":	0,
		"sock_bufsize":	0,
		"sndbuf_actual":	16384,
		"rcvbuf_actual":	131072,
		"test_start":	{
			"protocol":	"TCP",
			"num_streams":	1,
			"blksize":	131072,
			"omit":	0,
			"duration":	3,
			"bytes":	0,
			"blocks":	0,
			"reverse":	0,
			"tos":	0,
			"target_bitrate":	20000000,
			"bidir":	0,
			"fqrate":	0,
			"interval":	1
		}
	},
	"intervals":	[{
			"streams":	[{
					"socket":	5,
					"start":	0,
					"end":	1.000365,
					"seconds":	1.0003650188446045,
					"bytes":	2621440,
					"bits_per_second":	20963867.793199684,
					"retransmits":	0,
					"snd_cwnd":	302336,
					"snd_wnd":	-1,
					"rtt":	328,
					"rttvar":	265,
					"pmtu":	9500,
					"omitted":	false,
					"sender":	true
				}],
			"sum":	{
				"start":	0,
				"end":	1.000365,
				"seconds":	1.0003650188446045,
				"bytes":	2621440,
				"bits_per_second":	20963867.793199684,
				"retransmits":	0,
				"omitted":	false,
				"sender":	true
			}
		}, {
			"streams":	[{
					"socket":	5,
					"start":	1.000365,
					"end":	2.000331,
					"seconds":	0.999966025352478,
					"bytes":	2490368,
					"bits_per_second":	19923620.897997372,
					"retransmits":	0,
					"snd_cwnd":	302336,
					"snd_wnd":	-1,
					"rtt":	328,
					"rttvar":	223,
					"pmtu":	9500,
					"omitted":	false,
					"sender":	true
				}],
			"sum":	{
				"start":	1.000365,
				"end":	2.000331,
				"seconds":	0.999966025352478,
				"bytes":	2490368,
				"bits_per_second":	19923620.897997372,
				"retransmits":	0,
				"omitted":	false,
				"sender":	true
			}
		}, {
			"streams":	[{
					"socket":	5,
					"start":	2.000331,
					"end":	3.000775,
					"seconds":	1.0004440546035767,
					"bytes":	2490368,
					"bits_per_second":	19914101.051751878,
					"retransmits":	0,
					"snd_cwnd":	302336,
					"snd_wnd":	-1,
					"rtt":	272,
					"rttvar":	163,
					"pmtu":	9500,
					"omitted":	false,
					"sender":	true
				}],
			"sum":	{
				"start":	2.000331,
				"end":	3.000775,
				"seconds":	1.0004440546035767,
				"bytes":	2490368,
				"bits_per_second":	19914101.051751878,
				"retransmits":	0,
				"omitted":	false,
				"sender":	true
			}
		}],
	"end":	{
		"streams":	[{
				"sender":	{
					"socket":	5,
					"start":	0,
					"end":	3.000775,
					"seconds":	3.000775,
					"bytes":	7602176,
					"bits_per_second":	20267233.631311912,
					"retransmits":	0,
					"max_snd_cwnd":	302336,
					"max_snd_wnd":	0,
					"max_rtt":	328,
					"min_rtt":	272,
					"mean_rtt":	309,
					"sender":	true
				},
				"receiver":	{
					"socket":	5,
					"start":	0,
					"end":	3.001871,
					"seconds":	3.000775,
					"bytes":	7602176,
					"bits_per_second":	20259833.950226374,
					"sender":	true
				}
			}],
		"sum_sent":	{
			"start":	0,
			"end":	3.000775,
			"seconds":	3.000775,
			"bytes":	7602176,
			"bits_per_second":	20267233.631311912,
			"retransmits":	0,
			"sender":	true
		},
		"sum_received":	{
			"start":	0,
			"end":	3.001871,
			"seconds":	3.001871,
			"bytes":	7602176,
			"bits_per_second":	20259833.950226374,
			"sender":	true
		},
		"cpu_utilization_percent":	{
			"host_total":	1.2874726031571688,
			"host_user":	0,
			"host_system":	1.2875059073271504,
			"remote_total":	0.49997484968941863,
			"remote_user":	0.11106110659367859,
			"remote_system":	0.38891374309574
		},
		"sender_tcp_congestion":	"cubic",
		"receiver_tcp_congestion":	"cubic"
	}
}
