{
	"start":	{
		"connected":	[{
				"socket":	5,
				"local_host":	"192.168.1.2",
				"local_port":	47720,
				"remote_host":	"192.168.8.2",
				"remote_port":	5202
			}],
		"version":	"iperf 3.19.1",
		"system_info":	"Linux h1 6.6.87.2-microsoft-standard-WSL2 #1 SMP PREEMPT_DYNAMIC Thu Jun  5 18:30:46 UTC 2025 x86_64",
		"timestamp":	{
			"time":	"Mon, 06 Apr 2026 03:53:22 UTC",
			"timesecs":	1775447602
		},
		"connecting_to":	{
			"host":	"192.168.8.2",
			"port":	5202
		},
		"cookie":	"dn6akqqpcx4zfyq7tocjq5rlpjnit3uiph4z",
		"tcp_mss_default":	9448,
		"target_bitrate":	20000000,
		"fq_rate":	0,
		"sock_bufsize":	0,
		"sndbuf_actual":	16384,
		"rcvbuf_actual":	131072,
		"test_start":	{
			"protocol":	"TCP",
			"num_streams":	1,
			"blksize":	131072,
			"omit":	0,
			"duration":	3,
			"bytes":	0,
			"blocks":	0,
			"reverse":	0,
			"tos":	0,
			"target_bitrate":	20000000,
			"bidir":	0,
			"fqrate":	0,
			"interval":	1
		}
	},
	"intervals":	[{
			"streams":	[{
					"socket":	5,
					"start":	0,
					"end":	1.000308,
					"seconds":	1.0003080368041992,
					"bytes":	2621440,
					"bits_per_second":	20965061.989304975,
					"retransmits":	0,
					"snd_cwnd":	302336,
					"snd_wnd":	-1,
					"rtt":	311,
					"rttvar":	101,
					"pmtu":	9500,
					"omitted":	false,
					"sender":	true
				}],
			"sum":	{
				"start":	0,
				"end":	1.000308,
				"seconds":	1.0003080368041992,
				"bytes":	2621440,
				"bits_per_second":	20965061.989304975,
				"retransmits":	0,
				"omitted":	false,
				"sender":	true
			}
		}, {
			"streams":	[{
					"socket":	5,
					"start":	1.000308,
					"end":	2.000286,
					"seconds":	0.999978005886078,
					"bytes":	2490368,
					"bits_per_second":	19923382.197137758,
					"retransmits":	0,
					"snd_cwnd":	302336,
					"snd_wnd":	-1,
					"rtt":	302,
					"rttvar":	190,
					"pmtu":	9500,
					"omitted":	false,
					"sender":	true
				}],
			"sum":	{
				"start":	1.000308,
				"end":	2.000286,
				"seconds":	0.999978005886078,
				"bytes":	2490368,
				"bits_per_second":	19923382.197137758,
				"retransmits":	0,
				"omitted":	false,
				"sender":	true
			}
		}, {
			"streams":	[{
					"socket":	5,
					"start":	2.000286,
					"end":	3.00163,
					"seconds":	1.0013439655303955,
					"bytes":	2490368,
					"bits_per_second":	19896204.187386442,
					"retransmits":	0,
					"snd_cwnd":	302336,
					"snd_wnd":	-1,
					"rtt":	299,
					"rttvar":	242,
					"pmtu":	9500,
					"omitted":	false,
					"sender":	true
				}],
			"sum":	{
				"start":	2.000286,
				"end":	3.00163,
				"seconds":	1.0013439655303955,
				"bytes":	2490368,
				"bits_per_second":	19896204.187386442,
				"retransmits":	0,
				"omitted":	false,
				"sender":	true
			}
		}],
	"end":	{
		"streams":	[{
				"sender":	{
					"socket":	5,
					"start":	0,
					"end":	3.00163,
					"seconds":	3.00163,
					"bytes":	7602176,
					"bits_per_second":	20261460.606403854,
					"retransmits":	0,
					"max_snd_cwnd":	302336,
					"max_snd_wnd":	0,
					"max_rtt":	311,
					"min_rtt":	299,
					"mean_rtt":	304,
					"sender":	true
				},
				"receiver":	{
					"socket":	5,
					"start":	0,
					"end":	3.001876,
					"seconds":	3.00163,
					"bytes":	7602176,
					"bits_per_second":	20259800.204938509,
					"sender":	true
				}
			}],
		"sum_sent":	{
			"start":	0,
			"end":	3.00163,
			"seconds":	3.00163,
			"bytes":	7602176,
			"bits_per_second":	20261460.606403854,
			"retransmits":	0,
			"sender":	true
		},
		"sum_received":	{
			"start":	0,
			"end":	3.001876,
			"seconds":	3.001876,
			"bytes":	7602176,
			"bits_per_second":	20259800.204938509,
			"sender":	true
		},
		"cpu_utilization_percent":	{
			"host_total":	1.5014422942652677,
			"host_user":	0,
			"host_system":	1.5014422942652677,
			"remote_total":	0.505890508198944,
			"remote_user":	0.007794717779584702,
			"remote_system":	0.49799585814013375
		},
		"sender_tcp_congestion":	"cubic",
		"receiver_tcp_congestion":	"cubic"
	}
}
