{
	"start":	{
		"connected":	[{
				"socket":	5,
				"local_host":	"192.168.1.2",
				"local_port":	59810,
				"remote_host":	"192.168.8.2",
				"remote_port":	5203
			}],
		"version":	"iperf 3.19.1",
		"system_info":	"Linux h1 6.6.87.2-microsoft-standard-WSL2 #1 SMP PREEMPT_DYNAMIC Thu Jun  5 18:30:46 UTC 2025 x86_64",
		"timestamp":	{
			"time":	"Mon, 06 Apr 2026 03:47:19 UTC",
			"timesecs":	1775447239
		},
		"connecting_to":	{
			"host":	"192.168.8.2",
			"port":	5203
		},
		"cookie":	"ngkrewo7uc3obwplencu2o5s7hujudqv3k4k",
		"tcp_mss_default":	9448,
		"target_bitrate":	20000000,
		"fq_rate":	0,
		"sock_bufsize":	0,
		"sndbuf_actual":	16384,
		"rcvbuf_actual":	131072,
		"test_start":	{
			"protocol":	"TCP",
			"num_streams":	1,
			"blksize":	131072,
			"omit":	0,
			"duration":	3,
			"bytes":	0,
			"blocks":	0,
			"reverse":	0,
			"tos":	0,
			"target_bitrate":	20000000,
			"bidir":	0,
			"fqrate":	0,
			"interval":	1
		}
	},
	"intervals":	[{
			"streams":	[{
					"socket":	5,
					"start":	0,
					"end":	1.001099,
					"seconds":	1.0010989904403687,
					"bytes":	2621440,
					"bits_per_second":	20948497.801176425,
					"retransmits":	0,
					"snd_cwnd":	245648,
					"snd_wnd":	-1,
					"rtt":	213,
					"rttvar":	100,
					"pmtu":	9500,
					"omitted":	false,
					"sender":	true
				}],
			"sum":	{
				"start":	0,
				"end":	1.001099,
				"seconds":	1.0010989904403687,
				"bytes":	2621440,
				"bits_per_second":	20948497.801176425,
				"retransmits":	0,
				"omitted":	false,
				"sender":	true
			}
		}, {
			"streams":	[{
					"socket":	5,
					"start":	1.001099,
					"end":	2.000395,
					"seconds":	0.999296009540558,
					"bytes":	2490368,
					"bits_per_second":	19936979.443318188,
					"retransmits":	0,
					"snd_cwnd":	245648,
					"snd_wnd":	-1,
					"rtt":	230,
					"rttvar":	102,
					"pmtu":	9500,
					"omitted":	false,
					"sender":	true
				}],
			"sum":	{
				"start":	1.001099,
				"end":	2.000395,
				"seconds":	0.999296009540558,
				"bytes":	2490368,
				"bits_per_second":	19936979.443318188,
				"retransmits":	0,
				"omitted":	false,
				"sender":	true
			}
		}, {
			"streams":	[{
					"socket":	5,
					"start":	2.000395,
					"end":	3.001319,
					"seconds":	1.0009239912033081,
					"bytes":	2490368,
					"bits_per_second":	19904552.36870553,
					"retransmits":	0,
					"snd_cwnd":	245648,
					"snd_wnd":	-1,
					"rtt":	171,
					"rttvar":	78,
					"pmtu":	9500,
					"omitted":	false,
					"sender":	true
				}],
			"sum":	{
				"start":	2.000395,
				"end":	3.001319,
				"seconds":	1.0009239912033081,
				"bytes":	2490368,
				"bits_per_second":	19904552.36870553,
				"retransmits":	0,
				"omitted":	false,
				"sender":	true
			}
		}],
	"end":	{
		"streams":	[{
				"sender":	{
					"socket":	5,
					"start":	0,
					"end":	3.001319,
					"seconds":	3.001319,
					"bytes":	7602176,
					"bits_per_second":	20263560.121399958,
					"retransmits":	0,
					"max_snd_cwnd":	245648,
					"max_snd_wnd":	0,
					"max_rtt":	230,
					"min_rtt":	171,
					"mean_rtt":	204,
					"sender":	true
				},
				"receiver":	{
					"socket":	5,
					"start":	0,
					"end":	3.001494,
					"seconds":	3.001319,
					"bytes":	7602176,
					"bits_per_second":	20262378.668756291,
					"sender":	true
				}
			}],
		"sum_sent":	{
			"start":	0,
			"end":	3.001319,
			"seconds":	3.001319,
			"bytes":	7602176,
			"bits_per_second":	20263560.121399958,
			"retransmits":	0,
			"sender":	true
		},
		"sum_received":	{
			"start":	0,
			"end":	3.001494,
			"seconds":	3.001494,
			"bytes":	7602176,
			"bits_per_second":	20262378.668756291,
			"sender":	true
		},
		"cpu_utilization_percent":	{
			"host_total":	0.788963764542284,
			"host_user":	0,
			"host_system":	0.788963764542284,
			"remote_total":	0.2744941647917839,
			"remote_user":	0,
			"remote_system":	0.2744941647917839
		},
		"sender_tcp_congestion":	"cubic",
		"receiver_tcp_congestion":	"cubic"
	}
}
