{
	"start":	{
		"connected":	[{
				"socket":	5,
				"local_host":	"192.168.1.2",
				"local_port":	54842,
				"remote_host":	"192.168.8.2",
				"remote_port":	5202
			}],
		"version":	"iperf 3.19.1",
		"system_info":	"Linux h1 6.6.87.2-microsoft-standard-WSL2 #1 SMP PREEMPT_DYNAMIC Thu Jun  5 18:30:46 UTC 2025 x86_64",
		"timestamp":	{
			"time":	"Mon, 06 Apr 2026 03:45:12 UTC",
			"timesecs":	1775447112
		},
		"connecting_to":	{
			"host":	"192.168.8.2",
			"port":	5202
		},
		"cookie":	"6p5xzvfhqrfouvtdy2n7cs7rk652rsumrm7p",
		"tcp_mss_default":	9448,
		"target_bitrate":	20000000,
		"fq_rate":	0,
		"sock_bufsize":	0,
		"sndbuf_actual":	16384,
		"rcvbuf_actual":	131072,
		"test_start":	{
			"protocol":	"TCP",
			"num_streams":	1,
			"blksize":	131072,
			"omit":	0,
			"duration":	3,
			"bytes":	0,
			"blocks":	0,
			"reverse":	0,
			"tos":	0,
			"target_bitrate":	20000000,
			"bidir":	0,
			"fqrate":	0,
			"interval":	1
		}
	},
	"intervals":	[{
			"streams":	[{
					"socket":	5,
					"start":	0,
					"end":	1.001117,
					"seconds":	1.0011169910430908,
					"bytes":	2621440,
					"bits_per_second":	20948121.136321146,
					"retransmits":	0,
					"snd_cwnd":	340128,
					"snd_wnd":	-1,
					"rtt":	245,
					"rttvar":	171,
					"pmtu":	9500,
					"omitted":	false,
					"sender":	true
				}],
			"sum":	{
				"start":	0,
				"end":	1.001117,
				"seconds":	1.0011169910430908,
				"bytes":	2621440,
				"bits_per_second":	20948121.136321146,
				"retransmits":	0,
				"omitted":	false,
				"sender":	true
			}
		}, {
			"streams":	[{
					"socket":	5,
					"start":	1.001117,
					"end":	2.001177,
					"seconds":	1.000059962272644,
					"bytes":	2490368,
					"bits_per_second":	19921749.446628135,
					"retransmits":	0,
					"snd_cwnd":	340128,
					"snd_wnd":	-1,
					"rtt":	215,
					"rttvar":	128,
					"pmtu":	9500,
					"omitted":	false,
					"sender":	true
				}],
			"sum":	{
				"start":	1.001117,
				"end":	2.001177,
				"seconds":	1.000059962272644,
				"bytes":	2490368,
				"bits_per_second":	19921749.446628135,
				"retransmits":	0,
				"omitted":	false,
				"sender":	true
			}
		}, {
			"streams":	[{
					"socket":	5,
					"start":	2.001177,
					"end":	3.001198,
					"seconds":	1.0000209808349609,
					"bytes":	2490368,
					"bits_per_second":	19922526.008769806,
					"retransmits":	0,
					"snd_cwnd":	340128,
					"snd_wnd":	-1,
					"rtt":	337,
					"rttvar":	249,
					"pmtu":	9500,
					"omitted":	false,
					"sender":	true
				}],
			"sum":	{
				"start":	2.001177,
				"end":	3.001198,
				"seconds":	1.0000209808349609,
				"bytes":	2490368,
				"bits_per_second":	19922526.008769806,
				"retransmits":	0,
				"omitted":	false,
				"sender":	true
			}
		}],
	"end":	{
		"streams":	[{
				"sender":	{
					"socket":	5,
					"start":	0,
					"end":	3.001198,
					"seconds":	3.001198,
					"bytes":	7602176,
					"bits_per_second":	20264377.09208123,
					"retransmits":	0,
					"max_snd_cwnd":	340128,
					"max_snd_wnd":	0,
					"max_rtt":	337,
					"min_rtt":	215,
					"mean_rtt":	265,
					"sender":	true
				},
				"receiver":	{
					"socket":	5,
					"start":	0,
					"end":	3.001459,
					"seconds":	3.001198,
					"bytes":	7602176,
					"bits_per_second":	20262614.948263492,
					"sender":	true
				}
			}],
		"sum_sent":	{
			"start":	0,
			"end":	3.001198,
			"seconds":	3.001198,
			"bytes":	7602176,
			"bits_per_second":	20264377.09208123,
			"retransmits":	0,
			"sender":	true
		},
		"sum_received":	{
			"start":	0,
			"end":	3.001459,
			"seconds":	3.001459,
			"bytes":	7602176,
			"bits_per_second":	20262614.948263492,
			"sender":	true
		},
		"cpu_utilization_percent":	{
			"host_total":	1.4077317018022391,
			"host_user":	0,
			"host_system":	1.4077650019796957,
			"remote_total":	0.45266009015221931,
			"remote_user":	0,
			"remote_system":	0.45259345880016921
		},
		"sender_tcp_congestion":	"cubic",
		"receiver_tcp_congestion":	"cubic"
	}
}
