{
	"start":	{
		"connected":	[{
				"socket":	5,
				"local_host":	"192.168.1.2",
				"local_port":	42852,
				"remote_host":	"192.168.8.2",
				"remote_port":	5203
			}],
		"version":	"iperf 3.19.1",
		"system_info":	"Linux h1 6.6.87.2-microsoft-standard-WSL2 #1 SMP PREEMPT_DYNAMIC Thu Jun  5 18:30:46 UTC 2025 x86_64",
		"timestamp":	{
			"time":	"Mon, 06 Apr 2026 04:06:11 UTC",
			"timesecs":	1775448371
		},
		"connecting_to":	{
			"host":	"192.168.8.2",
			"port":	5203
		},
		"cookie":	"ecgajtsqrc3fvwzz4cglapfaulyqbioshdfi",
		"tcp_mss_default":	9448,
		"target_bitrate":	20000000,
		"fq_rate":	0,
		"sock_bufsize":	0,
		"sndbuf_actual":	16384,
		"rcvbuf_actual":	131072,
		"test_start":	{
			"protocol":	"TCP",
			"num_streams":	1,
			"blksize":	131072,
			"omit":	0,
			"duration":	3,
			"bytes":	0,
			"blocks":	0,
			"reverse":	0,
			"tos":	0,
			"target_bitrate":	20000000,
			"bidir":	0,
			"fqrate":	0,
			"interval":	1
		}
	},
	"intervals":	[{
			"streams":	[{
					"socket":	5,
					"start":	0,
					"end":	1.001103,
					"seconds":	1.0011030435562134,
					"bytes":	2621440,
					"bits_per_second":	20948412.988040645,
					"retransmits":	0,
					"snd_cwnd":	207856,
					"snd_wnd":	-1,
					"rtt":	202,
					"rttvar":	184,
					"pmtu":	9500,
					"omitted":	false,
					"sender":	true
				}],
			"sum":	{
				"start":	0,
				"end":	1.001103,
				"seconds":	1.0011030435562134,
				"bytes":	2621440,
				"bits_per_second":	20948412.988040645,
				"retransmits":	0,
				"omitted":	false,
				"sender":	true
			}
		}, {
			"streams":	[{
					"socket":	5,
					"start":	1.001103,
					"end":	2.001042,
					"seconds":	0.99993902444839478,
					"bytes":	2490368,
					"bits_per_second":	19924158.886578381,
					"retransmits":	0,
					"snd_cwnd":	207856,
					"snd_wnd":	-1,
					"rtt":	146,
					"rttvar":	81,
					"pmtu":	9500,
					"omitted":	false,
					"sender":	true
				}],
			"sum":	{
				"start":	1.001103,
				"end":	2.001042,
				"seconds":	0.99993902444839478,
				"bytes":	2490368,
				"bits_per_second":	19924158.886578381,
				"retransmits":	0,
				"omitted":	false,
				"sender":	true
			}
		}, {
			"streams":	[{
					"socket":	5,
					"start":	2.001042,
					"end":	3.001332,
					"seconds":	1.0002900362014771,
					"bytes":	2490368,
					"bits_per_second":	19917167.300451994,
					"retransmits":	0,
					"snd_cwnd":	207856,
					"snd_wnd":	-1,
					"rtt":	161,
					"rttvar":	70,
					"pmtu":	9500,
					"omitted":	false,
					"sender":	true
				}],
			"sum":	{
				"start":	2.001042,
				"end":	3.001332,
				"seconds":	1.0002900362014771,
				"bytes":	2490368,
				"bits_per_second":	19917167.300451994,
				"retransmits":	0,
				"omitted":	false,
				"sender":	true
			}
		}],
	"end":	{
		"streams":	[{
				"sender":	{
					"socket":	5,
					"start":	0,
					"end":	3.001332,
					"seconds":	3.001332,
					"bytes":	7602176,
					"bits_per_second":	20263472.351609219,
					"retransmits":	0,
					"max_snd_cwnd":	207856,
					"max_snd_wnd":	0,
					"max_rtt":	202,
					"min_rtt":	146,
					"mean_rtt":	169,
					"sender":	true
				},
				"receiver":	{
					"socket":	5,
					"start":	0,
					"end":	3.001533,
					"seconds":	3.001332,
					"bytes":	7602176,
					"bits_per_second":	20262115.392367836,
					"sender":	true
				}
			}],
		"sum_sent":	{
			"start":	0,
			"end":	3.001332,
			"seconds":	3.001332,
			"bytes":	7602176,
			"bits_per_second":	20263472.351609219,
			"retransmits":	0,
			"sender":	true
		},
		"sum_received":	{
			"start":	0,
			"end":	3.001533,
			"seconds":	3.001533,
			"bytes":	7602176,
			"bits_per_second":	20262115.392367836,
			"sender":	true
		},
		"cpu_utilization_percent":	{
			"host_total":	0.65000466287419567,
			"host_user":	0,
			"host_system":	0.65000466287419567,
			"remote_total":	0.2127883570420053,
			"remote_user":	0.019956196315666381,
			"remote_system":	0.1928654765799544
		},
		"sender_tcp_congestion":	"cubic",
		"receiver_tcp_congestion":	"cubic"
	}
}
