{
	"start":	{
		"connected":	[{
				"socket":	5,
				"local_host":	"192.168.1.2",
				"local_port":	55964,
				"remote_host":	"192.168.8.2",
				"remote_port":	5202
			}],
		"version":	"iperf 3.19.1",
		"system_info":	"Linux h1 6.6.87.2-microsoft-standard-WSL2 #1 SMP PREEMPT_DYNAMIC Thu Jun  5 18:30:46 UTC 2025 x86_64",
		"timestamp":	{
			"time":	"Mon, 06 Apr 2026 03:47:05 UTC",
			"timesecs":	1775447225
		},
		"connecting_to":	{
			"host":	"192.168.8.2",
			"port":	5202
		},
		"cookie":	"63dsvzkiwa77kdod5q5zkqzrj6k2mrvwhwnt",
		"tcp_mss_default":	9448,
		"target_bitrate":	20000000,
		"fq_rate":	0,
		"sock_bufsize":	0,
		"sndbuf_actual":	16384,
		"rcvbuf_actual":	131072,
		"test_start":	{
			"protocol":	"TCP",
			"num_streams":	1,
			"blksize":	131072,
			"omit":	0,
			"duration":	3,
			"bytes":	0,
			"blocks":	0,
			"reverse":	0,
			"tos":	0,
			"target_bitrate":	20000000,
			"bidir":	0,
			"fqrate":	0,
			"interval":	1
		}
	},
	"intervals":	[{
			"streams":	[{
					"socket":	5,
					"start":	0,
					"end":	1.001097,
					"seconds":	1.0010969638824463,
					"bytes":	2621440,
					"bits_per_second":	20948540.208001848,
					"retransmits":	0,
					"snd_cwnd":	207856,
					"snd_wnd":	-1,
					"rtt":	235,
					"rttvar":	145,
					"pmtu":	9500,
					"omitted":	false,
					"sender":	true
				}],
			"sum":	{
				"start":	0,
				"end":	1.001097,
				"seconds":	1.0010969638824463,
				"bytes":	2621440,
				"bits_per_second":	20948540.208001848,
				"retransmits":	0,
				"omitted":	false,
				"sender":	true
			}
		}, {
			"streams":	[{
					"socket":	5,
					"start":	1.001097,
					"end":	2.001075,
					"seconds":	0.999978005886078,
					"bytes":	2490368,
					"bits_per_second":	19923382.197137758,
					"retransmits":	0,
					"snd_cwnd":	207856,
					"snd_wnd":	-1,
					"rtt":	280,
					"rttvar":	148,
					"pmtu":	9500,
					"omitted":	false,
					"sender":	true
				}],
			"sum":	{
				"start":	1.001097,
				"end":	2.001075,
				"seconds":	0.999978005886078,
				"bytes":	2490368,
				"bits_per_second":	19923382.197137758,
				"retransmits":	0,
				"omitted":	false,
				"sender":	true
			}
		}, {
			"streams":	[{
					"socket":	5,
					"start":	2.001075,
					"end":	3.001553,
					"seconds":	1.0004780292510986,
					"bytes":	2490368,
					"bits_per_second":	19913424.800455831,
					"retransmits":	0,
					"snd_cwnd":	207856,
					"snd_wnd":	-1,
					"rtt":	331,
					"rttvar":	187,
					"pmtu":	9500,
					"omitted":	false,
					"sender":	true
				}],
			"sum":	{
				"start":	2.001075,
				"end":	3.001553,
				"seconds":	1.0004780292510986,
				"bytes":	2490368,
				"bits_per_second":	19913424.800455831,
				"retransmits":	0,
				"omitted":	false,
				"sender":	true
			}
		}],
	"end":	{
		"streams":	[{
				"sender":	{
					"socket":	5,
					"start":	0,
					"end":	3.001553,
					"seconds":	3.001553,
					"bytes":	7602176,
					"bits_per_second":	20261980.381489184,
					"retransmits":	0,
					"max_snd_cwnd":	207856,
					"max_snd_wnd":	0,
					"max_rtt":	331,
					"min_rtt":	235,
					"mean_rtt":	282,
					"sender":	true
				},
				"receiver":	{
					"socket":	5,
					"start":	0,
					"end":	3.002153,
					"seconds":	3.001553,
					"bytes":	7602176,
					"bits_per_second":	20257930.8915968,
					"sender":	true
				}
			}],
		"sum_sent":	{
			"start":	0,
			"end":	3.001553,
			"seconds":	3.001553,
			"bytes":	7602176,
			"bits_per_second":	20261980.381489184,
			"retransmits":	0,
			"sender":	true
		},
		"sum_received":	{
			"start":	0,
			"end":	3.002153,
			"seconds":	3.002153,
			"bytes":	7602176,
			"bits_per_second":	20257930.8915968,
			"sender":	true
		},
		"cpu_utilization_percent":	{
			"host_total":	1.372137010569501,
			"host_user":	0.0097569747384264969,
			"host_system":	1.3625798373615543,
			"remote_total":	0.44624150535643031,
			"remote_user":	0,
			"remote_system":	0.44657459597773091
		},
		"sender_tcp_congestion":	"cubic",
		"receiver_tcp_congestion":	"cubic"
	}
}
