{
	"start":	{
		"connected":	[{
				"socket":	5,
				"local_host":	"192.168.1.2",
				"local_port":	56744,
				"remote_host":	"192.168.8.2",
				"remote_port":	5202
			}],
		"version":	"iperf 3.19.1",
		"system_info":	"Linux h1 6.6.87.2-microsoft-standard-WSL2 #1 SMP PREEMPT_DYNAMIC Thu Jun  5 18:30:46 UTC 2025 x86_64",
		"timestamp":	{
			"time":	"Mon, 06 Apr 2026 03:59:41 UTC",
			"timesecs":	1775447981
		},
		"connecting_to":	{
			"host":	"192.168.8.2",
			"port":	5202
		},
		"cookie":	"mnz57ckump4izlojaqskayt23ffzg6efr2bl",
		"tcp_mss_default":	9448,
		"target_bitrate":	20000000,
		"fq_rate":	0,
		"sock_bufsize":	0,
		"sndbuf_actual":	16384,
		"rcvbuf_actual":	131072,
		"test_start":	{
			"protocol":	"TCP",
			"num_streams":	1,
			"blksize":	131072,
			"omit":	0,
			"duration":	3,
			"bytes":	0,
			"blocks":	0,
			"reverse":	0,
			"tos":	0,
			"target_bitrate":	20000000,
			"bidir":	0,
			"fqrate":	0,
			"interval":	1
		}
	},
	"intervals":	[{
			"streams":	[{
					"socket":	5,
					"start":	0,
					"end":	1.001154,
					"seconds":	1.0011539459228516,
					"bytes":	2621440,
					"bits_per_second":	20947347.893303968,
					"retransmits":	0,
					"snd_cwnd":	264544,
					"snd_wnd":	-1,
					"rtt":	564,
					"rttvar":	560,
					"pmtu":	9500,
					"omitted":	false,
					"sender":	true
				}],
			"sum":	{
				"start":	0,
				"end":	1.001154,
				"seconds":	1.0011539459228516,
				"bytes":	2621440,
				"bits_per_second":	20947347.893303968,
				"retransmits":	0,
				"omitted":	false,
				"sender":	true
			}
		}, {
			"streams":	[{
					"socket":	5,
					"start":	1.001154,
					"end":	2.001126,
					"seconds":	0.99997198581695557,
					"bytes":	2490368,
					"bits_per_second":	19923502.140635855,
					"retransmits":	0,
					"snd_cwnd":	264544,
					"snd_wnd":	-1,
					"rtt":	356,
					"rttvar":	252,
					"pmtu":	9500,
					"omitted":	false,
					"sender":	true
				}],
			"sum":	{
				"start":	1.001154,
				"end":	2.001126,
				"seconds":	0.99997198581695557,
				"bytes":	2490368,
				"bits_per_second":	19923502.140635855,
				"retransmits":	0,
				"omitted":	false,
				"sender":	true
			}
		}, {
			"streams":	[{
					"socket":	5,
					"start":	2.001126,
					"end":	3.001376,
					"seconds":	1.000249981880188,
					"bytes":	2490368,
					"bits_per_second":	19917964.869692355,
					"retransmits":	0,
					"snd_cwnd":	264544,
					"snd_wnd":	-1,
					"rtt":	307,
					"rttvar":	274,
					"pmtu":	9500,
					"omitted":	false,
					"sender":	true
				}],
			"sum":	{
				"start":	2.001126,
				"end":	3.001376,
				"seconds":	1.000249981880188,
				"bytes":	2490368,
				"bits_per_second":	19917964.869692355,
				"retransmits":	0,
				"omitted":	false,
				"sender":	true
			}
		}],
	"end":	{
		"streams":	[{
				"sender":	{
					"socket":	5,
					"start":	0,
					"end":	3.001376,
					"seconds":	3.001376,
					"bytes":	7602176,
					"bits_per_second":	20263175.290266864,
					"retransmits":	0,
					"max_snd_cwnd":	264544,
					"max_snd_wnd":	0,
					"max_rtt":	564,
					"min_rtt":	307,
					"mean_rtt":	409,
					"sender":	true
				},
				"receiver":	{
					"socket":	5,
					"start":	0,
					"end":	3.001772,
					"seconds":	3.001376,
					"bytes":	7602176,
					"bits_per_second":	20260502.130075168,
					"sender":	true
				}
			}],
		"sum_sent":	{
			"start":	0,
			"end":	3.001376,
			"seconds":	3.001376,
			"bytes":	7602176,
			"bits_per_second":	20263175.290266864,
			"retransmits":	0,
			"sender":	true
		},
		"sum_received":	{
			"start":	0,
			"end":	3.001772,
			"seconds":	3.001772,
			"bytes":	7602176,
			"bits_per_second":	20260502.130075168,
			"sender":	true
		},
		"cpu_utilization_percent":	{
			"host_total":	1.3079792193952311,
			"host_user":	0,
			"host_system":	1.3080125216464633,
			"remote_total":	0.41298072678878084,
			"remote_user":	0.00046638139671234427,
			"remote_system":	0.41251434539206855
		},
		"sender_tcp_congestion":	"cubic",
		"receiver_tcp_congestion":	"cubic"
	}
}
