{
	"start":	{
		"connected":	[{
				"socket":	5,
				"local_host":	"192.168.1.2",
				"local_port":	47042,
				"remote_host":	"192.168.8.2",
				"remote_port":	5203
			}],
		"version":	"iperf 3.19.1",
		"system_info":	"Linux h1 6.6.87.2-microsoft-standard-WSL2 #1 SMP PREEMPT_DYNAMIC Thu Jun  5 18:30:46 UTC 2025 x86_64",
		"timestamp":	{
			"time":	"Mon, 06 Apr 2026 03:48:21 UTC",
			"timesecs":	1775447301
		},
		"connecting_to":	{
			"host":	"192.168.8.2",
			"port":	5203
		},
		"cookie":	"w2gycrp3qz5dtd6ha5ntthyhztx3e3l2gbfr",
		"tcp_mss_default":	9448,
		"target_bitrate":	20000000,
		"fq_rate":	0,
		"sock_bufsize":	0,
		"sndbuf_actual":	16384,
		"rcvbuf_actual":	131072,
		"test_start":	{
			"protocol":	"TCP",
			"num_streams":	1,
			"blksize":	131072,
			"omit":	0,
			"duration":	3,
			"bytes":	0,
			"blocks":	0,
			"reverse":	0,
			"tos":	0,
			"target_bitrate":	20000000,
			"bidir":	0,
			"fqrate":	0,
			"interval":	1
		}
	},
	"intervals":	[{
			"streams":	[{
					"socket":	5,
					"start":	0,
					"end":	1.001086,
					"seconds":	1.0010859966278076,
					"bytes":	2621440,
					"bits_per_second":	20948769.706741761,
					"retransmits":	0,
					"snd_cwnd":	198408,
					"snd_wnd":	-1,
					"rtt":	155,
					"rttvar":	82,
					"pmtu":	9500,
					"omitted":	false,
					"sender":	true
				}],
			"sum":	{
				"start":	0,
				"end":	1.001086,
				"seconds":	1.0010859966278076,
				"bytes":	2621440,
				"bits_per_second":	20948769.706741761,
				"retransmits":	0,
				"omitted":	false,
				"sender":	true
			}
		}, {
			"streams":	[{
					"socket":	5,
					"start":	1.001086,
					"end":	2.001093,
					"seconds":	1.0000070333480835,
					"bytes":	2490368,
					"bits_per_second":	19922803.87598554,
					"retransmits":	0,
					"snd_cwnd":	198408,
					"snd_wnd":	-1,
					"rtt":	483,
					"rttvar":	310,
					"pmtu":	9500,
					"omitted":	false,
					"sender":	true
				}],
			"sum":	{
				"start":	1.001086,
				"end":	2.001093,
				"seconds":	1.0000070333480835,
				"bytes":	2490368,
				"bits_per_second":	19922803.87598554,
				"retransmits":	0,
				"omitted":	false,
				"sender":	true
			}
		}, {
			"streams":	[{
					"socket":	5,
					"start":	2.001093,
					"end":	3.001357,
					"seconds":	1.000264048576355,
					"bytes":	2490368,
					"bits_per_second":	19917684.763693858,
					"retransmits":	0,
					"snd_cwnd":	198408,
					"snd_wnd":	-1,
					"rtt":	285,
					"rttvar":	179,
					"pmtu":	9500,
					"omitted":	false,
					"sender":	true
				}],
			"sum":	{
				"start":	2.001093,
				"end":	3.001357,
				"seconds":	1.000264048576355,
				"bytes":	2490368,
				"bits_per_second":	19917684.763693858,
				"retransmits":	0,
				"omitted":	false,
				"sender":	true
			}
		}],
	"end":	{
		"streams":	[{
				"sender":	{
					"socket":	5,
					"start":	0,
					"end":	3.001357,
					"seconds":	3.001357,
					"bytes":	7602176,
					"bits_per_second":	20263303.56568712,
					"retransmits":	0,
					"max_snd_cwnd":	198408,
					"max_snd_wnd":	0,
					"max_rtt":	483,
					"min_rtt":	155,
					"mean_rtt":	307,
					"sender":	true
				},
				"receiver":	{
					"socket":	5,
					"start":	0,
					"end":	3.001532,
					"seconds":	3.001357,
					"bytes":	7602176,
					"bits_per_second":	20262122.142959,
					"sender":	true
				}
			}],
		"sum_sent":	{
			"start":	0,
			"end":	3.001357,
			"seconds":	3.001357,
			"bytes":	7602176,
			"bits_per_second":	20263303.56568712,
			"retransmits":	0,
			"sender":	true
		},
		"sum_received":	{
			"start":	0,
			"end":	3.001532,
			"seconds":	3.001532,
			"bytes":	7602176,
			"bits_per_second":	20262122.142959,
			"sender":	true
		},
		"cpu_utilization_percent":	{
			"host_total":	1.1452673306100267,
			"host_user":	0.247388665942716,
			"host_system":	0.897978565865026,
			"remote_total":	0.53105258353417162,
			"remote_user":	0,
			"remote_system":	0.53105258353417162
		},
		"sender_tcp_congestion":	"cubic",
		"receiver_tcp_congestion":	"cubic"
	}
}
