{
	"start":	{
		"connected":	[{
				"socket":	5,
				"local_host":	"192.168.1.2",
				"local_port":	36160,
				"remote_host":	"192.168.8.2",
				"remote_port":	5203
			}],
		"version":	"iperf 3.19.1",
		"system_info":	"Linux h1 6.6.87.2-microsoft-standard-WSL2 #1 SMP PREEMPT_DYNAMIC Thu Jun  5 18:30:46 UTC 2025 x86_64",
		"timestamp":	{
			"time":	"Mon, 06 Apr 2026 04:06:16 UTC",
			"timesecs":	1775448376
		},
		"connecting_to":	{
			"host":	"192.168.8.2",
			"port":	5203
		},
		"cookie":	"nfekbfplai2pje6mdttfzvcv33mvvfvchvqk",
		"tcp_mss_default":	9448,
		"target_bitrate":	20000000,
		"fq_rate":	0,
		"sock_bufsize":	0,
		"sndbuf_actual":	16384,
		"rcvbuf_actual":	131072,
		"test_start":	{
			"protocol":	"TCP",
			"num_streams":	1,
			"blksize":	131072,
			"omit":	0,
			"duration":	3,
			"bytes":	0,
			"blocks":	0,
			"reverse":	0,
			"tos":	0,
			"target_bitrate":	20000000,
			"bidir":	0,
			"fqrate":	0,
			"interval":	1
		}
	},
	"intervals":	[{
			"streams":	[{
					"socket":	5,
					"start":	0,
					"end":	1.001609,
					"seconds":	1.0016089677810669,
					"bytes":	2621440,
					"bits_per_second":	20937831.703383856,
					"retransmits":	0,
					"snd_cwnd":	264544,
					"snd_wnd":	-1,
					"rtt":	129,
					"rttvar":	49,
					"pmtu":	9500,
					"omitted":	false,
					"sender":	true
				}],
			"sum":	{
				"start":	0,
				"end":	1.001609,
				"seconds":	1.0016089677810669,
				"bytes":	2621440,
				"bits_per_second":	20937831.703383856,
				"retransmits":	0,
				"omitted":	false,
				"sender":	true
			}
		}, {
			"streams":	[{
					"socket":	5,
					"start":	1.001609,
					"end":	2.000993,
					"seconds":	0.99938398599624634,
					"bytes":	2490368,
					"bits_per_second":	19935224.377384439,
					"retransmits":	0,
					"snd_cwnd":	264544,
					"snd_wnd":	-1,
					"rtt":	132,
					"rttvar":	50,
					"pmtu":	9500,
					"omitted":	false,
					"sender":	true
				}],
			"sum":	{
				"start":	1.001609,
				"end":	2.000993,
				"seconds":	0.99938398599624634,
				"bytes":	2490368,
				"bits_per_second":	19935224.377384439,
				"retransmits":	0,
				"omitted":	false,
				"sender":	true
			}
		}, {
			"streams":	[{
					"socket":	5,
					"start":	2.000993,
					"end":	3.001335,
					"seconds":	1.0003420114517212,
					"bytes":	2490368,
					"bits_per_second":	19916132.454626523,
					"retransmits":	0,
					"snd_cwnd":	264544,
					"snd_wnd":	-1,
					"rtt":	157,
					"rttvar":	73,
					"pmtu":	9500,
					"omitted":	false,
					"sender":	true
				}],
			"sum":	{
				"start":	2.000993,
				"end":	3.001335,
				"seconds":	1.0003420114517212,
				"bytes":	2490368,
				"bits_per_second":	19916132.454626523,
				"retransmits":	0,
				"omitted":	false,
				"sender":	true
			}
		}],
	"end":	{
		"streams":	[{
				"sender":	{
					"socket":	5,
					"start":	0,
					"end":	3.001335,
					"seconds":	3.001335,
					"bytes":	7602176,
					"bits_per_second":	20263452.0971501,
					"retransmits":	0,
					"max_snd_cwnd":	264544,
					"max_snd_wnd":	0,
					"max_rtt":	157,
					"min_rtt":	129,
					"mean_rtt":	139,
					"sender":	true
				},
				"receiver":	{
					"socket":	5,
					"start":	0,
					"end":	3.001542,
					"seconds":	3.001335,
					"bytes":	7602176,
					"bits_per_second":	20262054.637249786,
					"sender":	true
				}
			}],
		"sum_sent":	{
			"start":	0,
			"end":	3.001335,
			"seconds":	3.001335,
			"bytes":	7602176,
			"bits_per_second":	20263452.0971501,
			"retransmits":	0,
			"sender":	true
		},
		"sum_received":	{
			"start":	0,
			"end":	3.001542,
			"seconds":	3.001542,
			"bytes":	7602176,
			"bits_per_second":	20262054.637249786,
			"sender":	true
		},
		"cpu_utilization_percent":	{
			"host_total":	0.57066101623223175,
			"host_user":	0,
			"host_system":	0.57066101623223175,
			"remote_total":	0.18053806941204026,
			"remote_user":	0.016924402890075,
			"remote_system":	0.16361366652196524
		},
		"sender_tcp_congestion":	"cubic",
		"receiver_tcp_congestion":	"cubic"
	}
}
