{
	"start":	{
		"connected":	[{
				"socket":	5,
				"local_host":	"192.168.1.2",
				"local_port":	49198,
				"remote_host":	"192.168.8.2",
				"remote_port":	5203
			}],
		"version":	"iperf 3.19.1",
		"system_info":	"Linux h1 6.6.87.2-microsoft-standard-WSL2 #1 SMP PREEMPT_DYNAMIC Thu Jun  5 18:30:46 UTC 2025 x86_64",
		"timestamp":	{
			"time":	"Mon, 06 Apr 2026 03:45:50 UTC",
			"timesecs":	1775447150
		},
		"connecting_to":	{
			"host":	"192.168.8.2",
			"port":	5203
		},
		"cookie":	"jwliw7oz5noczrt7qbf5cik46ghucnu3gsli",
		"tcp_mss_default":	9448,
		"target_bitrate":	20000000,
		"fq_rate":	0,
		"sock_bufsize":	0,
		"sndbuf_actual":	16384,
		"rcvbuf_actual":	131072,
		"test_start":	{
			"protocol":	"TCP",
			"num_streams":	1,
			"blksize":	131072,
			"omit":	0,
			"duration":	3,
			"bytes":	0,
			"blocks":	0,
			"reverse":	0,
			"tos":	0,
			"target_bitrate":	20000000,
			"bidir":	0,
			"fqrate":	0,
			"interval":	1
		}
	},
	"intervals":	[{
			"streams":	[{
					"socket":	5,
					"start":	0,
					"end":	1.001115,
					"seconds":	1.0011149644851685,
					"bytes":	2621440,
					"bits_per_second":	20948163.541621592,
					"retransmits":	0,
					"snd_cwnd":	264544,
					"snd_wnd":	-1,
					"rtt":	136,
					"rttvar":	64,
					"pmtu":	9500,
					"omitted":	false,
					"sender":	true
				}],
			"sum":	{
				"start":	0,
				"end":	1.001115,
				"seconds":	1.0011149644851685,
				"bytes":	2621440,
				"bits_per_second":	20948163.541621592,
				"retransmits":	0,
				"omitted":	false,
				"sender":	true
			}
		}, {
			"streams":	[{
					"socket":	5,
					"start":	1.001115,
					"end":	2.001051,
					"seconds":	0.99993598461151123,
					"bytes":	2490368,
					"bits_per_second":	19924219.456648853,
					"retransmits":	0,
					"snd_cwnd":	264544,
					"snd_wnd":	-1,
					"rtt":	134,
					"rttvar":	66,
					"pmtu":	9500,
					"omitted":	false,
					"sender":	true
				}],
			"sum":	{
				"start":	1.001115,
				"end":	2.001051,
				"seconds":	0.99993598461151123,
				"bytes":	2490368,
				"bits_per_second":	19924219.456648853,
				"retransmits":	0,
				"omitted":	false,
				"sender":	true
			}
		}, {
			"streams":	[{
					"socket":	5,
					"start":	2.001051,
					"end":	3.001376,
					"seconds":	1.0003249645233154,
					"bytes":	2490368,
					"bits_per_second":	19916471.853218094,
					"retransmits":	0,
					"snd_cwnd":	264544,
					"snd_wnd":	-1,
					"rtt":	158,
					"rttvar":	85,
					"pmtu":	9500,
					"omitted":	false,
					"sender":	true
				}],
			"sum":	{
				"start":	2.001051,
				"end":	3.001376,
				"seconds":	1.0003249645233154,
				"bytes":	2490368,
				"bits_per_second":	19916471.853218094,
				"retransmits":	0,
				"omitted":	false,
				"sender":	true
			}
		}],
	"end":	{
		"streams":	[{
				"sender":	{
					"socket":	5,
					"start":	0,
					"end":	3.001376,
					"seconds":	3.001376,
					"bytes":	7602176,
					"bits_per_second":	20263175.290266864,
					"retransmits":	0,
					"max_snd_cwnd":	264544,
					"max_snd_wnd":	0,
					"max_rtt":	158,
					"min_rtt":	134,
					"mean_rtt":	142,
					"sender":	true
				},
				"receiver":	{
					"socket":	5,
					"start":	0,
					"end":	3.001568,
					"seconds":	3.001376,
					"bytes":	7602176,
					"bits_per_second":	20261879.124510925,
					"sender":	true
				}
			}],
		"sum_sent":	{
			"start":	0,
			"end":	3.001376,
			"seconds":	3.001376,
			"bytes":	7602176,
			"bits_per_second":	20263175.290266864,
			"retransmits":	0,
			"sender":	true
		},
		"sum_received":	{
			"start":	0,
			"end":	3.001568,
			"seconds":	3.001568,
			"bytes":	7602176,
			"bits_per_second":	20261879.124510925,
			"sender":	true
		},
		"cpu_utilization_percent":	{
			"host_total":	0.615491689047325,
			"host_user":	0,
			"host_system":	0.61552498946874179,
			"remote_total":	0.20035647060783235,
			"remote_user":	0.022720836873053155,
			"remote_system":	0.1776356337347792
		},
		"sender_tcp_congestion":	"cubic",
		"receiver_tcp_congestion":	"cubic"
	}
}
