{
	"start":	{
		"connected":	[{
				"socket":	5,
				"local_host":	"192.168.1.2",
				"local_port":	39230,
				"remote_host":	"192.168.8.2",
				"remote_port":	5204
			}],
		"version":	"iperf 3.19.1",
		"system_info":	"Linux h1 6.6.87.2-microsoft-standard-WSL2 #1 SMP PREEMPT_DYNAMIC Thu Jun  5 18:30:46 UTC 2025 x86_64",
		"timestamp":	{
			"time":	"Mon, 06 Apr 2026 03:47:18 UTC",
			"timesecs":	1775447238
		},
		"connecting_to":	{
			"host":	"192.168.8.2",
			"port":	5204
		},
		"cookie":	"oniugr5kekddjpipcafnegflm45y4ml3qu7d",
		"tcp_mss_default":	9448,
		"target_bitrate":	20000000,
		"fq_rate":	0,
		"sock_bufsize":	0,
		"sndbuf_actual":	16384,
		"rcvbuf_actual":	131072,
		"test_start":	{
			"protocol":	"TCP",
			"num_streams":	1,
			"blksize":	131072,
			"omit":	0,
			"duration":	3,
			"bytes":	0,
			"blocks":	0,
			"reverse":	0,
			"tos":	0,
			"target_bitrate":	20000000,
			"bidir":	0,
			"fqrate":	0,
			"interval":	1
		}
	},
	"intervals":	[{
			"streams":	[{
					"socket":	5,
					"start":	0,
					"end":	1.001189,
					"seconds":	1.0011889934539795,
					"bytes":	2621440,
					"bits_per_second":	20946614.612342894,
					"retransmits":	0,
					"snd_cwnd":	160616,
					"snd_wnd":	-1,
					"rtt":	187,
					"rttvar":	100,
					"pmtu":	9500,
					"omitted":	false,
					"sender":	true
				}],
			"sum":	{
				"start":	0,
				"end":	1.001189,
				"seconds":	1.0011889934539795,
				"bytes":	2621440,
				"bits_per_second":	20946614.612342894,
				"retransmits":	0,
				"omitted":	false,
				"sender":	true
			}
		}, {
			"streams":	[{
					"socket":	5,
					"start":	1.001189,
					"end":	2.001166,
					"seconds":	0.9999769926071167,
					"bytes":	2490368,
					"bits_per_second":	19923402.385546256,
					"retransmits":	0,
					"snd_cwnd":	160616,
					"snd_wnd":	-1,
					"rtt":	161,
					"rttvar":	90,
					"pmtu":	9500,
					"omitted":	false,
					"sender":	true
				}],
			"sum":	{
				"start":	1.001189,
				"end":	2.001166,
				"seconds":	0.9999769926071167,
				"bytes":	2490368,
				"bits_per_second":	19923402.385546256,
				"retransmits":	0,
				"omitted":	false,
				"sender":	true
			}
		}, {
			"streams":	[{
					"socket":	5,
					"start":	2.001166,
					"end":	3.00135,
					"seconds":	1.0001840591430664,
					"bytes":	2490368,
					"bits_per_second":	19919277.674820669,
					"retransmits":	0,
					"snd_cwnd":	160616,
					"snd_wnd":	-1,
					"rtt":	177,
					"rttvar":	109,
					"pmtu":	9500,
					"omitted":	false,
					"sender":	true
				}],
			"sum":	{
				"start":	2.001166,
				"end":	3.00135,
				"seconds":	1.0001840591430664,
				"bytes":	2490368,
				"bits_per_second":	19919277.674820669,
				"retransmits":	0,
				"omitted":	false,
				"sender":	true
			}
		}],
	"end":	{
		"streams":	[{
				"sender":	{
					"socket":	5,
					"start":	0,
					"end":	3.00135,
					"seconds":	3.00135,
					"bytes":	7602176,
					"bits_per_second":	20263350.825461876,
					"retransmits":	0,
					"max_snd_cwnd":	160616,
					"max_snd_wnd":	0,
					"max_rtt":	187,
					"min_rtt":	161,
					"mean_rtt":	175,
					"sender":	true
				},
				"receiver":	{
					"socket":	5,
					"start":	0,
					"end":	3.00172,
					"seconds":	3.00135,
					"bytes":	7602176,
					"bits_per_second":	20260853.110883094,
					"sender":	true
				}
			}],
		"sum_sent":	{
			"start":	0,
			"end":	3.00135,
			"seconds":	3.00135,
			"bytes":	7602176,
			"bits_per_second":	20263350.825461876,
			"retransmits":	0,
			"sender":	true
		},
		"sum_received":	{
			"start":	0,
			"end":	3.00172,
			"seconds":	3.00172,
			"bytes":	7602176,
			"bits_per_second":	20260853.110883094,
			"sender":	true
		},
		"cpu_utilization_percent":	{
			"host_total":	1.0110602297552378,
			"host_user":	0.140579492508698,
			"host_system":	0.87051403414197071,
			"remote_total":	0.37667901497787964,
			"remote_user":	6.6627578487287462e-05,
			"remote_system":	0.37661238739939235
		},
		"sender_tcp_congestion":	"cubic",
		"receiver_tcp_congestion":	"cubic"
	}
}
