{
	"start":	{
		"connected":	[{
				"socket":	5,
				"local_host":	"192.168.1.2",
				"local_port":	50038,
				"remote_host":	"192.168.8.2",
				"remote_port":	5202
			}],
		"version":	"iperf 3.19.1",
		"system_info":	"Linux h1 6.6.87.2-microsoft-standard-WSL2 #1 SMP PREEMPT_DYNAMIC Thu Jun  5 18:30:46 UTC 2025 x86_64",
		"timestamp":	{
			"time":	"Mon, 06 Apr 2026 03:48:20 UTC",
			"timesecs":	1775447300
		},
		"connecting_to":	{
			"host":	"192.168.8.2",
			"port":	5202
		},
		"cookie":	"7rq2jnmpe3cb4c3z4ymcu2yznrapypnqv4j4",
		"tcp_mss_default":	9448,
		"target_bitrate":	20000000,
		"fq_rate":	0,
		"sock_bufsize":	0,
		"sndbuf_actual":	16384,
		"rcvbuf_actual":	131072,
		"test_start":	{
			"protocol":	"TCP",
			"num_streams":	1,
			"blksize":	131072,
			"omit":	0,
			"duration":	3,
			"bytes":	0,
			"blocks":	0,
			"reverse":	0,
			"tos":	0,
			"target_bitrate":	20000000,
			"bidir":	0,
			"fqrate":	0,
			"interval":	1
		}
	},
	"intervals":	[{
			"streams":	[{
					"socket":	5,
					"start":	0,
					"end":	1.001292,
					"seconds":	1.0012919902801514,
					"bytes":	2621440,
					"bits_per_second":	20944459.961306971,
					"retransmits":	0,
					"snd_cwnd":	217304,
					"snd_wnd":	-1,
					"rtt":	247,
					"rttvar":	117,
					"pmtu":	9500,
					"omitted":	false,
					"sender":	true
				}],
			"sum":	{
				"start":	0,
				"end":	1.001292,
				"seconds":	1.0012919902801514,
				"bytes":	2621440,
				"bits_per_second":	20944459.961306971,
				"retransmits":	0,
				"omitted":	false,
				"sender":	true
			}
		}, {
			"streams":	[{
					"socket":	5,
					"start":	1.001292,
					"end":	2.001206,
					"seconds":	0.999913990497589,
					"bytes":	2490368,
					"bits_per_second":	19924657.709895335,
					"retransmits":	0,
					"snd_cwnd":	217304,
					"snd_wnd":	-1,
					"rtt":	217,
					"rttvar":	129,
					"pmtu":	9500,
					"omitted":	false,
					"sender":	true
				}],
			"sum":	{
				"start":	1.001292,
				"end":	2.001206,
				"seconds":	0.999913990497589,
				"bytes":	2490368,
				"bits_per_second":	19924657.709895335,
				"retransmits":	0,
				"omitted":	false,
				"sender":	true
			}
		}, {
			"streams":	[{
					"socket":	5,
					"start":	2.001206,
					"end":	3.001634,
					"seconds":	1.0004279613494873,
					"bytes":	2490368,
					"bits_per_second":	19914421.397344533,
					"retransmits":	0,
					"snd_cwnd":	217304,
					"snd_wnd":	-1,
					"rtt":	366,
					"rttvar":	285,
					"pmtu":	9500,
					"omitted":	false,
					"sender":	true
				}],
			"sum":	{
				"start":	2.001206,
				"end":	3.001634,
				"seconds":	1.0004279613494873,
				"bytes":	2490368,
				"bits_per_second":	19914421.397344533,
				"retransmits":	0,
				"omitted":	false,
				"sender":	true
			}
		}],
	"end":	{
		"streams":	[{
				"sender":	{
					"socket":	5,
					"start":	0,
					"end":	3.001634,
					"seconds":	3.001634,
					"bytes":	7602176,
					"bits_per_second":	20261433.605829358,
					"retransmits":	0,
					"max_snd_cwnd":	217304,
					"max_snd_wnd":	0,
					"max_rtt":	366,
					"min_rtt":	217,
					"mean_rtt":	276,
					"sender":	true
				},
				"receiver":	{
					"socket":	5,
					"start":	0,
					"end":	3.001911,
					"seconds":	3.001634,
					"bytes":	7602176,
					"bits_per_second":	20259563.991071019,
					"sender":	true
				}
			}],
		"sum_sent":	{
			"start":	0,
			"end":	3.001634,
			"seconds":	3.001634,
			"bytes":	7602176,
			"bits_per_second":	20261433.605829358,
			"retransmits":	0,
			"sender":	true
		},
		"sum_received":	{
			"start":	0,
			"end":	3.001911,
			"seconds":	3.001911,
			"bytes":	7602176,
			"bits_per_second":	20259563.991071019,
			"sender":	true
		},
		"cpu_utilization_percent":	{
			"host_total":	1.0499757987252885,
			"host_user":	0.24717257872405021,
			"host_system":	0.80296966618219734,
			"remote_total":	0.355551114220046,
			"remote_user":	0,
			"remote_system":	0.35561773425268978
		},
		"sender_tcp_congestion":	"cubic",
		"receiver_tcp_congestion":	"cubic"
	}
}
