{
	"start":	{
		"connected":	[{
				"socket":	5,
				"local_host":	"192.168.1.2",
				"local_port":	48822,
				"remote_host":	"192.168.8.2",
				"remote_port":	5203
			}],
		"version":	"iperf 3.19.1",
		"system_info":	"Linux h1 6.6.87.2-microsoft-standard-WSL2 #1 SMP PREEMPT_DYNAMIC Thu Jun  5 18:30:46 UTC 2025 x86_64",
		"timestamp":	{
			"time":	"Mon, 06 Apr 2026 03:59:43 UTC",
			"timesecs":	1775447983
		},
		"connecting_to":	{
			"host":	"192.168.8.2",
			"port":	5203
		},
		"cookie":	"owdms2hcwffru7puzck2f4ytkz34w426w5ym",
		"tcp_mss_default":	9448,
		"target_bitrate":	20000000,
		"fq_rate":	0,
		"sock_bufsize":	0,
		"sndbuf_actual":	16384,
		"rcvbuf_actual":	131072,
		"test_start":	{
			"protocol":	"TCP",
			"num_streams":	1,
			"blksize":	131072,
			"omit":	0,
			"duration":	3,
			"bytes":	0,
			"blocks":	0,
			"reverse":	0,
			"tos":	0,
			"target_bitrate":	20000000,
			"bidir":	0,
			"fqrate":	0,
			"interval":	1
		}
	},
	"intervals":	[{
			"streams":	[{
					"socket":	5,
					"start":	0,
					"end":	1.001134,
					"seconds":	1.0011340379714966,
					"bytes":	2621440,
					"bits_per_second":	20947764.439707406,
					"retransmits":	0,
					"snd_cwnd":	264544,
					"snd_wnd":	-1,
					"rtt":	236,
					"rttvar":	88,
					"pmtu":	9500,
					"omitted":	false,
					"sender":	true
				}],
			"sum":	{
				"start":	0,
				"end":	1.001134,
				"seconds":	1.0011340379714966,
				"bytes":	2621440,
				"bits_per_second":	20947764.439707406,
				"retransmits":	0,
				"omitted":	false,
				"sender":	true
			}
		}, {
			"streams":	[{
					"socket":	5,
					"start":	1.001134,
					"end":	2.001096,
					"seconds":	0.9999619722366333,
					"bytes":	2490368,
					"bits_per_second":	19923701.653811879,
					"retransmits":	0,
					"snd_cwnd":	264544,
					"snd_wnd":	-1,
					"rtt":	161,
					"rttvar":	100,
					"pmtu":	9500,
					"omitted":	false,
					"sender":	true
				}],
			"sum":	{
				"start":	1.001134,
				"end":	2.001096,
				"seconds":	0.9999619722366333,
				"bytes":	2490368,
				"bits_per_second":	19923701.653811879,
				"retransmits":	0,
				"omitted":	false,
				"sender":	true
			}
		}, {
			"streams":	[{
					"socket":	5,
					"start":	2.001096,
					"end":	3.000986,
					"seconds":	0.9998900294303894,
					"bytes":	2490368,
					"bits_per_second":	19925135.178465143,
					"retransmits":	0,
					"snd_cwnd":	264544,
					"snd_wnd":	-1,
					"rtt":	149,
					"rttvar":	71,
					"pmtu":	9500,
					"omitted":	false,
					"sender":	true
				}],
			"sum":	{
				"start":	2.001096,
				"end":	3.000986,
				"seconds":	0.9998900294303894,
				"bytes":	2490368,
				"bits_per_second":	19925135.178465143,
				"retransmits":	0,
				"omitted":	false,
				"sender":	true
			}
		}],
	"end":	{
		"streams":	[{
				"sender":	{
					"socket":	5,
					"start":	0,
					"end":	3.000986,
					"seconds":	3.000986,
					"bytes":	7602176,
					"bits_per_second":	20265808.63756112,
					"retransmits":	0,
					"max_snd_cwnd":	264544,
					"max_snd_wnd":	0,
					"max_rtt":	236,
					"min_rtt":	149,
					"mean_rtt":	182,
					"sender":	true
				},
				"receiver":	{
					"socket":	5,
					"start":	0,
					"end":	3.001147,
					"seconds":	3.000986,
					"bytes":	7602176,
					"bits_per_second":	20264721.454830438,
					"sender":	true
				}
			}],
		"sum_sent":	{
			"start":	0,
			"end":	3.000986,
			"seconds":	3.000986,
			"bytes":	7602176,
			"bits_per_second":	20265808.63756112,
			"retransmits":	0,
			"sender":	true
		},
		"sum_received":	{
			"start":	0,
			"end":	3.001147,
			"seconds":	3.001147,
			"bytes":	7602176,
			"bits_per_second":	20264721.454830438,
			"sender":	true
		},
		"cpu_utilization_percent":	{
			"host_total":	0.93088756072019552,
			"host_user":	0,
			"host_system":	0.93088756072019552,
			"remote_total":	0.31050985391476,
			"remote_user":	0,
			"remote_system":	0.3105431739978069
		},
		"sender_tcp_congestion":	"cubic",
		"receiver_tcp_congestion":	"cubic"
	}
}
