{
	"start":	{
		"connected":	[{
				"socket":	5,
				"local_host":	"192.168.1.2",
				"local_port":	49594,
				"remote_host":	"192.168.8.2",
				"remote_port":	5202
			}],
		"version":	"iperf 3.19.1",
		"system_info":	"Linux h1 6.6.87.2-microsoft-standard-WSL2 #1 SMP PREEMPT_DYNAMIC Thu Jun  5 18:30:46 UTC 2025 x86_64",
		"timestamp":	{
			"time":	"Mon, 06 Apr 2026 03:59:17 UTC",
			"timesecs":	1775447957
		},
		"connecting_to":	{
			"host":	"192.168.8.2",
			"port":	5202
		},
		"cookie":	"yyxtd444llhabjpzpe4ribsdm5qtlcfe2b5g",
		"tcp_mss_default":	9448,
		"target_bitrate":	20000000,
		"fq_rate":	0,
		"sock_bufsize":	0,
		"sndbuf_actual":	16384,
		"rcvbuf_actual":	131072,
		"test_start":	{
			"protocol":	"TCP",
			"num_streams":	1,
			"blksize":	131072,
			"omit":	0,
			"duration":	3,
			"bytes":	0,
			"blocks":	0,
			"reverse":	0,
			"tos":	0,
			"target_bitrate":	20000000,
			"bidir":	0,
			"fqrate":	0,
			"interval":	1
		}
	},
	"intervals":	[{
			"streams":	[{
					"socket":	5,
					"start":	0,
					"end":	1.001106,
					"seconds":	1.0011060237884521,
					"bytes":	2621440,
					"bits_per_second":	20948350.625878941,
					"retransmits":	0,
					"snd_cwnd":	264544,
					"snd_wnd":	-1,
					"rtt":	170,
					"rttvar":	75,
					"pmtu":	9500,
					"omitted":	false,
					"sender":	true
				}],
			"sum":	{
				"start":	0,
				"end":	1.001106,
				"seconds":	1.0011060237884521,
				"bytes":	2621440,
				"bits_per_second":	20948350.625878941,
				"retransmits":	0,
				"omitted":	false,
				"sender":	true
			}
		}, {
			"streams":	[{
					"socket":	5,
					"start":	1.001106,
					"end":	2.001132,
					"seconds":	1.0000259876251221,
					"bytes":	2490368,
					"bits_per_second":	19922426.263454743,
					"retransmits":	0,
					"snd_cwnd":	264544,
					"snd_wnd":	-1,
					"rtt":	226,
					"rttvar":	131,
					"pmtu":	9500,
					"omitted":	false,
					"sender":	true
				}],
			"sum":	{
				"start":	1.001106,
				"end":	2.001132,
				"seconds":	1.0000259876251221,
				"bytes":	2490368,
				"bits_per_second":	19922426.263454743,
				"retransmits":	0,
				"omitted":	false,
				"sender":	true
			}
		}, {
			"streams":	[{
					"socket":	5,
					"start":	2.001132,
					"end":	3.001658,
					"seconds":	1.000525951385498,
					"bytes":	2490368,
					"bits_per_second":	19912471.0082845,
					"retransmits":	0,
					"snd_cwnd":	264544,
					"snd_wnd":	-1,
					"rtt":	607,
					"rttvar":	602,
					"pmtu":	9500,
					"omitted":	false,
					"sender":	true
				}],
			"sum":	{
				"start":	2.001132,
				"end":	3.001658,
				"seconds":	1.000525951385498,
				"bytes":	2490368,
				"bits_per_second":	19912471.0082845,
				"retransmits":	0,
				"omitted":	false,
				"sender":	true
			}
		}],
	"end":	{
		"streams":	[{
				"sender":	{
					"socket":	5,
					"start":	0,
					"end":	3.001658,
					"seconds":	3.001658,
					"bytes":	7602176,
					"bits_per_second":	20261271.603893582,
					"retransmits":	0,
					"max_snd_cwnd":	264544,
					"max_snd_wnd":	0,
					"max_rtt":	607,
					"min_rtt":	170,
					"mean_rtt":	334,
					"sender":	true
				},
				"receiver":	{
					"socket":	5,
					"start":	0,
					"end":	3.002305,
					"seconds":	3.001658,
					"bytes":	7602176,
					"bits_per_second":	20256905.277778242,
					"sender":	true
				}
			}],
		"sum_sent":	{
			"start":	0,
			"end":	3.001658,
			"seconds":	3.001658,
			"bytes":	7602176,
			"bits_per_second":	20261271.603893582,
			"retransmits":	0,
			"sender":	true
		},
		"sum_received":	{
			"start":	0,
			"end":	3.002305,
			"seconds":	3.002305,
			"bytes":	7602176,
			"bits_per_second":	20256905.277778242,
			"sender":	true
		},
		"cpu_utilization_percent":	{
			"host_total":	1.0323130497313351,
			"host_user":	0,
			"host_system":	1.0326126761970078,
			"remote_total":	0.3366018731930881,
			"remote_user":	0,
			"remote_system":	0.33670179458825722
		},
		"sender_tcp_congestion":	"cubic",
		"receiver_tcp_congestion":	"cubic"
	}
}
