{
	"start":	{
		"connected":	[{
				"socket":	5,
				"local_host":	"192.168.1.2",
				"local_port":	59280,
				"remote_host":	"192.168.8.2",
				"remote_port":	5203
			}],
		"version":	"iperf 3.19.1",
		"system_info":	"Linux h1 6.6.87.2-microsoft-standard-WSL2 #1 SMP PREEMPT_DYNAMIC Thu Jun  5 18:30:46 UTC 2025 x86_64",
		"timestamp":	{
			"time":	"Mon, 06 Apr 2026 03:56:07 UTC",
			"timesecs":	1775447767
		},
		"connecting_to":	{
			"host":	"192.168.8.2",
			"port":	5203
		},
		"cookie":	"rc4lfk2yb7el2vg3rgixtbm75z5alvitv6d5",
		"tcp_mss_default":	9448,
		"target_bitrate":	20000000,
		"fq_rate":	0,
		"sock_bufsize":	0,
		"sndbuf_actual":	16384,
		"rcvbuf_actual":	131072,
		"test_start":	{
			"protocol":	"TCP",
			"num_streams":	1,
			"blksize":	131072,
			"omit":	0,
			"duration":	3,
			"bytes":	0,
			"blocks":	0,
			"reverse":	0,
			"tos":	0,
			"target_bitrate":	20000000,
			"bidir":	0,
			"fqrate":	0,
			"interval":	1
		}
	},
	"intervals":	[{
			"streams":	[{
					"socket":	5,
					"start":	0,
					"end":	1.000774,
					"seconds":	1.0007740259170532,
					"bytes":	2621440,
					"bits_per_second":	20955300.054658066,
					"retransmits":	0,
					"snd_cwnd":	207856,
					"snd_wnd":	-1,
					"rtt":	256,
					"rttvar":	110,
					"pmtu":	9500,
					"omitted":	false,
					"sender":	true
				}],
			"sum":	{
				"start":	0,
				"end":	1.000774,
				"seconds":	1.0007740259170532,
				"bytes":	2621440,
				"bits_per_second":	20955300.054658066,
				"retransmits":	0,
				"omitted":	false,
				"sender":	true
			}
		}, {
			"streams":	[{
					"socket":	5,
					"start":	1.000774,
					"end":	2.000708,
					"seconds":	0.99993401765823364,
					"bytes":	2490368,
					"bits_per_second":	19924258.649243634,
					"retransmits":	0,
					"snd_cwnd":	207856,
					"snd_wnd":	-1,
					"rtt":	357,
					"rttvar":	262,
					"pmtu":	9500,
					"omitted":	false,
					"sender":	true
				}],
			"sum":	{
				"start":	1.000774,
				"end":	2.000708,
				"seconds":	0.99993401765823364,
				"bytes":	2490368,
				"bits_per_second":	19924258.649243634,
				"retransmits":	0,
				"omitted":	false,
				"sender":	true
			}
		}, {
			"streams":	[{
					"socket":	5,
					"start":	2.000708,
					"end":	3.001102,
					"seconds":	1.0003939867019653,
					"bytes":	2490368,
					"bits_per_second":	19915097.716331426,
					"retransmits":	0,
					"snd_cwnd":	207856,
					"snd_wnd":	-1,
					"rtt":	330,
					"rttvar":	284,
					"pmtu":	9500,
					"omitted":	false,
					"sender":	true
				}],
			"sum":	{
				"start":	2.000708,
				"end":	3.001102,
				"seconds":	1.0003939867019653,
				"bytes":	2490368,
				"bits_per_second":	19915097.716331426,
				"retransmits":	0,
				"omitted":	false,
				"sender":	true
			}
		}],
	"end":	{
		"streams":	[{
				"sender":	{
					"socket":	5,
					"start":	0,
					"end":	3.001102,
					"seconds":	3.001102,
					"bytes":	7602176,
					"bits_per_second":	20265025.314034645,
					"retransmits":	0,
					"max_snd_cwnd":	207856,
					"max_snd_wnd":	0,
					"max_rtt":	357,
					"min_rtt":	256,
					"mean_rtt":	314,
					"sender":	true
				},
				"receiver":	{
					"socket":	5,
					"start":	0,
					"end":	3.001377,
					"seconds":	3.001102,
					"bytes":	7602176,
					"bits_per_second":	20263168.538973942,
					"sender":	true
				}
			}],
		"sum_sent":	{
			"start":	0,
			"end":	3.001102,
			"seconds":	3.001102,
			"bytes":	7602176,
			"bits_per_second":	20265025.314034645,
			"retransmits":	0,
			"sender":	true
		},
		"sum_received":	{
			"start":	0,
			"end":	3.001377,
			"seconds":	3.001377,
			"bytes":	7602176,
			"bits_per_second":	20263168.538973942,
			"sender":	true
		},
		"cpu_utilization_percent":	{
			"host_total":	1.5041943978326224,
			"host_user":	0.10092134862896848,
			"host_system":	1.4034062787067945,
			"remote_total":	0.57645932300179981,
			"remote_user":	0.15166124368883324,
			"remote_system":	0.42483139680938325
		},
		"sender_tcp_congestion":	"cubic",
		"receiver_tcp_congestion":	"cubic"
	}
}
