{
	"start":	{
		"connected":	[{
				"socket":	5,
				"local_host":	"192.168.1.2",
				"local_port":	52610,
				"remote_host":	"192.168.8.2",
				"remote_port":	5204
			}],
		"version":	"iperf 3.19.1",
		"system_info":	"Linux h1 6.6.87.2-microsoft-standard-WSL2 #1 SMP PREEMPT_DYNAMIC Thu Jun  5 18:30:46 UTC 2025 x86_64",
		"timestamp":	{
			"time":	"Mon, 06 Apr 2026 04:07:12 UTC",
			"timesecs":	1775448432
		},
		"connecting_to":	{
			"host":	"192.168.8.2",
			"port":	5204
		},
		"cookie":	"46kl6oy5wdans4jrsou7yjzngfzywwmhqcno",
		"tcp_mss_default":	9448,
		"target_bitrate":	20000000,
		"fq_rate":	0,
		"sock_bufsize":	0,
		"sndbuf_actual":	16384,
		"rcvbuf_actual":	131072,
		"test_start":	{
			"protocol":	"TCP",
			"num_streams":	1,
			"blksize":	131072,
			"omit":	0,
			"duration":	3,
			"bytes":	0,
			"blocks":	0,
			"reverse":	0,
			"tos":	0,
			"target_bitrate":	20000000,
			"bidir":	0,
			"fqrate":	0,
			"interval":	1
		}
	},
	"intervals":	[{
			"streams":	[{
					"socket":	5,
					"start":	0,
					"end":	1.001083,
					"seconds":	1.0010830163955688,
					"bytes":	2621440,
					"bits_per_second":	20948832.071398657,
					"retransmits":	0,
					"snd_cwnd":	264544,
					"snd_wnd":	-1,
					"rtt":	135,
					"rttvar":	100,
					"pmtu":	9500,
					"omitted":	false,
					"sender":	true
				}],
			"sum":	{
				"start":	0,
				"end":	1.001083,
				"seconds":	1.0010830163955688,
				"bytes":	2621440,
				"bits_per_second":	20948832.071398657,
				"retransmits":	0,
				"omitted":	false,
				"sender":	true
			}
		}, {
			"streams":	[{
					"socket":	5,
					"start":	1.001083,
					"end":	2.00105,
					"seconds":	0.99996697902679443,
					"bytes":	2490368,
					"bits_per_second":	19923601.896724392,
					"retransmits":	0,
					"snd_cwnd":	264544,
					"snd_wnd":	-1,
					"rtt":	167,
					"rttvar":	88,
					"pmtu":	9500,
					"omitted":	false,
					"sender":	true
				}],
			"sum":	{
				"start":	1.001083,
				"end":	2.00105,
				"seconds":	0.99996697902679443,
				"bytes":	2490368,
				"bits_per_second":	19923601.896724392,
				"retransmits":	0,
				"omitted":	false,
				"sender":	true
			}
		}, {
			"streams":	[{
					"socket":	5,
					"start":	2.00105,
					"end":	3.001171,
					"seconds":	1.000120997428894,
					"bytes":	2490368,
					"bits_per_second":	19920533.666644137,
					"retransmits":	0,
					"snd_cwnd":	264544,
					"snd_wnd":	-1,
					"rtt":	175,
					"rttvar":	76,
					"pmtu":	9500,
					"omitted":	false,
					"sender":	true
				}],
			"sum":	{
				"start":	2.00105,
				"end":	3.001171,
				"seconds":	1.000120997428894,
				"bytes":	2490368,
				"bits_per_second":	19920533.666644137,
				"retransmits":	0,
				"omitted":	false,
				"sender":	true
			}
		}],
	"end":	{
		"streams":	[{
				"sender":	{
					"socket":	5,
					"start":	0,
					"end":	3.001171,
					"seconds":	3.001171,
					"bytes":	7602176,
					"bits_per_second":	20264559.400314078,
					"retransmits":	0,
					"max_snd_cwnd":	264544,
					"max_snd_wnd":	0,
					"max_rtt":	175,
					"min_rtt":	135,
					"mean_rtt":	159,
					"sender":	true
				},
				"receiver":	{
					"socket":	5,
					"start":	0,
					"end":	3.001326,
					"seconds":	3.001171,
					"bytes":	7602176,
					"bits_per_second":	20263512.860648926,
					"sender":	true
				}
			}],
		"sum_sent":	{
			"start":	0,
			"end":	3.001171,
			"seconds":	3.001171,
			"bytes":	7602176,
			"bits_per_second":	20264559.400314078,
			"retransmits":	0,
			"sender":	true
		},
		"sum_received":	{
			"start":	0,
			"end":	3.001326,
			"seconds":	3.001326,
			"bytes":	7602176,
			"bits_per_second":	20263512.860648926,
			"sender":	true
		},
		"cpu_utilization_percent":	{
			"host_total":	0.66038370604964236,
			"host_user":	0.0535608291802595,
			"host_system":	0.606822876869383,
			"remote_total":	0.22076585026171383,
			"remote_user":	0.00859607445933024,
			"remote_system":	0.21216977580238355
		},
		"sender_tcp_congestion":	"cubic",
		"receiver_tcp_congestion":	"cubic"
	}
}
