{
	"start":	{
		"connected":	[{
				"socket":	5,
				"local_host":	"192.168.1.2",
				"local_port":	54490,
				"remote_host":	"192.168.8.2",
				"remote_port":	5203
			}],
		"version":	"iperf 3.19.1",
		"system_info":	"Linux h1 6.6.87.2-microsoft-standard-WSL2 #1 SMP PREEMPT_DYNAMIC Thu Jun  5 18:30:46 UTC 2025 x86_64",
		"timestamp":	{
			"time":	"Mon, 06 Apr 2026 04:02:40 UTC",
			"timesecs":	1775448160
		},
		"connecting_to":	{
			"host":	"192.168.8.2",
			"port":	5203
		},
		"cookie":	"me5gobcq4bkond3cjwizjf243yttvkff47kz",
		"tcp_mss_default":	9448,
		"target_bitrate":	20000000,
		"fq_rate":	0,
		"sock_bufsize":	0,
		"sndbuf_actual":	16384,
		"rcvbuf_actual":	131072,
		"test_start":	{
			"protocol":	"TCP",
			"num_streams":	1,
			"blksize":	131072,
			"omit":	0,
			"duration":	3,
			"bytes":	0,
			"blocks":	0,
			"reverse":	0,
			"tos":	0,
			"target_bitrate":	20000000,
			"bidir":	0,
			"fqrate":	0,
			"interval":	1
		}
	},
	"intervals":	[{
			"streams":	[{
					"socket":	5,
					"start":	0,
					"end":	1.001139,
					"seconds":	1.0011390447616577,
					"bytes":	2621440,
					"bits_per_second":	20947659.677974813,
					"retransmits":	0,
					"snd_cwnd":	207856,
					"snd_wnd":	-1,
					"rtt":	147,
					"rttvar":	59,
					"pmtu":	9500,
					"omitted":	false,
					"sender":	true
				}],
			"sum":	{
				"start":	0,
				"end":	1.001139,
				"seconds":	1.0011390447616577,
				"bytes":	2621440,
				"bits_per_second":	20947659.677974813,
				"retransmits":	0,
				"omitted":	false,
				"sender":	true
			}
		}, {
			"streams":	[{
					"socket":	5,
					"start":	1.001139,
					"end":	2.000407,
					"seconds":	0.99926799535751343,
					"bytes":	2490368,
					"bits_per_second":	19937538.370647069,
					"retransmits":	0,
					"snd_cwnd":	207856,
					"snd_wnd":	-1,
					"rtt":	132,
					"rttvar":	60,
					"pmtu":	9500,
					"omitted":	false,
					"sender":	true
				}],
			"sum":	{
				"start":	1.001139,
				"end":	2.000407,
				"seconds":	0.99926799535751343,
				"bytes":	2490368,
				"bits_per_second":	19937538.370647069,
				"retransmits":	0,
				"omitted":	false,
				"sender":	true
			}
		}, {
			"streams":	[{
					"socket":	5,
					"start":	2.000407,
					"end":	3.001266,
					"seconds":	1.0008590221405029,
					"bytes":	2490368,
					"bits_per_second":	19905844.438901577,
					"retransmits":	0,
					"snd_cwnd":	207856,
					"snd_wnd":	-1,
					"rtt":	166,
					"rttvar":	85,
					"pmtu":	9500,
					"omitted":	false,
					"sender":	true
				}],
			"sum":	{
				"start":	2.000407,
				"end":	3.001266,
				"seconds":	1.0008590221405029,
				"bytes":	2490368,
				"bits_per_second":	19905844.438901577,
				"retransmits":	0,
				"omitted":	false,
				"sender":	true
			}
		}],
	"end":	{
		"streams":	[{
				"sender":	{
					"socket":	5,
					"start":	0,
					"end":	3.001266,
					"seconds":	3.001266,
					"bytes":	7602176,
					"bits_per_second":	20263917.959954232,
					"retransmits":	0,
					"max_snd_cwnd":	207856,
					"max_snd_wnd":	0,
					"max_rtt":	166,
					"min_rtt":	132,
					"mean_rtt":	148,
					"sender":	true
				},
				"receiver":	{
					"socket":	5,
					"start":	0,
					"end":	3.00153,
					"seconds":	3.001266,
					"bytes":	7602176,
					"bits_per_second":	20262135.644154817,
					"sender":	true
				}
			}],
		"sum_sent":	{
			"start":	0,
			"end":	3.001266,
			"seconds":	3.001266,
			"bytes":	7602176,
			"bits_per_second":	20263917.959954232,
			"retransmits":	0,
			"sender":	true
		},
		"sum_received":	{
			"start":	0,
			"end":	3.00153,
			"seconds":	3.00153,
			"bytes":	7602176,
			"bits_per_second":	20262135.644154817,
			"sender":	true
		},
		"cpu_utilization_percent":	{
			"host_total":	0.5957557358184522,
			"host_user":	0.002597917336268758,
			"host_system":	0.593224431747216,
			"remote_total":	0.19543079730834556,
			"remote_user":	0,
			"remote_system":	0.195464113161961
		},
		"sender_tcp_congestion":	"cubic",
		"receiver_tcp_congestion":	"cubic"
	}
}
