{
	"start":	{
		"connected":	[{
				"socket":	5,
				"local_host":	"192.168.1.2",
				"local_port":	36184,
				"remote_host":	"192.168.8.2",
				"remote_port":	5202
			}],
		"version":	"iperf 3.19.1",
		"system_info":	"Linux h1 6.6.87.2-microsoft-standard-WSL2 #1 SMP PREEMPT_DYNAMIC Thu Jun  5 18:30:46 UTC 2025 x86_64",
		"timestamp":	{
			"time":	"Mon, 06 Apr 2026 03:56:10 UTC",
			"timesecs":	1775447770
		},
		"connecting_to":	{
			"host":	"192.168.8.2",
			"port":	5202
		},
		"cookie":	"3aygkdcoju7h6moft7iemubv37aei2ofirrj",
		"tcp_mss_default":	9448,
		"target_bitrate":	20000000,
		"fq_rate":	0,
		"sock_bufsize":	0,
		"sndbuf_actual":	16384,
		"rcvbuf_actual":	131072,
		"test_start":	{
			"protocol":	"TCP",
			"num_streams":	1,
			"blksize":	131072,
			"omit":	0,
			"duration":	3,
			"bytes":	0,
			"blocks":	0,
			"reverse":	0,
			"tos":	0,
			"target_bitrate":	20000000,
			"bidir":	0,
			"fqrate":	0,
			"interval":	1
		}
	},
	"intervals":	[{
			"streams":	[{
					"socket":	5,
					"start":	0,
					"end":	1.001753,
					"seconds":	1.0017529726028442,
					"bytes":	2621440,
					"bits_per_second":	20934821.830885034,
					"retransmits":	0,
					"snd_cwnd":	359024,
					"snd_wnd":	-1,
					"rtt":	161,
					"rttvar":	88,
					"pmtu":	9500,
					"omitted":	false,
					"sender":	true
				}],
			"sum":	{
				"start":	0,
				"end":	1.001753,
				"seconds":	1.0017529726028442,
				"bytes":	2621440,
				"bits_per_second":	20934821.830885034,
				"retransmits":	0,
				"omitted":	false,
				"sender":	true
			}
		}, {
			"streams":	[{
					"socket":	5,
					"start":	1.001753,
					"end":	2.001331,
					"seconds":	0.99957799911499023,
					"bytes":	2490368,
					"bits_per_second":	19931355.04947032,
					"retransmits":	0,
					"snd_cwnd":	359024,
					"snd_wnd":	-1,
					"rtt":	180,
					"rttvar":	72,
					"pmtu":	9500,
					"omitted":	false,
					"sender":	true
				}],
			"sum":	{
				"start":	1.001753,
				"end":	2.001331,
				"seconds":	0.99957799911499023,
				"bytes":	2490368,
				"bits_per_second":	19931355.04947032,
				"retransmits":	0,
				"omitted":	false,
				"sender":	true
			}
		}, {
			"streams":	[{
					"socket":	5,
					"start":	2.001331,
					"end":	3.002172,
					"seconds":	1.0008410215377808,
					"bytes":	2490368,
					"bits_per_second":	19906202.45499992,
					"retransmits":	0,
					"snd_cwnd":	359024,
					"snd_wnd":	-1,
					"rtt":	172,
					"rttvar":	107,
					"pmtu":	9500,
					"omitted":	false,
					"sender":	true
				}],
			"sum":	{
				"start":	2.001331,
				"end":	3.002172,
				"seconds":	1.0008410215377808,
				"bytes":	2490368,
				"bits_per_second":	19906202.45499992,
				"retransmits":	0,
				"omitted":	false,
				"sender":	true
			}
		}],
	"end":	{
		"streams":	[{
				"sender":	{
					"socket":	5,
					"start":	0,
					"end":	3.002172,
					"seconds":	3.002172,
					"bytes":	7602176,
					"bits_per_second":	20257802.684189983,
					"retransmits":	0,
					"max_snd_cwnd":	359024,
					"max_snd_wnd":	0,
					"max_rtt":	180,
					"min_rtt":	161,
					"mean_rtt":	171,
					"sender":	true
				},
				"receiver":	{
					"socket":	5,
					"start":	0,
					"end":	3.005707,
					"seconds":	3.002172,
					"bytes":	7602176,
					"bits_per_second":	20233977.563348655,
					"sender":	true
				}
			}],
		"sum_sent":	{
			"start":	0,
			"end":	3.002172,
			"seconds":	3.002172,
			"bytes":	7602176,
			"bits_per_second":	20257802.684189983,
			"retransmits":	0,
			"sender":	true
		},
		"sum_received":	{
			"start":	0,
			"end":	3.005707,
			"seconds":	3.005707,
			"bytes":	7602176,
			"bits_per_second":	20233977.563348655,
			"sender":	true
		},
		"cpu_utilization_percent":	{
			"host_total":	1.1471051136628205,
			"host_user":	0.27792079589917157,
			"host_system":	0.86935061790480461,
			"remote_total":	0.320914930262717,
			"remote_user":	0.025384417560693873,
			"remote_system":	0.29553051270202318
		},
		"sender_tcp_congestion":	"cubic",
		"receiver_tcp_congestion":	"cubic"
	}
}
