{
	"start":	{
		"connected":	[{
				"socket":	5,
				"local_host":	"192.168.1.2",
				"local_port":	38828,
				"remote_host":	"192.168.8.2",
				"remote_port":	5202
			}],
		"version":	"iperf 3.19.1",
		"system_info":	"Linux h1 6.6.87.2-microsoft-standard-WSL2 #1 SMP PREEMPT_DYNAMIC Thu Jun  5 18:30:46 UTC 2025 x86_64",
		"timestamp":	{
			"time":	"Mon, 06 Apr 2026 03:59:00 UTC",
			"timesecs":	1775447940
		},
		"connecting_to":	{
			"host":	"192.168.8.2",
			"port":	5202
		},
		"cookie":	"o2k5b2pgdu626k35mpakawpqo3x6ebsvx5z3",
		"tcp_mss_default":	9448,
		"target_bitrate":	20000000,
		"fq_rate":	0,
		"sock_bufsize":	0,
		"sndbuf_actual":	16384,
		"rcvbuf_actual":	131072,
		"test_start":	{
			"protocol":	"TCP",
			"num_streams":	1,
			"blksize":	131072,
			"omit":	0,
			"duration":	3,
			"bytes":	0,
			"blocks":	0,
			"reverse":	0,
			"tos":	0,
			"target_bitrate":	20000000,
			"bidir":	0,
			"fqrate":	0,
			"interval":	1
		}
	},
	"intervals":	[{
			"streams":	[{
					"socket":	5,
					"start":	0,
					"end":	1.000956,
					"seconds":	1.0009560585021973,
					"bytes":	2621440,
					"bits_per_second":	20951489.150663815,
					"retransmits":	0,
					"snd_cwnd":	207856,
					"snd_wnd":	-1,
					"rtt":	217,
					"rttvar":	158,
					"pmtu":	9500,
					"omitted":	false,
					"sender":	true
				}],
			"sum":	{
				"start":	0,
				"end":	1.000956,
				"seconds":	1.0009560585021973,
				"bytes":	2621440,
				"bits_per_second":	20951489.150663815,
				"retransmits":	0,
				"omitted":	false,
				"sender":	true
			}
		}, {
			"streams":	[{
					"socket":	5,
					"start":	1.000956,
					"end":	2.001176,
					"seconds":	1.0002199411392212,
					"bytes":	2490368,
					"bits_per_second":	19918563.088542655,
					"retransmits":	0,
					"snd_cwnd":	207856,
					"snd_wnd":	-1,
					"rtt":	517,
					"rttvar":	321,
					"pmtu":	9500,
					"omitted":	false,
					"sender":	true
				}],
			"sum":	{
				"start":	1.000956,
				"end":	2.001176,
				"seconds":	1.0002199411392212,
				"bytes":	2490368,
				"bits_per_second":	19918563.088542655,
				"retransmits":	0,
				"omitted":	false,
				"sender":	true
			}
		}, {
			"streams":	[{
					"socket":	5,
					"start":	2.001176,
					"end":	3.001216,
					"seconds":	1.0000400543212891,
					"bytes":	2490368,
					"bits_per_second":	19922146.031962067,
					"retransmits":	0,
					"snd_cwnd":	207856,
					"snd_wnd":	-1,
					"rtt":	315,
					"rttvar":	223,
					"pmtu":	9500,
					"omitted":	false,
					"sender":	true
				}],
			"sum":	{
				"start":	2.001176,
				"end":	3.001216,
				"seconds":	1.0000400543212891,
				"bytes":	2490368,
				"bits_per_second":	19922146.031962067,
				"retransmits":	0,
				"omitted":	false,
				"sender":	true
			}
		}],
	"end":	{
		"streams":	[{
				"sender":	{
					"socket":	5,
					"start":	0,
					"end":	3.001216,
					"seconds":	3.001216,
					"bytes":	7602176,
					"bits_per_second":	20264255.555081673,
					"retransmits":	0,
					"max_snd_cwnd":	207856,
					"max_snd_wnd":	0,
					"max_rtt":	517,
					"min_rtt":	217,
					"mean_rtt":	349,
					"sender":	true
				},
				"receiver":	{
					"socket":	5,
					"start":	0,
					"end":	3.001445,
					"seconds":	3.001216,
					"bytes":	7602176,
					"bits_per_second":	20262709.461609326,
					"sender":	true
				}
			}],
		"sum_sent":	{
			"start":	0,
			"end":	3.001216,
			"seconds":	3.001216,
			"bytes":	7602176,
			"bits_per_second":	20264255.555081673,
			"retransmits":	0,
			"sender":	true
		},
		"sum_received":	{
			"start":	0,
			"end":	3.001445,
			"seconds":	3.001445,
			"bytes":	7602176,
			"bits_per_second":	20262709.461609326,
			"sender":	true
		},
		"cpu_utilization_percent":	{
			"host_total":	1.2073349218004625,
			"host_user":	0,
			"host_system":	1.2073349218004625,
			"remote_total":	0.4987111603155317,
			"remote_user":	0.042944664683460511,
			"remote_system":	0.45573317936777058
		},
		"sender_tcp_congestion":	"cubic",
		"receiver_tcp_congestion":	"cubic"
	}
}
