{
	"start":	{
		"connected":	[{
				"socket":	5,
				"local_host":	"192.168.1.2",
				"local_port":	45936,
				"remote_host":	"192.168.8.2",
				"remote_port":	5205
			}],
		"version":	"iperf 3.19.1",
		"system_info":	"Linux h1 6.6.87.2-microsoft-standard-WSL2 #1 SMP PREEMPT_DYNAMIC Thu Jun  5 18:30:46 UTC 2025 x86_64",
		"timestamp":	{
			"time":	"Mon, 06 Apr 2026 03:40:55 UTC",
			"timesecs":	1775446855
		},
		"connecting_to":	{
			"host":	"192.168.8.2",
			"port":	5205
		},
		"cookie":	"44xbkgs6upxnxiubc6kl5iilktmgs6eg57d4",
		"tcp_mss_default":	9448,
		"target_bitrate":	20000000,
		"fq_rate":	0,
		"sock_bufsize":	0,
		"sndbuf_actual":	16384,
		"rcvbuf_actual":	131072,
		"test_start":	{
			"protocol":	"TCP",
			"num_streams":	1,
			"blksize":	131072,
			"omit":	0,
			"duration":	3,
			"bytes":	0,
			"blocks":	0,
			"reverse":	0,
			"tos":	0,
			"target_bitrate":	20000000,
			"bidir":	0,
			"fqrate":	0,
			"interval":	1
		}
	},
	"intervals":	[{
			"streams":	[{
					"socket":	5,
					"start":	0,
					"end":	1.000184,
					"seconds":	1.0001840591430664,
					"bytes":	2621440,
					"bits_per_second":	20967660.710337549,
					"retransmits":	0,
					"snd_cwnd":	330680,
					"snd_wnd":	-1,
					"rtt":	128,
					"rttvar":	42,
					"pmtu":	9500,
					"omitted":	false,
					"sender":	true
				}],
			"sum":	{
				"start":	0,
				"end":	1.000184,
				"seconds":	1.0001840591430664,
				"bytes":	2621440,
				"bits_per_second":	20967660.710337549,
				"retransmits":	0,
				"omitted":	false,
				"sender":	true
			}
		}, {
			"streams":	[{
					"socket":	5,
					"start":	1.000184,
					"end":	2.001094,
					"seconds":	1.0009100437164307,
					"bytes":	2490368,
					"bits_per_second":	19904829.734773248,
					"retransmits":	0,
					"snd_cwnd":	330680,
					"snd_wnd":	-1,
					"rtt":	117,
					"rttvar":	58,
					"pmtu":	9500,
					"omitted":	false,
					"sender":	true
				}],
			"sum":	{
				"start":	1.000184,
				"end":	2.001094,
				"seconds":	1.0009100437164307,
				"bytes":	2490368,
				"bits_per_second":	19904829.734773248,
				"retransmits":	0,
				"omitted":	false,
				"sender":	true
			}
		}, {
			"streams":	[{
					"socket":	5,
					"start":	2.001094,
					"end":	3.001387,
					"seconds":	1.0002930164337158,
					"bytes":	2490368,
					"bits_per_second":	19917107.960055612,
					"retransmits":	0,
					"snd_cwnd":	330680,
					"snd_wnd":	-1,
					"rtt":	122,
					"rttvar":	58,
					"pmtu":	9500,
					"omitted":	false,
					"sender":	true
				}],
			"sum":	{
				"start":	2.001094,
				"end":	3.001387,
				"seconds":	1.0002930164337158,
				"bytes":	2490368,
				"bits_per_second":	19917107.960055612,
				"retransmits":	0,
				"omitted":	false,
				"sender":	true
			}
		}],
	"end":	{
		"streams":	[{
				"sender":	{
					"socket":	5,
					"start":	0,
					"end":	3.001387,
					"seconds":	3.001387,
					"bytes":	7602176,
					"bits_per_second":	20263101.026292179,
					"retransmits":	0,
					"max_snd_cwnd":	330680,
					"max_snd_wnd":	0,
					"max_rtt":	128,
					"min_rtt":	117,
					"mean_rtt":	122,
					"sender":	true
				},
				"receiver":	{
					"socket":	5,
					"start":	0,
					"end":	3.001557,
					"seconds":	3.001387,
					"bytes":	7602176,
					"bits_per_second":	20261953.379529357,
					"sender":	true
				}
			}],
		"sum_sent":	{
			"start":	0,
			"end":	3.001387,
			"seconds":	3.001387,
			"bytes":	7602176,
			"bits_per_second":	20263101.026292179,
			"retransmits":	0,
			"sender":	true
		},
		"sum_received":	{
			"start":	0,
			"end":	3.001557,
			"seconds":	3.001557,
			"bytes":	7602176,
			"bits_per_second":	20261953.379529357,
			"sender":	true
		},
		"cpu_utilization_percent":	{
			"host_total":	0.56409921644930239,
			"host_user":	0,
			"host_system":	0.56409921644930239,
			"remote_total":	0.19499587220424294,
			"remote_user":	0,
			"remote_system":	0.19499587220424294
		},
		"sender_tcp_congestion":	"cubic",
		"receiver_tcp_congestion":	"cubic"
	}
}
