{
	"start":	{
		"connected":	[{
				"socket":	5,
				"local_host":	"192.168.1.2",
				"local_port":	46674,
				"remote_host":	"192.168.8.2",
				"remote_port":	5203
			}],
		"version":	"iperf 3.19.1",
		"system_info":	"Linux h1 6.6.87.2-microsoft-standard-WSL2 #1 SMP PREEMPT_DYNAMIC Thu Jun  5 18:30:46 UTC 2025 x86_64",
		"timestamp":	{
			"time":	"Mon, 06 Apr 2026 03:57:47 UTC",
			"timesecs":	1775447867
		},
		"connecting_to":	{
			"host":	"192.168.8.2",
			"port":	5203
		},
		"cookie":	"wepwp2zoln3wqowj7rhsf5iaeo5k7hcglqbw",
		"tcp_mss_default":	9448,
		"target_bitrate":	20000000,
		"fq_rate":	0,
		"sock_bufsize":	0,
		"sndbuf_actual":	16384,
		"rcvbuf_actual":	131072,
		"test_start":	{
			"protocol":	"TCP",
			"num_streams":	1,
			"blksize":	131072,
			"omit":	0,
			"duration":	3,
			"bytes":	0,
			"blocks":	0,
			"reverse":	0,
			"tos":	0,
			"target_bitrate":	20000000,
			"bidir":	0,
			"fqrate":	0,
			"interval":	1
		}
	},
	"intervals":	[{
			"streams":	[{
					"socket":	5,
					"start":	0,
					"end":	1.001062,
					"seconds":	1.0010620355606079,
					"bytes":	2621440,
					"bits_per_second":	20949271.129092086,
					"retransmits":	0,
					"snd_cwnd":	377920,
					"snd_wnd":	-1,
					"rtt":	238,
					"rttvar":	144,
					"pmtu":	9500,
					"omitted":	false,
					"sender":	true
				}],
			"sum":	{
				"start":	0,
				"end":	1.001062,
				"seconds":	1.0010620355606079,
				"bytes":	2621440,
				"bits_per_second":	20949271.129092086,
				"retransmits":	0,
				"omitted":	false,
				"sender":	true
			}
		}, {
			"streams":	[{
					"socket":	5,
					"start":	1.001062,
					"end":	2.00124,
					"seconds":	1.0001779794692993,
					"bytes":	2490368,
					"bits_per_second":	19919398.755980648,
					"retransmits":	0,
					"snd_cwnd":	377920,
					"snd_wnd":	-1,
					"rtt":	294,
					"rttvar":	234,
					"pmtu":	9500,
					"omitted":	false,
					"sender":	true
				}],
			"sum":	{
				"start":	1.001062,
				"end":	2.00124,
				"seconds":	1.0001779794692993,
				"bytes":	2490368,
				"bits_per_second":	19919398.755980648,
				"retransmits":	0,
				"omitted":	false,
				"sender":	true
			}
		}, {
			"streams":	[{
					"socket":	5,
					"start":	2.00124,
					"end":	3.001203,
					"seconds":	0.99996298551559448,
					"bytes":	2490368,
					"bits_per_second":	19923681.464796878,
					"retransmits":	0,
					"snd_cwnd":	377920,
					"snd_wnd":	-1,
					"rtt":	261,
					"rttvar":	138,
					"pmtu":	9500,
					"omitted":	false,
					"sender":	true
				}],
			"sum":	{
				"start":	2.00124,
				"end":	3.001203,
				"seconds":	0.99996298551559448,
				"bytes":	2490368,
				"bits_per_second":	19923681.464796878,
				"retransmits":	0,
				"omitted":	false,
				"sender":	true
			}
		}],
	"end":	{
		"streams":	[{
				"sender":	{
					"socket":	5,
					"start":	0,
					"end":	3.001203,
					"seconds":	3.001203,
					"bytes":	7602176,
					"bits_per_second":	20264343.331657339,
					"retransmits":	0,
					"max_snd_cwnd":	377920,
					"max_snd_wnd":	0,
					"max_rtt":	294,
					"min_rtt":	238,
					"mean_rtt":	264,
					"sender":	true
				},
				"receiver":	{
					"socket":	5,
					"start":	0,
					"end":	3.001381,
					"seconds":	3.001203,
					"bytes":	7602176,
					"bits_per_second":	20263141.533847254,
					"sender":	true
				}
			}],
		"sum_sent":	{
			"start":	0,
			"end":	3.001203,
			"seconds":	3.001203,
			"bytes":	7602176,
			"bits_per_second":	20264343.331657339,
			"retransmits":	0,
			"sender":	true
		},
		"sum_received":	{
			"start":	0,
			"end":	3.001381,
			"seconds":	3.001381,
			"bytes":	7602176,
			"bits_per_second":	20263141.533847254,
			"sender":	true
		},
		"cpu_utilization_percent":	{
			"host_total":	1.1860903645394483,
			"host_user":	0.16828535441168732,
			"host_system":	1.0178050101277611,
			"remote_total":	0.44805175117668561,
			"remote_user":	0.009262223886609057,
			"remote_system":	0.43882284464218668
		},
		"sender_tcp_congestion":	"cubic",
		"receiver_tcp_congestion":	"cubic"
	}
}
