{
	"start":	{
		"connected":	[{
				"socket":	5,
				"local_host":	"192.168.1.2",
				"local_port":	43112,
				"remote_host":	"192.168.8.2",
				"remote_port":	5202
			}],
		"version":	"iperf 3.19.1",
		"system_info":	"Linux h1 6.6.87.2-microsoft-standard-WSL2 #1 SMP PREEMPT_DYNAMIC Thu Jun  5 18:30:46 UTC 2025 x86_64",
		"timestamp":	{
			"time":	"Mon, 06 Apr 2026 03:44:55 UTC",
			"timesecs":	1775447095
		},
		"connecting_to":	{
			"host":	"192.168.8.2",
			"port":	5202
		},
		"cookie":	"u2skc22owt2yzu73z225fgasyv5l5wz5igk4",
		"tcp_mss_default":	9448,
		"target_bitrate":	20000000,
		"fq_rate":	0,
		"sock_bufsize":	0,
		"sndbuf_actual":	16384,
		"rcvbuf_actual":	131072,
		"test_start":	{
			"protocol":	"TCP",
			"num_streams":	1,
			"blksize":	131072,
			"omit":	0,
			"duration":	3,
			"bytes":	0,
			"blocks":	0,
			"reverse":	0,
			"tos":	0,
			"target_bitrate":	20000000,
			"bidir":	0,
			"fqrate":	0,
			"interval":	1
		}
	},
	"intervals":	[{
			"streams":	[{
					"socket":	5,
					"start":	0,
					"end":	1.001418,
					"seconds":	1.0014179944992065,
					"bytes":	2621440,
					"bits_per_second":	20941824.607902646,
					"retransmits":	0,
					"snd_cwnd":	283440,
					"snd_wnd":	-1,
					"rtt":	175,
					"rttvar":	60,
					"pmtu":	9500,
					"omitted":	false,
					"sender":	true
				}],
			"sum":	{
				"start":	0,
				"end":	1.001418,
				"seconds":	1.0014179944992065,
				"bytes":	2621440,
				"bits_per_second":	20941824.607902646,
				"retransmits":	0,
				"omitted":	false,
				"sender":	true
			}
		}, {
			"streams":	[{
					"socket":	5,
					"start":	1.001418,
					"end":	2.000329,
					"seconds":	0.99891102313995361,
					"bytes":	2490368,
					"bits_per_second":	19944663.27678984,
					"retransmits":	0,
					"snd_cwnd":	283440,
					"snd_wnd":	-1,
					"rtt":	193,
					"rttvar":	84,
					"pmtu":	9500,
					"omitted":	false,
					"sender":	true
				}],
			"sum":	{
				"start":	1.001418,
				"end":	2.000329,
				"seconds":	0.99891102313995361,
				"bytes":	2490368,
				"bits_per_second":	19944663.27678984,
				"retransmits":	0,
				"omitted":	false,
				"sender":	true
			}
		}, {
			"streams":	[{
					"socket":	5,
					"start":	2.000329,
					"end":	3.001199,
					"seconds":	1.0008699893951416,
					"bytes":	2490368,
					"bits_per_second":	19905626.316201255,
					"retransmits":	0,
					"snd_cwnd":	283440,
					"snd_wnd":	-1,
					"rtt":	174,
					"rttvar":	61,
					"pmtu":	9500,
					"omitted":	false,
					"sender":	true
				}],
			"sum":	{
				"start":	2.000329,
				"end":	3.001199,
				"seconds":	1.0008699893951416,
				"bytes":	2490368,
				"bits_per_second":	19905626.316201255,
				"retransmits":	0,
				"omitted":	false,
				"sender":	true
			}
		}],
	"end":	{
		"streams":	[{
				"sender":	{
					"socket":	5,
					"start":	0,
					"end":	3.001199,
					"seconds":	3.001199,
					"bytes":	7602176,
					"bits_per_second":	20264370.339987449,
					"retransmits":	0,
					"max_snd_cwnd":	283440,
					"max_snd_wnd":	0,
					"max_rtt":	193,
					"min_rtt":	174,
					"mean_rtt":	180,
					"sender":	true
				},
				"receiver":	{
					"socket":	5,
					"start":	0,
					"end":	3.001418,
					"seconds":	3.001199,
					"bytes":	7602176,
					"bits_per_second":	20262891.739837635,
					"sender":	true
				}
			}],
		"sum_sent":	{
			"start":	0,
			"end":	3.001199,
			"seconds":	3.001199,
			"bytes":	7602176,
			"bits_per_second":	20264370.339987449,
			"retransmits":	0,
			"sender":	true
		},
		"sum_received":	{
			"start":	0,
			"end":	3.001418,
			"seconds":	3.001418,
			"bytes":	7602176,
			"bits_per_second":	20262891.739837635,
			"sender":	true
		},
		"cpu_utilization_percent":	{
			"host_total":	0.89470653339270745,
			"host_user":	0.058319291961829674,
			"host_system":	0.83642054770841145,
			"remote_total":	0.31721218433289655,
			"remote_user":	0.0033317107901785162,
			"remote_system":	0.3138471564348162
		},
		"sender_tcp_congestion":	"cubic",
		"receiver_tcp_congestion":	"cubic"
	}
}
