{
	"start":	{
		"connected":	[{
				"socket":	5,
				"local_host":	"192.168.1.2",
				"local_port":	51598,
				"remote_host":	"192.168.8.2",
				"remote_port":	5202
			}],
		"version":	"iperf 3.19.1",
		"system_info":	"Linux h1 6.6.87.2-microsoft-standard-WSL2 #1 SMP PREEMPT_DYNAMIC Thu Jun  5 18:30:46 UTC 2025 x86_64",
		"timestamp":	{
			"time":	"Mon, 06 Apr 2026 04:00:10 UTC",
			"timesecs":	1775448010
		},
		"connecting_to":	{
			"host":	"192.168.8.2",
			"port":	5202
		},
		"cookie":	"vatiypu5sc2e3a6lzllz2qx5i5hfzonbgzi6",
		"tcp_mss_default":	9448,
		"target_bitrate":	20000000,
		"fq_rate":	0,
		"sock_bufsize":	0,
		"sndbuf_actual":	16384,
		"rcvbuf_actual":	131072,
		"test_start":	{
			"protocol":	"TCP",
			"num_streams":	1,
			"blksize":	131072,
			"omit":	0,
			"duration":	3,
			"bytes":	0,
			"blocks":	0,
			"reverse":	0,
			"tos":	0,
			"target_bitrate":	20000000,
			"bidir":	0,
			"fqrate":	0,
			"interval":	1
		}
	},
	"intervals":	[{
			"streams":	[{
					"socket":	5,
					"start":	0,
					"end":	1.001059,
					"seconds":	1.0010590553283691,
					"bytes":	2621440,
					"bits_per_second":	20949333.4967345,
					"retransmits":	0,
					"snd_cwnd":	264544,
					"snd_wnd":	-1,
					"rtt":	258,
					"rttvar":	194,
					"pmtu":	9500,
					"omitted":	false,
					"sender":	true
				}],
			"sum":	{
				"start":	0,
				"end":	1.001059,
				"seconds":	1.0010590553283691,
				"bytes":	2621440,
				"bits_per_second":	20949333.4967345,
				"retransmits":	0,
				"omitted":	false,
				"sender":	true
			}
		}, {
			"streams":	[{
					"socket":	5,
					"start":	1.001059,
					"end":	2.001089,
					"seconds":	1.0000300407409668,
					"bytes":	2490368,
					"bits_per_second":	19922345.517978843,
					"retransmits":	0,
					"snd_cwnd":	264544,
					"snd_wnd":	-1,
					"rtt":	240,
					"rttvar":	81,
					"pmtu":	9500,
					"omitted":	false,
					"sender":	true
				}],
			"sum":	{
				"start":	1.001059,
				"end":	2.001089,
				"seconds":	1.0000300407409668,
				"bytes":	2490368,
				"bits_per_second":	19922345.517978843,
				"retransmits":	0,
				"omitted":	false,
				"sender":	true
			}
		}, {
			"streams":	[{
					"socket":	5,
					"start":	2.001089,
					"end":	3.001467,
					"seconds":	1.0003780126571655,
					"bytes":	2490368,
					"bits_per_second":	19915415.720784832,
					"retransmits":	0,
					"snd_cwnd":	264544,
					"snd_wnd":	-1,
					"rtt":	189,
					"rttvar":	125,
					"pmtu":	9500,
					"omitted":	false,
					"sender":	true
				}],
			"sum":	{
				"start":	2.001089,
				"end":	3.001467,
				"seconds":	1.0003780126571655,
				"bytes":	2490368,
				"bits_per_second":	19915415.720784832,
				"retransmits":	0,
				"omitted":	false,
				"sender":	true
			}
		}],
	"end":	{
		"streams":	[{
				"sender":	{
					"socket":	5,
					"start":	0,
					"end":	3.001467,
					"seconds":	3.001467,
					"bytes":	7602176,
					"bits_per_second":	20262560.94103317,
					"retransmits":	0,
					"max_snd_cwnd":	264544,
					"max_snd_wnd":	0,
					"max_rtt":	258,
					"min_rtt":	189,
					"mean_rtt":	229,
					"sender":	true
				},
				"receiver":	{
					"socket":	5,
					"start":	0,
					"end":	3.002007,
					"seconds":	3.001467,
					"bytes":	7602176,
					"bits_per_second":	20258916.11845009,
					"sender":	true
				}
			}],
		"sum_sent":	{
			"start":	0,
			"end":	3.001467,
			"seconds":	3.001467,
			"bytes":	7602176,
			"bits_per_second":	20262560.94103317,
			"retransmits":	0,
			"sender":	true
		},
		"sum_received":	{
			"start":	0,
			"end":	3.002007,
			"seconds":	3.002007,
			"bytes":	7602176,
			"bits_per_second":	20258916.11845009,
			"sender":	true
		},
		"cpu_utilization_percent":	{
			"host_total":	1.185908313247916,
			"host_user":	0.16062783067835035,
			"host_system":	1.0253803962108752,
			"remote_total":	0.3989279311509551,
			"remote_user":	0.14703305678860351,
			"remote_system":	0.25199480620883224
		},
		"sender_tcp_congestion":	"cubic",
		"receiver_tcp_congestion":	"cubic"
	}
}
