{
	"start":	{
		"connected":	[{
				"socket":	5,
				"local_host":	"192.168.1.2",
				"local_port":	41120,
				"remote_host":	"192.168.8.2",
				"remote_port":	5202
			}],
		"version":	"iperf 3.19.1",
		"system_info":	"Linux h1 6.6.87.2-microsoft-standard-WSL2 #1 SMP PREEMPT_DYNAMIC Thu Jun  5 18:30:46 UTC 2025 x86_64",
		"timestamp":	{
			"time":	"Mon, 06 Apr 2026 03:45:39 UTC",
			"timesecs":	1775447139
		},
		"connecting_to":	{
			"host":	"192.168.8.2",
			"port":	5202
		},
		"cookie":	"uui3kmimg2ngpwk6moxukoutwa2xyp4xfq3q",
		"tcp_mss_default":	9448,
		"target_bitrate":	20000000,
		"fq_rate":	0,
		"sock_bufsize":	0,
		"sndbuf_actual":	16384,
		"rcvbuf_actual":	131072,
		"test_start":	{
			"protocol":	"TCP",
			"num_streams":	1,
			"blksize":	131072,
			"omit":	0,
			"duration":	3,
			"bytes":	0,
			"blocks":	0,
			"reverse":	0,
			"tos":	0,
			"target_bitrate":	20000000,
			"bidir":	0,
			"fqrate":	0,
			"interval":	1
		}
	},
	"intervals":	[{
			"streams":	[{
					"socket":	5,
					"start":	0,
					"end":	1.001014,
					"seconds":	1.0010139942169189,
					"bytes":	2621440,
					"bits_per_second":	20950276.540744834,
					"retransmits":	0,
					"snd_cwnd":	226752,
					"snd_wnd":	-1,
					"rtt":	224,
					"rttvar":	157,
					"pmtu":	9500,
					"omitted":	false,
					"sender":	true
				}],
			"sum":	{
				"start":	0,
				"end":	1.001014,
				"seconds":	1.0010139942169189,
				"bytes":	2621440,
				"bits_per_second":	20950276.540744834,
				"retransmits":	0,
				"omitted":	false,
				"sender":	true
			}
		}, {
			"streams":	[{
					"socket":	5,
					"start":	1.001014,
					"end":	2.001328,
					"seconds":	1.0003139972686768,
					"bytes":	2490368,
					"bits_per_second":	19916690.213671826,
					"retransmits":	0,
					"snd_cwnd":	226752,
					"snd_wnd":	-1,
					"rtt":	237,
					"rttvar":	208,
					"pmtu":	9500,
					"omitted":	false,
					"sender":	true
				}],
			"sum":	{
				"start":	1.001014,
				"end":	2.001328,
				"seconds":	1.0003139972686768,
				"bytes":	2490368,
				"bits_per_second":	19916690.213671826,
				"retransmits":	0,
				"omitted":	false,
				"sender":	true
			}
		}, {
			"streams":	[{
					"socket":	5,
					"start":	2.001328,
					"end":	3.001833,
					"seconds":	1.0005049705505371,
					"bytes":	2490368,
					"bits_per_second":	19912888.57769214,
					"retransmits":	0,
					"snd_cwnd":	226752,
					"snd_wnd":	-1,
					"rtt":	112,
					"rttvar":	62,
					"pmtu":	9500,
					"omitted":	false,
					"sender":	true
				}],
			"sum":	{
				"start":	2.001328,
				"end":	3.001833,
				"seconds":	1.0005049705505371,
				"bytes":	2490368,
				"bits_per_second":	19912888.57769214,
				"retransmits":	0,
				"omitted":	false,
				"sender":	true
			}
		}],
	"end":	{
		"streams":	[{
				"sender":	{
					"socket":	5,
					"start":	0,
					"end":	3.001833,
					"seconds":	3.001833,
					"bytes":	7602176,
					"bits_per_second":	20260090.418087881,
					"retransmits":	0,
					"max_snd_cwnd":	226752,
					"max_snd_wnd":	0,
					"max_rtt":	237,
					"min_rtt":	112,
					"mean_rtt":	191,
					"sender":	true
				},
				"receiver":	{
					"socket":	5,
					"start":	0,
					"end":	3.002322,
					"seconds":	3.001833,
					"bytes":	7602176,
					"bits_per_second":	20256790.577426407,
					"sender":	true
				}
			}],
		"sum_sent":	{
			"start":	0,
			"end":	3.001833,
			"seconds":	3.001833,
			"bytes":	7602176,
			"bits_per_second":	20260090.418087881,
			"retransmits":	0,
			"sender":	true
		},
		"sum_received":	{
			"start":	0,
			"end":	3.002322,
			"seconds":	3.002322,
			"bytes":	7602176,
			"bits_per_second":	20256790.577426407,
			"sender":	true
		},
		"cpu_utilization_percent":	{
			"host_total":	0.81592801238510926,
			"host_user":	0.16280597716720266,
			"host_system":	0.65335513847832183,
			"remote_total":	0.280777998196093,
			"remote_user":	0,
			"remote_system":	0.28081130519469272
		},
		"sender_tcp_congestion":	"cubic",
		"receiver_tcp_congestion":	"cubic"
	}
}
