{
	"start":	{
		"connected":	[{
				"socket":	5,
				"local_host":	"192.168.1.2",
				"local_port":	49474,
				"remote_host":	"192.168.8.2",
				"remote_port":	5202
			}],
		"version":	"iperf 3.19.1",
		"system_info":	"Linux h1 6.6.87.2-microsoft-standard-WSL2 #1 SMP PREEMPT_DYNAMIC Thu Jun  5 18:30:46 UTC 2025 x86_64",
		"timestamp":	{
			"time":	"Mon, 06 Apr 2026 03:46:04 UTC",
			"timesecs":	1775447164
		},
		"connecting_to":	{
			"host":	"192.168.8.2",
			"port":	5202
		},
		"cookie":	"bq52oyqk4f6rezyrjomoqmlefkr7mcl3zaaa",
		"tcp_mss_default":	9448,
		"target_bitrate":	20000000,
		"fq_rate":	0,
		"sock_bufsize":	0,
		"sndbuf_actual":	16384,
		"rcvbuf_actual":	131072,
		"test_start":	{
			"protocol":	"TCP",
			"num_streams":	1,
			"blksize":	131072,
			"omit":	0,
			"duration":	3,
			"bytes":	0,
			"blocks":	0,
			"reverse":	0,
			"tos":	0,
			"target_bitrate":	20000000,
			"bidir":	0,
			"fqrate":	0,
			"interval":	1
		}
	},
	"intervals":	[{
			"streams":	[{
					"socket":	5,
					"start":	0,
					"end":	1.001417,
					"seconds":	1.00141704082489,
					"bytes":	2621440,
					"bits_per_second":	20941844.551322274,
					"retransmits":	0,
					"snd_cwnd":	207856,
					"snd_wnd":	-1,
					"rtt":	409,
					"rttvar":	391,
					"pmtu":	9500,
					"omitted":	false,
					"sender":	true
				}],
			"sum":	{
				"start":	0,
				"end":	1.001417,
				"seconds":	1.00141704082489,
				"bytes":	2621440,
				"bits_per_second":	20941844.551322274,
				"retransmits":	0,
				"omitted":	false,
				"sender":	true
			}
		}, {
			"streams":	[{
					"socket":	5,
					"start":	1.001417,
					"end":	2.001146,
					"seconds":	0.9997289776802063,
					"bytes":	2490368,
					"bits_per_second":	19928345.026298676,
					"retransmits":	0,
					"snd_cwnd":	207856,
					"snd_wnd":	-1,
					"rtt":	274,
					"rttvar":	145,
					"pmtu":	9500,
					"omitted":	false,
					"sender":	true
				}],
			"sum":	{
				"start":	1.001417,
				"end":	2.001146,
				"seconds":	0.9997289776802063,
				"bytes":	2490368,
				"bits_per_second":	19928345.026298676,
				"retransmits":	0,
				"omitted":	false,
				"sender":	true
			}
		}, {
			"streams":	[{
					"socket":	5,
					"start":	2.001146,
					"end":	3.001314,
					"seconds":	1.0001679658889771,
					"bytes":	2490368,
					"bits_per_second":	19919598.186982457,
					"retransmits":	0,
					"snd_cwnd":	207856,
					"snd_wnd":	-1,
					"rtt":	249,
					"rttvar":	127,
					"pmtu":	9500,
					"omitted":	false,
					"sender":	true
				}],
			"sum":	{
				"start":	2.001146,
				"end":	3.001314,
				"seconds":	1.0001679658889771,
				"bytes":	2490368,
				"bits_per_second":	19919598.186982457,
				"retransmits":	0,
				"omitted":	false,
				"sender":	true
			}
		}],
	"end":	{
		"streams":	[{
				"sender":	{
					"socket":	5,
					"start":	0,
					"end":	3.001314,
					"seconds":	3.001314,
					"bytes":	7602176,
					"bits_per_second":	20263593.879214238,
					"retransmits":	0,
					"max_snd_cwnd":	207856,
					"max_snd_wnd":	0,
					"max_rtt":	409,
					"min_rtt":	249,
					"mean_rtt":	310,
					"sender":	true
				},
				"receiver":	{
					"socket":	5,
					"start":	0,
					"end":	3.001758,
					"seconds":	3.001314,
					"bytes":	7602176,
					"bits_per_second":	20260596.623711836,
					"sender":	true
				}
			}],
		"sum_sent":	{
			"start":	0,
			"end":	3.001314,
			"seconds":	3.001314,
			"bytes":	7602176,
			"bits_per_second":	20263593.879214238,
			"retransmits":	0,
			"sender":	true
		},
		"sum_received":	{
			"start":	0,
			"end":	3.001758,
			"seconds":	3.001758,
			"bytes":	7602176,
			"bits_per_second":	20260596.623711836,
			"sender":	true
		},
		"cpu_utilization_percent":	{
			"host_total":	1.3287967691634424,
			"host_user":	0,
			"host_system":	1.3288966837032059,
			"remote_total":	0.526480952542759,
			"remote_user":	0.0798182967788187,
			"remote_system":	0.44669596890950747
		},
		"sender_tcp_congestion":	"cubic",
		"receiver_tcp_congestion":	"cubic"
	}
}
