{
	"start":	{
		"connected":	[{
				"socket":	5,
				"local_host":	"192.168.1.2",
				"local_port":	54994,
				"remote_host":	"192.168.8.2",
				"remote_port":	5202
			}],
		"version":	"iperf 3.19.1",
		"system_info":	"Linux h1 6.6.87.2-microsoft-standard-WSL2 #1 SMP PREEMPT_DYNAMIC Thu Jun  5 18:30:46 UTC 2025 x86_64",
		"timestamp":	{
			"time":	"Mon, 06 Apr 2026 03:49:01 UTC",
			"timesecs":	1775447341
		},
		"connecting_to":	{
			"host":	"192.168.8.2",
			"port":	5202
		},
		"cookie":	"2zjn4o5rfbozbj5pxrj5otnc2uygo7olxx5h",
		"tcp_mss_default":	9448,
		"target_bitrate":	20000000,
		"fq_rate":	0,
		"sock_bufsize":	0,
		"sndbuf_actual":	16384,
		"rcvbuf_actual":	131072,
		"test_start":	{
			"protocol":	"TCP",
			"num_streams":	1,
			"blksize":	131072,
			"omit":	0,
			"duration":	3,
			"bytes":	0,
			"blocks":	0,
			"reverse":	0,
			"tos":	0,
			"target_bitrate":	20000000,
			"bidir":	0,
			"fqrate":	0,
			"interval":	1
		}
	},
	"intervals":	[{
			"streams":	[{
					"socket":	5,
					"start":	0,
					"end":	1.000654,
					"seconds":	1.0006539821624756,
					"bytes":	2621440,
					"bits_per_second":	20957813.963503387,
					"retransmits":	0,
					"snd_cwnd":	217304,
					"snd_wnd":	-1,
					"rtt":	157,
					"rttvar":	71,
					"pmtu":	9500,
					"omitted":	false,
					"sender":	true
				}],
			"sum":	{
				"start":	0,
				"end":	1.000654,
				"seconds":	1.0006539821624756,
				"bytes":	2621440,
				"bits_per_second":	20957813.963503387,
				"retransmits":	0,
				"omitted":	false,
				"sender":	true
			}
		}, {
			"streams":	[{
					"socket":	5,
					"start":	1.000654,
					"end":	2.000339,
					"seconds":	0.999684989452362,
					"bytes":	2490368,
					"bits_per_second":	19929221.915109478,
					"retransmits":	0,
					"snd_cwnd":	217304,
					"snd_wnd":	-1,
					"rtt":	168,
					"rttvar":	107,
					"pmtu":	9500,
					"omitted":	false,
					"sender":	true
				}],
			"sum":	{
				"start":	1.000654,
				"end":	2.000339,
				"seconds":	0.999684989452362,
				"bytes":	2490368,
				"bits_per_second":	19929221.915109478,
				"retransmits":	0,
				"omitted":	false,
				"sender":	true
			}
		}, {
			"streams":	[{
					"socket":	5,
					"start":	2.000339,
					"end":	3.00042,
					"seconds":	1.000080943107605,
					"bytes":	2490368,
					"bits_per_second":	19921331.505520314,
					"retransmits":	0,
					"snd_cwnd":	217304,
					"snd_wnd":	-1,
					"rtt":	233,
					"rttvar":	121,
					"pmtu":	9500,
					"omitted":	false,
					"sender":	true
				}],
			"sum":	{
				"start":	2.000339,
				"end":	3.00042,
				"seconds":	1.000080943107605,
				"bytes":	2490368,
				"bits_per_second":	19921331.505520314,
				"retransmits":	0,
				"omitted":	false,
				"sender":	true
			}
		}],
	"end":	{
		"streams":	[{
				"sender":	{
					"socket":	5,
					"start":	0,
					"end":	3.00042,
					"seconds":	3.00042,
					"bytes":	7602176,
					"bits_per_second":	20269631.584911443,
					"retransmits":	0,
					"max_snd_cwnd":	217304,
					"max_snd_wnd":	0,
					"max_rtt":	233,
					"min_rtt":	157,
					"mean_rtt":	186,
					"sender":	true
				},
				"receiver":	{
					"socket":	5,
					"start":	0,
					"end":	3.000576,
					"seconds":	3.00042,
					"bytes":	7602176,
					"bits_per_second":	20268577.766402185,
					"sender":	true
				}
			}],
		"sum_sent":	{
			"start":	0,
			"end":	3.00042,
			"seconds":	3.00042,
			"bytes":	7602176,
			"bits_per_second":	20269631.584911443,
			"retransmits":	0,
			"sender":	true
		},
		"sum_received":	{
			"start":	0,
			"end":	3.000576,
			"seconds":	3.000576,
			"bytes":	7602176,
			"bits_per_second":	20268577.766402185,
			"sender":	true
		},
		"cpu_utilization_percent":	{
			"host_total":	0.80555610157356461,
			"host_user":	0,
			"host_system":	0.805955897810749,
			"remote_total":	0.29403834995929184,
			"remote_user":	0,
			"remote_system":	0.29407167630520137
		},
		"sender_tcp_congestion":	"cubic",
		"receiver_tcp_congestion":	"cubic"
	}
}
