{
	"start":	{
		"connected":	[{
				"socket":	5,
				"local_host":	"192.168.1.2",
				"local_port":	48332,
				"remote_host":	"192.168.8.2",
				"remote_port":	5205
			}],
		"version":	"iperf 3.19.1",
		"system_info":	"Linux h1 6.6.87.2-microsoft-standard-WSL2 #1 SMP PREEMPT_DYNAMIC Thu Jun  5 18:30:46 UTC 2025 x86_64",
		"timestamp":	{
			"time":	"Mon, 06 Apr 2026 04:03:00 UTC",
			"timesecs":	1775448180
		},
		"connecting_to":	{
			"host":	"192.168.8.2",
			"port":	5205
		},
		"cookie":	"guwkl3e7wo7etaohcmpz65a53jnieu5m52xu",
		"tcp_mss_default":	9448,
		"target_bitrate":	20000000,
		"fq_rate":	0,
		"sock_bufsize":	0,
		"sndbuf_actual":	16384,
		"rcvbuf_actual":	131072,
		"test_start":	{
			"protocol":	"TCP",
			"num_streams":	1,
			"blksize":	131072,
			"omit":	0,
			"duration":	3,
			"bytes":	0,
			"blocks":	0,
			"reverse":	0,
			"tos":	0,
			"target_bitrate":	20000000,
			"bidir":	0,
			"fqrate":	0,
			"interval":	1
		}
	},
	"intervals":	[{
			"streams":	[{
					"socket":	5,
					"start":	0,
					"end":	1.001058,
					"seconds":	1.0010579824447632,
					"bytes":	2621440,
					"bits_per_second":	20949355.949176677,
					"retransmits":	0,
					"snd_cwnd":	330680,
					"snd_wnd":	-1,
					"rtt":	124,
					"rttvar":	57,
					"pmtu":	9500,
					"omitted":	false,
					"sender":	true
				}],
			"sum":	{
				"start":	0,
				"end":	1.001058,
				"seconds":	1.0010579824447632,
				"bytes":	2621440,
				"bits_per_second":	20949355.949176677,
				"retransmits":	0,
				"omitted":	false,
				"sender":	true
			}
		}, {
			"streams":	[{
					"socket":	5,
					"start":	1.001058,
					"end":	2.001551,
					"seconds":	1.000493049621582,
					"bytes":	2490368,
					"bits_per_second":	19913125.840839658,
					"retransmits":	0,
					"snd_cwnd":	330680,
					"snd_wnd":	-1,
					"rtt":	145,
					"rttvar":	65,
					"pmtu":	9500,
					"omitted":	false,
					"sender":	true
				}],
			"sum":	{
				"start":	1.001058,
				"end":	2.001551,
				"seconds":	1.000493049621582,
				"bytes":	2490368,
				"bits_per_second":	19913125.840839658,
				"retransmits":	0,
				"omitted":	false,
				"sender":	true
			}
		}, {
			"streams":	[{
					"socket":	5,
					"start":	2.001551,
					"end":	3.001298,
					"seconds":	0.99974697828292847,
					"bytes":	2490368,
					"bits_per_second":	19927986.213289466,
					"retransmits":	0,
					"snd_cwnd":	330680,
					"snd_wnd":	-1,
					"rtt":	152,
					"rttvar":	97,
					"pmtu":	9500,
					"omitted":	false,
					"sender":	true
				}],
			"sum":	{
				"start":	2.001551,
				"end":	3.001298,
				"seconds":	0.99974697828292847,
				"bytes":	2490368,
				"bits_per_second":	19927986.213289466,
				"retransmits":	0,
				"omitted":	false,
				"sender":	true
			}
		}],
	"end":	{
		"streams":	[{
				"sender":	{
					"socket":	5,
					"start":	0,
					"end":	3.001298,
					"seconds":	3.001298,
					"bytes":	7602176,
					"bits_per_second":	20263701.904975783,
					"retransmits":	0,
					"max_snd_cwnd":	330680,
					"max_snd_wnd":	0,
					"max_rtt":	152,
					"min_rtt":	124,
					"mean_rtt":	140,
					"sender":	true
				},
				"receiver":	{
					"socket":	5,
					"start":	0,
					"end":	3.001453,
					"seconds":	3.001298,
					"bytes":	7602176,
					"bits_per_second":	20262655.453875173,
					"sender":	true
				}
			}],
		"sum_sent":	{
			"start":	0,
			"end":	3.001298,
			"seconds":	3.001298,
			"bytes":	7602176,
			"bits_per_second":	20263701.904975783,
			"retransmits":	0,
			"sender":	true
		},
		"sum_received":	{
			"start":	0,
			"end":	3.001453,
			"seconds":	3.001453,
			"bytes":	7602176,
			"bits_per_second":	20262655.453875173,
			"sender":	true
		},
		"cpu_utilization_percent":	{
			"host_total":	0.61363239003921377,
			"host_user":	0,
			"host_system":	0.6136656925677082,
			"remote_total":	0.20529783011321365,
			"remote_user":	0.10414816892793019,
			"remote_system":	0.10118297793797953
		},
		"sender_tcp_congestion":	"cubic",
		"receiver_tcp_congestion":	"cubic"
	}
}
