{
	"start":	{
		"connected":	[{
				"socket":	5,
				"local_host":	"192.168.1.2",
				"local_port":	43996,
				"remote_host":	"192.168.8.2",
				"remote_port":	5204
			}],
		"version":	"iperf 3.19.1",
		"system_info":	"Linux h1 6.6.87.2-microsoft-standard-WSL2 #1 SMP PREEMPT_DYNAMIC Thu Jun  5 18:30:46 UTC 2025 x86_64",
		"timestamp":	{
			"time":	"Mon, 06 Apr 2026 03:46:10 UTC",
			"timesecs":	1775447170
		},
		"connecting_to":	{
			"host":	"192.168.8.2",
			"port":	5204
		},
		"cookie":	"ub3tfwpmn3qqk43jrxvrybjrc2o3nb3gbr6s",
		"tcp_mss_default":	9448,
		"target_bitrate":	20000000,
		"fq_rate":	0,
		"sock_bufsize":	0,
		"sndbuf_actual":	16384,
		"rcvbuf_actual":	131072,
		"test_start":	{
			"protocol":	"TCP",
			"num_streams":	1,
			"blksize":	131072,
			"omit":	0,
			"duration":	3,
			"bytes":	0,
			"blocks":	0,
			"reverse":	0,
			"tos":	0,
			"target_bitrate":	20000000,
			"bidir":	0,
			"fqrate":	0,
			"interval":	1
		}
	},
	"intervals":	[{
			"streams":	[{
					"socket":	5,
					"start":	0,
					"end":	1.001103,
					"seconds":	1.0011030435562134,
					"bytes":	2621440,
					"bits_per_second":	20948412.988040645,
					"retransmits":	0,
					"snd_cwnd":	226752,
					"snd_wnd":	-1,
					"rtt":	234,
					"rttvar":	109,
					"pmtu":	9500,
					"omitted":	false,
					"sender":	true
				}],
			"sum":	{
				"start":	0,
				"end":	1.001103,
				"seconds":	1.0011030435562134,
				"bytes":	2621440,
				"bits_per_second":	20948412.988040645,
				"retransmits":	0,
				"omitted":	false,
				"sender":	true
			}
		}, {
			"streams":	[{
					"socket":	5,
					"start":	1.001103,
					"end":	2.001001,
					"seconds":	0.99989801645278931,
					"bytes":	2490368,
					"bits_per_second":	19924976.01973258,
					"retransmits":	0,
					"snd_cwnd":	226752,
					"snd_wnd":	-1,
					"rtt":	227,
					"rttvar":	182,
					"pmtu":	9500,
					"omitted":	false,
					"sender":	true
				}],
			"sum":	{
				"start":	1.001103,
				"end":	2.001001,
				"seconds":	0.99989801645278931,
				"bytes":	2490368,
				"bits_per_second":	19924976.01973258,
				"retransmits":	0,
				"omitted":	false,
				"sender":	true
			}
		}, {
			"streams":	[{
					"socket":	5,
					"start":	2.001001,
					"end":	3.001746,
					"seconds":	1.0007450580596924,
					"bytes":	2490368,
					"bits_per_second":	19908111.301221773,
					"retransmits":	0,
					"snd_cwnd":	226752,
					"snd_wnd":	-1,
					"rtt":	303,
					"rttvar":	222,
					"pmtu":	9500,
					"omitted":	false,
					"sender":	true
				}],
			"sum":	{
				"start":	2.001001,
				"end":	3.001746,
				"seconds":	1.0007450580596924,
				"bytes":	2490368,
				"bits_per_second":	19908111.301221773,
				"retransmits":	0,
				"omitted":	false,
				"sender":	true
			}
		}],
	"end":	{
		"streams":	[{
				"sender":	{
					"socket":	5,
					"start":	0,
					"end":	3.001746,
					"seconds":	3.001746,
					"bytes":	7602176,
					"bits_per_second":	20260677.6189591,
					"retransmits":	0,
					"max_snd_cwnd":	226752,
					"max_snd_wnd":	0,
					"max_rtt":	303,
					"min_rtt":	227,
					"mean_rtt":	254,
					"sender":	true
				},
				"receiver":	{
					"socket":	5,
					"start":	0,
					"end":	3.002572,
					"seconds":	3.001746,
					"bytes":	7602176,
					"bits_per_second":	20255103.9575404,
					"sender":	true
				}
			}],
		"sum_sent":	{
			"start":	0,
			"end":	3.001746,
			"seconds":	3.001746,
			"bytes":	7602176,
			"bits_per_second":	20260677.6189591,
			"retransmits":	0,
			"sender":	true
		},
		"sum_received":	{
			"start":	0,
			"end":	3.002572,
			"seconds":	3.002572,
			"bytes":	7602176,
			"bits_per_second":	20255103.9575404,
			"sender":	true
		},
		"cpu_utilization_percent":	{
			"host_total":	0.991566722693216,
			"host_user":	0.028362816347768074,
			"host_system":	0.963370354798193,
			"remote_total":	0.3316718104271969,
			"remote_user":	0.0081927166748760345,
			"remote_system":	0.32331257512071765
		},
		"sender_tcp_congestion":	"cubic",
		"receiver_tcp_congestion":	"cubic"
	}
}
