{
	"start":	{
		"connected":	[{
				"socket":	5,
				"local_host":	"192.168.1.2",
				"local_port":	46998,
				"remote_host":	"192.168.8.2",
				"remote_port":	5203
			}],
		"version":	"iperf 3.19.1",
		"system_info":	"Linux h1 6.6.87.2-microsoft-standard-WSL2 #1 SMP PREEMPT_DYNAMIC Thu Jun  5 18:30:46 UTC 2025 x86_64",
		"timestamp":	{
			"time":	"Mon, 06 Apr 2026 03:48:13 UTC",
			"timesecs":	1775447293
		},
		"connecting_to":	{
			"host":	"192.168.8.2",
			"port":	5203
		},
		"cookie":	"33ecwo2acsf2rqd3jdo76pe4idv2ruwun5ng",
		"tcp_mss_default":	9448,
		"target_bitrate":	20000000,
		"fq_rate":	0,
		"sock_bufsize":	0,
		"sndbuf_actual":	16384,
		"rcvbuf_actual":	131072,
		"test_start":	{
			"protocol":	"TCP",
			"num_streams":	1,
			"blksize":	131072,
			"omit":	0,
			"duration":	3,
			"bytes":	0,
			"blocks":	0,
			"reverse":	0,
			"tos":	0,
			"target_bitrate":	20000000,
			"bidir":	0,
			"fqrate":	0,
			"interval":	1
		}
	},
	"intervals":	[{
			"streams":	[{
					"socket":	5,
					"start":	0,
					"end":	1.000856,
					"seconds":	1.0008560419082642,
					"bytes":	2621440,
					"bits_per_second":	20953582.85494788,
					"retransmits":	0,
					"snd_cwnd":	359024,
					"snd_wnd":	-1,
					"rtt":	319,
					"rttvar":	198,
					"pmtu":	9500,
					"omitted":	false,
					"sender":	true
				}],
			"sum":	{
				"start":	0,
				"end":	1.000856,
				"seconds":	1.0008560419082642,
				"bytes":	2621440,
				"bits_per_second":	20953582.85494788,
				"retransmits":	0,
				"omitted":	false,
				"sender":	true
			}
		}, {
			"streams":	[{
					"socket":	5,
					"start":	1.000856,
					"end":	2.001021,
					"seconds":	1.0001649856567383,
					"bytes":	2490368,
					"bits_per_second":	19919657.5422184,
					"retransmits":	0,
					"snd_cwnd":	359024,
					"snd_wnd":	-1,
					"rtt":	455,
					"rttvar":	406,
					"pmtu":	9500,
					"omitted":	false,
					"sender":	true
				}],
			"sum":	{
				"start":	1.000856,
				"end":	2.001021,
				"seconds":	1.0001649856567383,
				"bytes":	2490368,
				"bits_per_second":	19919657.5422184,
				"retransmits":	0,
				"omitted":	false,
				"sender":	true
			}
		}, {
			"streams":	[{
					"socket":	5,
					"start":	2.001021,
					"end":	3.001081,
					"seconds":	1.000059962272644,
					"bytes":	2490368,
					"bits_per_second":	19921749.446628135,
					"retransmits":	0,
					"snd_cwnd":	359024,
					"snd_wnd":	-1,
					"rtt":	416,
					"rttvar":	360,
					"pmtu":	9500,
					"omitted":	false,
					"sender":	true
				}],
			"sum":	{
				"start":	2.001021,
				"end":	3.001081,
				"seconds":	1.000059962272644,
				"bytes":	2490368,
				"bits_per_second":	19921749.446628135,
				"retransmits":	0,
				"omitted":	false,
				"sender":	true
			}
		}],
	"end":	{
		"streams":	[{
				"sender":	{
					"socket":	5,
					"start":	0,
					"end":	3.001081,
					"seconds":	3.001081,
					"bytes":	7602176,
					"bits_per_second":	20265167.1181151,
					"retransmits":	0,
					"max_snd_cwnd":	359024,
					"max_snd_wnd":	0,
					"max_rtt":	455,
					"min_rtt":	319,
					"mean_rtt":	396,
					"sender":	true
				},
				"receiver":	{
					"socket":	5,
					"start":	0,
					"end":	3.001631,
					"seconds":	3.001081,
					"bytes":	7602176,
					"bits_per_second":	20261453.856253482,
					"sender":	true
				}
			}],
		"sum_sent":	{
			"start":	0,
			"end":	3.001081,
			"seconds":	3.001081,
			"bytes":	7602176,
			"bits_per_second":	20265167.1181151,
			"retransmits":	0,
			"sender":	true
		},
		"sum_received":	{
			"start":	0,
			"end":	3.001631,
			"seconds":	3.001631,
			"bytes":	7602176,
			"bits_per_second":	20261453.856253482,
			"sender":	true
		},
		"cpu_utilization_percent":	{
			"host_total":	1.5074292658969641,
			"host_user":	0.16621577751325614,
			"host_system":	1.34141326696245,
			"remote_total":	0.47113820420453029,
			"remote_user":	0,
			"remote_system":	0.4712381486687231
		},
		"sender_tcp_congestion":	"cubic",
		"receiver_tcp_congestion":	"cubic"
	}
}
