{
	"start":	{
		"connected":	[{
				"socket":	5,
				"local_host":	"192.168.1.2",
				"local_port":	37096,
				"remote_host":	"192.168.8.2",
				"remote_port":	5202
			}],
		"version":	"iperf 3.19.1",
		"system_info":	"Linux h1 6.6.87.2-microsoft-standard-WSL2 #1 SMP PREEMPT_DYNAMIC Thu Jun  5 18:30:46 UTC 2025 x86_64",
		"timestamp":	{
			"time":	"Mon, 06 Apr 2026 03:50:37 UTC",
			"timesecs":	1775447437
		},
		"connecting_to":	{
			"host":	"192.168.8.2",
			"port":	5202
		},
		"cookie":	"bvnhz2yx33epvxqphzbfhrzxg3rbmadrkp2c",
		"tcp_mss_default":	9448,
		"target_bitrate":	20000000,
		"fq_rate":	0,
		"sock_bufsize":	0,
		"sndbuf_actual":	16384,
		"rcvbuf_actual":	131072,
		"test_start":	{
			"protocol":	"TCP",
			"num_streams":	1,
			"blksize":	131072,
			"omit":	0,
			"duration":	3,
			"bytes":	0,
			"blocks":	0,
			"reverse":	0,
			"tos":	0,
			"target_bitrate":	20000000,
			"bidir":	0,
			"fqrate":	0,
			"interval":	1
		}
	},
	"intervals":	[{
			"streams":	[{
					"socket":	5,
					"start":	0,
					"end":	1.000174,
					"seconds":	1.0001740455627441,
					"bytes":	2621440,
					"bits_per_second":	20967870.63515576,
					"retransmits":	0,
					"snd_cwnd":	302336,
					"snd_wnd":	-1,
					"rtt":	269,
					"rttvar":	131,
					"pmtu":	9500,
					"omitted":	false,
					"sender":	true
				}],
			"sum":	{
				"start":	0,
				"end":	1.000174,
				"seconds":	1.0001740455627441,
				"bytes":	2621440,
				"bits_per_second":	20967870.63515576,
				"retransmits":	0,
				"omitted":	false,
				"sender":	true
			}
		}, {
			"streams":	[{
					"socket":	5,
					"start":	1.000174,
					"end":	2.000736,
					"seconds":	1.0005619525909424,
					"bytes":	2490368,
					"bits_per_second":	19911754.537947193,
					"retransmits":	0,
					"snd_cwnd":	302336,
					"snd_wnd":	-1,
					"rtt":	362,
					"rttvar":	244,
					"pmtu":	9500,
					"omitted":	false,
					"sender":	true
				}],
			"sum":	{
				"start":	1.000174,
				"end":	2.000736,
				"seconds":	1.0005619525909424,
				"bytes":	2490368,
				"bits_per_second":	19911754.537947193,
				"retransmits":	0,
				"omitted":	false,
				"sender":	true
			}
		}, {
			"streams":	[{
					"socket":	5,
					"start":	2.000736,
					"end":	3.000739,
					"seconds":	1.0000029802322388,
					"bytes":	2490368,
					"bits_per_second":	19922884.625176951,
					"retransmits":	0,
					"snd_cwnd":	302336,
					"snd_wnd":	-1,
					"rtt":	265,
					"rttvar":	117,
					"pmtu":	9500,
					"omitted":	false,
					"sender":	true
				}],
			"sum":	{
				"start":	2.000736,
				"end":	3.000739,
				"seconds":	1.0000029802322388,
				"bytes":	2490368,
				"bits_per_second":	19922884.625176951,
				"retransmits":	0,
				"omitted":	false,
				"sender":	true
			}
		}],
	"end":	{
		"streams":	[{
				"sender":	{
					"socket":	5,
					"start":	0,
					"end":	3.000739,
					"seconds":	3.000739,
					"bytes":	7602176,
					"bits_per_second":	20267476.7782203,
					"retransmits":	0,
					"max_snd_cwnd":	302336,
					"max_snd_wnd":	0,
					"max_rtt":	362,
					"min_rtt":	265,
					"mean_rtt":	298,
					"sender":	true
				},
				"receiver":	{
					"socket":	5,
					"start":	0,
					"end":	3.00098,
					"seconds":	3.000739,
					"bytes":	7602176,
					"bits_per_second":	20265849.155942392,
					"sender":	true
				}
			}],
		"sum_sent":	{
			"start":	0,
			"end":	3.000739,
			"seconds":	3.000739,
			"bytes":	7602176,
			"bits_per_second":	20267476.7782203,
			"retransmits":	0,
			"sender":	true
		},
		"sum_received":	{
			"start":	0,
			"end":	3.00098,
			"seconds":	3.00098,
			"bytes":	7602176,
			"bits_per_second":	20265849.155942392,
			"sender":	true
		},
		"cpu_utilization_percent":	{
			"host_total":	1.440698320123573,
			"host_user":	0,
			"host_system":	1.440698320123573,
			"remote_total":	0.48643347760616618,
			"remote_user":	0.12039211909789548,
			"remote_system":	0.36610800236052526
		},
		"sender_tcp_congestion":	"cubic",
		"receiver_tcp_congestion":	"cubic"
	}
}
