{
	"start":	{
		"connected":	[{
				"socket":	5,
				"local_host":	"192.168.1.2",
				"local_port":	56372,
				"remote_host":	"192.168.8.2",
				"remote_port":	5203
			}],
		"version":	"iperf 3.19.1",
		"system_info":	"Linux h1 6.6.87.2-microsoft-standard-WSL2 #1 SMP PREEMPT_DYNAMIC Thu Jun  5 18:30:46 UTC 2025 x86_64",
		"timestamp":	{
			"time":	"Mon, 06 Apr 2026 03:50:22 UTC",
			"timesecs":	1775447422
		},
		"connecting_to":	{
			"host":	"192.168.8.2",
			"port":	5203
		},
		"cookie":	"7xej53234wbwax7sfg6nglifmwfhoy4w2c2r",
		"tcp_mss_default":	9448,
		"target_bitrate":	20000000,
		"fq_rate":	0,
		"sock_bufsize":	0,
		"sndbuf_actual":	16384,
		"rcvbuf_actual":	131072,
		"test_start":	{
			"protocol":	"TCP",
			"num_streams":	1,
			"blksize":	131072,
			"omit":	0,
			"duration":	3,
			"bytes":	0,
			"blocks":	0,
			"reverse":	0,
			"tos":	0,
			"target_bitrate":	20000000,
			"bidir":	0,
			"fqrate":	0,
			"interval":	1
		}
	},
	"intervals":	[{
			"streams":	[{
					"socket":	5,
					"start":	0,
					"end":	1.001077,
					"seconds":	1.0010770559310913,
					"bytes":	2621440,
					"bits_per_second":	20948956.801826417,
					"retransmits":	0,
					"snd_cwnd":	264544,
					"snd_wnd":	-1,
					"rtt":	215,
					"rttvar":	139,
					"pmtu":	9500,
					"omitted":	false,
					"sender":	true
				}],
			"sum":	{
				"start":	0,
				"end":	1.001077,
				"seconds":	1.0010770559310913,
				"bytes":	2621440,
				"bits_per_second":	20948956.801826417,
				"retransmits":	0,
				"omitted":	false,
				"sender":	true
			}
		}, {
			"streams":	[{
					"socket":	5,
					"start":	1.001077,
					"end":	2.001095,
					"seconds":	1.0000180006027222,
					"bytes":	2490368,
					"bits_per_second":	19922585.381455351,
					"retransmits":	0,
					"snd_cwnd":	264544,
					"snd_wnd":	-1,
					"rtt":	258,
					"rttvar":	171,
					"pmtu":	9500,
					"omitted":	false,
					"sender":	true
				}],
			"sum":	{
				"start":	1.001077,
				"end":	2.001095,
				"seconds":	1.0000180006027222,
				"bytes":	2490368,
				"bits_per_second":	19922585.381455351,
				"retransmits":	0,
				"omitted":	false,
				"sender":	true
			}
		}, {
			"streams":	[{
					"socket":	5,
					"start":	2.001095,
					"end":	3.001165,
					"seconds":	1.0000699758529663,
					"bytes":	2490368,
					"bits_per_second":	19921549.972548261,
					"retransmits":	0,
					"snd_cwnd":	264544,
					"snd_wnd":	-1,
					"rtt":	181,
					"rttvar":	86,
					"pmtu":	9500,
					"omitted":	false,
					"sender":	true
				}],
			"sum":	{
				"start":	2.001095,
				"end":	3.001165,
				"seconds":	1.0000699758529663,
				"bytes":	2490368,
				"bits_per_second":	19921549.972548261,
				"retransmits":	0,
				"omitted":	false,
				"sender":	true
			}
		}],
	"end":	{
		"streams":	[{
				"sender":	{
					"socket":	5,
					"start":	0,
					"end":	3.001165,
					"seconds":	3.001165,
					"bytes":	7602176,
					"bits_per_second":	20264599.913700182,
					"retransmits":	0,
					"max_snd_cwnd":	264544,
					"max_snd_wnd":	0,
					"max_rtt":	258,
					"min_rtt":	181,
					"mean_rtt":	218,
					"sender":	true
				},
				"receiver":	{
					"socket":	5,
					"start":	0,
					"end":	3.001315,
					"seconds":	3.001165,
					"bytes":	7602176,
					"bits_per_second":	20263587.127642382,
					"sender":	true
				}
			}],
		"sum_sent":	{
			"start":	0,
			"end":	3.001165,
			"seconds":	3.001165,
			"bytes":	7602176,
			"bits_per_second":	20264599.913700182,
			"retransmits":	0,
			"sender":	true
		},
		"sum_received":	{
			"start":	0,
			"end":	3.001315,
			"seconds":	3.001315,
			"bytes":	7602176,
			"bits_per_second":	20263587.127642382,
			"sender":	true
		},
		"cpu_utilization_percent":	{
			"host_total":	0.8094636162725436,
			"host_user":	0,
			"host_system":	0.8094636162725436,
			"remote_total":	0.28687033460875688,
			"remote_user":	0,
			"remote_system":	0.28687033460875688
		},
		"sender_tcp_congestion":	"cubic",
		"receiver_tcp_congestion":	"cubic"
	}
}
