{
	"start":	{
		"connected":	[{
				"socket":	5,
				"local_host":	"192.168.1.2",
				"local_port":	56978,
				"remote_host":	"192.168.8.2",
				"remote_port":	5202
			}],
		"version":	"iperf 3.19.1",
		"system_info":	"Linux h1 6.6.87.2-microsoft-standard-WSL2 #1 SMP PREEMPT_DYNAMIC Thu Jun  5 18:30:46 UTC 2025 x86_64",
		"timestamp":	{
			"time":	"Mon, 06 Apr 2026 03:47:44 UTC",
			"timesecs":	1775447264
		},
		"connecting_to":	{
			"host":	"192.168.8.2",
			"port":	5202
		},
		"cookie":	"xjl7p5kqoea3s7aqp6sd42377zt5uttbnaf6",
		"tcp_mss_default":	9448,
		"target_bitrate":	20000000,
		"fq_rate":	0,
		"sock_bufsize":	0,
		"sndbuf_actual":	16384,
		"rcvbuf_actual":	131072,
		"test_start":	{
			"protocol":	"TCP",
			"num_streams":	1,
			"blksize":	131072,
			"omit":	0,
			"duration":	3,
			"bytes":	0,
			"blocks":	0,
			"reverse":	0,
			"tos":	0,
			"target_bitrate":	20000000,
			"bidir":	0,
			"fqrate":	0,
			"interval":	1
		}
	},
	"intervals":	[{
			"streams":	[{
					"socket":	5,
					"start":	0,
					"end":	1.001289,
					"seconds":	1.0012890100479126,
					"bytes":	2621440,
					"bits_per_second":	20944522.300306175,
					"retransmits":	0,
					"snd_cwnd":	264544,
					"snd_wnd":	-1,
					"rtt":	256,
					"rttvar":	192,
					"pmtu":	9500,
					"omitted":	false,
					"sender":	true
				}],
			"sum":	{
				"start":	0,
				"end":	1.001289,
				"seconds":	1.0012890100479126,
				"bytes":	2621440,
				"bits_per_second":	20944522.300306175,
				"retransmits":	0,
				"omitted":	false,
				"sender":	true
			}
		}, {
			"streams":	[{
					"socket":	5,
					"start":	1.001289,
					"end":	2.001144,
					"seconds":	0.99985498189926147,
					"bytes":	2490368,
					"bits_per_second":	19925833.606545255,
					"retransmits":	0,
					"snd_cwnd":	264544,
					"snd_wnd":	-1,
					"rtt":	594,
					"rttvar":	483,
					"pmtu":	9500,
					"omitted":	false,
					"sender":	true
				}],
			"sum":	{
				"start":	1.001289,
				"end":	2.001144,
				"seconds":	0.99985498189926147,
				"bytes":	2490368,
				"bits_per_second":	19925833.606545255,
				"retransmits":	0,
				"omitted":	false,
				"sender":	true
			}
		}, {
			"streams":	[{
					"socket":	5,
					"start":	2.001144,
					"end":	3.001539,
					"seconds":	1.0003950595855713,
					"bytes":	2490368,
					"bits_per_second":	19915076.358187314,
					"retransmits":	0,
					"snd_cwnd":	264544,
					"snd_wnd":	-1,
					"rtt":	240,
					"rttvar":	172,
					"pmtu":	9500,
					"omitted":	false,
					"sender":	true
				}],
			"sum":	{
				"start":	2.001144,
				"end":	3.001539,
				"seconds":	1.0003950595855713,
				"bytes":	2490368,
				"bits_per_second":	19915076.358187314,
				"retransmits":	0,
				"omitted":	false,
				"sender":	true
			}
		}],
	"end":	{
		"streams":	[{
				"sender":	{
					"socket":	5,
					"start":	0,
					"end":	3.001539,
					"seconds":	3.001539,
					"bytes":	7602176,
					"bits_per_second":	20262074.888915319,
					"retransmits":	0,
					"max_snd_cwnd":	264544,
					"max_snd_wnd":	0,
					"max_rtt":	594,
					"min_rtt":	240,
					"mean_rtt":	363,
					"sender":	true
				},
				"receiver":	{
					"socket":	5,
					"start":	0,
					"end":	3.002026,
					"seconds":	3.001539,
					"bytes":	7602176,
					"bits_per_second":	20258787.8985725,
					"sender":	true
				}
			}],
		"sum_sent":	{
			"start":	0,
			"end":	3.001539,
			"seconds":	3.001539,
			"bytes":	7602176,
			"bits_per_second":	20262074.888915319,
			"retransmits":	0,
			"sender":	true
		},
		"sum_received":	{
			"start":	0,
			"end":	3.002026,
			"seconds":	3.002026,
			"bytes":	7602176,
			"bits_per_second":	20258787.8985725,
			"sender":	true
		},
		"cpu_utilization_percent":	{
			"host_total":	1.7987369452012,
			"host_user":	0.026348295860755912,
			"host_system":	1.7723886493404444,
			"remote_total":	0.61740628077747162,
			"remote_user":	0,
			"remote_system":	0.61723974728209
		},
		"sender_tcp_congestion":	"cubic",
		"receiver_tcp_congestion":	"cubic"
	}
}
