{
	"start":	{
		"connected":	[{
				"socket":	5,
				"local_host":	"192.168.1.2",
				"local_port":	39424,
				"remote_host":	"192.168.8.2",
				"remote_port":	5202
			}],
		"version":	"iperf 3.19.1",
		"system_info":	"Linux h1 6.6.87.2-microsoft-standard-WSL2 #1 SMP PREEMPT_DYNAMIC Thu Jun  5 18:30:46 UTC 2025 x86_64",
		"timestamp":	{
			"time":	"Mon, 06 Apr 2026 03:51:51 UTC",
			"timesecs":	1775447511
		},
		"connecting_to":	{
			"host":	"192.168.8.2",
			"port":	5202
		},
		"cookie":	"rr6ghsrfb5zti3vfoo7t4tbedivufiuf6zam",
		"tcp_mss_default":	9448,
		"target_bitrate":	20000000,
		"fq_rate":	0,
		"sock_bufsize":	0,
		"sndbuf_actual":	16384,
		"rcvbuf_actual":	131072,
		"test_start":	{
			"protocol":	"TCP",
			"num_streams":	1,
			"blksize":	131072,
			"omit":	0,
			"duration":	3,
			"bytes":	0,
			"blocks":	0,
			"reverse":	0,
			"tos":	0,
			"target_bitrate":	20000000,
			"bidir":	0,
			"fqrate":	0,
			"interval":	1
		}
	},
	"intervals":	[{
			"streams":	[{
					"socket":	5,
					"start":	0,
					"end":	1.001125,
					"seconds":	1.0011249780654907,
					"bytes":	2621440,
					"bits_per_second":	20947954.01122047,
					"retransmits":	0,
					"snd_cwnd":	264544,
					"snd_wnd":	-1,
					"rtt":	155,
					"rttvar":	78,
					"pmtu":	9500,
					"omitted":	false,
					"sender":	true
				}],
			"sum":	{
				"start":	0,
				"end":	1.001125,
				"seconds":	1.0011249780654907,
				"bytes":	2621440,
				"bits_per_second":	20947954.01122047,
				"retransmits":	0,
				"omitted":	false,
				"sender":	true
			}
		}, {
			"streams":	[{
					"socket":	5,
					"start":	1.001125,
					"end":	2.000611,
					"seconds":	0.99948602914810181,
					"bytes":	2490368,
					"bits_per_second":	19933189.078171555,
					"retransmits":	0,
					"snd_cwnd":	264544,
					"snd_wnd":	-1,
					"rtt":	164,
					"rttvar":	85,
					"pmtu":	9500,
					"omitted":	false,
					"sender":	true
				}],
			"sum":	{
				"start":	1.001125,
				"end":	2.000611,
				"seconds":	0.99948602914810181,
				"bytes":	2490368,
				"bits_per_second":	19933189.078171555,
				"retransmits":	0,
				"omitted":	false,
				"sender":	true
			}
		}, {
			"streams":	[{
					"socket":	5,
					"start":	2.000611,
					"end":	3.001342,
					"seconds":	1.0007309913635254,
					"bytes":	2490368,
					"bits_per_second":	19908391.138016425,
					"retransmits":	0,
					"snd_cwnd":	264544,
					"snd_wnd":	-1,
					"rtt":	159,
					"rttvar":	53,
					"pmtu":	9500,
					"omitted":	false,
					"sender":	true
				}],
			"sum":	{
				"start":	2.000611,
				"end":	3.001342,
				"seconds":	1.0007309913635254,
				"bytes":	2490368,
				"bits_per_second":	19908391.138016425,
				"retransmits":	0,
				"omitted":	false,
				"sender":	true
			}
		}],
	"end":	{
		"streams":	[{
				"sender":	{
					"socket":	5,
					"start":	0,
					"end":	3.001342,
					"seconds":	3.001342,
					"bytes":	7602176,
					"bits_per_second":	20263404.836902957,
					"retransmits":	0,
					"max_snd_cwnd":	264544,
					"max_snd_wnd":	0,
					"max_rtt":	164,
					"min_rtt":	155,
					"mean_rtt":	159,
					"sender":	true
				},
				"receiver":	{
					"socket":	5,
					"start":	0,
					"end":	3.001509,
					"seconds":	3.001342,
					"bytes":	7602176,
					"bits_per_second":	20262277.40779721,
					"sender":	true
				}
			}],
		"sum_sent":	{
			"start":	0,
			"end":	3.001342,
			"seconds":	3.001342,
			"bytes":	7602176,
			"bits_per_second":	20263404.836902957,
			"retransmits":	0,
			"sender":	true
		},
		"sum_received":	{
			"start":	0,
			"end":	3.001509,
			"seconds":	3.001509,
			"bytes":	7602176,
			"bits_per_second":	20262277.40779721,
			"sender":	true
		},
		"cpu_utilization_percent":	{
			"host_total":	0.85870299347113965,
			"host_user":	0,
			"host_system":	0.858736297186369,
			"remote_total":	0.31656871760018124,
			"remote_user":	0.14199283039486135,
			"remote_system":	0.17454257119631125
		},
		"sender_tcp_congestion":	"cubic",
		"receiver_tcp_congestion":	"cubic"
	}
}
