{
	"start":	{
		"connected":	[{
				"socket":	5,
				"local_host":	"192.168.1.2",
				"local_port":	43752,
				"remote_host":	"192.168.8.2",
				"remote_port":	5202
			}],
		"version":	"iperf 3.19.1",
		"system_info":	"Linux h1 6.6.87.2-microsoft-standard-WSL2 #1 SMP PREEMPT_DYNAMIC Thu Jun  5 18:30:46 UTC 2025 x86_64",
		"timestamp":	{
			"time":	"Mon, 06 Apr 2026 03:43:10 UTC",
			"timesecs":	1775446990
		},
		"connecting_to":	{
			"host":	"192.168.8.2",
			"port":	5202
		},
		"cookie":	"iphzftvou4nsej6vy7s7thm6woh2772iuxn3",
		"tcp_mss_default":	9448,
		"target_bitrate":	20000000,
		"fq_rate":	0,
		"sock_bufsize":	0,
		"sndbuf_actual":	16384,
		"rcvbuf_actual":	131072,
		"test_start":	{
			"protocol":	"TCP",
			"num_streams":	1,
			"blksize":	131072,
			"omit":	0,
			"duration":	3,
			"bytes":	0,
			"blocks":	0,
			"reverse":	0,
			"tos":	0,
			"target_bitrate":	20000000,
			"bidir":	0,
			"fqrate":	0,
			"interval":	1
		}
	},
	"intervals":	[{
			"streams":	[{
					"socket":	5,
					"start":	0,
					"end":	1.001099,
					"seconds":	1.0010989904403687,
					"bytes":	2621440,
					"bits_per_second":	20948497.801176425,
					"retransmits":	0,
					"snd_cwnd":	311784,
					"snd_wnd":	-1,
					"rtt":	170,
					"rttvar":	63,
					"pmtu":	9500,
					"omitted":	false,
					"sender":	true
				}],
			"sum":	{
				"start":	0,
				"end":	1.001099,
				"seconds":	1.0010989904403687,
				"bytes":	2621440,
				"bits_per_second":	20948497.801176425,
				"retransmits":	0,
				"omitted":	false,
				"sender":	true
			}
		}, {
			"streams":	[{
					"socket":	5,
					"start":	1.001099,
					"end":	2.001097,
					"seconds":	0.99999797344207764,
					"bytes":	2490368,
					"bits_per_second":	19922984.375081822,
					"retransmits":	0,
					"snd_cwnd":	311784,
					"snd_wnd":	-1,
					"rtt":	145,
					"rttvar":	74,
					"pmtu":	9500,
					"omitted":	false,
					"sender":	true
				}],
			"sum":	{
				"start":	1.001099,
				"end":	2.001097,
				"seconds":	0.99999797344207764,
				"bytes":	2490368,
				"bits_per_second":	19922984.375081822,
				"retransmits":	0,
				"omitted":	false,
				"sender":	true
			}
		}, {
			"streams":	[{
					"socket":	5,
					"start":	2.001097,
					"end":	3.001257,
					"seconds":	1.0001599788665771,
					"bytes":	2490368,
					"bits_per_second":	19919757.259811085,
					"retransmits":	0,
					"snd_cwnd":	311784,
					"snd_wnd":	-1,
					"rtt":	145,
					"rttvar":	72,
					"pmtu":	9500,
					"omitted":	false,
					"sender":	true
				}],
			"sum":	{
				"start":	2.001097,
				"end":	3.001257,
				"seconds":	1.0001599788665771,
				"bytes":	2490368,
				"bits_per_second":	19919757.259811085,
				"retransmits":	0,
				"omitted":	false,
				"sender":	true
			}
		}],
	"end":	{
		"streams":	[{
				"sender":	{
					"socket":	5,
					"start":	0,
					"end":	3.001257,
					"seconds":	3.001257,
					"bytes":	7602176,
					"bits_per_second":	20263978.726247039,
					"retransmits":	0,
					"max_snd_cwnd":	311784,
					"max_snd_wnd":	0,
					"max_rtt":	170,
					"min_rtt":	145,
					"mean_rtt":	153,
					"sender":	true
				},
				"receiver":	{
					"socket":	5,
					"start":	0,
					"end":	3.001452,
					"seconds":	3.001257,
					"bytes":	7602176,
					"bits_per_second":	20262662.2048262,
					"sender":	true
				}
			}],
		"sum_sent":	{
			"start":	0,
			"end":	3.001257,
			"seconds":	3.001257,
			"bytes":	7602176,
			"bits_per_second":	20263978.726247039,
			"retransmits":	0,
			"sender":	true
		},
		"sum_received":	{
			"start":	0,
			"end":	3.001452,
			"seconds":	3.001452,
			"bytes":	7602176,
			"bits_per_second":	20262662.2048262,
			"sender":	true
		},
		"cpu_utilization_percent":	{
			"host_total":	0.707525881051583,
			"host_user":	0.059954175025555473,
			"host_system":	0.64760501390104164,
			"remote_total":	0.19696765759078436,
			"remote_user":	0.0074629153079052261,
			"remote_system":	0.18953805886907515
		},
		"sender_tcp_congestion":	"cubic",
		"receiver_tcp_congestion":	"cubic"
	}
}
