{
	"start":	{
		"connected":	[{
				"socket":	5,
				"local_host":	"192.168.1.2",
				"local_port":	33744,
				"remote_host":	"192.168.8.2",
				"remote_port":	5203
			}],
		"version":	"iperf 3.19.1",
		"system_info":	"Linux h1 6.6.87.2-microsoft-standard-WSL2 #1 SMP PREEMPT_DYNAMIC Thu Jun  5 18:30:46 UTC 2025 x86_64",
		"timestamp":	{
			"time":	"Mon, 06 Apr 2026 03:52:26 UTC",
			"timesecs":	1775447546
		},
		"connecting_to":	{
			"host":	"192.168.8.2",
			"port":	5203
		},
		"cookie":	"iclrvoelt4v5lbdm4ztdz2qffyy43p6ksi3n",
		"tcp_mss_default":	9448,
		"target_bitrate":	20000000,
		"fq_rate":	0,
		"sock_bufsize":	0,
		"sndbuf_actual":	16384,
		"rcvbuf_actual":	131072,
		"test_start":	{
			"protocol":	"TCP",
			"num_streams":	1,
			"blksize":	131072,
			"omit":	0,
			"duration":	3,
			"bytes":	0,
			"blocks":	0,
			"reverse":	0,
			"tos":	0,
			"target_bitrate":	20000000,
			"bidir":	0,
			"fqrate":	0,
			"interval":	1
		}
	},
	"intervals":	[{
			"streams":	[{
					"socket":	5,
					"start":	0,
					"end":	1.001077,
					"seconds":	1.0010770559310913,
					"bytes":	2621440,
					"bits_per_second":	20948956.801826417,
					"retransmits":	0,
					"snd_cwnd":	264544,
					"snd_wnd":	-1,
					"rtt":	207,
					"rttvar":	111,
					"pmtu":	9500,
					"omitted":	false,
					"sender":	true
				}],
			"sum":	{
				"start":	0,
				"end":	1.001077,
				"seconds":	1.0010770559310913,
				"bytes":	2621440,
				"bits_per_second":	20948956.801826417,
				"retransmits":	0,
				"omitted":	false,
				"sender":	true
			}
		}, {
			"streams":	[{
					"socket":	5,
					"start":	1.001077,
					"end":	2.001156,
					"seconds":	1.0000790357589722,
					"bytes":	2490368,
					"bits_per_second":	19921369.499441847,
					"retransmits":	0,
					"snd_cwnd":	264544,
					"snd_wnd":	-1,
					"rtt":	137,
					"rttvar":	80,
					"pmtu":	9500,
					"omitted":	false,
					"sender":	true
				}],
			"sum":	{
				"start":	1.001077,
				"end":	2.001156,
				"seconds":	1.0000790357589722,
				"bytes":	2490368,
				"bits_per_second":	19921369.499441847,
				"retransmits":	0,
				"omitted":	false,
				"sender":	true
			}
		}, {
			"streams":	[{
					"socket":	5,
					"start":	2.001156,
					"end":	3.000433,
					"seconds":	0.99927699565887451,
					"bytes":	2490368,
					"bits_per_second":	19937358.796960779,
					"retransmits":	0,
					"snd_cwnd":	264544,
					"snd_wnd":	-1,
					"rtt":	267,
					"rttvar":	213,
					"pmtu":	9500,
					"omitted":	false,
					"sender":	true
				}],
			"sum":	{
				"start":	2.001156,
				"end":	3.000433,
				"seconds":	0.99927699565887451,
				"bytes":	2490368,
				"bits_per_second":	19937358.796960779,
				"retransmits":	0,
				"omitted":	false,
				"sender":	true
			}
		}],
	"end":	{
		"streams":	[{
				"sender":	{
					"socket":	5,
					"start":	0,
					"end":	3.000433,
					"seconds":	3.000433,
					"bytes":	7602176,
					"bits_per_second":	20269543.762516942,
					"retransmits":	0,
					"max_snd_cwnd":	264544,
					"max_snd_wnd":	0,
					"max_rtt":	267,
					"min_rtt":	137,
					"mean_rtt":	203,
					"sender":	true
				},
				"receiver":	{
					"socket":	5,
					"start":	0,
					"end":	3.000591,
					"seconds":	3.000433,
					"bytes":	7602176,
					"bits_per_second":	20268476.443473969,
					"sender":	true
				}
			}],
		"sum_sent":	{
			"start":	0,
			"end":	3.000433,
			"seconds":	3.000433,
			"bytes":	7602176,
			"bits_per_second":	20269543.762516942,
			"retransmits":	0,
			"sender":	true
		},
		"sum_received":	{
			"start":	0,
			"end":	3.000591,
			"seconds":	3.000591,
			"bytes":	7602176,
			"bits_per_second":	20268476.443473969,
			"sender":	true
		},
		"cpu_utilization_percent":	{
			"host_total":	0.87698378862325865,
			"host_user":	0.152947571490999,
			"host_system":	0.724002909734287,
			"remote_total":	0.30433649511801869,
			"remote_user":	0.12114138849693365,
			"remote_system":	0.18332841213800052
		},
		"sender_tcp_congestion":	"cubic",
		"receiver_tcp_congestion":	"cubic"
	}
}
