{
	"start":	{
		"connected":	[{
				"socket":	5,
				"local_host":	"192.168.1.2",
				"local_port":	43814,
				"remote_host":	"192.168.8.2",
				"remote_port":	5203
			}],
		"version":	"iperf 3.19.1",
		"system_info":	"Linux h1 6.6.87.2-microsoft-standard-WSL2 #1 SMP PREEMPT_DYNAMIC Thu Jun  5 18:30:46 UTC 2025 x86_64",
		"timestamp":	{
			"time":	"Mon, 06 Apr 2026 04:06:40 UTC",
			"timesecs":	1775448400
		},
		"connecting_to":	{
			"host":	"192.168.8.2",
			"port":	5203
		},
		"cookie":	"dvhnhvz4xzni3tj7uucehuwv5k2k6qexqdr5",
		"tcp_mss_default":	9448,
		"target_bitrate":	20000000,
		"fq_rate":	0,
		"sock_bufsize":	0,
		"sndbuf_actual":	16384,
		"rcvbuf_actual":	131072,
		"test_start":	{
			"protocol":	"TCP",
			"num_streams":	1,
			"blksize":	131072,
			"omit":	0,
			"duration":	3,
			"bytes":	0,
			"blocks":	0,
			"reverse":	0,
			"tos":	0,
			"target_bitrate":	20000000,
			"bidir":	0,
			"fqrate":	0,
			"interval":	1
		}
	},
	"intervals":	[{
			"streams":	[{
					"socket":	5,
					"start":	0,
					"end":	1.001123,
					"seconds":	1.0011229515075684,
					"bytes":	2621440,
					"bits_per_second":	20947996.415844291,
					"retransmits":	0,
					"snd_cwnd":	359024,
					"snd_wnd":	-1,
					"rtt":	143,
					"rttvar":	65,
					"pmtu":	9500,
					"omitted":	false,
					"sender":	true
				}],
			"sum":	{
				"start":	0,
				"end":	1.001123,
				"seconds":	1.0011229515075684,
				"bytes":	2621440,
				"bits_per_second":	20947996.415844291,
				"retransmits":	0,
				"omitted":	false,
				"sender":	true
			}
		}, {
			"streams":	[{
					"socket":	5,
					"start":	1.001123,
					"end":	2.001083,
					"seconds":	0.99996000528335571,
					"bytes":	2490368,
					"bits_per_second":	19923740.844369564,
					"retransmits":	0,
					"snd_cwnd":	359024,
					"snd_wnd":	-1,
					"rtt":	223,
					"rttvar":	99,
					"pmtu":	9500,
					"omitted":	false,
					"sender":	true
				}],
			"sum":	{
				"start":	1.001123,
				"end":	2.001083,
				"seconds":	0.99996000528335571,
				"bytes":	2490368,
				"bits_per_second":	19923740.844369564,
				"retransmits":	0,
				"omitted":	false,
				"sender":	true
			}
		}, {
			"streams":	[{
					"socket":	5,
					"start":	2.001083,
					"end":	3.001421,
					"seconds":	1.0003379583358765,
					"bytes":	2490368,
					"bits_per_second":	19916213.149746951,
					"retransmits":	0,
					"snd_cwnd":	359024,
					"snd_wnd":	-1,
					"rtt":	178,
					"rttvar":	111,
					"pmtu":	9500,
					"omitted":	false,
					"sender":	true
				}],
			"sum":	{
				"start":	2.001083,
				"end":	3.001421,
				"seconds":	1.0003379583358765,
				"bytes":	2490368,
				"bits_per_second":	19916213.149746951,
				"retransmits":	0,
				"omitted":	false,
				"sender":	true
			}
		}],
	"end":	{
		"streams":	[{
				"sender":	{
					"socket":	5,
					"start":	0,
					"end":	3.001421,
					"seconds":	3.001421,
					"bytes":	7602176,
					"bits_per_second":	20262871.486539207,
					"retransmits":	0,
					"max_snd_cwnd":	359024,
					"max_snd_wnd":	0,
					"max_rtt":	223,
					"min_rtt":	143,
					"mean_rtt":	181,
					"sender":	true
				},
				"receiver":	{
					"socket":	5,
					"start":	0,
					"end":	3.00169,
					"seconds":	3.001421,
					"bytes":	7602176,
					"bits_per_second":	20261055.605342325,
					"sender":	true
				}
			}],
		"sum_sent":	{
			"start":	0,
			"end":	3.001421,
			"seconds":	3.001421,
			"bytes":	7602176,
			"bits_per_second":	20262871.486539207,
			"retransmits":	0,
			"sender":	true
		},
		"sum_received":	{
			"start":	0,
			"end":	3.00169,
			"seconds":	3.00169,
			"bytes":	7602176,
			"bits_per_second":	20261055.605342325,
			"sender":	true
		},
		"cpu_utilization_percent":	{
			"host_total":	0.82253911032421967,
			"host_user":	0.35113697372750735,
			"host_system":	0.47150205226788588,
			"remote_total":	0.25432017824399816,
			"remote_user":	0.0020987910963285146,
			"remote_system":	0.252288015436442
		},
		"sender_tcp_congestion":	"cubic",
		"receiver_tcp_congestion":	"cubic"
	}
}
