{
	"start":	{
		"connected":	[{
				"socket":	5,
				"local_host":	"192.168.1.2",
				"local_port":	40088,
				"remote_host":	"192.168.8.2",
				"remote_port":	5202
			}],
		"version":	"iperf 3.19.1",
		"system_info":	"Linux h1 6.6.87.2-microsoft-standard-WSL2 #1 SMP PREEMPT_DYNAMIC Thu Jun  5 18:30:46 UTC 2025 x86_64",
		"timestamp":	{
			"time":	"Mon, 06 Apr 2026 03:45:02 UTC",
			"timesecs":	1775447102
		},
		"connecting_to":	{
			"host":	"192.168.8.2",
			"port":	5202
		},
		"cookie":	"z47rfcweoyolkrws3eklrvqorbdjcczznef5",
		"tcp_mss_default":	9448,
		"target_bitrate":	20000000,
		"fq_rate":	0,
		"sock_bufsize":	0,
		"sndbuf_actual":	16384,
		"rcvbuf_actual":	131072,
		"test_start":	{
			"protocol":	"TCP",
			"num_streams":	1,
			"blksize":	131072,
			"omit":	0,
			"duration":	3,
			"bytes":	0,
			"blocks":	0,
			"reverse":	0,
			"tos":	0,
			"target_bitrate":	20000000,
			"bidir":	0,
			"fqrate":	0,
			"interval":	1
		}
	},
	"intervals":	[{
			"streams":	[{
					"socket":	5,
					"start":	0,
					"end":	1.000399,
					"seconds":	1.0003989934921265,
					"bytes":	2621440,
					"bits_per_second":	20963155.837246507,
					"retransmits":	0,
					"snd_cwnd":	359024,
					"snd_wnd":	-1,
					"rtt":	440,
					"rttvar":	371,
					"pmtu":	9500,
					"omitted":	false,
					"sender":	true
				}],
			"sum":	{
				"start":	0,
				"end":	1.000399,
				"seconds":	1.0003989934921265,
				"bytes":	2621440,
				"bits_per_second":	20963155.837246507,
				"retransmits":	0,
				"omitted":	false,
				"sender":	true
			}
		}, {
			"streams":	[{
					"socket":	5,
					"start":	1.000399,
					"end":	2.001066,
					"seconds":	1.0006669759750366,
					"bytes":	2490368,
					"bits_per_second":	19909664.731952753,
					"retransmits":	0,
					"snd_cwnd":	359024,
					"snd_wnd":	-1,
					"rtt":	276,
					"rttvar":	203,
					"pmtu":	9500,
					"omitted":	false,
					"sender":	true
				}],
			"sum":	{
				"start":	1.000399,
				"end":	2.001066,
				"seconds":	1.0006669759750366,
				"bytes":	2490368,
				"bits_per_second":	19909664.731952753,
				"retransmits":	0,
				"omitted":	false,
				"sender":	true
			}
		}, {
			"streams":	[{
					"socket":	5,
					"start":	2.001066,
					"end":	3.000883,
					"seconds":	0.99981701374053955,
					"bytes":	2490368,
					"bits_per_second":	19926590.292221375,
					"retransmits":	0,
					"snd_cwnd":	359024,
					"snd_wnd":	-1,
					"rtt":	459,
					"rttvar":	457,
					"pmtu":	9500,
					"omitted":	false,
					"sender":	true
				}],
			"sum":	{
				"start":	2.001066,
				"end":	3.000883,
				"seconds":	0.99981701374053955,
				"bytes":	2490368,
				"bits_per_second":	19926590.292221375,
				"retransmits":	0,
				"omitted":	false,
				"sender":	true
			}
		}],
	"end":	{
		"streams":	[{
				"sender":	{
					"socket":	5,
					"start":	0,
					"end":	3.000883,
					"seconds":	3.000883,
					"bytes":	7602176,
					"bits_per_second":	20266504.2255896,
					"retransmits":	0,
					"max_snd_cwnd":	359024,
					"max_snd_wnd":	0,
					"max_rtt":	459,
					"min_rtt":	276,
					"mean_rtt":	391,
					"sender":	true
				},
				"receiver":	{
					"socket":	5,
					"start":	0,
					"end":	3.001741,
					"seconds":	3.000883,
					"bytes":	7602176,
					"bits_per_second":	20260711.36716992,
					"sender":	true
				}
			}],
		"sum_sent":	{
			"start":	0,
			"end":	3.000883,
			"seconds":	3.000883,
			"bytes":	7602176,
			"bits_per_second":	20266504.2255896,
			"retransmits":	0,
			"sender":	true
		},
		"sum_received":	{
			"start":	0,
			"end":	3.001741,
			"seconds":	3.001741,
			"bytes":	7602176,
			"bits_per_second":	20260711.36716992,
			"sender":	true
		},
		"cpu_utilization_percent":	{
			"host_total":	1.6927319659555364,
			"host_user":	0,
			"host_system":	1.6927652684396686,
			"remote_total":	0.627230770153303,
			"remote_user":	0.0042308427772184774,
			"remote_system":	0.62309986854405042
		},
		"sender_tcp_congestion":	"cubic",
		"receiver_tcp_congestion":	"cubic"
	}
}
