{
	"start":	{
		"connected":	[{
				"socket":	5,
				"local_host":	"192.168.1.2",
				"local_port":	42094,
				"remote_host":	"192.168.8.2",
				"remote_port":	5202
			}],
		"version":	"iperf 3.19.1",
		"system_info":	"Linux h1 6.6.87.2-microsoft-standard-WSL2 #1 SMP PREEMPT_DYNAMIC Thu Jun  5 18:30:46 UTC 2025 x86_64",
		"timestamp":	{
			"time":	"Mon, 06 Apr 2026 04:07:57 UTC",
			"timesecs":	1775448477
		},
		"connecting_to":	{
			"host":	"192.168.8.2",
			"port":	5202
		},
		"cookie":	"cc4efq4d6y32ecbg73ebe7sbchvhjs2vjkv7",
		"tcp_mss_default":	9448,
		"target_bitrate":	20000000,
		"fq_rate":	0,
		"sock_bufsize":	0,
		"sndbuf_actual":	16384,
		"rcvbuf_actual":	131072,
		"test_start":	{
			"protocol":	"TCP",
			"num_streams":	1,
			"blksize":	131072,
			"omit":	0,
			"duration":	3,
			"bytes":	0,
			"blocks":	0,
			"reverse":	0,
			"tos":	0,
			"target_bitrate":	20000000,
			"bidir":	0,
			"fqrate":	0,
			"interval":	1
		}
	},
	"intervals":	[{
			"streams":	[{
					"socket":	5,
					"start":	0,
					"end":	1.000644,
					"seconds":	1.0006439685821533,
					"bytes":	2621440,
					"bits_per_second":	20958023.691198844,
					"retransmits":	0,
					"snd_cwnd":	283440,
					"snd_wnd":	-1,
					"rtt":	129,
					"rttvar":	59,
					"pmtu":	9500,
					"omitted":	false,
					"sender":	true
				}],
			"sum":	{
				"start":	0,
				"end":	1.000644,
				"seconds":	1.0006439685821533,
				"bytes":	2621440,
				"bits_per_second":	20958023.691198844,
				"retransmits":	0,
				"omitted":	false,
				"sender":	true
			}
		}, {
			"streams":	[{
					"socket":	5,
					"start":	1.000644,
					"end":	2.000649,
					"seconds":	1.0000050067901611,
					"bytes":	2490368,
					"bits_per_second":	19922844.250499424,
					"retransmits":	0,
					"snd_cwnd":	283440,
					"snd_wnd":	-1,
					"rtt":	149,
					"rttvar":	56,
					"pmtu":	9500,
					"omitted":	false,
					"sender":	true
				}],
			"sum":	{
				"start":	1.000644,
				"end":	2.000649,
				"seconds":	1.0000050067901611,
				"bytes":	2490368,
				"bits_per_second":	19922844.250499424,
				"retransmits":	0,
				"omitted":	false,
				"sender":	true
			}
		}, {
			"streams":	[{
					"socket":	5,
					"start":	2.000649,
					"end":	3.00087,
					"seconds":	1.0002210140228271,
					"bytes":	2490368,
					"bits_per_second":	19918541.722964957,
					"retransmits":	0,
					"snd_cwnd":	283440,
					"snd_wnd":	-1,
					"rtt":	146,
					"rttvar":	70,
					"pmtu":	9500,
					"omitted":	false,
					"sender":	true
				}],
			"sum":	{
				"start":	2.000649,
				"end":	3.00087,
				"seconds":	1.0002210140228271,
				"bytes":	2490368,
				"bits_per_second":	19918541.722964957,
				"retransmits":	0,
				"omitted":	false,
				"sender":	true
			}
		}],
	"end":	{
		"streams":	[{
				"sender":	{
					"socket":	5,
					"start":	0,
					"end":	3.00087,
					"seconds":	3.00087,
					"bytes":	7602176,
					"bits_per_second":	20266592.021647055,
					"retransmits":	0,
					"max_snd_cwnd":	283440,
					"max_snd_wnd":	0,
					"max_rtt":	149,
					"min_rtt":	129,
					"mean_rtt":	141,
					"sender":	true
				},
				"receiver":	{
					"socket":	5,
					"start":	0,
					"end":	3.001092,
					"seconds":	3.00087,
					"bytes":	7602176,
					"bits_per_second":	20265092.83953974,
					"sender":	true
				}
			}],
		"sum_sent":	{
			"start":	0,
			"end":	3.00087,
			"seconds":	3.00087,
			"bytes":	7602176,
			"bits_per_second":	20266592.021647055,
			"retransmits":	0,
			"sender":	true
		},
		"sum_received":	{
			"start":	0,
			"end":	3.001092,
			"seconds":	3.001092,
			"bytes":	7602176,
			"bits_per_second":	20265092.83953974,
			"sender":	true
		},
		"cpu_utilization_percent":	{
			"host_total":	0.64799923533625725,
			"host_user":	0,
			"host_system":	0.648032539506239,
			"remote_total":	0.20678850061343479,
			"remote_user":	0.0063975817141120658,
			"remote_system":	0.20039091889932273
		},
		"sender_tcp_congestion":	"cubic",
		"receiver_tcp_congestion":	"cubic"
	}
}
