{
	"start":	{
		"connected":	[{
				"socket":	5,
				"local_host":	"192.168.1.2",
				"local_port":	45872,
				"remote_host":	"192.168.8.2",
				"remote_port":	5202
			}],
		"version":	"iperf 3.19.1",
		"system_info":	"Linux h1 6.6.87.2-microsoft-standard-WSL2 #1 SMP PREEMPT_DYNAMIC Thu Jun  5 18:30:46 UTC 2025 x86_64",
		"timestamp":	{
			"time":	"Mon, 06 Apr 2026 03:50:11 UTC",
			"timesecs":	1775447411
		},
		"connecting_to":	{
			"host":	"192.168.8.2",
			"port":	5202
		},
		"cookie":	"3sp6lkegm645zzqtzfirqsfcldl3xhf7igd3",
		"tcp_mss_default":	9448,
		"target_bitrate":	20000000,
		"fq_rate":	0,
		"sock_bufsize":	0,
		"sndbuf_actual":	16384,
		"rcvbuf_actual":	131072,
		"test_start":	{
			"protocol":	"TCP",
			"num_streams":	1,
			"blksize":	131072,
			"omit":	0,
			"duration":	3,
			"bytes":	0,
			"blocks":	0,
			"reverse":	0,
			"tos":	0,
			"target_bitrate":	20000000,
			"bidir":	0,
			"fqrate":	0,
			"interval":	1
		}
	},
	"intervals":	[{
			"streams":	[{
					"socket":	5,
					"start":	0,
					"end":	1.001085,
					"seconds":	1.0010850429534912,
					"bytes":	2621440,
					"bits_per_second":	20948789.663391568,
					"retransmits":	0,
					"snd_cwnd":	264544,
					"snd_wnd":	-1,
					"rtt":	243,
					"rttvar":	124,
					"pmtu":	9500,
					"omitted":	false,
					"sender":	true
				}],
			"sum":	{
				"start":	0,
				"end":	1.001085,
				"seconds":	1.0010850429534912,
				"bytes":	2621440,
				"bits_per_second":	20948789.663391568,
				"retransmits":	0,
				"omitted":	false,
				"sender":	true
			}
		}, {
			"streams":	[{
					"socket":	5,
					"start":	1.001085,
					"end":	2.001086,
					"seconds":	1.0000009536743164,
					"bytes":	2490368,
					"bits_per_second":	19922925.00001812,
					"retransmits":	0,
					"snd_cwnd":	264544,
					"snd_wnd":	-1,
					"rtt":	173,
					"rttvar":	69,
					"pmtu":	9500,
					"omitted":	false,
					"sender":	true
				}],
			"sum":	{
				"start":	1.001085,
				"end":	2.001086,
				"seconds":	1.0000009536743164,
				"bytes":	2490368,
				"bits_per_second":	19922925.00001812,
				"retransmits":	0,
				"omitted":	false,
				"sender":	true
			}
		}, {
			"streams":	[{
					"socket":	5,
					"start":	2.001086,
					"end":	3.001557,
					"seconds":	1.0004709959030151,
					"bytes":	2490368,
					"bits_per_second":	19913564.792568274,
					"retransmits":	0,
					"snd_cwnd":	264544,
					"snd_wnd":	-1,
					"rtt":	203,
					"rttvar":	116,
					"pmtu":	9500,
					"omitted":	false,
					"sender":	true
				}],
			"sum":	{
				"start":	2.001086,
				"end":	3.001557,
				"seconds":	1.0004709959030151,
				"bytes":	2490368,
				"bits_per_second":	19913564.792568274,
				"retransmits":	0,
				"omitted":	false,
				"sender":	true
			}
		}],
	"end":	{
		"streams":	[{
				"sender":	{
					"socket":	5,
					"start":	0,
					"end":	3.001557,
					"seconds":	3.001557,
					"bytes":	7602176,
					"bits_per_second":	20261953.379529357,
					"retransmits":	0,
					"max_snd_cwnd":	264544,
					"max_snd_wnd":	0,
					"max_rtt":	243,
					"min_rtt":	173,
					"mean_rtt":	206,
					"sender":	true
				},
				"receiver":	{
					"socket":	5,
					"start":	0,
					"end":	3.002026,
					"seconds":	3.001557,
					"bytes":	7602176,
					"bits_per_second":	20258787.8985725,
					"sender":	true
				}
			}],
		"sum_sent":	{
			"start":	0,
			"end":	3.001557,
			"seconds":	3.001557,
			"bytes":	7602176,
			"bits_per_second":	20261953.379529357,
			"retransmits":	0,
			"sender":	true
		},
		"sum_received":	{
			"start":	0,
			"end":	3.002026,
			"seconds":	3.002026,
			"bytes":	7602176,
			"bits_per_second":	20258787.8985725,
			"sender":	true
		},
		"cpu_utilization_percent":	{
			"host_total":	0.88291626466240125,
			"host_user":	0,
			"host_system":	0.88308278351583236,
			"remote_total":	0.27361330452188121,
			"remote_user":	0,
			"remote_system":	0.27367992573067645
		},
		"sender_tcp_congestion":	"cubic",
		"receiver_tcp_congestion":	"cubic"
	}
}
