{
	"start":	{
		"connected":	[{
				"socket":	5,
				"local_host":	"192.168.1.2",
				"local_port":	40184,
				"remote_host":	"192.168.8.2",
				"remote_port":	5203
			}],
		"version":	"iperf 3.19.1",
		"system_info":	"Linux h1 6.6.87.2-microsoft-standard-WSL2 #1 SMP PREEMPT_DYNAMIC Thu Jun  5 18:30:46 UTC 2025 x86_64",
		"timestamp":	{
			"time":	"Mon, 06 Apr 2026 03:42:12 UTC",
			"timesecs":	1775446932
		},
		"connecting_to":	{
			"host":	"192.168.8.2",
			"port":	5203
		},
		"cookie":	"wc226l4ypgyvemztiewvuvyeqilgbcwwta2x",
		"tcp_mss_default":	9448,
		"target_bitrate":	20000000,
		"fq_rate":	0,
		"sock_bufsize":	0,
		"sndbuf_actual":	16384,
		"rcvbuf_actual":	131072,
		"test_start":	{
			"protocol":	"TCP",
			"num_streams":	1,
			"blksize":	131072,
			"omit":	0,
			"duration":	3,
			"bytes":	0,
			"blocks":	0,
			"reverse":	0,
			"tos":	0,
			"target_bitrate":	20000000,
			"bidir":	0,
			"fqrate":	0,
			"interval":	1
		}
	},
	"intervals":	[{
			"streams":	[{
					"socket":	5,
					"start":	0,
					"end":	1.001526,
					"seconds":	1.0015259981155396,
					"bytes":	2621440,
					"bits_per_second":	20939566.261344973,
					"retransmits":	0,
					"snd_cwnd":	207856,
					"snd_wnd":	-1,
					"rtt":	152,
					"rttvar":	56,
					"pmtu":	9500,
					"omitted":	false,
					"sender":	true
				}],
			"sum":	{
				"start":	0,
				"end":	1.001526,
				"seconds":	1.0015259981155396,
				"bytes":	2621440,
				"bits_per_second":	20939566.261344973,
				"retransmits":	0,
				"omitted":	false,
				"sender":	true
			}
		}, {
			"streams":	[{
					"socket":	5,
					"start":	1.001526,
					"end":	2.001399,
					"seconds":	0.99987298250198364,
					"bytes":	2490368,
					"bits_per_second":	19925474.88396655,
					"retransmits":	0,
					"snd_cwnd":	207856,
					"snd_wnd":	-1,
					"rtt":	120,
					"rttvar":	81,
					"pmtu":	9500,
					"omitted":	false,
					"sender":	true
				}],
			"sum":	{
				"start":	1.001526,
				"end":	2.001399,
				"seconds":	0.99987298250198364,
				"bytes":	2490368,
				"bits_per_second":	19925474.88396655,
				"retransmits":	0,
				"omitted":	false,
				"sender":	true
			}
		}, {
			"streams":	[{
					"socket":	5,
					"start":	2.001399,
					"end":	3.001111,
					"seconds":	0.99971199035644531,
					"bytes":	2490368,
					"bits_per_second":	19928683.653075438,
					"retransmits":	0,
					"snd_cwnd":	207856,
					"snd_wnd":	-1,
					"rtt":	144,
					"rttvar":	71,
					"pmtu":	9500,
					"omitted":	false,
					"sender":	true
				}],
			"sum":	{
				"start":	2.001399,
				"end":	3.001111,
				"seconds":	0.99971199035644531,
				"bytes":	2490368,
				"bits_per_second":	19928683.653075438,
				"retransmits":	0,
				"omitted":	false,
				"sender":	true
			}
		}],
	"end":	{
		"streams":	[{
				"sender":	{
					"socket":	5,
					"start":	0,
					"end":	3.001111,
					"seconds":	3.001111,
					"bytes":	7602176,
					"bits_per_second":	20264964.541464813,
					"retransmits":	0,
					"max_snd_cwnd":	207856,
					"max_snd_wnd":	0,
					"max_rtt":	152,
					"min_rtt":	120,
					"mean_rtt":	138,
					"sender":	true
				},
				"receiver":	{
					"socket":	5,
					"start":	0,
					"end":	3.001294,
					"seconds":	3.001111,
					"bytes":	7602176,
					"bits_per_second":	20263728.911596131,
					"sender":	true
				}
			}],
		"sum_sent":	{
			"start":	0,
			"end":	3.001111,
			"seconds":	3.001111,
			"bytes":	7602176,
			"bits_per_second":	20264964.541464813,
			"retransmits":	0,
			"sender":	true
		},
		"sum_received":	{
			"start":	0,
			"end":	3.001294,
			"seconds":	3.001294,
			"bytes":	7602176,
			"bits_per_second":	20263728.911596131,
			"sender":	true
		},
		"cpu_utilization_percent":	{
			"host_total":	0.640347701073808,
			"host_user":	0.019719404860366961,
			"host_system":	0.62062829621344129,
			"remote_total":	0.20320957174057544,
			"remote_user":	0.016992438364927608,
			"remote_system":	0.18625045188224573
		},
		"sender_tcp_congestion":	"cubic",
		"receiver_tcp_congestion":	"cubic"
	}
}
