{
	"start":	{
		"connected":	[{
				"socket":	5,
				"local_host":	"192.168.1.2",
				"local_port":	44444,
				"remote_host":	"192.168.8.2",
				"remote_port":	5205
			}],
		"version":	"iperf 3.19.1",
		"system_info":	"Linux h1 6.6.87.2-microsoft-standard-WSL2 #1 SMP PREEMPT_DYNAMIC Thu Jun  5 18:30:46 UTC 2025 x86_64",
		"timestamp":	{
			"time":	"Mon, 06 Apr 2026 03:56:18 UTC",
			"timesecs":	1775447778
		},
		"connecting_to":	{
			"host":	"192.168.8.2",
			"port":	5205
		},
		"cookie":	"yumftxcvrxoyb66ksz4ab5tsvdlu5y2j63dt",
		"tcp_mss_default":	9448,
		"target_bitrate":	20000000,
		"fq_rate":	0,
		"sock_bufsize":	0,
		"sndbuf_actual":	16384,
		"rcvbuf_actual":	131072,
		"test_start":	{
			"protocol":	"TCP",
			"num_streams":	1,
			"blksize":	131072,
			"omit":	0,
			"duration":	3,
			"bytes":	0,
			"blocks":	0,
			"reverse":	0,
			"tos":	0,
			"target_bitrate":	20000000,
			"bidir":	0,
			"fqrate":	0,
			"interval":	1
		}
	},
	"intervals":	[{
			"streams":	[{
					"socket":	5,
					"start":	0,
					"end":	1.001326,
					"seconds":	1.0013259649276733,
					"bytes":	2621440,
					"bits_per_second":	20943749.3229438,
					"retransmits":	0,
					"snd_cwnd":	359024,
					"snd_wnd":	-1,
					"rtt":	479,
					"rttvar":	329,
					"pmtu":	9500,
					"omitted":	false,
					"sender":	true
				}],
			"sum":	{
				"start":	0,
				"end":	1.001326,
				"seconds":	1.0013259649276733,
				"bytes":	2621440,
				"bits_per_second":	20943749.3229438,
				"retransmits":	0,
				"omitted":	false,
				"sender":	true
			}
		}, {
			"streams":	[{
					"socket":	5,
					"start":	1.001326,
					"end":	2.001241,
					"seconds":	0.99991500377655029,
					"bytes":	2490368,
					"bits_per_second":	19924637.518942714,
					"retransmits":	0,
					"snd_cwnd":	359024,
					"snd_wnd":	-1,
					"rtt":	267,
					"rttvar":	177,
					"pmtu":	9500,
					"omitted":	false,
					"sender":	true
				}],
			"sum":	{
				"start":	1.001326,
				"end":	2.001241,
				"seconds":	0.99991500377655029,
				"bytes":	2490368,
				"bits_per_second":	19924637.518942714,
				"retransmits":	0,
				"omitted":	false,
				"sender":	true
			}
		}, {
			"streams":	[{
					"socket":	5,
					"start":	2.001241,
					"end":	3.001522,
					"seconds":	1.0002809762954712,
					"bytes":	2490368,
					"bits_per_second":	19917347.697428364,
					"retransmits":	0,
					"snd_cwnd":	359024,
					"snd_wnd":	-1,
					"rtt":	213,
					"rttvar":	99,
					"pmtu":	9500,
					"omitted":	false,
					"sender":	true
				}],
			"sum":	{
				"start":	2.001241,
				"end":	3.001522,
				"seconds":	1.0002809762954712,
				"bytes":	2490368,
				"bits_per_second":	19917347.697428364,
				"retransmits":	0,
				"omitted":	false,
				"sender":	true
			}
		}],
	"end":	{
		"streams":	[{
				"sender":	{
					"socket":	5,
					"start":	0,
					"end":	3.001522,
					"seconds":	3.001522,
					"bytes":	7602176,
					"bits_per_second":	20262189.649118014,
					"retransmits":	0,
					"max_snd_cwnd":	359024,
					"max_snd_wnd":	0,
					"max_rtt":	479,
					"min_rtt":	213,
					"mean_rtt":	319,
					"sender":	true
				},
				"receiver":	{
					"socket":	5,
					"start":	0,
					"end":	3.002138,
					"seconds":	3.001522,
					"bytes":	7602176,
					"bits_per_second":	20258032.1091169,
					"sender":	true
				}
			}],
		"sum_sent":	{
			"start":	0,
			"end":	3.001522,
			"seconds":	3.001522,
			"bytes":	7602176,
			"bits_per_second":	20262189.649118014,
			"retransmits":	0,
			"sender":	true
		},
		"sum_received":	{
			"start":	0,
			"end":	3.002138,
			"seconds":	3.002138,
			"bytes":	7602176,
			"bits_per_second":	20258032.1091169,
			"sender":	true
		},
		"cpu_utilization_percent":	{
			"host_total":	1.4309028821435716,
			"host_user":	0.092269070189401239,
			"host_system":	1.3386670980545272,
			"remote_total":	0.55510756583034149,
			"remote_user":	0.017619818932212327,
			"remote_system":	0.53742113132560665
		},
		"sender_tcp_congestion":	"cubic",
		"receiver_tcp_congestion":	"cubic"
	}
}
