{
	"start":	{
		"connected":	[{
				"socket":	5,
				"local_host":	"192.168.1.2",
				"local_port":	32970,
				"remote_host":	"192.168.8.2",
				"remote_port":	5202
			}],
		"version":	"iperf 3.19.1",
		"system_info":	"Linux h1 6.6.87.2-microsoft-standard-WSL2 #1 SMP PREEMPT_DYNAMIC Thu Jun  5 18:30:46 UTC 2025 x86_64",
		"timestamp":	{
			"time":	"Mon, 06 Apr 2026 03:59:52 UTC",
			"timesecs":	1775447992
		},
		"connecting_to":	{
			"host":	"192.168.8.2",
			"port":	5202
		},
		"cookie":	"mrwoschxnkrsgmv3x24k4rz5glk5del5scdl",
		"tcp_mss_default":	9448,
		"target_bitrate":	20000000,
		"fq_rate":	0,
		"sock_bufsize":	0,
		"sndbuf_actual":	16384,
		"rcvbuf_actual":	131072,
		"test_start":	{
			"protocol":	"TCP",
			"num_streams":	1,
			"blksize":	131072,
			"omit":	0,
			"duration":	3,
			"bytes":	0,
			"blocks":	0,
			"reverse":	0,
			"tos":	0,
			"target_bitrate":	20000000,
			"bidir":	0,
			"fqrate":	0,
			"interval":	1
		}
	},
	"intervals":	[{
			"streams":	[{
					"socket":	5,
					"start":	0,
					"end":	1.00112,
					"seconds":	1.0011199712753296,
					"bytes":	2621440,
					"bits_per_second":	20948058.775897078,
					"retransmits":	0,
					"snd_cwnd":	264544,
					"snd_wnd":	-1,
					"rtt":	253,
					"rttvar":	229,
					"pmtu":	9500,
					"omitted":	false,
					"sender":	true
				}],
			"sum":	{
				"start":	0,
				"end":	1.00112,
				"seconds":	1.0011199712753296,
				"bytes":	2621440,
				"bits_per_second":	20948058.775897078,
				"retransmits":	0,
				"omitted":	false,
				"sender":	true
			}
		}, {
			"streams":	[{
					"socket":	5,
					"start":	1.00112,
					"end":	2.001379,
					"seconds":	1.0002590417861938,
					"bytes":	2490368,
					"bits_per_second":	19917784.461536061,
					"retransmits":	0,
					"snd_cwnd":	264544,
					"snd_wnd":	-1,
					"rtt":	250,
					"rttvar":	109,
					"pmtu":	9500,
					"omitted":	false,
					"sender":	true
				}],
			"sum":	{
				"start":	1.00112,
				"end":	2.001379,
				"seconds":	1.0002590417861938,
				"bytes":	2490368,
				"bits_per_second":	19917784.461536061,
				"retransmits":	0,
				"omitted":	false,
				"sender":	true
			}
		}, {
			"streams":	[{
					"socket":	5,
					"start":	2.001379,
					"end":	3.000698,
					"seconds":	0.999319016933441,
					"bytes":	2490368,
					"bits_per_second":	19936520.432820857,
					"retransmits":	0,
					"snd_cwnd":	264544,
					"snd_wnd":	-1,
					"rtt":	202,
					"rttvar":	112,
					"pmtu":	9500,
					"omitted":	false,
					"sender":	true
				}],
			"sum":	{
				"start":	2.001379,
				"end":	3.000698,
				"seconds":	0.999319016933441,
				"bytes":	2490368,
				"bits_per_second":	19936520.432820857,
				"retransmits":	0,
				"omitted":	false,
				"sender":	true
			}
		}],
	"end":	{
		"streams":	[{
				"sender":	{
					"socket":	5,
					"start":	0,
					"end":	3.000698,
					"seconds":	3.000698,
					"bytes":	7602176,
					"bits_per_second":	20267753.702638522,
					"retransmits":	0,
					"max_snd_cwnd":	264544,
					"max_snd_wnd":	0,
					"max_rtt":	253,
					"min_rtt":	202,
					"mean_rtt":	235,
					"sender":	true
				},
				"receiver":	{
					"socket":	5,
					"start":	0,
					"end":	3.001256,
					"seconds":	3.000698,
					"bytes":	7602176,
					"bits_per_second":	20263985.478079844,
					"sender":	true
				}
			}],
		"sum_sent":	{
			"start":	0,
			"end":	3.000698,
			"seconds":	3.000698,
			"bytes":	7602176,
			"bits_per_second":	20267753.702638522,
			"retransmits":	0,
			"sender":	true
		},
		"sum_received":	{
			"start":	0,
			"end":	3.001256,
			"seconds":	3.001256,
			"bytes":	7602176,
			"bits_per_second":	20263985.478079844,
			"sender":	true
		},
		"cpu_utilization_percent":	{
			"host_total":	1.0964346224211556,
			"host_user":	0.16046846934462719,
			"host_system":	0.936066071176992,
			"remote_total":	0.38693052443029952,
			"remote_user":	0.011428327725789438,
			"remote_system":	0.37560215292368609
		},
		"sender_tcp_congestion":	"cubic",
		"receiver_tcp_congestion":	"cubic"
	}
}
