{
	"start":	{
		"connected":	[{
				"socket":	5,
				"local_host":	"192.168.1.2",
				"local_port":	42678,
				"remote_host":	"192.168.8.2",
				"remote_port":	5202
			}],
		"version":	"iperf 3.19.1",
		"system_info":	"Linux h1 6.6.87.2-microsoft-standard-WSL2 #1 SMP PREEMPT_DYNAMIC Thu Jun  5 18:30:46 UTC 2025 x86_64",
		"timestamp":	{
			"time":	"Mon, 06 Apr 2026 03:45:24 UTC",
			"timesecs":	1775447124
		},
		"connecting_to":	{
			"host":	"192.168.8.2",
			"port":	5202
		},
		"cookie":	"di4zx75dhoxacseo77y76pxqmkuybc6iwv2f",
		"tcp_mss_default":	9448,
		"target_bitrate":	20000000,
		"fq_rate":	0,
		"sock_bufsize":	0,
		"sndbuf_actual":	16384,
		"rcvbuf_actual":	131072,
		"test_start":	{
			"protocol":	"TCP",
			"num_streams":	1,
			"blksize":	131072,
			"omit":	0,
			"duration":	3,
			"bytes":	0,
			"blocks":	0,
			"reverse":	0,
			"tos":	0,
			"target_bitrate":	20000000,
			"bidir":	0,
			"fqrate":	0,
			"interval":	1
		}
	},
	"intervals":	[{
			"streams":	[{
					"socket":	5,
					"start":	0,
					"end":	1.001077,
					"seconds":	1.0010770559310913,
					"bytes":	2621440,
					"bits_per_second":	20948956.801826417,
					"retransmits":	0,
					"snd_cwnd":	207856,
					"snd_wnd":	-1,
					"rtt":	488,
					"rttvar":	535,
					"pmtu":	9500,
					"omitted":	false,
					"sender":	true
				}],
			"sum":	{
				"start":	0,
				"end":	1.001077,
				"seconds":	1.0010770559310913,
				"bytes":	2621440,
				"bits_per_second":	20948956.801826417,
				"retransmits":	0,
				"omitted":	false,
				"sender":	true
			}
		}, {
			"streams":	[{
					"socket":	5,
					"start":	1.001077,
					"end":	2.001049,
					"seconds":	0.99997198581695557,
					"bytes":	2490368,
					"bits_per_second":	19923502.140635855,
					"retransmits":	0,
					"snd_cwnd":	207856,
					"snd_wnd":	-1,
					"rtt":	291,
					"rttvar":	139,
					"pmtu":	9500,
					"omitted":	false,
					"sender":	true
				}],
			"sum":	{
				"start":	1.001077,
				"end":	2.001049,
				"seconds":	0.99997198581695557,
				"bytes":	2490368,
				"bits_per_second":	19923502.140635855,
				"retransmits":	0,
				"omitted":	false,
				"sender":	true
			}
		}, {
			"streams":	[{
					"socket":	5,
					"start":	2.001049,
					"end":	3.001135,
					"seconds":	1.0000859498977661,
					"bytes":	2490368,
					"bits_per_second":	19921231.772165809,
					"retransmits":	0,
					"snd_cwnd":	207856,
					"snd_wnd":	-1,
					"rtt":	122,
					"rttvar":	65,
					"pmtu":	9500,
					"omitted":	false,
					"sender":	true
				}],
			"sum":	{
				"start":	2.001049,
				"end":	3.001135,
				"seconds":	1.0000859498977661,
				"bytes":	2490368,
				"bits_per_second":	19921231.772165809,
				"retransmits":	0,
				"omitted":	false,
				"sender":	true
			}
		}],
	"end":	{
		"streams":	[{
				"sender":	{
					"socket":	5,
					"start":	0,
					"end":	3.001135,
					"seconds":	3.001135,
					"bytes":	7602176,
					"bits_per_second":	20264802.483060576,
					"retransmits":	0,
					"max_snd_cwnd":	207856,
					"max_snd_wnd":	0,
					"max_rtt":	488,
					"min_rtt":	122,
					"mean_rtt":	300,
					"sender":	true
				},
				"receiver":	{
					"socket":	5,
					"start":	0,
					"end":	3.001291,
					"seconds":	3.001135,
					"bytes":	7602176,
					"bits_per_second":	20263749.166608635,
					"sender":	true
				}
			}],
		"sum_sent":	{
			"start":	0,
			"end":	3.001135,
			"seconds":	3.001135,
			"bytes":	7602176,
			"bits_per_second":	20264802.483060576,
			"retransmits":	0,
			"sender":	true
		},
		"sum_received":	{
			"start":	0,
			"end":	3.001291,
			"seconds":	3.001291,
			"bytes":	7602176,
			"bits_per_second":	20263749.166608635,
			"sender":	true
		},
		"cpu_utilization_percent":	{
			"host_total":	1.1218025563565259,
			"host_user":	0.000899093713536755,
			"host_system":	1.1209034626429892,
			"remote_total":	0.475744652495502,
			"remote_user":	0,
			"remote_system":	0.475744652495502
		},
		"sender_tcp_congestion":	"cubic",
		"receiver_tcp_congestion":	"cubic"
	}
}
