{
	"start":	{
		"connected":	[{
				"socket":	5,
				"local_host":	"192.168.1.2",
				"local_port":	33858,
				"remote_host":	"192.168.8.2",
				"remote_port":	5203
			}],
		"version":	"iperf 3.19.1",
		"system_info":	"Linux h1 6.6.87.2-microsoft-standard-WSL2 #1 SMP PREEMPT_DYNAMIC Thu Jun  5 18:30:46 UTC 2025 x86_64",
		"timestamp":	{
			"time":	"Mon, 06 Apr 2026 03:58:38 UTC",
			"timesecs":	1775447918
		},
		"connecting_to":	{
			"host":	"192.168.8.2",
			"port":	5203
		},
		"cookie":	"w65qrucgxi2yprv5k2m25rsid34e5chg3mpm",
		"tcp_mss_default":	9448,
		"target_bitrate":	20000000,
		"fq_rate":	0,
		"sock_bufsize":	0,
		"sndbuf_actual":	16384,
		"rcvbuf_actual":	131072,
		"test_start":	{
			"protocol":	"TCP",
			"num_streams":	1,
			"blksize":	131072,
			"omit":	0,
			"duration":	3,
			"bytes":	0,
			"blocks":	0,
			"reverse":	0,
			"tos":	0,
			"target_bitrate":	20000000,
			"bidir":	0,
			"fqrate":	0,
			"interval":	1
		}
	},
	"intervals":	[{
			"streams":	[{
					"socket":	5,
					"start":	0,
					"end":	1.000155,
					"seconds":	1.000154972076416,
					"bytes":	2621440,
					"bits_per_second":	20968270.503581207,
					"retransmits":	0,
					"snd_cwnd":	311784,
					"snd_wnd":	-1,
					"rtt":	357,
					"rttvar":	263,
					"pmtu":	9500,
					"omitted":	false,
					"sender":	true
				}],
			"sum":	{
				"start":	0,
				"end":	1.000155,
				"seconds":	1.000154972076416,
				"bytes":	2621440,
				"bits_per_second":	20968270.503581207,
				"retransmits":	0,
				"omitted":	false,
				"sender":	true
			}
		}, {
			"streams":	[{
					"socket":	5,
					"start":	1.000155,
					"end":	2.001065,
					"seconds":	1.0009100437164307,
					"bytes":	2490368,
					"bits_per_second":	19904829.734773248,
					"retransmits":	0,
					"snd_cwnd":	311784,
					"snd_wnd":	-1,
					"rtt":	327,
					"rttvar":	180,
					"pmtu":	9500,
					"omitted":	false,
					"sender":	true
				}],
			"sum":	{
				"start":	1.000155,
				"end":	2.001065,
				"seconds":	1.0009100437164307,
				"bytes":	2490368,
				"bits_per_second":	19904829.734773248,
				"retransmits":	0,
				"omitted":	false,
				"sender":	true
			}
		}, {
			"streams":	[{
					"socket":	5,
					"start":	2.001065,
					"end":	3.001225,
					"seconds":	1.0001599788665771,
					"bytes":	2490368,
					"bits_per_second":	19919757.259811085,
					"retransmits":	0,
					"snd_cwnd":	311784,
					"snd_wnd":	-1,
					"rtt":	360,
					"rttvar":	247,
					"pmtu":	9500,
					"omitted":	false,
					"sender":	true
				}],
			"sum":	{
				"start":	2.001065,
				"end":	3.001225,
				"seconds":	1.0001599788665771,
				"bytes":	2490368,
				"bits_per_second":	19919757.259811085,
				"retransmits":	0,
				"omitted":	false,
				"sender":	true
			}
		}],
	"end":	{
		"streams":	[{
				"sender":	{
					"socket":	5,
					"start":	0,
					"end":	3.001225,
					"seconds":	3.001225,
					"bytes":	7602176,
					"bits_per_second":	20264194.78712859,
					"retransmits":	0,
					"max_snd_cwnd":	311784,
					"max_snd_wnd":	0,
					"max_rtt":	360,
					"min_rtt":	327,
					"mean_rtt":	348,
					"sender":	true
				},
				"receiver":	{
					"socket":	5,
					"start":	0,
					"end":	3.001384,
					"seconds":	3.001225,
					"bytes":	7602176,
					"bits_per_second":	20263121.280049473,
					"sender":	true
				}
			}],
		"sum_sent":	{
			"start":	0,
			"end":	3.001225,
			"seconds":	3.001225,
			"bytes":	7602176,
			"bits_per_second":	20264194.78712859,
			"retransmits":	0,
			"sender":	true
		},
		"sum_received":	{
			"start":	0,
			"end":	3.001384,
			"seconds":	3.001384,
			"bytes":	7602176,
			"bits_per_second":	20263121.280049473,
			"sender":	true
		},
		"cpu_utilization_percent":	{
			"host_total":	1.5305505605590635,
			"host_user":	0.10411500744891919,
			"host_system":	1.4264022469657269,
			"remote_total":	0.50562379870202345,
			"remote_user":	0.020090349935247769,
			"remote_system":	0.48553344876677573
		},
		"sender_tcp_congestion":	"cubic",
		"receiver_tcp_congestion":	"cubic"
	}
}
