{
	"start":	{
		"connected":	[{
				"socket":	5,
				"local_host":	"192.168.1.2",
				"local_port":	59906,
				"remote_host":	"192.168.8.2",
				"remote_port":	5203
			}],
		"version":	"iperf 3.19.1",
		"system_info":	"Linux h1 6.6.87.2-microsoft-standard-WSL2 #1 SMP PREEMPT_DYNAMIC Thu Jun  5 18:30:46 UTC 2025 x86_64",
		"timestamp":	{
			"time":	"Mon, 06 Apr 2026 03:42:31 UTC",
			"timesecs":	1775446951
		},
		"connecting_to":	{
			"host":	"192.168.8.2",
			"port":	5203
		},
		"cookie":	"mmaaa6v2a2ywhooupjh3yp7fdzdrel3xn2qg",
		"tcp_mss_default":	9448,
		"target_bitrate":	20000000,
		"fq_rate":	0,
		"sock_bufsize":	0,
		"sndbuf_actual":	16384,
		"rcvbuf_actual":	131072,
		"test_start":	{
			"protocol":	"TCP",
			"num_streams":	1,
			"blksize":	131072,
			"omit":	0,
			"duration":	3,
			"bytes":	0,
			"blocks":	0,
			"reverse":	0,
			"tos":	0,
			"target_bitrate":	20000000,
			"bidir":	0,
			"fqrate":	0,
			"interval":	1
		}
	},
	"intervals":	[{
			"streams":	[{
					"socket":	5,
					"start":	0,
					"end":	1.001045,
					"seconds":	1.0010449886322021,
					"bytes":	2621440,
					"bits_per_second":	20949627.877019648,
					"retransmits":	0,
					"snd_cwnd":	264544,
					"snd_wnd":	-1,
					"rtt":	165,
					"rttvar":	73,
					"pmtu":	9500,
					"omitted":	false,
					"sender":	true
				}],
			"sum":	{
				"start":	0,
				"end":	1.001045,
				"seconds":	1.0010449886322021,
				"bytes":	2621440,
				"bits_per_second":	20949627.877019648,
				"retransmits":	0,
				"omitted":	false,
				"sender":	true
			}
		}, {
			"streams":	[{
					"socket":	5,
					"start":	1.001045,
					"end":	2.001094,
					"seconds":	1.0000489950180054,
					"bytes":	2490368,
					"bits_per_second":	19921967.922822919,
					"retransmits":	0,
					"snd_cwnd":	264544,
					"snd_wnd":	-1,
					"rtt":	164,
					"rttvar":	91,
					"pmtu":	9500,
					"omitted":	false,
					"sender":	true
				}],
			"sum":	{
				"start":	1.001045,
				"end":	2.001094,
				"seconds":	1.0000489950180054,
				"bytes":	2490368,
				"bits_per_second":	19921967.922822919,
				"retransmits":	0,
				"omitted":	false,
				"sender":	true
			}
		}, {
			"streams":	[{
					"socket":	5,
					"start":	2.001094,
					"end":	3.001423,
					"seconds":	1.00032901763916,
					"bytes":	2490368,
					"bits_per_second":	19916391.156001262,
					"retransmits":	0,
					"snd_cwnd":	264544,
					"snd_wnd":	-1,
					"rtt":	178,
					"rttvar":	49,
					"pmtu":	9500,
					"omitted":	false,
					"sender":	true
				}],
			"sum":	{
				"start":	2.001094,
				"end":	3.001423,
				"seconds":	1.00032901763916,
				"bytes":	2490368,
				"bits_per_second":	19916391.156001262,
				"retransmits":	0,
				"omitted":	false,
				"sender":	true
			}
		}],
	"end":	{
		"streams":	[{
				"sender":	{
					"socket":	5,
					"start":	0,
					"end":	3.001423,
					"seconds":	3.001423,
					"bytes":	7602176,
					"bits_per_second":	20262857.984362751,
					"retransmits":	0,
					"max_snd_cwnd":	264544,
					"max_snd_wnd":	0,
					"max_rtt":	178,
					"min_rtt":	164,
					"mean_rtt":	169,
					"sender":	true
				},
				"receiver":	{
					"socket":	5,
					"start":	0,
					"end":	3.001572,
					"seconds":	3.001423,
					"bytes":	7602176,
					"bits_per_second":	20261852.122820977,
					"sender":	true
				}
			}],
		"sum_sent":	{
			"start":	0,
			"end":	3.001423,
			"seconds":	3.001423,
			"bytes":	7602176,
			"bits_per_second":	20262857.984362751,
			"retransmits":	0,
			"sender":	true
		},
		"sum_received":	{
			"start":	0,
			"end":	3.001572,
			"seconds":	3.001572,
			"bytes":	7602176,
			"bits_per_second":	20261852.122820977,
			"sender":	true
		},
		"cpu_utilization_percent":	{
			"host_total":	0.72310584802820355,
			"host_user":	0,
			"host_system":	0.72310584802820355,
			"remote_total":	0.27535231937270976,
			"remote_user":	0,
			"remote_system":	0.27531900390757091
		},
		"sender_tcp_congestion":	"cubic",
		"receiver_tcp_congestion":	"cubic"
	}
}
