{
	"start":	{
		"connected":	[{
				"socket":	5,
				"local_host":	"192.168.1.2",
				"local_port":	49348,
				"remote_host":	"192.168.8.2",
				"remote_port":	5204
			}],
		"version":	"iperf 3.19.1",
		"system_info":	"Linux h1 6.6.87.2-microsoft-standard-WSL2 #1 SMP PREEMPT_DYNAMIC Thu Jun  5 18:30:46 UTC 2025 x86_64",
		"timestamp":	{
			"time":	"Mon, 06 Apr 2026 04:09:18 UTC",
			"timesecs":	1775448558
		},
		"connecting_to":	{
			"host":	"192.168.8.2",
			"port":	5204
		},
		"cookie":	"m7vvcjqi3q6mtpv27oay6z6hu3pjuvfctig4",
		"tcp_mss_default":	9448,
		"target_bitrate":	20000000,
		"fq_rate":	0,
		"sock_bufsize":	0,
		"sndbuf_actual":	16384,
		"rcvbuf_actual":	131072,
		"test_start":	{
			"protocol":	"TCP",
			"num_streams":	1,
			"blksize":	131072,
			"omit":	0,
			"duration":	3,
			"bytes":	0,
			"blocks":	0,
			"reverse":	0,
			"tos":	0,
			"target_bitrate":	20000000,
			"bidir":	0,
			"fqrate":	0,
			"interval":	1
		}
	},
	"intervals":	[{
			"streams":	[{
					"socket":	5,
					"start":	0,
					"end":	1.001059,
					"seconds":	1.0010590553283691,
					"bytes":	2621440,
					"bits_per_second":	20949333.4967345,
					"retransmits":	0,
					"snd_cwnd":	264544,
					"snd_wnd":	-1,
					"rtt":	189,
					"rttvar":	92,
					"pmtu":	9500,
					"omitted":	false,
					"sender":	true
				}],
			"sum":	{
				"start":	0,
				"end":	1.001059,
				"seconds":	1.0010590553283691,
				"bytes":	2621440,
				"bits_per_second":	20949333.4967345,
				"retransmits":	0,
				"omitted":	false,
				"sender":	true
			}
		}, {
			"streams":	[{
					"socket":	5,
					"start":	1.001059,
					"end":	2.001062,
					"seconds":	1.0000029802322388,
					"bytes":	2490368,
					"bits_per_second":	19922884.625176951,
					"retransmits":	0,
					"snd_cwnd":	264544,
					"snd_wnd":	-1,
					"rtt":	213,
					"rttvar":	85,
					"pmtu":	9500,
					"omitted":	false,
					"sender":	true
				}],
			"sum":	{
				"start":	1.001059,
				"end":	2.001062,
				"seconds":	1.0000029802322388,
				"bytes":	2490368,
				"bits_per_second":	19922884.625176951,
				"retransmits":	0,
				"omitted":	false,
				"sender":	true
			}
		}, {
			"streams":	[{
					"socket":	5,
					"start":	2.001062,
					"end":	3.001348,
					"seconds":	1.0002859830856323,
					"bytes":	2490368,
					"bits_per_second":	19917248.003958523,
					"retransmits":	0,
					"snd_cwnd":	264544,
					"snd_wnd":	-1,
					"rtt":	210,
					"rttvar":	75,
					"pmtu":	9500,
					"omitted":	false,
					"sender":	true
				}],
			"sum":	{
				"start":	2.001062,
				"end":	3.001348,
				"seconds":	1.0002859830856323,
				"bytes":	2490368,
				"bits_per_second":	19917248.003958523,
				"retransmits":	0,
				"omitted":	false,
				"sender":	true
			}
		}],
	"end":	{
		"streams":	[{
				"sender":	{
					"socket":	5,
					"start":	0,
					"end":	3.001348,
					"seconds":	3.001348,
					"bytes":	7602176,
					"bits_per_second":	20263364.328295153,
					"retransmits":	0,
					"max_snd_cwnd":	264544,
					"max_snd_wnd":	0,
					"max_rtt":	213,
					"min_rtt":	189,
					"mean_rtt":	204,
					"sender":	true
				},
				"receiver":	{
					"socket":	5,
					"start":	0,
					"end":	3.001963,
					"seconds":	3.001348,
					"bytes":	7602176,
					"bits_per_second":	20259213.0549244,
					"sender":	true
				}
			}],
		"sum_sent":	{
			"start":	0,
			"end":	3.001348,
			"seconds":	3.001348,
			"bytes":	7602176,
			"bits_per_second":	20263364.328295153,
			"retransmits":	0,
			"sender":	true
		},
		"sum_received":	{
			"start":	0,
			"end":	3.001963,
			"seconds":	3.001963,
			"bytes":	7602176,
			"bits_per_second":	20259213.0549244,
			"sender":	true
		},
		"cpu_utilization_percent":	{
			"host_total":	0.8100818474062228,
			"host_user":	0.035800122752793,
			"host_system":	0.77424842221366,
			"remote_total":	0.25839431765678955,
			"remote_user":	0.012924712550062441,
			"remote_system":	0.24546960510672716
		},
		"sender_tcp_congestion":	"cubic",
		"receiver_tcp_congestion":	"cubic"
	}
}
