{
	"start":	{
		"connected":	[{
				"socket":	5,
				"local_host":	"192.168.1.2",
				"local_port":	40362,
				"remote_host":	"192.168.8.2",
				"remote_port":	5202
			}],
		"version":	"iperf 3.19.1",
		"system_info":	"Linux h1 6.6.87.2-microsoft-standard-WSL2 #1 SMP PREEMPT_DYNAMIC Thu Jun  5 18:30:46 UTC 2025 x86_64",
		"timestamp":	{
			"time":	"Mon, 06 Apr 2026 03:52:48 UTC",
			"timesecs":	1775447568
		},
		"connecting_to":	{
			"host":	"192.168.8.2",
			"port":	5202
		},
		"cookie":	"w4paijsjv7pj2a3ahrgmdnqdqot3fdbuqanx",
		"tcp_mss_default":	9448,
		"target_bitrate":	20000000,
		"fq_rate":	0,
		"sock_bufsize":	0,
		"sndbuf_actual":	16384,
		"rcvbuf_actual":	131072,
		"test_start":	{
			"protocol":	"TCP",
			"num_streams":	1,
			"blksize":	131072,
			"omit":	0,
			"duration":	3,
			"bytes":	0,
			"blocks":	0,
			"reverse":	0,
			"tos":	0,
			"target_bitrate":	20000000,
			"bidir":	0,
			"fqrate":	0,
			"interval":	1
		}
	},
	"intervals":	[{
			"streams":	[{
					"socket":	5,
					"start":	0,
					"end":	1.001114,
					"seconds":	1.0011140108108521,
					"bytes":	2621440,
					"bits_per_second":	20948183.4971165,
					"retransmits":	0,
					"snd_cwnd":	359024,
					"snd_wnd":	-1,
					"rtt":	437,
					"rttvar":	294,
					"pmtu":	9500,
					"omitted":	false,
					"sender":	true
				}],
			"sum":	{
				"start":	0,
				"end":	1.001114,
				"seconds":	1.0011140108108521,
				"bytes":	2621440,
				"bits_per_second":	20948183.4971165,
				"retransmits":	0,
				"omitted":	false,
				"sender":	true
			}
		}, {
			"streams":	[{
					"socket":	5,
					"start":	1.001114,
					"end":	2.001066,
					"seconds":	0.99995201826095581,
					"bytes":	2490368,
					"bits_per_second":	19923899.983369745,
					"retransmits":	0,
					"snd_cwnd":	359024,
					"snd_wnd":	-1,
					"rtt":	219,
					"rttvar":	130,
					"pmtu":	9500,
					"omitted":	false,
					"sender":	true
				}],
			"sum":	{
				"start":	1.001114,
				"end":	2.001066,
				"seconds":	0.99995201826095581,
				"bytes":	2490368,
				"bits_per_second":	19923899.983369745,
				"retransmits":	0,
				"omitted":	false,
				"sender":	true
			}
		}, {
			"streams":	[{
					"socket":	5,
					"start":	2.001066,
					"end":	3.00117,
					"seconds":	1.0001039505004883,
					"bytes":	2490368,
					"bits_per_second":	19920873.215259109,
					"retransmits":	0,
					"snd_cwnd":	359024,
					"snd_wnd":	-1,
					"rtt":	399,
					"rttvar":	235,
					"pmtu":	9500,
					"omitted":	false,
					"sender":	true
				}],
			"sum":	{
				"start":	2.001066,
				"end":	3.00117,
				"seconds":	1.0001039505004883,
				"bytes":	2490368,
				"bits_per_second":	19920873.215259109,
				"retransmits":	0,
				"omitted":	false,
				"sender":	true
			}
		}],
	"end":	{
		"streams":	[{
				"sender":	{
					"socket":	5,
					"start":	0,
					"end":	3.00117,
					"seconds":	3.00117,
					"bytes":	7602176,
					"bits_per_second":	20264566.152533844,
					"retransmits":	0,
					"max_snd_cwnd":	359024,
					"max_snd_wnd":	0,
					"max_rtt":	437,
					"min_rtt":	219,
					"mean_rtt":	351,
					"sender":	true
				},
				"receiver":	{
					"socket":	5,
					"start":	0,
					"end":	3.001313,
					"seconds":	3.00117,
					"bytes":	7602176,
					"bits_per_second":	20263600.630790591,
					"sender":	true
				}
			}],
		"sum_sent":	{
			"start":	0,
			"end":	3.00117,
			"seconds":	3.00117,
			"bytes":	7602176,
			"bits_per_second":	20264566.152533844,
			"retransmits":	0,
			"sender":	true
		},
		"sum_received":	{
			"start":	0,
			"end":	3.001313,
			"seconds":	3.001313,
			"bytes":	7602176,
			"bits_per_second":	20263600.630790591,
			"sender":	true
		},
		"cpu_utilization_percent":	{
			"host_total":	1.5604749839372667,
			"host_user":	0,
			"host_system":	1.560508291834469,
			"remote_total":	0.595764444980499,
			"remote_user":	0,
			"remote_system":	0.59586439986752648
		},
		"sender_tcp_congestion":	"cubic",
		"receiver_tcp_congestion":	"cubic"
	}
}
