{
	"start":	{
		"connected":	[{
				"socket":	5,
				"local_host":	"192.168.1.2",
				"local_port":	41230,
				"remote_host":	"192.168.8.2",
				"remote_port":	5203
			}],
		"version":	"iperf 3.19.1",
		"system_info":	"Linux h1 6.6.87.2-microsoft-standard-WSL2 #1 SMP PREEMPT_DYNAMIC Thu Jun  5 18:30:46 UTC 2025 x86_64",
		"timestamp":	{
			"time":	"Mon, 06 Apr 2026 04:05:52 UTC",
			"timesecs":	1775448352
		},
		"connecting_to":	{
			"host":	"192.168.8.2",
			"port":	5203
		},
		"cookie":	"24yfz7nl2hvxgevncx2fb34gvgu4ncywfucy",
		"tcp_mss_default":	9448,
		"target_bitrate":	20000000,
		"fq_rate":	0,
		"sock_bufsize":	0,
		"sndbuf_actual":	16384,
		"rcvbuf_actual":	131072,
		"test_start":	{
			"protocol":	"TCP",
			"num_streams":	1,
			"blksize":	131072,
			"omit":	0,
			"duration":	3,
			"bytes":	0,
			"blocks":	0,
			"reverse":	0,
			"tos":	0,
			"target_bitrate":	20000000,
			"bidir":	0,
			"fqrate":	0,
			"interval":	1
		}
	},
	"intervals":	[{
			"streams":	[{
					"socket":	5,
					"start":	0,
					"end":	1.001054,
					"seconds":	1.001054048538208,
					"bytes":	2621440,
					"bits_per_second":	20949438.275209736,
					"retransmits":	0,
					"snd_cwnd":	264544,
					"snd_wnd":	-1,
					"rtt":	142,
					"rttvar":	59,
					"pmtu":	9500,
					"omitted":	false,
					"sender":	true
				}],
			"sum":	{
				"start":	0,
				"end":	1.001054,
				"seconds":	1.001054048538208,
				"bytes":	2621440,
				"bits_per_second":	20949438.275209736,
				"retransmits":	0,
				"omitted":	false,
				"sender":	true
			}
		}, {
			"streams":	[{
					"socket":	5,
					"start":	1.001054,
					"end":	2.001052,
					"seconds":	0.99999797344207764,
					"bytes":	2490368,
					"bits_per_second":	19922984.375081822,
					"retransmits":	0,
					"snd_cwnd":	264544,
					"snd_wnd":	-1,
					"rtt":	123,
					"rttvar":	53,
					"pmtu":	9500,
					"omitted":	false,
					"sender":	true
				}],
			"sum":	{
				"start":	1.001054,
				"end":	2.001052,
				"seconds":	0.99999797344207764,
				"bytes":	2490368,
				"bits_per_second":	19922984.375081822,
				"retransmits":	0,
				"omitted":	false,
				"sender":	true
			}
		}, {
			"streams":	[{
					"socket":	5,
					"start":	2.001052,
					"end":	3.000344,
					"seconds":	0.999292016029358,
					"bytes":	2490368,
					"bits_per_second":	19937059.118277483,
					"retransmits":	0,
					"snd_cwnd":	264544,
					"snd_wnd":	-1,
					"rtt":	120,
					"rttvar":	63,
					"pmtu":	9500,
					"omitted":	false,
					"sender":	true
				}],
			"sum":	{
				"start":	2.001052,
				"end":	3.000344,
				"seconds":	0.999292016029358,
				"bytes":	2490368,
				"bits_per_second":	19937059.118277483,
				"retransmits":	0,
				"omitted":	false,
				"sender":	true
			}
		}],
	"end":	{
		"streams":	[{
				"sender":	{
					"socket":	5,
					"start":	0,
					"end":	3.000344,
					"seconds":	3.000344,
					"bytes":	7602176,
					"bits_per_second":	20270145.023370653,
					"retransmits":	0,
					"max_snd_cwnd":	264544,
					"max_snd_wnd":	0,
					"max_rtt":	142,
					"min_rtt":	120,
					"mean_rtt":	128,
					"sender":	true
				},
				"receiver":	{
					"socket":	5,
					"start":	0,
					"end":	3.000518,
					"seconds":	3.000344,
					"bytes":	7602176,
					"bits_per_second":	20268969.557923,
					"sender":	true
				}
			}],
		"sum_sent":	{
			"start":	0,
			"end":	3.000344,
			"seconds":	3.000344,
			"bytes":	7602176,
			"bits_per_second":	20270145.023370653,
			"retransmits":	0,
			"sender":	true
		},
		"sum_received":	{
			"start":	0,
			"end":	3.000518,
			"seconds":	3.000518,
			"bytes":	7602176,
			"bits_per_second":	20268969.557923,
			"sender":	true
		},
		"cpu_utilization_percent":	{
			"host_total":	0.555032442975731,
			"host_user":	0.42225514166355133,
			"host_system":	0.13284393985738019,
			"remote_total":	0.17806723562864432,
			"remote_user":	0,
			"remote_system":	0.178133890030901
		},
		"sender_tcp_congestion":	"cubic",
		"receiver_tcp_congestion":	"cubic"
	}
}
