{
	"start":	{
		"connected":	[{
				"socket":	5,
				"local_host":	"192.168.1.2",
				"local_port":	51340,
				"remote_host":	"192.168.8.2",
				"remote_port":	5204
			}],
		"version":	"iperf 3.19.1",
		"system_info":	"Linux h1 6.6.87.2-microsoft-standard-WSL2 #1 SMP PREEMPT_DYNAMIC Thu Jun  5 18:30:46 UTC 2025 x86_64",
		"timestamp":	{
			"time":	"Mon, 06 Apr 2026 03:52:27 UTC",
			"timesecs":	1775447547
		},
		"connecting_to":	{
			"host":	"192.168.8.2",
			"port":	5204
		},
		"cookie":	"3xqhmrhg2pazpwpb63rqkinpoa7e73k7yitg",
		"tcp_mss_default":	9448,
		"target_bitrate":	20000000,
		"fq_rate":	0,
		"sock_bufsize":	0,
		"sndbuf_actual":	16384,
		"rcvbuf_actual":	131072,
		"test_start":	{
			"protocol":	"TCP",
			"num_streams":	1,
			"blksize":	131072,
			"omit":	0,
			"duration":	3,
			"bytes":	0,
			"blocks":	0,
			"reverse":	0,
			"tos":	0,
			"target_bitrate":	20000000,
			"bidir":	0,
			"fqrate":	0,
			"interval":	1
		}
	},
	"intervals":	[{
			"streams":	[{
					"socket":	5,
					"start":	0,
					"end":	1.000143,
					"seconds":	1.0001430511474609,
					"bytes":	2621440,
					"bits_per_second":	20968520.429092061,
					"retransmits":	0,
					"snd_cwnd":	264544,
					"snd_wnd":	-1,
					"rtt":	143,
					"rttvar":	57,
					"pmtu":	9500,
					"omitted":	false,
					"sender":	true
				}],
			"sum":	{
				"start":	0,
				"end":	1.000143,
				"seconds":	1.0001430511474609,
				"bytes":	2621440,
				"bits_per_second":	20968520.429092061,
				"retransmits":	0,
				"omitted":	false,
				"sender":	true
			}
		}, {
			"streams":	[{
					"socket":	5,
					"start":	1.000143,
					"end":	2.000171,
					"seconds":	1.0000280141830444,
					"bytes":	2490368,
					"bits_per_second":	19922385.890634976,
					"retransmits":	0,
					"snd_cwnd":	264544,
					"snd_wnd":	-1,
					"rtt":	234,
					"rttvar":	189,
					"pmtu":	9500,
					"omitted":	false,
					"sender":	true
				}],
			"sum":	{
				"start":	1.000143,
				"end":	2.000171,
				"seconds":	1.0000280141830444,
				"bytes":	2490368,
				"bits_per_second":	19922385.890634976,
				"retransmits":	0,
				"omitted":	false,
				"sender":	true
			}
		}, {
			"streams":	[{
					"socket":	5,
					"start":	2.000171,
					"end":	3.000575,
					"seconds":	1.0004040002822876,
					"bytes":	2490368,
					"bits_per_second":	19914898.3754346,
					"retransmits":	0,
					"snd_cwnd":	264544,
					"snd_wnd":	-1,
					"rtt":	246,
					"rttvar":	108,
					"pmtu":	9500,
					"omitted":	false,
					"sender":	true
				}],
			"sum":	{
				"start":	2.000171,
				"end":	3.000575,
				"seconds":	1.0004040002822876,
				"bytes":	2490368,
				"bits_per_second":	19914898.3754346,
				"retransmits":	0,
				"omitted":	false,
				"sender":	true
			}
		}],
	"end":	{
		"streams":	[{
				"sender":	{
					"socket":	5,
					"start":	0,
					"end":	3.000575,
					"seconds":	3.000575,
					"bytes":	7602176,
					"bits_per_second":	20268584.521300085,
					"retransmits":	0,
					"max_snd_cwnd":	264544,
					"max_snd_wnd":	0,
					"max_rtt":	246,
					"min_rtt":	143,
					"mean_rtt":	207,
					"sender":	true
				},
				"receiver":	{
					"socket":	5,
					"start":	0,
					"end":	3.000926,
					"seconds":	3.000575,
					"bytes":	7602176,
					"bits_per_second":	20266213.828664884,
					"sender":	true
				}
			}],
		"sum_sent":	{
			"start":	0,
			"end":	3.000575,
			"seconds":	3.000575,
			"bytes":	7602176,
			"bits_per_second":	20268584.521300085,
			"retransmits":	0,
			"sender":	true
		},
		"sum_received":	{
			"start":	0,
			"end":	3.000926,
			"seconds":	3.000926,
			"bytes":	7602176,
			"bits_per_second":	20266213.828664884,
			"sender":	true
		},
		"cpu_utilization_percent":	{
			"host_total":	0.868704970071648,
			"host_user":	0.1313383319398968,
			"host_system":	0.73753318433000126,
			"remote_total":	0.28983845954424253,
			"remote_user":	0.0030323407471287735,
			"remote_system":	0.28693940850028421
		},
		"sender_tcp_congestion":	"cubic",
		"receiver_tcp_congestion":	"cubic"
	}
}
