{
	"start":	{
		"connected":	[{
				"socket":	5,
				"local_host":	"192.168.1.2",
				"local_port":	49990,
				"remote_host":	"192.168.8.2",
				"remote_port":	5202
			}],
		"version":	"iperf 3.19.1",
		"system_info":	"Linux h1 6.6.87.2-microsoft-standard-WSL2 #1 SMP PREEMPT_DYNAMIC Thu Jun  5 18:30:46 UTC 2025 x86_64",
		"timestamp":	{
			"time":	"Mon, 06 Apr 2026 03:48:12 UTC",
			"timesecs":	1775447292
		},
		"connecting_to":	{
			"host":	"192.168.8.2",
			"port":	5202
		},
		"cookie":	"iqvqimhnbcerkhcgkfztgvaiquomajlx6w3j",
		"tcp_mss_default":	9448,
		"target_bitrate":	20000000,
		"fq_rate":	0,
		"sock_bufsize":	0,
		"sndbuf_actual":	16384,
		"rcvbuf_actual":	131072,
		"test_start":	{
			"protocol":	"TCP",
			"num_streams":	1,
			"blksize":	131072,
			"omit":	0,
			"duration":	3,
			"bytes":	0,
			"blocks":	0,
			"reverse":	0,
			"tos":	0,
			"target_bitrate":	20000000,
			"bidir":	0,
			"fqrate":	0,
			"interval":	1
		}
	},
	"intervals":	[{
			"streams":	[{
					"socket":	5,
					"start":	0,
					"end":	1.001099,
					"seconds":	1.0010989904403687,
					"bytes":	2621440,
					"bits_per_second":	20948497.801176425,
					"retransmits":	0,
					"snd_cwnd":	207856,
					"snd_wnd":	-1,
					"rtt":	211,
					"rttvar":	148,
					"pmtu":	9500,
					"omitted":	false,
					"sender":	true
				}],
			"sum":	{
				"start":	0,
				"end":	1.001099,
				"seconds":	1.0010989904403687,
				"bytes":	2621440,
				"bits_per_second":	20948497.801176425,
				"retransmits":	0,
				"omitted":	false,
				"sender":	true
			}
		}, {
			"streams":	[{
					"socket":	5,
					"start":	1.001099,
					"end":	2.001059,
					"seconds":	0.99996000528335571,
					"bytes":	2490368,
					"bits_per_second":	19923740.844369564,
					"retransmits":	0,
					"snd_cwnd":	207856,
					"snd_wnd":	-1,
					"rtt":	215,
					"rttvar":	146,
					"pmtu":	9500,
					"omitted":	false,
					"sender":	true
				}],
			"sum":	{
				"start":	1.001099,
				"end":	2.001059,
				"seconds":	0.99996000528335571,
				"bytes":	2490368,
				"bits_per_second":	19923740.844369564,
				"retransmits":	0,
				"omitted":	false,
				"sender":	true
			}
		}, {
			"streams":	[{
					"socket":	5,
					"start":	2.001059,
					"end":	3.001547,
					"seconds":	1.0004880428314209,
					"bytes":	2490368,
					"bits_per_second":	19913225.493047651,
					"retransmits":	0,
					"snd_cwnd":	207856,
					"snd_wnd":	-1,
					"rtt":	227,
					"rttvar":	156,
					"pmtu":	9500,
					"omitted":	false,
					"sender":	true
				}],
			"sum":	{
				"start":	2.001059,
				"end":	3.001547,
				"seconds":	1.0004880428314209,
				"bytes":	2490368,
				"bits_per_second":	19913225.493047651,
				"retransmits":	0,
				"omitted":	false,
				"sender":	true
			}
		}],
	"end":	{
		"streams":	[{
				"sender":	{
					"socket":	5,
					"start":	0,
					"end":	3.001547,
					"seconds":	3.001547,
					"bytes":	7602176,
					"bits_per_second":	20262020.88456386,
					"retransmits":	0,
					"max_snd_cwnd":	207856,
					"max_snd_wnd":	0,
					"max_rtt":	227,
					"min_rtt":	211,
					"mean_rtt":	217,
					"sender":	true
				},
				"receiver":	{
					"socket":	5,
					"start":	0,
					"end":	3.00221,
					"seconds":	3.001547,
					"bytes":	7602176,
					"bits_per_second":	20257546.27424464,
					"sender":	true
				}
			}],
		"sum_sent":	{
			"start":	0,
			"end":	3.001547,
			"seconds":	3.001547,
			"bytes":	7602176,
			"bits_per_second":	20262020.88456386,
			"retransmits":	0,
			"sender":	true
		},
		"sum_received":	{
			"start":	0,
			"end":	3.00221,
			"seconds":	3.00221,
			"bytes":	7602176,
			"bits_per_second":	20257546.27424464,
			"sender":	true
		},
		"cpu_utilization_percent":	{
			"host_total":	1.2058332395274314,
			"host_user":	0,
			"host_system":	1.205933151138959,
			"remote_total":	0.41509034260441713,
			"remote_user":	0.10698685447322964,
			"remote_system":	0.3084032644980178
		},
		"sender_tcp_congestion":	"cubic",
		"receiver_tcp_congestion":	"cubic"
	}
}
