{
	"start":	{
		"connected":	[{
				"socket":	5,
				"local_host":	"192.168.1.2",
				"local_port":	50364,
				"remote_host":	"192.168.8.2",
				"remote_port":	5204
			}],
		"version":	"iperf 3.19.1",
		"system_info":	"Linux h1 6.6.87.2-microsoft-standard-WSL2 #1 SMP PREEMPT_DYNAMIC Thu Jun  5 18:30:46 UTC 2025 x86_64",
		"timestamp":	{
			"time":	"Mon, 06 Apr 2026 03:45:26 UTC",
			"timesecs":	1775447126
		},
		"connecting_to":	{
			"host":	"192.168.8.2",
			"port":	5204
		},
		"cookie":	"i6tzmmz3vd2zaehuhgfgkbezc7jgtlvnmy3p",
		"tcp_mss_default":	9448,
		"target_bitrate":	20000000,
		"fq_rate":	0,
		"sock_bufsize":	0,
		"sndbuf_actual":	16384,
		"rcvbuf_actual":	131072,
		"test_start":	{
			"protocol":	"TCP",
			"num_streams":	1,
			"blksize":	131072,
			"omit":	0,
			"duration":	3,
			"bytes":	0,
			"blocks":	0,
			"reverse":	0,
			"tos":	0,
			"target_bitrate":	20000000,
			"bidir":	0,
			"fqrate":	0,
			"interval":	1
		}
	},
	"intervals":	[{
			"streams":	[{
					"socket":	5,
					"start":	0,
					"end":	1.001114,
					"seconds":	1.0011140108108521,
					"bytes":	2621440,
					"bits_per_second":	20948183.4971165,
					"retransmits":	0,
					"snd_cwnd":	264544,
					"snd_wnd":	-1,
					"rtt":	222,
					"rttvar":	133,
					"pmtu":	9500,
					"omitted":	false,
					"sender":	true
				}],
			"sum":	{
				"start":	0,
				"end":	1.001114,
				"seconds":	1.0011140108108521,
				"bytes":	2621440,
				"bits_per_second":	20948183.4971165,
				"retransmits":	0,
				"omitted":	false,
				"sender":	true
			}
		}, {
			"streams":	[{
					"socket":	5,
					"start":	1.001114,
					"end":	2.000271,
					"seconds":	0.99915701150894165,
					"bytes":	2490368,
					"bits_per_second":	19939752.982278608,
					"retransmits":	0,
					"snd_cwnd":	264544,
					"snd_wnd":	-1,
					"rtt":	297,
					"rttvar":	204,
					"pmtu":	9500,
					"omitted":	false,
					"sender":	true
				}],
			"sum":	{
				"start":	1.001114,
				"end":	2.000271,
				"seconds":	0.99915701150894165,
				"bytes":	2490368,
				"bits_per_second":	19939752.982278608,
				"retransmits":	0,
				"omitted":	false,
				"sender":	true
			}
		}, {
			"streams":	[{
					"socket":	5,
					"start":	2.000271,
					"end":	3.000559,
					"seconds":	1.0002880096435547,
					"bytes":	2490368,
					"bits_per_second":	19917207.652123507,
					"retransmits":	0,
					"snd_cwnd":	264544,
					"snd_wnd":	-1,
					"rtt":	209,
					"rttvar":	123,
					"pmtu":	9500,
					"omitted":	false,
					"sender":	true
				}],
			"sum":	{
				"start":	2.000271,
				"end":	3.000559,
				"seconds":	1.0002880096435547,
				"bytes":	2490368,
				"bits_per_second":	19917207.652123507,
				"retransmits":	0,
				"omitted":	false,
				"sender":	true
			}
		}],
	"end":	{
		"streams":	[{
				"sender":	{
					"socket":	5,
					"start":	0,
					"end":	3.000559,
					"seconds":	3.000559,
					"bytes":	7602176,
					"bits_per_second":	20268692.600278813,
					"retransmits":	0,
					"max_snd_cwnd":	264544,
					"max_snd_wnd":	0,
					"max_rtt":	297,
					"min_rtt":	209,
					"mean_rtt":	242,
					"sender":	true
				},
				"receiver":	{
					"socket":	5,
					"start":	0,
					"end":	3.000804,
					"seconds":	3.000559,
					"bytes":	7602176,
					"bits_per_second":	20267037.76721172,
					"sender":	true
				}
			}],
		"sum_sent":	{
			"start":	0,
			"end":	3.000559,
			"seconds":	3.000559,
			"bytes":	7602176,
			"bits_per_second":	20268692.600278813,
			"retransmits":	0,
			"sender":	true
		},
		"sum_received":	{
			"start":	0,
			"end":	3.000804,
			"seconds":	3.000804,
			"bytes":	7602176,
			"bits_per_second":	20267037.76721172,
			"sender":	true
		},
		"cpu_utilization_percent":	{
			"host_total":	1.03694717634997,
			"host_user":	0.12893972309436683,
			"host_system":	0.90794083495382361,
			"remote_total":	0.34916657224928854,
			"remote_user":	0,
			"remote_system":	0.34916657224928854
		},
		"sender_tcp_congestion":	"cubic",
		"receiver_tcp_congestion":	"cubic"
	}
}
