{
	"start":	{
		"connected":	[{
				"socket":	5,
				"local_host":	"192.168.1.2",
				"local_port":	54238,
				"remote_host":	"192.168.8.2",
				"remote_port":	5204
			}],
		"version":	"iperf 3.19.1",
		"system_info":	"Linux h1 6.6.87.2-microsoft-standard-WSL2 #1 SMP PREEMPT_DYNAMIC Thu Jun  5 18:30:46 UTC 2025 x86_64",
		"timestamp":	{
			"time":	"Mon, 06 Apr 2026 03:58:13 UTC",
			"timesecs":	1775447893
		},
		"connecting_to":	{
			"host":	"192.168.8.2",
			"port":	5204
		},
		"cookie":	"gua3btnsfkbt6iekncyc7extgs6ufwxt3zlg",
		"tcp_mss_default":	9448,
		"target_bitrate":	20000000,
		"fq_rate":	0,
		"sock_bufsize":	0,
		"sndbuf_actual":	16384,
		"rcvbuf_actual":	131072,
		"test_start":	{
			"protocol":	"TCP",
			"num_streams":	1,
			"blksize":	131072,
			"omit":	0,
			"duration":	3,
			"bytes":	0,
			"blocks":	0,
			"reverse":	0,
			"tos":	0,
			"target_bitrate":	20000000,
			"bidir":	0,
			"fqrate":	0,
			"interval":	1
		}
	},
	"intervals":	[{
			"streams":	[{
					"socket":	5,
					"start":	0,
					"end":	1.001607,
					"seconds":	1.0016069412231445,
					"bytes":	2621440,
					"bits_per_second":	20937874.06703667,
					"retransmits":	0,
					"snd_cwnd":	264544,
					"snd_wnd":	-1,
					"rtt":	384,
					"rttvar":	324,
					"pmtu":	9500,
					"omitted":	false,
					"sender":	true
				}],
			"sum":	{
				"start":	0,
				"end":	1.001607,
				"seconds":	1.0016069412231445,
				"bytes":	2621440,
				"bits_per_second":	20937874.06703667,
				"retransmits":	0,
				"omitted":	false,
				"sender":	true
			}
		}, {
			"streams":	[{
					"socket":	5,
					"start":	1.001607,
					"end":	2.001139,
					"seconds":	0.99953198432922363,
					"bytes":	2490368,
					"bits_per_second":	19932272.615938447,
					"retransmits":	0,
					"snd_cwnd":	264544,
					"snd_wnd":	-1,
					"rtt":	222,
					"rttvar":	98,
					"pmtu":	9500,
					"omitted":	false,
					"sender":	true
				}],
			"sum":	{
				"start":	1.001607,
				"end":	2.001139,
				"seconds":	0.99953198432922363,
				"bytes":	2490368,
				"bits_per_second":	19932272.615938447,
				"retransmits":	0,
				"omitted":	false,
				"sender":	true
			}
		}, {
			"streams":	[{
					"socket":	5,
					"start":	2.001139,
					"end":	3.001281,
					"seconds":	1.000141978263855,
					"bytes":	2490368,
					"bits_per_second":	19920115.776546255,
					"retransmits":	0,
					"snd_cwnd":	264544,
					"snd_wnd":	-1,
					"rtt":	138,
					"rttvar":	72,
					"pmtu":	9500,
					"omitted":	false,
					"sender":	true
				}],
			"sum":	{
				"start":	2.001139,
				"end":	3.001281,
				"seconds":	1.000141978263855,
				"bytes":	2490368,
				"bits_per_second":	19920115.776546255,
				"retransmits":	0,
				"omitted":	false,
				"sender":	true
			}
		}],
	"end":	{
		"streams":	[{
				"sender":	{
					"socket":	5,
					"start":	0,
					"end":	3.001281,
					"seconds":	3.001281,
					"bytes":	7602176,
					"bits_per_second":	20263816.68360943,
					"retransmits":	0,
					"max_snd_cwnd":	264544,
					"max_snd_wnd":	0,
					"max_rtt":	384,
					"min_rtt":	138,
					"mean_rtt":	248,
					"sender":	true
				},
				"receiver":	{
					"socket":	5,
					"start":	0,
					"end":	3.001433,
					"seconds":	3.001281,
					"bytes":	7602176,
					"bits_per_second":	20262790.473750371,
					"sender":	true
				}
			}],
		"sum_sent":	{
			"start":	0,
			"end":	3.001281,
			"seconds":	3.001281,
			"bytes":	7602176,
			"bits_per_second":	20263816.68360943,
			"retransmits":	0,
			"sender":	true
		},
		"sum_received":	{
			"start":	0,
			"end":	3.001433,
			"seconds":	3.001433,
			"bytes":	7602176,
			"bits_per_second":	20262790.473750371,
			"sender":	true
		},
		"cpu_utilization_percent":	{
			"host_total":	0.98611086618511823,
			"host_user":	0.24648612533992492,
			"host_system":	0.739425103054691,
			"remote_total":	0.31233997781803119,
			"remote_user":	0.14645829786539363,
			"remote_system":	0.16581504742403641
		},
		"sender_tcp_congestion":	"cubic",
		"receiver_tcp_congestion":	"cubic"
	}
}
