{
	"start":	{
		"connected":	[{
				"socket":	5,
				"local_host":	"192.168.1.2",
				"local_port":	43640,
				"remote_host":	"192.168.8.2",
				"remote_port":	5202
			}],
		"version":	"iperf 3.19.1",
		"system_info":	"Linux h1 6.6.87.2-microsoft-standard-WSL2 #1 SMP PREEMPT_DYNAMIC Thu Jun  5 18:30:46 UTC 2025 x86_64",
		"timestamp":	{
			"time":	"Mon, 06 Apr 2026 04:00:23 UTC",
			"timesecs":	1775448023
		},
		"connecting_to":	{
			"host":	"192.168.8.2",
			"port":	5202
		},
		"cookie":	"kr4tripe5d2vncsi4innfe5g3ns2d2utks7f",
		"tcp_mss_default":	9448,
		"target_bitrate":	20000000,
		"fq_rate":	0,
		"sock_bufsize":	0,
		"sndbuf_actual":	16384,
		"rcvbuf_actual":	131072,
		"test_start":	{
			"protocol":	"TCP",
			"num_streams":	1,
			"blksize":	131072,
			"omit":	0,
			"duration":	3,
			"bytes":	0,
			"blocks":	0,
			"reverse":	0,
			"tos":	0,
			"target_bitrate":	20000000,
			"bidir":	0,
			"fqrate":	0,
			"interval":	1
		}
	},
	"intervals":	[{
			"streams":	[{
					"socket":	5,
					"start":	0,
					"end":	1.000426,
					"seconds":	1.0004260540008545,
					"bytes":	2621440,
					"bits_per_second":	20962588.805171289,
					"retransmits":	0,
					"snd_cwnd":	359024,
					"snd_wnd":	-1,
					"rtt":	338,
					"rttvar":	127,
					"pmtu":	9500,
					"omitted":	false,
					"sender":	true
				}],
			"sum":	{
				"start":	0,
				"end":	1.000426,
				"seconds":	1.0004260540008545,
				"bytes":	2621440,
				"bits_per_second":	20962588.805171289,
				"retransmits":	0,
				"omitted":	false,
				"sender":	true
			}
		}, {
			"streams":	[{
					"socket":	5,
					"start":	1.000426,
					"end":	2.000283,
					"seconds":	0.999857008457184,
					"bytes":	2490368,
					"bits_per_second":	19925793.219914351,
					"retransmits":	0,
					"snd_cwnd":	359024,
					"snd_wnd":	-1,
					"rtt":	332,
					"rttvar":	201,
					"pmtu":	9500,
					"omitted":	false,
					"sender":	true
				}],
			"sum":	{
				"start":	1.000426,
				"end":	2.000283,
				"seconds":	0.999857008457184,
				"bytes":	2490368,
				"bits_per_second":	19925793.219914351,
				"retransmits":	0,
				"omitted":	false,
				"sender":	true
			}
		}, {
			"streams":	[{
					"socket":	5,
					"start":	2.000283,
					"end":	3.000517,
					"seconds":	1.0002340078353882,
					"bytes":	2490368,
					"bits_per_second":	19918282.965718541,
					"retransmits":	0,
					"snd_cwnd":	359024,
					"snd_wnd":	-1,
					"rtt":	259,
					"rttvar":	156,
					"pmtu":	9500,
					"omitted":	false,
					"sender":	true
				}],
			"sum":	{
				"start":	2.000283,
				"end":	3.000517,
				"seconds":	1.0002340078353882,
				"bytes":	2490368,
				"bits_per_second":	19918282.965718541,
				"retransmits":	0,
				"omitted":	false,
				"sender":	true
			}
		}],
	"end":	{
		"streams":	[{
				"sender":	{
					"socket":	5,
					"start":	0,
					"end":	3.000517,
					"seconds":	3.000517,
					"bytes":	7602176,
					"bits_per_second":	20268976.313082047,
					"retransmits":	0,
					"max_snd_cwnd":	359024,
					"max_snd_wnd":	0,
					"max_rtt":	338,
					"min_rtt":	259,
					"mean_rtt":	309,
					"sender":	true
				},
				"receiver":	{
					"socket":	5,
					"start":	0,
					"end":	3.000733,
					"seconds":	3.000517,
					"bytes":	7602176,
					"bits_per_second":	20267517.303272236,
					"sender":	true
				}
			}],
		"sum_sent":	{
			"start":	0,
			"end":	3.000517,
			"seconds":	3.000517,
			"bytes":	7602176,
			"bits_per_second":	20268976.313082047,
			"retransmits":	0,
			"sender":	true
		},
		"sum_received":	{
			"start":	0,
			"end":	3.000733,
			"seconds":	3.000733,
			"bytes":	7602176,
			"bits_per_second":	20267517.303272236,
			"sender":	true
		},
		"cpu_utilization_percent":	{
			"host_total":	1.0872226765966448,
			"host_user":	0,
			"host_system":	1.0871227327317823,
			"remote_total":	0.39462994028897763,
			"remote_user":	0.00983075767482253,
			"remote_system":	0.38476585801186758
		},
		"sender_tcp_congestion":	"cubic",
		"receiver_tcp_congestion":	"cubic"
	}
}
