{
	"start":	{
		"connected":	[{
				"socket":	5,
				"local_host":	"192.168.1.2",
				"local_port":	59280,
				"remote_host":	"192.168.8.2",
				"remote_port":	5204
			}],
		"version":	"iperf 3.19.1",
		"system_info":	"Linux h1 6.6.87.2-microsoft-standard-WSL2 #1 SMP PREEMPT_DYNAMIC Thu Jun  5 18:30:46 UTC 2025 x86_64",
		"timestamp":	{
			"time":	"Mon, 06 Apr 2026 03:57:28 UTC",
			"timesecs":	1775447848
		},
		"connecting_to":	{
			"host":	"192.168.8.2",
			"port":	5204
		},
		"cookie":	"psi4d6dkse2ffnnbpe4bx6btmaplzz5x5clr",
		"tcp_mss_default":	9448,
		"target_bitrate":	20000000,
		"fq_rate":	0,
		"sock_bufsize":	0,
		"sndbuf_actual":	16384,
		"rcvbuf_actual":	131072,
		"test_start":	{
			"protocol":	"TCP",
			"num_streams":	1,
			"blksize":	131072,
			"omit":	0,
			"duration":	3,
			"bytes":	0,
			"blocks":	0,
			"reverse":	0,
			"tos":	0,
			"target_bitrate":	20000000,
			"bidir":	0,
			"fqrate":	0,
			"interval":	1
		}
	},
	"intervals":	[{
			"streams":	[{
					"socket":	5,
					"start":	0,
					"end":	1.001106,
					"seconds":	1.0011060237884521,
					"bytes":	2621440,
					"bits_per_second":	20948350.625878941,
					"retransmits":	0,
					"snd_cwnd":	207856,
					"snd_wnd":	-1,
					"rtt":	1022,
					"rttvar":	1508,
					"pmtu":	9500,
					"omitted":	false,
					"sender":	true
				}],
			"sum":	{
				"start":	0,
				"end":	1.001106,
				"seconds":	1.0011060237884521,
				"bytes":	2621440,
				"bits_per_second":	20948350.625878941,
				"retransmits":	0,
				"omitted":	false,
				"sender":	true
			}
		}, {
			"streams":	[{
					"socket":	5,
					"start":	1.001106,
					"end":	2.001104,
					"seconds":	0.99999797344207764,
					"bytes":	2490368,
					"bits_per_second":	19922984.375081822,
					"retransmits":	0,
					"snd_cwnd":	207856,
					"snd_wnd":	-1,
					"rtt":	279,
					"rttvar":	116,
					"pmtu":	9500,
					"omitted":	false,
					"sender":	true
				}],
			"sum":	{
				"start":	1.001106,
				"end":	2.001104,
				"seconds":	0.99999797344207764,
				"bytes":	2490368,
				"bits_per_second":	19922984.375081822,
				"retransmits":	0,
				"omitted":	false,
				"sender":	true
			}
		}, {
			"streams":	[{
					"socket":	5,
					"start":	2.001104,
					"end":	3.001393,
					"seconds":	1.0002889633178711,
					"bytes":	2490368,
					"bits_per_second":	19917188.663081251,
					"retransmits":	0,
					"snd_cwnd":	207856,
					"snd_wnd":	-1,
					"rtt":	259,
					"rttvar":	151,
					"pmtu":	9500,
					"omitted":	false,
					"sender":	true
				}],
			"sum":	{
				"start":	2.001104,
				"end":	3.001393,
				"seconds":	1.0002889633178711,
				"bytes":	2490368,
				"bits_per_second":	19917188.663081251,
				"retransmits":	0,
				"omitted":	false,
				"sender":	true
			}
		}],
	"end":	{
		"streams":	[{
				"sender":	{
					"socket":	5,
					"start":	0,
					"end":	3.001393,
					"seconds":	3.001393,
					"bytes":	7602176,
					"bits_per_second":	20263060.518899057,
					"retransmits":	0,
					"max_snd_cwnd":	207856,
					"max_snd_wnd":	0,
					"max_rtt":	1022,
					"min_rtt":	259,
					"mean_rtt":	520,
					"sender":	true
				},
				"receiver":	{
					"socket":	5,
					"start":	0,
					"end":	3.001606,
					"seconds":	3.001393,
					"bytes":	7602176,
					"bits_per_second":	20261622.611362051,
					"sender":	true
				}
			}],
		"sum_sent":	{
			"start":	0,
			"end":	3.001393,
			"seconds":	3.001393,
			"bytes":	7602176,
			"bits_per_second":	20263060.518899057,
			"retransmits":	0,
			"sender":	true
		},
		"sum_received":	{
			"start":	0,
			"end":	3.001606,
			"seconds":	3.001606,
			"bytes":	7602176,
			"bits_per_second":	20261622.611362051,
			"sender":	true
		},
		"cpu_utilization_percent":	{
			"host_total":	1.5152019780822941,
			"host_user":	0.088759248946879,
			"host_system":	1.4264427291354151,
			"remote_total":	0.7790022854020775,
			"remote_user":	0.018423139196311375,
			"remote_system":	0.76061246110485536
		},
		"sender_tcp_congestion":	"cubic",
		"receiver_tcp_congestion":	"cubic"
	}
}
