{
	"start":	{
		"connected":	[{
				"socket":	5,
				"local_host":	"192.168.1.2",
				"local_port":	36160,
				"remote_host":	"192.168.8.2",
				"remote_port":	5202
			}],
		"version":	"iperf 3.19.1",
		"system_info":	"Linux h1 6.6.87.2-microsoft-standard-WSL2 #1 SMP PREEMPT_DYNAMIC Thu Jun  5 18:30:46 UTC 2025 x86_64",
		"timestamp":	{
			"time":	"Mon, 06 Apr 2026 03:56:05 UTC",
			"timesecs":	1775447765
		},
		"connecting_to":	{
			"host":	"192.168.8.2",
			"port":	5202
		},
		"cookie":	"3lonh4jcpqqox566l2vs6cmofhjuadt5jadg",
		"tcp_mss_default":	9448,
		"target_bitrate":	20000000,
		"fq_rate":	0,
		"sock_bufsize":	0,
		"sndbuf_actual":	16384,
		"rcvbuf_actual":	131072,
		"test_start":	{
			"protocol":	"TCP",
			"num_streams":	1,
			"blksize":	131072,
			"omit":	0,
			"duration":	3,
			"bytes":	0,
			"blocks":	0,
			"reverse":	0,
			"tos":	0,
			"target_bitrate":	20000000,
			"bidir":	0,
			"fqrate":	0,
			"interval":	1
		}
	},
	"intervals":	[{
			"streams":	[{
					"socket":	5,
					"start":	0,
					"end":	1.000962,
					"seconds":	1.0009620189666748,
					"bytes":	2621440,
					"bits_per_second":	20951364.390079029,
					"retransmits":	0,
					"snd_cwnd":	283440,
					"snd_wnd":	-1,
					"rtt":	907,
					"rttvar":	885,
					"pmtu":	9500,
					"omitted":	false,
					"sender":	true
				}],
			"sum":	{
				"start":	0,
				"end":	1.000962,
				"seconds":	1.0009620189666748,
				"bytes":	2621440,
				"bits_per_second":	20951364.390079029,
				"retransmits":	0,
				"omitted":	false,
				"sender":	true
			}
		}, {
			"streams":	[{
					"socket":	5,
					"start":	1.000962,
					"end":	2.001126,
					"seconds":	1.0001640319824219,
					"bytes":	2490368,
					"bits_per_second":	19919676.5359686,
					"retransmits":	0,
					"snd_cwnd":	283440,
					"snd_wnd":	-1,
					"rtt":	245,
					"rttvar":	162,
					"pmtu":	9500,
					"omitted":	false,
					"sender":	true
				}],
			"sum":	{
				"start":	1.000962,
				"end":	2.001126,
				"seconds":	1.0001640319824219,
				"bytes":	2490368,
				"bits_per_second":	19919676.5359686,
				"retransmits":	0,
				"omitted":	false,
				"sender":	true
			}
		}, {
			"streams":	[{
					"socket":	5,
					"start":	2.001126,
					"end":	3.001378,
					"seconds":	1.0002520084381104,
					"bytes":	2490368,
					"bits_per_second":	19917924.514952585,
					"retransmits":	0,
					"snd_cwnd":	283440,
					"snd_wnd":	-1,
					"rtt":	234,
					"rttvar":	166,
					"pmtu":	9500,
					"omitted":	false,
					"sender":	true
				}],
			"sum":	{
				"start":	2.001126,
				"end":	3.001378,
				"seconds":	1.0002520084381104,
				"bytes":	2490368,
				"bits_per_second":	19917924.514952585,
				"retransmits":	0,
				"omitted":	false,
				"sender":	true
			}
		}],
	"end":	{
		"streams":	[{
				"sender":	{
					"socket":	5,
					"start":	0,
					"end":	3.001378,
					"seconds":	3.001378,
					"bytes":	7602176,
					"bits_per_second":	20263161.787685525,
					"retransmits":	0,
					"max_snd_cwnd":	283440,
					"max_snd_wnd":	0,
					"max_rtt":	907,
					"min_rtt":	234,
					"mean_rtt":	462,
					"sender":	true
				},
				"receiver":	{
					"socket":	5,
					"start":	0,
					"end":	3.001659,
					"seconds":	3.001378,
					"bytes":	7602176,
					"bits_per_second":	20261264.853869144,
					"sender":	true
				}
			}],
		"sum_sent":	{
			"start":	0,
			"end":	3.001378,
			"seconds":	3.001378,
			"bytes":	7602176,
			"bits_per_second":	20263161.787685525,
			"retransmits":	0,
			"sender":	true
		},
		"sum_received":	{
			"start":	0,
			"end":	3.001659,
			"seconds":	3.001659,
			"bytes":	7602176,
			"bits_per_second":	20261264.853869144,
			"sender":	true
		},
		"cpu_utilization_percent":	{
			"host_total":	2.58423380082093,
			"host_user":	0,
			"host_system":	2.5843003644692564,
			"remote_total":	0.80497992214041236,
			"remote_user":	0.04217449848658178,
			"remote_system":	0.762738797273915
		},
		"sender_tcp_congestion":	"cubic",
		"receiver_tcp_congestion":	"cubic"
	}
}
