{
	"start":	{
		"connected":	[{
				"socket":	5,
				"local_host":	"192.168.1.2",
				"local_port":	36068,
				"remote_host":	"192.168.8.2",
				"remote_port":	5202
			}],
		"version":	"iperf 3.19.1",
		"system_info":	"Linux h1 6.6.87.2-microsoft-standard-WSL2 #1 SMP PREEMPT_DYNAMIC Thu Jun  5 18:30:46 UTC 2025 x86_64",
		"timestamp":	{
			"time":	"Mon, 06 Apr 2026 03:57:55 UTC",
			"timesecs":	1775447875
		},
		"connecting_to":	{
			"host":	"192.168.8.2",
			"port":	5202
		},
		"cookie":	"azhsy4nthally7eux22yccrv5qpjqlsyqaco",
		"tcp_mss_default":	9448,
		"target_bitrate":	20000000,
		"fq_rate":	0,
		"sock_bufsize":	0,
		"sndbuf_actual":	16384,
		"rcvbuf_actual":	131072,
		"test_start":	{
			"protocol":	"TCP",
			"num_streams":	1,
			"blksize":	131072,
			"omit":	0,
			"duration":	3,
			"bytes":	0,
			"blocks":	0,
			"reverse":	0,
			"tos":	0,
			"target_bitrate":	20000000,
			"bidir":	0,
			"fqrate":	0,
			"interval":	1
		}
	},
	"intervals":	[{
			"streams":	[{
					"socket":	5,
					"start":	0,
					"end":	1.001295,
					"seconds":	1.00129497051239,
					"bytes":	2621440,
					"bits_per_second":	20944397.622678857,
					"retransmits":	0,
					"snd_cwnd":	264544,
					"snd_wnd":	-1,
					"rtt":	143,
					"rttvar":	90,
					"pmtu":	9500,
					"omitted":	false,
					"sender":	true
				}],
			"sum":	{
				"start":	0,
				"end":	1.001295,
				"seconds":	1.00129497051239,
				"bytes":	2621440,
				"bits_per_second":	20944397.622678857,
				"retransmits":	0,
				"omitted":	false,
				"sender":	true
			}
		}, {
			"streams":	[{
					"socket":	5,
					"start":	1.001295,
					"end":	2.000999,
					"seconds":	0.99970400333404541,
					"bytes":	2490368,
					"bits_per_second":	19928842.871046163,
					"retransmits":	0,
					"snd_cwnd":	264544,
					"snd_wnd":	-1,
					"rtt":	239,
					"rttvar":	140,
					"pmtu":	9500,
					"omitted":	false,
					"sender":	true
				}],
			"sum":	{
				"start":	1.001295,
				"end":	2.000999,
				"seconds":	0.99970400333404541,
				"bytes":	2490368,
				"bits_per_second":	19928842.871046163,
				"retransmits":	0,
				"omitted":	false,
				"sender":	true
			}
		}, {
			"streams":	[{
					"socket":	5,
					"start":	2.000999,
					"end":	3.001278,
					"seconds":	1.0002789497375488,
					"bytes":	2490368,
					"bits_per_second":	19917388.049830843,
					"retransmits":	0,
					"snd_cwnd":	264544,
					"snd_wnd":	-1,
					"rtt":	283,
					"rttvar":	168,
					"pmtu":	9500,
					"omitted":	false,
					"sender":	true
				}],
			"sum":	{
				"start":	2.000999,
				"end":	3.001278,
				"seconds":	1.0002789497375488,
				"bytes":	2490368,
				"bits_per_second":	19917388.049830843,
				"retransmits":	0,
				"omitted":	false,
				"sender":	true
			}
		}],
	"end":	{
		"streams":	[{
				"sender":	{
					"socket":	5,
					"start":	0,
					"end":	3.001278,
					"seconds":	3.001278,
					"bytes":	7602176,
					"bits_per_second":	20263836.9387974,
					"retransmits":	0,
					"max_snd_cwnd":	264544,
					"max_snd_wnd":	0,
					"max_rtt":	283,
					"min_rtt":	143,
					"mean_rtt":	221,
					"sender":	true
				},
				"receiver":	{
					"socket":	5,
					"start":	0,
					"end":	3.001423,
					"seconds":	3.001278,
					"bytes":	7602176,
					"bits_per_second":	20262857.984362751,
					"sender":	true
				}
			}],
		"sum_sent":	{
			"start":	0,
			"end":	3.001278,
			"seconds":	3.001278,
			"bytes":	7602176,
			"bits_per_second":	20263836.9387974,
			"retransmits":	0,
			"sender":	true
		},
		"sum_received":	{
			"start":	0,
			"end":	3.001423,
			"seconds":	3.001423,
			"bytes":	7602176,
			"bits_per_second":	20262857.984362751,
			"sender":	true
		},
		"cpu_utilization_percent":	{
			"host_total":	0.94917146503739669,
			"host_user":	0,
			"host_system":	0.94917146503739669,
			"remote_total":	0.34643071085929344,
			"remote_user":	0.013093601593354712,
			"remote_system":	0.33333710926593868
		},
		"sender_tcp_congestion":	"cubic",
		"receiver_tcp_congestion":	"cubic"
	}
}
