{
	"start":	{
		"connected":	[{
				"socket":	5,
				"local_host":	"192.168.1.2",
				"local_port":	59136,
				"remote_host":	"192.168.8.2",
				"remote_port":	5202
			}],
		"version":	"iperf 3.19.1",
		"system_info":	"Linux h1 6.6.87.2-microsoft-standard-WSL2 #1 SMP PREEMPT_DYNAMIC Thu Jun  5 18:30:46 UTC 2025 x86_64",
		"timestamp":	{
			"time":	"Mon, 06 Apr 2026 04:03:30 UTC",
			"timesecs":	1775448210
		},
		"connecting_to":	{
			"host":	"192.168.8.2",
			"port":	5202
		},
		"cookie":	"d6g7lwpq42ltefr5epv27kjojwzcy7t5i7xz",
		"tcp_mss_default":	9448,
		"target_bitrate":	20000000,
		"fq_rate":	0,
		"sock_bufsize":	0,
		"sndbuf_actual":	16384,
		"rcvbuf_actual":	131072,
		"test_start":	{
			"protocol":	"TCP",
			"num_streams":	1,
			"blksize":	131072,
			"omit":	0,
			"duration":	3,
			"bytes":	0,
			"blocks":	0,
			"reverse":	0,
			"tos":	0,
			"target_bitrate":	20000000,
			"bidir":	0,
			"fqrate":	0,
			"interval":	1
		}
	},
	"intervals":	[{
			"streams":	[{
					"socket":	5,
					"start":	0,
					"end":	1.001102,
					"seconds":	1.0011019706726074,
					"bytes":	2621440,
					"bits_per_second":	20948435.438509751,
					"retransmits":	0,
					"snd_cwnd":	264544,
					"snd_wnd":	-1,
					"rtt":	168,
					"rttvar":	62,
					"pmtu":	9500,
					"omitted":	false,
					"sender":	true
				}],
			"sum":	{
				"start":	0,
				"end":	1.001102,
				"seconds":	1.0011019706726074,
				"bytes":	2621440,
				"bits_per_second":	20948435.438509751,
				"retransmits":	0,
				"omitted":	false,
				"sender":	true
			}
		}, {
			"streams":	[{
					"socket":	5,
					"start":	1.001102,
					"end":	2.001099,
					"seconds":	0.99999701976776123,
					"bytes":	2490368,
					"bits_per_second":	19923003.375176951,
					"retransmits":	0,
					"snd_cwnd":	264544,
					"snd_wnd":	-1,
					"rtt":	138,
					"rttvar":	55,
					"pmtu":	9500,
					"omitted":	false,
					"sender":	true
				}],
			"sum":	{
				"start":	1.001102,
				"end":	2.001099,
				"seconds":	0.99999701976776123,
				"bytes":	2490368,
				"bits_per_second":	19923003.375176951,
				"retransmits":	0,
				"omitted":	false,
				"sender":	true
			}
		}, {
			"streams":	[{
					"socket":	5,
					"start":	2.001099,
					"end":	3.001411,
					"seconds":	1.0003119707107544,
					"bytes":	2490368,
					"bits_per_second":	19916730.56341023,
					"retransmits":	0,
					"snd_cwnd":	264544,
					"snd_wnd":	-1,
					"rtt":	135,
					"rttvar":	55,
					"pmtu":	9500,
					"omitted":	false,
					"sender":	true
				}],
			"sum":	{
				"start":	2.001099,
				"end":	3.001411,
				"seconds":	1.0003119707107544,
				"bytes":	2490368,
				"bits_per_second":	19916730.56341023,
				"retransmits":	0,
				"omitted":	false,
				"sender":	true
			}
		}],
	"end":	{
		"streams":	[{
				"sender":	{
					"socket":	5,
					"start":	0,
					"end":	3.001411,
					"seconds":	3.001411,
					"bytes":	7602176,
					"bits_per_second":	20262938.997691419,
					"retransmits":	0,
					"max_snd_cwnd":	264544,
					"max_snd_wnd":	0,
					"max_rtt":	168,
					"min_rtt":	135,
					"mean_rtt":	147,
					"sender":	true
				},
				"receiver":	{
					"socket":	5,
					"start":	0,
					"end":	3.001956,
					"seconds":	3.001411,
					"bytes":	7602176,
					"bits_per_second":	20259260.29562059,
					"sender":	true
				}
			}],
		"sum_sent":	{
			"start":	0,
			"end":	3.001411,
			"seconds":	3.001411,
			"bytes":	7602176,
			"bits_per_second":	20262938.997691419,
			"retransmits":	0,
			"sender":	true
		},
		"sum_received":	{
			"start":	0,
			"end":	3.001956,
			"seconds":	3.001956,
			"bytes":	7602176,
			"bits_per_second":	20259260.29562059,
			"sender":	true
		},
		"cpu_utilization_percent":	{
			"host_total":	0.58820688977656266,
			"host_user":	0.0018648919111978436,
			"host_system":	0.586375299506636,
			"remote_total":	0.19017454818971086,
			"remote_user":	0,
			"remote_system":	0.19017454818971086
		},
		"sender_tcp_congestion":	"cubic",
		"receiver_tcp_congestion":	"cubic"
	}
}
