{
	"start":	{
		"connected":	[{
				"socket":	5,
				"local_host":	"192.168.1.2",
				"local_port":	44414,
				"remote_host":	"192.168.8.2",
				"remote_port":	5203
			}],
		"version":	"iperf 3.19.1",
		"system_info":	"Linux h1 6.6.87.2-microsoft-standard-WSL2 #1 SMP PREEMPT_DYNAMIC Thu Jun  5 18:30:46 UTC 2025 x86_64",
		"timestamp":	{
			"time":	"Mon, 06 Apr 2026 04:05:05 UTC",
			"timesecs":	1775448305
		},
		"connecting_to":	{
			"host":	"192.168.8.2",
			"port":	5203
		},
		"cookie":	"i7eizoviphbmo3xpag2rrtagxda7ilvrnw6v",
		"tcp_mss_default":	9448,
		"target_bitrate":	20000000,
		"fq_rate":	0,
		"sock_bufsize":	0,
		"sndbuf_actual":	16384,
		"rcvbuf_actual":	131072,
		"test_start":	{
			"protocol":	"TCP",
			"num_streams":	1,
			"blksize":	131072,
			"omit":	0,
			"duration":	3,
			"bytes":	0,
			"blocks":	0,
			"reverse":	0,
			"tos":	0,
			"target_bitrate":	20000000,
			"bidir":	0,
			"fqrate":	0,
			"interval":	1
		}
	},
	"intervals":	[{
			"streams":	[{
					"socket":	5,
					"start":	0,
					"end":	1.001077,
					"seconds":	1.0010770559310913,
					"bytes":	2621440,
					"bits_per_second":	20948956.801826417,
					"retransmits":	0,
					"snd_cwnd":	264544,
					"snd_wnd":	-1,
					"rtt":	154,
					"rttvar":	56,
					"pmtu":	9500,
					"omitted":	false,
					"sender":	true
				}],
			"sum":	{
				"start":	0,
				"end":	1.001077,
				"seconds":	1.0010770559310913,
				"bytes":	2621440,
				"bits_per_second":	20948956.801826417,
				"retransmits":	0,
				"omitted":	false,
				"sender":	true
			}
		}, {
			"streams":	[{
					"socket":	5,
					"start":	1.001077,
					"end":	2.001095,
					"seconds":	1.0000180006027222,
					"bytes":	2490368,
					"bits_per_second":	19922585.381455351,
					"retransmits":	0,
					"snd_cwnd":	264544,
					"snd_wnd":	-1,
					"rtt":	148,
					"rttvar":	100,
					"pmtu":	9500,
					"omitted":	false,
					"sender":	true
				}],
			"sum":	{
				"start":	1.001077,
				"end":	2.001095,
				"seconds":	1.0000180006027222,
				"bytes":	2490368,
				"bits_per_second":	19922585.381455351,
				"retransmits":	0,
				"omitted":	false,
				"sender":	true
			}
		}, {
			"streams":	[{
					"socket":	5,
					"start":	2.001095,
					"end":	3.000757,
					"seconds":	0.99966198205947876,
					"bytes":	2490368,
					"bits_per_second":	19929680.589588139,
					"retransmits":	0,
					"snd_cwnd":	264544,
					"snd_wnd":	-1,
					"rtt":	148,
					"rttvar":	107,
					"pmtu":	9500,
					"omitted":	false,
					"sender":	true
				}],
			"sum":	{
				"start":	2.001095,
				"end":	3.000757,
				"seconds":	0.99966198205947876,
				"bytes":	2490368,
				"bits_per_second":	19929680.589588139,
				"retransmits":	0,
				"omitted":	false,
				"sender":	true
			}
		}],
	"end":	{
		"streams":	[{
				"sender":	{
					"socket":	5,
					"start":	0,
					"end":	3.000757,
					"seconds":	3.000757,
					"bytes":	7602176,
					"bits_per_second":	20267355.204036847,
					"retransmits":	0,
					"max_snd_cwnd":	264544,
					"max_snd_wnd":	0,
					"max_rtt":	154,
					"min_rtt":	148,
					"mean_rtt":	150,
					"sender":	true
				},
				"receiver":	{
					"socket":	5,
					"start":	0,
					"end":	3.000896,
					"seconds":	3.000757,
					"bytes":	7602176,
					"bits_per_second":	20266416.430292819,
					"sender":	true
				}
			}],
		"sum_sent":	{
			"start":	0,
			"end":	3.000757,
			"seconds":	3.000757,
			"bytes":	7602176,
			"bits_per_second":	20267355.204036847,
			"retransmits":	0,
			"sender":	true
		},
		"sum_received":	{
			"start":	0,
			"end":	3.000896,
			"seconds":	3.000896,
			"bytes":	7602176,
			"bits_per_second":	20266416.430292819,
			"sender":	true
		},
		"cpu_utilization_percent":	{
			"host_total":	0.644627003445495,
			"host_user":	0.013791306879563581,
			"host_system":	0.6308356965659313,
			"remote_total":	0.20550261835061406,
			"remote_user":	0,
			"remote_system":	0.20556926424597669
		},
		"sender_tcp_congestion":	"cubic",
		"receiver_tcp_congestion":	"cubic"
	}
}
