{
	"start":	{
		"connected":	[{
				"socket":	5,
				"local_host":	"192.168.1.2",
				"local_port":	42734,
				"remote_host":	"192.168.8.2",
				"remote_port":	5202
			}],
		"version":	"iperf 3.19.1",
		"system_info":	"Linux h1 6.6.87.2-microsoft-standard-WSL2 #1 SMP PREEMPT_DYNAMIC Thu Jun  5 18:30:46 UTC 2025 x86_64",
		"timestamp":	{
			"time":	"Mon, 06 Apr 2026 03:58:37 UTC",
			"timesecs":	1775447917
		},
		"connecting_to":	{
			"host":	"192.168.8.2",
			"port":	5202
		},
		"cookie":	"nml2w2p2qukeilq57gxp2ykrwbvl4sgdhd6z",
		"tcp_mss_default":	9448,
		"target_bitrate":	20000000,
		"fq_rate":	0,
		"sock_bufsize":	0,
		"sndbuf_actual":	16384,
		"rcvbuf_actual":	131072,
		"test_start":	{
			"protocol":	"TCP",
			"num_streams":	1,
			"blksize":	131072,
			"omit":	0,
			"duration":	3,
			"bytes":	0,
			"blocks":	0,
			"reverse":	0,
			"tos":	0,
			"target_bitrate":	20000000,
			"bidir":	0,
			"fqrate":	0,
			"interval":	1
		}
	},
	"intervals":	[{
			"streams":	[{
					"socket":	5,
					"start":	0,
					"end":	1.000347,
					"seconds":	1.0003470182418823,
					"bytes":	2621440,
					"bits_per_second":	20964245.02454919,
					"retransmits":	0,
					"snd_cwnd":	264544,
					"snd_wnd":	-1,
					"rtt":	678,
					"rttvar":	917,
					"pmtu":	9500,
					"omitted":	false,
					"sender":	true
				}],
			"sum":	{
				"start":	0,
				"end":	1.000347,
				"seconds":	1.0003470182418823,
				"bytes":	2621440,
				"bits_per_second":	20964245.02454919,
				"retransmits":	0,
				"omitted":	false,
				"sender":	true
			}
		}, {
			"streams":	[{
					"socket":	5,
					"start":	1.000347,
					"end":	2.001085,
					"seconds":	1.0007380247116089,
					"bytes":	2490368,
					"bits_per_second":	19908251.21863573,
					"retransmits":	0,
					"snd_cwnd":	264544,
					"snd_wnd":	-1,
					"rtt":	442,
					"rttvar":	291,
					"pmtu":	9500,
					"omitted":	false,
					"sender":	true
				}],
			"sum":	{
				"start":	1.000347,
				"end":	2.001085,
				"seconds":	1.0007380247116089,
				"bytes":	2490368,
				"bits_per_second":	19908251.21863573,
				"retransmits":	0,
				"omitted":	false,
				"sender":	true
			}
		}, {
			"streams":	[{
					"socket":	5,
					"start":	2.001085,
					"end":	3.001938,
					"seconds":	1.0008529424667358,
					"bytes":	2490368,
					"bits_per_second":	19905965.356805809,
					"retransmits":	0,
					"snd_cwnd":	264544,
					"snd_wnd":	-1,
					"rtt":	220,
					"rttvar":	164,
					"pmtu":	9500,
					"omitted":	false,
					"sender":	true
				}],
			"sum":	{
				"start":	2.001085,
				"end":	3.001938,
				"seconds":	1.0008529424667358,
				"bytes":	2490368,
				"bits_per_second":	19905965.356805809,
				"retransmits":	0,
				"omitted":	false,
				"sender":	true
			}
		}],
	"end":	{
		"streams":	[{
				"sender":	{
					"socket":	5,
					"start":	0,
					"end":	3.001938,
					"seconds":	3.001938,
					"bytes":	7602176,
					"bits_per_second":	20259381.772708163,
					"retransmits":	0,
					"max_snd_cwnd":	264544,
					"max_snd_wnd":	0,
					"max_rtt":	678,
					"min_rtt":	220,
					"mean_rtt":	446,
					"sender":	true
				},
				"receiver":	{
					"socket":	5,
					"start":	0,
					"end":	3.002297,
					"seconds":	3.001938,
					"bytes":	7602176,
					"bits_per_second":	20256959.254863858,
					"sender":	true
				}
			}],
		"sum_sent":	{
			"start":	0,
			"end":	3.001938,
			"seconds":	3.001938,
			"bytes":	7602176,
			"bits_per_second":	20259381.772708163,
			"retransmits":	0,
			"sender":	true
		},
		"sum_received":	{
			"start":	0,
			"end":	3.002297,
			"seconds":	3.002297,
			"bytes":	7602176,
			"bits_per_second":	20256959.254863858,
			"sender":	true
		},
		"cpu_utilization_percent":	{
			"host_total":	1.272777767047903,
			"host_user":	0.518674755364401,
			"host_system":	0.75413631129542824,
			"remote_total":	0.49837909385800971,
			"remote_user":	0.129799059597986,
			"remote_system":	0.36864664912253237
		},
		"sender_tcp_congestion":	"cubic",
		"receiver_tcp_congestion":	"cubic"
	}
}
