{
	"start":	{
		"connected":	[{
				"socket":	5,
				"local_host":	"192.168.1.2",
				"local_port":	37324,
				"remote_host":	"192.168.8.2",
				"remote_port":	5202
			}],
		"version":	"iperf 3.19.1",
		"system_info":	"Linux h1 6.6.87.2-microsoft-standard-WSL2 #1 SMP PREEMPT_DYNAMIC Thu Jun  5 18:30:46 UTC 2025 x86_64",
		"timestamp":	{
			"time":	"Mon, 06 Apr 2026 03:52:18 UTC",
			"timesecs":	1775447538
		},
		"connecting_to":	{
			"host":	"192.168.8.2",
			"port":	5202
		},
		"cookie":	"z2os3at4swfvamkr75m4ba2f2bnhmf2xgowb",
		"tcp_mss_default":	9448,
		"target_bitrate":	20000000,
		"fq_rate":	0,
		"sock_bufsize":	0,
		"sndbuf_actual":	16384,
		"rcvbuf_actual":	131072,
		"test_start":	{
			"protocol":	"TCP",
			"num_streams":	1,
			"blksize":	131072,
			"omit":	0,
			"duration":	3,
			"bytes":	0,
			"blocks":	0,
			"reverse":	0,
			"tos":	0,
			"target_bitrate":	20000000,
			"bidir":	0,
			"fqrate":	0,
			"interval":	1
		}
	},
	"intervals":	[{
			"streams":	[{
					"socket":	5,
					"start":	0,
					"end":	1.001197,
					"seconds":	1.0011969804763794,
					"bytes":	2621440,
					"bits_per_second":	20946447.511279494,
					"retransmits":	0,
					"snd_cwnd":	321232,
					"snd_wnd":	-1,
					"rtt":	145,
					"rttvar":	72,
					"pmtu":	9500,
					"omitted":	false,
					"sender":	true
				}],
			"sum":	{
				"start":	0,
				"end":	1.001197,
				"seconds":	1.0011969804763794,
				"bytes":	2621440,
				"bits_per_second":	20946447.511279494,
				"retransmits":	0,
				"omitted":	false,
				"sender":	true
			}
		}, {
			"streams":	[{
					"socket":	5,
					"start":	1.001197,
					"end":	2.001074,
					"seconds":	0.99987697601318359,
					"bytes":	2490368,
					"bits_per_second":	19925395.301568892,
					"retransmits":	0,
					"snd_cwnd":	321232,
					"snd_wnd":	-1,
					"rtt":	229,
					"rttvar":	135,
					"pmtu":	9500,
					"omitted":	false,
					"sender":	true
				}],
			"sum":	{
				"start":	1.001197,
				"end":	2.001074,
				"seconds":	0.99987697601318359,
				"bytes":	2490368,
				"bits_per_second":	19925395.301568892,
				"retransmits":	0,
				"omitted":	false,
				"sender":	true
			}
		}, {
			"streams":	[{
					"socket":	5,
					"start":	2.001074,
					"end":	3.001333,
					"seconds":	1.0002590417861938,
					"bytes":	2490368,
					"bits_per_second":	19917784.461536061,
					"retransmits":	0,
					"snd_cwnd":	321232,
					"snd_wnd":	-1,
					"rtt":	223,
					"rttvar":	105,
					"pmtu":	9500,
					"omitted":	false,
					"sender":	true
				}],
			"sum":	{
				"start":	2.001074,
				"end":	3.001333,
				"seconds":	1.0002590417861938,
				"bytes":	2490368,
				"bits_per_second":	19917784.461536061,
				"retransmits":	0,
				"omitted":	false,
				"sender":	true
			}
		}],
	"end":	{
		"streams":	[{
				"sender":	{
					"socket":	5,
					"start":	0,
					"end":	3.001333,
					"seconds":	3.001333,
					"bytes":	7602176,
					"bits_per_second":	20263465.60011835,
					"retransmits":	0,
					"max_snd_cwnd":	321232,
					"max_snd_wnd":	0,
					"max_rtt":	229,
					"min_rtt":	145,
					"mean_rtt":	199,
					"sender":	true
				},
				"receiver":	{
					"socket":	5,
					"start":	0,
					"end":	3.001617,
					"seconds":	3.001333,
					"bytes":	7602176,
					"bits_per_second":	20261548.358767956,
					"sender":	true
				}
			}],
		"sum_sent":	{
			"start":	0,
			"end":	3.001333,
			"seconds":	3.001333,
			"bytes":	7602176,
			"bits_per_second":	20263465.60011835,
			"retransmits":	0,
			"sender":	true
		},
		"sum_received":	{
			"start":	0,
			"end":	3.001617,
			"seconds":	3.001617,
			"bytes":	7602176,
			"bits_per_second":	20261548.358767956,
			"sender":	true
		},
		"cpu_utilization_percent":	{
			"host_total":	0.982962886749663,
			"host_user":	0,
			"host_system":	0.982996183822484,
			"remote_total":	0.33204473192559958,
			"remote_user":	0,
			"remote_system":	0.33201141751485158
		},
		"sender_tcp_congestion":	"cubic",
		"receiver_tcp_congestion":	"cubic"
	}
}
