{
	"start":	{
		"connected":	[{
				"socket":	5,
				"local_host":	"192.168.1.2",
				"local_port":	51040,
				"remote_host":	"192.168.8.2",
				"remote_port":	5203
			}],
		"version":	"iperf 3.19.1",
		"system_info":	"Linux h1 6.6.87.2-microsoft-standard-WSL2 #1 SMP PREEMPT_DYNAMIC Thu Jun  5 18:30:46 UTC 2025 x86_64",
		"timestamp":	{
			"time":	"Mon, 06 Apr 2026 04:08:26 UTC",
			"timesecs":	1775448506
		},
		"connecting_to":	{
			"host":	"192.168.8.2",
			"port":	5203
		},
		"cookie":	"7v633mmgz37jyl56yz2ucohpygh3qxzizqds",
		"tcp_mss_default":	9448,
		"target_bitrate":	20000000,
		"fq_rate":	0,
		"sock_bufsize":	0,
		"sndbuf_actual":	16384,
		"rcvbuf_actual":	131072,
		"test_start":	{
			"protocol":	"TCP",
			"num_streams":	1,
			"blksize":	131072,
			"omit":	0,
			"duration":	3,
			"bytes":	0,
			"blocks":	0,
			"reverse":	0,
			"tos":	0,
			"target_bitrate":	20000000,
			"bidir":	0,
			"fqrate":	0,
			"interval":	1
		}
	},
	"intervals":	[{
			"streams":	[{
					"socket":	5,
					"start":	0,
					"end":	1.001049,
					"seconds":	1.0010490417480469,
					"bytes":	2621440,
					"bits_per_second":	20949543.054733079,
					"retransmits":	0,
					"snd_cwnd":	151168,
					"snd_wnd":	-1,
					"rtt":	151,
					"rttvar":	40,
					"pmtu":	9500,
					"omitted":	false,
					"sender":	true
				}],
			"sum":	{
				"start":	0,
				"end":	1.001049,
				"seconds":	1.0010490417480469,
				"bytes":	2621440,
				"bits_per_second":	20949543.054733079,
				"retransmits":	0,
				"omitted":	false,
				"sender":	true
			}
		}, {
			"streams":	[{
					"socket":	5,
					"start":	1.001049,
					"end":	2.001285,
					"seconds":	1.0002360343933105,
					"bytes":	2490368,
					"bits_per_second":	19918242.609689809,
					"retransmits":	0,
					"snd_cwnd":	151168,
					"snd_wnd":	-1,
					"rtt":	131,
					"rttvar":	41,
					"pmtu":	9500,
					"omitted":	false,
					"sender":	true
				}],
			"sum":	{
				"start":	1.001049,
				"end":	2.001285,
				"seconds":	1.0002360343933105,
				"bytes":	2490368,
				"bits_per_second":	19918242.609689809,
				"retransmits":	0,
				"omitted":	false,
				"sender":	true
			}
		}, {
			"streams":	[{
					"socket":	5,
					"start":	2.001285,
					"end":	3.001158,
					"seconds":	0.99987298250198364,
					"bytes":	2490368,
					"bits_per_second":	19925474.88396655,
					"retransmits":	0,
					"snd_cwnd":	151168,
					"snd_wnd":	-1,
					"rtt":	138,
					"rttvar":	55,
					"pmtu":	9500,
					"omitted":	false,
					"sender":	true
				}],
			"sum":	{
				"start":	2.001285,
				"end":	3.001158,
				"seconds":	0.99987298250198364,
				"bytes":	2490368,
				"bits_per_second":	19925474.88396655,
				"retransmits":	0,
				"omitted":	false,
				"sender":	true
			}
		}],
	"end":	{
		"streams":	[{
				"sender":	{
					"socket":	5,
					"start":	0,
					"end":	3.001158,
					"seconds":	3.001158,
					"bytes":	7602176,
					"bits_per_second":	20264647.179522038,
					"retransmits":	0,
					"max_snd_cwnd":	151168,
					"max_snd_wnd":	0,
					"max_rtt":	151,
					"min_rtt":	131,
					"mean_rtt":	140,
					"sender":	true
				},
				"receiver":	{
					"socket":	5,
					"start":	0,
					"end":	3.001309,
					"seconds":	3.001158,
					"bytes":	7602176,
					"bits_per_second":	20263627.637140993,
					"sender":	true
				}
			}],
		"sum_sent":	{
			"start":	0,
			"end":	3.001158,
			"seconds":	3.001158,
			"bytes":	7602176,
			"bits_per_second":	20264647.179522038,
			"retransmits":	0,
			"sender":	true
		},
		"sum_received":	{
			"start":	0,
			"end":	3.001309,
			"seconds":	3.001309,
			"bytes":	7602176,
			"bits_per_second":	20263627.637140993,
			"sender":	true
		},
		"cpu_utilization_percent":	{
			"host_total":	0.58323079884965967,
			"host_user":	0.0958616926949926,
			"host_system":	0.48736910615466711,
			"remote_total":	0.227997249239676,
			"remote_user":	0.00223232729783111,
			"remote_system":	0.22576492194184486
		},
		"sender_tcp_congestion":	"cubic",
		"receiver_tcp_congestion":	"cubic"
	}
}
