{
	"start":	{
		"connected":	[{
				"socket":	5,
				"local_host":	"192.168.1.2",
				"local_port":	38778,
				"remote_host":	"192.168.8.2",
				"remote_port":	5202
			}],
		"version":	"iperf 3.19.1",
		"system_info":	"Linux h1 6.6.87.2-microsoft-standard-WSL2 #1 SMP PREEMPT_DYNAMIC Thu Jun  5 18:30:46 UTC 2025 x86_64",
		"timestamp":	{
			"time":	"Mon, 06 Apr 2026 03:51:38 UTC",
			"timesecs":	1775447498
		},
		"connecting_to":	{
			"host":	"192.168.8.2",
			"port":	5202
		},
		"cookie":	"2gbyby42tillez2restnijq5n5dwbquqnzmo",
		"tcp_mss_default":	9448,
		"target_bitrate":	20000000,
		"fq_rate":	0,
		"sock_bufsize":	0,
		"sndbuf_actual":	16384,
		"rcvbuf_actual":	131072,
		"test_start":	{
			"protocol":	"TCP",
			"num_streams":	1,
			"blksize":	131072,
			"omit":	0,
			"duration":	3,
			"bytes":	0,
			"blocks":	0,
			"reverse":	0,
			"tos":	0,
			"target_bitrate":	20000000,
			"bidir":	0,
			"fqrate":	0,
			"interval":	1
		}
	},
	"intervals":	[{
			"streams":	[{
					"socket":	5,
					"start":	0,
					"end":	1.001119,
					"seconds":	1.0011190176010132,
					"bytes":	2621440,
					"bits_per_second":	20948078.731192388,
					"retransmits":	0,
					"snd_cwnd":	179512,
					"snd_wnd":	-1,
					"rtt":	263,
					"rttvar":	146,
					"pmtu":	9500,
					"omitted":	false,
					"sender":	true
				}],
			"sum":	{
				"start":	0,
				"end":	1.001119,
				"seconds":	1.0011190176010132,
				"bytes":	2621440,
				"bits_per_second":	20948078.731192388,
				"retransmits":	0,
				"omitted":	false,
				"sender":	true
			}
		}, {
			"streams":	[{
					"socket":	5,
					"start":	1.001119,
					"end":	2.001222,
					"seconds":	1.0001029968261719,
					"bytes":	2490368,
					"bits_per_second":	19920892.21132772,
					"retransmits":	0,
					"snd_cwnd":	179512,
					"snd_wnd":	-1,
					"rtt":	308,
					"rttvar":	197,
					"pmtu":	9500,
					"omitted":	false,
					"sender":	true
				}],
			"sum":	{
				"start":	1.001119,
				"end":	2.001222,
				"seconds":	1.0001029968261719,
				"bytes":	2490368,
				"bits_per_second":	19920892.21132772,
				"retransmits":	0,
				"omitted":	false,
				"sender":	true
			}
		}, {
			"streams":	[{
					"socket":	5,
					"start":	2.001222,
					"end":	3.001348,
					"seconds":	1.0001260042190552,
					"bytes":	2490368,
					"bits_per_second":	19920433.941277988,
					"retransmits":	0,
					"snd_cwnd":	179512,
					"snd_wnd":	-1,
					"rtt":	276,
					"rttvar":	136,
					"pmtu":	9500,
					"omitted":	false,
					"sender":	true
				}],
			"sum":	{
				"start":	2.001222,
				"end":	3.001348,
				"seconds":	1.0001260042190552,
				"bytes":	2490368,
				"bits_per_second":	19920433.941277988,
				"retransmits":	0,
				"omitted":	false,
				"sender":	true
			}
		}],
	"end":	{
		"streams":	[{
				"sender":	{
					"socket":	5,
					"start":	0,
					"end":	3.001348,
					"seconds":	3.001348,
					"bytes":	7602176,
					"bits_per_second":	20263364.328295153,
					"retransmits":	0,
					"max_snd_cwnd":	179512,
					"max_snd_wnd":	0,
					"max_rtt":	308,
					"min_rtt":	263,
					"mean_rtt":	282,
					"sender":	true
				},
				"receiver":	{
					"socket":	5,
					"start":	0,
					"end":	3.001666,
					"seconds":	3.001348,
					"bytes":	7602176,
					"bits_per_second":	20261217.603824008,
					"sender":	true
				}
			}],
		"sum_sent":	{
			"start":	0,
			"end":	3.001348,
			"seconds":	3.001348,
			"bytes":	7602176,
			"bits_per_second":	20263364.328295153,
			"retransmits":	0,
			"sender":	true
		},
		"sum_received":	{
			"start":	0,
			"end":	3.001666,
			"seconds":	3.001666,
			"bytes":	7602176,
			"bits_per_second":	20261217.603824008,
			"sender":	true
		},
		"cpu_utilization_percent":	{
			"host_total":	1.3263146256600435,
			"host_user":	0,
			"host_system":	1.3266476446234754,
			"remote_total":	0.456433138758206,
			"remote_user":	0.061697261001401174,
			"remote_system":	0.39473587775680485
		},
		"sender_tcp_congestion":	"cubic",
		"receiver_tcp_congestion":	"cubic"
	}
}
