{
	"start":	{
		"connected":	[{
				"socket":	5,
				"local_host":	"192.168.1.2",
				"local_port":	48088,
				"remote_host":	"192.168.8.2",
				"remote_port":	5204
			}],
		"version":	"iperf 3.19.1",
		"system_info":	"Linux h1 6.6.87.2-microsoft-standard-WSL2 #1 SMP PREEMPT_DYNAMIC Thu Jun  5 18:30:46 UTC 2025 x86_64",
		"timestamp":	{
			"time":	"Mon, 06 Apr 2026 03:59:46 UTC",
			"timesecs":	1775447986
		},
		"connecting_to":	{
			"host":	"192.168.8.2",
			"port":	5204
		},
		"cookie":	"y54cpwhubcdv4ra4jjyyfurz3tvfs2ub2t6e",
		"tcp_mss_default":	9448,
		"target_bitrate":	20000000,
		"fq_rate":	0,
		"sock_bufsize":	0,
		"sndbuf_actual":	16384,
		"rcvbuf_actual":	131072,
		"test_start":	{
			"protocol":	"TCP",
			"num_streams":	1,
			"blksize":	131072,
			"omit":	0,
			"duration":	3,
			"bytes":	0,
			"blocks":	0,
			"reverse":	0,
			"tos":	0,
			"target_bitrate":	20000000,
			"bidir":	0,
			"fqrate":	0,
			"interval":	1
		}
	},
	"intervals":	[{
			"streams":	[{
					"socket":	5,
					"start":	0,
					"end":	1.000852,
					"seconds":	1.0008519887924194,
					"bytes":	2621440,
					"bits_per_second":	20953667.709951039,
					"retransmits":	0,
					"snd_cwnd":	359024,
					"snd_wnd":	-1,
					"rtt":	141,
					"rttvar":	84,
					"pmtu":	9500,
					"omitted":	false,
					"sender":	true
				}],
			"sum":	{
				"start":	0,
				"end":	1.000852,
				"seconds":	1.0008519887924194,
				"bytes":	2621440,
				"bits_per_second":	20953667.709951039,
				"retransmits":	0,
				"omitted":	false,
				"sender":	true
			}
		}, {
			"streams":	[{
					"socket":	5,
					"start":	1.000852,
					"end":	2.000191,
					"seconds":	0.999338984489441,
					"bytes":	2490368,
					"bits_per_second":	19936122.085919194,
					"retransmits":	0,
					"snd_cwnd":	359024,
					"snd_wnd":	-1,
					"rtt":	238,
					"rttvar":	143,
					"pmtu":	9500,
					"omitted":	false,
					"sender":	true
				}],
			"sum":	{
				"start":	1.000852,
				"end":	2.000191,
				"seconds":	0.999338984489441,
				"bytes":	2490368,
				"bits_per_second":	19936122.085919194,
				"retransmits":	0,
				"omitted":	false,
				"sender":	true
			}
		}, {
			"streams":	[{
					"socket":	5,
					"start":	2.000191,
					"end":	3.001241,
					"seconds":	1.0010499954223633,
					"bytes":	2490368,
					"bits_per_second":	19902046.941815436,
					"retransmits":	0,
					"snd_cwnd":	359024,
					"snd_wnd":	-1,
					"rtt":	201,
					"rttvar":	130,
					"pmtu":	9500,
					"omitted":	false,
					"sender":	true
				}],
			"sum":	{
				"start":	2.000191,
				"end":	3.001241,
				"seconds":	1.0010499954223633,
				"bytes":	2490368,
				"bits_per_second":	19902046.941815436,
				"retransmits":	0,
				"omitted":	false,
				"sender":	true
			}
		}],
	"end":	{
		"streams":	[{
				"sender":	{
					"socket":	5,
					"start":	0,
					"end":	3.001241,
					"seconds":	3.001241,
					"bytes":	7602176,
					"bits_per_second":	20264086.75611189,
					"retransmits":	0,
					"max_snd_cwnd":	359024,
					"max_snd_wnd":	0,
					"max_rtt":	238,
					"min_rtt":	141,
					"mean_rtt":	193,
					"sender":	true
				},
				"receiver":	{
					"socket":	5,
					"start":	0,
					"end":	3.001408,
					"seconds":	3.001241,
					"bytes":	7602176,
					"bits_per_second":	20262959.251124807,
					"sender":	true
				}
			}],
		"sum_sent":	{
			"start":	0,
			"end":	3.001241,
			"seconds":	3.001241,
			"bytes":	7602176,
			"bits_per_second":	20264086.75611189,
			"retransmits":	0,
			"sender":	true
		},
		"sum_received":	{
			"start":	0,
			"end":	3.001408,
			"seconds":	3.001408,
			"bytes":	7602176,
			"bits_per_second":	20262959.251124807,
			"sender":	true
		},
		"cpu_utilization_percent":	{
			"host_total":	0.864807624426403,
			"host_user":	0,
			"host_system":	0.864807624426403,
			"remote_total":	0.32097552036915183,
			"remote_user":	0.058771104207098177,
			"remote_system":	0.26210446530455855
		},
		"sender_tcp_congestion":	"cubic",
		"receiver_tcp_congestion":	"cubic"
	}
}
