{
	"start":	{
		"connected":	[{
				"socket":	5,
				"local_host":	"192.168.1.2",
				"local_port":	35678,
				"remote_host":	"192.168.8.2",
				"remote_port":	5203
			}],
		"version":	"iperf 3.19.1",
		"system_info":	"Linux h1 6.6.87.2-microsoft-standard-WSL2 #1 SMP PREEMPT_DYNAMIC Thu Jun  5 18:30:46 UTC 2025 x86_64",
		"timestamp":	{
			"time":	"Mon, 06 Apr 2026 03:53:05 UTC",
			"timesecs":	1775447585
		},
		"connecting_to":	{
			"host":	"192.168.8.2",
			"port":	5203
		},
		"cookie":	"3znvbb2ym5ncqdzipx4jiurgt5d6c664vguu",
		"tcp_mss_default":	9448,
		"target_bitrate":	20000000,
		"fq_rate":	0,
		"sock_bufsize":	0,
		"sndbuf_actual":	16384,
		"rcvbuf_actual":	131072,
		"test_start":	{
			"protocol":	"TCP",
			"num_streams":	1,
			"blksize":	131072,
			"omit":	0,
			"duration":	3,
			"bytes":	0,
			"blocks":	0,
			"reverse":	0,
			"tos":	0,
			"target_bitrate":	20000000,
			"bidir":	0,
			"fqrate":	0,
			"interval":	1
		}
	},
	"intervals":	[{
			"streams":	[{
					"socket":	5,
					"start":	0,
					"end":	1.001194,
					"seconds":	1.0011940002441406,
					"bytes":	2621440,
					"bits_per_second":	20946509.862110745,
					"retransmits":	0,
					"snd_cwnd":	226752,
					"snd_wnd":	-1,
					"rtt":	255,
					"rttvar":	123,
					"pmtu":	9500,
					"omitted":	false,
					"sender":	true
				}],
			"sum":	{
				"start":	0,
				"end":	1.001194,
				"seconds":	1.0011940002441406,
				"bytes":	2621440,
				"bits_per_second":	20946509.862110745,
				"retransmits":	0,
				"omitted":	false,
				"sender":	true
			}
		}, {
			"streams":	[{
					"socket":	5,
					"start":	1.001194,
					"end":	2.001077,
					"seconds":	0.999882996082306,
					"bytes":	2490368,
					"bits_per_second":	19925275.335275359,
					"retransmits":	0,
					"snd_cwnd":	226752,
					"snd_wnd":	-1,
					"rtt":	203,
					"rttvar":	80,
					"pmtu":	9500,
					"omitted":	false,
					"sender":	true
				}],
			"sum":	{
				"start":	1.001194,
				"end":	2.001077,
				"seconds":	0.999882996082306,
				"bytes":	2490368,
				"bits_per_second":	19925275.335275359,
				"retransmits":	0,
				"omitted":	false,
				"sender":	true
			}
		}, {
			"streams":	[{
					"socket":	5,
					"start":	2.001077,
					"end":	3.001335,
					"seconds":	1.0002579689025879,
					"bytes":	2490368,
					"bits_per_second":	19917805.825489242,
					"retransmits":	0,
					"snd_cwnd":	226752,
					"snd_wnd":	-1,
					"rtt":	200,
					"rttvar":	83,
					"pmtu":	9500,
					"omitted":	false,
					"sender":	true
				}],
			"sum":	{
				"start":	2.001077,
				"end":	3.001335,
				"seconds":	1.0002579689025879,
				"bytes":	2490368,
				"bits_per_second":	19917805.825489242,
				"retransmits":	0,
				"omitted":	false,
				"sender":	true
			}
		}],
	"end":	{
		"streams":	[{
				"sender":	{
					"socket":	5,
					"start":	0,
					"end":	3.001335,
					"seconds":	3.001335,
					"bytes":	7602176,
					"bits_per_second":	20263452.0971501,
					"retransmits":	0,
					"max_snd_cwnd":	226752,
					"max_snd_wnd":	0,
					"max_rtt":	255,
					"min_rtt":	200,
					"mean_rtt":	219,
					"sender":	true
				},
				"receiver":	{
					"socket":	5,
					"start":	0,
					"end":	3.001532,
					"seconds":	3.001335,
					"bytes":	7602176,
					"bits_per_second":	20262122.142959,
					"sender":	true
				}
			}],
		"sum_sent":	{
			"start":	0,
			"end":	3.001335,
			"seconds":	3.001335,
			"bytes":	7602176,
			"bits_per_second":	20263452.0971501,
			"retransmits":	0,
			"sender":	true
		},
		"sum_received":	{
			"start":	0,
			"end":	3.001532,
			"seconds":	3.001532,
			"bytes":	7602176,
			"bits_per_second":	20262122.142959,
			"sender":	true
		},
		"cpu_utilization_percent":	{
			"host_total":	1.00874147127838,
			"host_user":	0,
			"host_system":	1.0087081640911884,
			"remote_total":	0.33445752016356739,
			"remote_user":	0.017457489846170862,
			"remote_system":	0.31700003031739649
		},
		"sender_tcp_congestion":	"cubic",
		"receiver_tcp_congestion":	"cubic"
	}
}
