{
	"start":	{
		"connected":	[{
				"socket":	5,
				"local_host":	"192.168.1.2",
				"local_port":	56148,
				"remote_host":	"192.168.8.2",
				"remote_port":	5202
			}],
		"version":	"iperf 3.19.1",
		"system_info":	"Linux h1 6.6.87.2-microsoft-standard-WSL2 #1 SMP PREEMPT_DYNAMIC Thu Jun  5 18:30:46 UTC 2025 x86_64",
		"timestamp":	{
			"time":	"Mon, 06 Apr 2026 04:08:25 UTC",
			"timesecs":	1775448505
		},
		"connecting_to":	{
			"host":	"192.168.8.2",
			"port":	5202
		},
		"cookie":	"353fr7b4irvivmu672lcfuk6qs2hp5qq55ij",
		"tcp_mss_default":	9448,
		"target_bitrate":	20000000,
		"fq_rate":	0,
		"sock_bufsize":	0,
		"sndbuf_actual":	16384,
		"rcvbuf_actual":	131072,
		"test_start":	{
			"protocol":	"TCP",
			"num_streams":	1,
			"blksize":	131072,
			"omit":	0,
			"duration":	3,
			"bytes":	0,
			"blocks":	0,
			"reverse":	0,
			"tos":	0,
			"target_bitrate":	20000000,
			"bidir":	0,
			"fqrate":	0,
			"interval":	1
		}
	},
	"intervals":	[{
			"streams":	[{
					"socket":	5,
					"start":	0,
					"end":	1.001045,
					"seconds":	1.0010449886322021,
					"bytes":	2621440,
					"bits_per_second":	20949627.877019648,
					"retransmits":	0,
					"snd_cwnd":	264544,
					"snd_wnd":	-1,
					"rtt":	131,
					"rttvar":	47,
					"pmtu":	9500,
					"omitted":	false,
					"sender":	true
				}],
			"sum":	{
				"start":	0,
				"end":	1.001045,
				"seconds":	1.0010449886322021,
				"bytes":	2621440,
				"bits_per_second":	20949627.877019648,
				"retransmits":	0,
				"omitted":	false,
				"sender":	true
			}
		}, {
			"streams":	[{
					"socket":	5,
					"start":	1.001045,
					"end":	2.000325,
					"seconds":	0.99927997589111328,
					"bytes":	2490368,
					"bits_per_second":	19937299.336188145,
					"retransmits":	0,
					"snd_cwnd":	264544,
					"snd_wnd":	-1,
					"rtt":	151,
					"rttvar":	65,
					"pmtu":	9500,
					"omitted":	false,
					"sender":	true
				}],
			"sum":	{
				"start":	1.001045,
				"end":	2.000325,
				"seconds":	0.99927997589111328,
				"bytes":	2490368,
				"bits_per_second":	19937299.336188145,
				"retransmits":	0,
				"omitted":	false,
				"sender":	true
			}
		}, {
			"streams":	[{
					"socket":	5,
					"start":	2.000325,
					"end":	3.00147,
					"seconds":	1.0011450052261353,
					"bytes":	2490368,
					"bits_per_second":	19900158.214843087,
					"retransmits":	0,
					"snd_cwnd":	264544,
					"snd_wnd":	-1,
					"rtt":	202,
					"rttvar":	202,
					"pmtu":	9500,
					"omitted":	false,
					"sender":	true
				}],
			"sum":	{
				"start":	2.000325,
				"end":	3.00147,
				"seconds":	1.0011450052261353,
				"bytes":	2490368,
				"bits_per_second":	19900158.214843087,
				"retransmits":	0,
				"omitted":	false,
				"sender":	true
			}
		}],
	"end":	{
		"streams":	[{
				"sender":	{
					"socket":	5,
					"start":	0,
					"end":	3.00147,
					"seconds":	3.00147,
					"bytes":	7602176,
					"bits_per_second":	20262540.688396022,
					"retransmits":	0,
					"max_snd_cwnd":	264544,
					"max_snd_wnd":	0,
					"max_rtt":	202,
					"min_rtt":	131,
					"mean_rtt":	161,
					"sender":	true
				},
				"receiver":	{
					"socket":	5,
					"start":	0,
					"end":	3.001643,
					"seconds":	3.00147,
					"bytes":	7602176,
					"bits_per_second":	20261372.854799856,
					"sender":	true
				}
			}],
		"sum_sent":	{
			"start":	0,
			"end":	3.00147,
			"seconds":	3.00147,
			"bytes":	7602176,
			"bits_per_second":	20262540.688396022,
			"retransmits":	0,
			"sender":	true
		},
		"sum_received":	{
			"start":	0,
			"end":	3.001643,
			"seconds":	3.001643,
			"bytes":	7602176,
			"bits_per_second":	20261372.854799856,
			"sender":	true
		},
		"cpu_utilization_percent":	{
			"host_total":	0.59639604534168633,
			"host_user":	0,
			"host_system":	0.59639604534168633,
			"remote_total":	0.20225306786021852,
			"remote_user":	0,
			"remote_system":	0.20225306786021852
		},
		"sender_tcp_congestion":	"cubic",
		"receiver_tcp_congestion":	"cubic"
	}
}
