{
	"start":	{
		"connected":	[{
				"socket":	5,
				"local_host":	"192.168.1.2",
				"local_port":	46444,
				"remote_host":	"192.168.8.2",
				"remote_port":	5202
			}],
		"version":	"iperf 3.19.1",
		"system_info":	"Linux h1 6.6.87.2-microsoft-standard-WSL2 #1 SMP PREEMPT_DYNAMIC Thu Jun  5 18:30:46 UTC 2025 x86_64",
		"timestamp":	{
			"time":	"Mon, 06 Apr 2026 04:01:29 UTC",
			"timesecs":	1775448089
		},
		"connecting_to":	{
			"host":	"192.168.8.2",
			"port":	5202
		},
		"cookie":	"v3ljaqnaf44qs56hikb6gvcoreuv4uz5odtv",
		"tcp_mss_default":	9448,
		"target_bitrate":	20000000,
		"fq_rate":	0,
		"sock_bufsize":	0,
		"sndbuf_actual":	16384,
		"rcvbuf_actual":	131072,
		"test_start":	{
			"protocol":	"TCP",
			"num_streams":	1,
			"blksize":	131072,
			"omit":	0,
			"duration":	3,
			"bytes":	0,
			"blocks":	0,
			"reverse":	0,
			"tos":	0,
			"target_bitrate":	20000000,
			"bidir":	0,
			"fqrate":	0,
			"interval":	1
		}
	},
	"intervals":	[{
			"streams":	[{
					"socket":	5,
					"start":	0,
					"end":	1.001224,
					"seconds":	1.0012240409851074,
					"bytes":	2621440,
					"bits_per_second":	20945881.382718354,
					"retransmits":	0,
					"snd_cwnd":	217304,
					"snd_wnd":	-1,
					"rtt":	171,
					"rttvar":	62,
					"pmtu":	9500,
					"omitted":	false,
					"sender":	true
				}],
			"sum":	{
				"start":	0,
				"end":	1.001224,
				"seconds":	1.0012240409851074,
				"bytes":	2621440,
				"bits_per_second":	20945881.382718354,
				"retransmits":	0,
				"omitted":	false,
				"sender":	true
			}
		}, {
			"streams":	[{
					"socket":	5,
					"start":	1.001224,
					"end":	2.001085,
					"seconds":	0.99986100196838379,
					"bytes":	2490368,
					"bits_per_second":	19925713.634973809,
					"retransmits":	0,
					"snd_cwnd":	217304,
					"snd_wnd":	-1,
					"rtt":	125,
					"rttvar":	70,
					"pmtu":	9500,
					"omitted":	false,
					"sender":	true
				}],
			"sum":	{
				"start":	1.001224,
				"end":	2.001085,
				"seconds":	0.99986100196838379,
				"bytes":	2490368,
				"bits_per_second":	19925713.634973809,
				"retransmits":	0,
				"omitted":	false,
				"sender":	true
			}
		}, {
			"streams":	[{
					"socket":	5,
					"start":	2.001085,
					"end":	3.001285,
					"seconds":	1.0002000331878662,
					"bytes":	2490368,
					"bits_per_second":	19918959.547022831,
					"retransmits":	0,
					"snd_cwnd":	217304,
					"snd_wnd":	-1,
					"rtt":	137,
					"rttvar":	65,
					"pmtu":	9500,
					"omitted":	false,
					"sender":	true
				}],
			"sum":	{
				"start":	2.001085,
				"end":	3.001285,
				"seconds":	1.0002000331878662,
				"bytes":	2490368,
				"bits_per_second":	19918959.547022831,
				"retransmits":	0,
				"omitted":	false,
				"sender":	true
			}
		}],
	"end":	{
		"streams":	[{
				"sender":	{
					"socket":	5,
					"start":	0,
					"end":	3.001285,
					"seconds":	3.001285,
					"bytes":	7602176,
					"bits_per_second":	20263789.676755123,
					"retransmits":	0,
					"max_snd_cwnd":	217304,
					"max_snd_wnd":	0,
					"max_rtt":	171,
					"min_rtt":	125,
					"mean_rtt":	144,
					"sender":	true
				},
				"receiver":	{
					"socket":	5,
					"start":	0,
					"end":	3.001458,
					"seconds":	3.001285,
					"bytes":	7602176,
					"bits_per_second":	20262621.699187528,
					"sender":	true
				}
			}],
		"sum_sent":	{
			"start":	0,
			"end":	3.001285,
			"seconds":	3.001285,
			"bytes":	7602176,
			"bits_per_second":	20263789.676755123,
			"retransmits":	0,
			"sender":	true
		},
		"sum_received":	{
			"start":	0,
			"end":	3.001458,
			"seconds":	3.001458,
			"bytes":	7602176,
			"bits_per_second":	20262621.699187528,
			"sender":	true
		},
		"cpu_utilization_percent":	{
			"host_total":	0.587776539021489,
			"host_user":	0.025940622281895642,
			"host_system":	0.56180261683936,
			"remote_total":	0.19716637470406723,
			"remote_user":	0,
			"remote_system":	0.19716637470406723
		},
		"sender_tcp_congestion":	"cubic",
		"receiver_tcp_congestion":	"cubic"
	}
}
