{
	"start":	{
		"connected":	[{
				"socket":	5,
				"local_host":	"192.168.1.2",
				"local_port":	39728,
				"remote_host":	"192.168.8.2",
				"remote_port":	5203
			}],
		"version":	"iperf 3.19.1",
		"system_info":	"Linux h1 6.6.87.2-microsoft-standard-WSL2 #1 SMP PREEMPT_DYNAMIC Thu Jun  5 18:30:46 UTC 2025 x86_64",
		"timestamp":	{
			"time":	"Mon, 06 Apr 2026 03:45:13 UTC",
			"timesecs":	1775447113
		},
		"connecting_to":	{
			"host":	"192.168.8.2",
			"port":	5203
		},
		"cookie":	"jsf2cx3kxp55bvsnnblrfjlrntoh7cmtfzyu",
		"tcp_mss_default":	9448,
		"target_bitrate":	20000000,
		"fq_rate":	0,
		"sock_bufsize":	0,
		"sndbuf_actual":	16384,
		"rcvbuf_actual":	131072,
		"test_start":	{
			"protocol":	"TCP",
			"num_streams":	1,
			"blksize":	131072,
			"omit":	0,
			"duration":	3,
			"bytes":	0,
			"blocks":	0,
			"reverse":	0,
			"tos":	0,
			"target_bitrate":	20000000,
			"bidir":	0,
			"fqrate":	0,
			"interval":	1
		}
	},
	"intervals":	[{
			"streams":	[{
					"socket":	5,
					"start":	0,
					"end":	1.001092,
					"seconds":	1.0010919570922852,
					"bytes":	2621440,
					"bits_per_second":	20948644.978541918,
					"retransmits":	0,
					"snd_cwnd":	207856,
					"snd_wnd":	-1,
					"rtt":	295,
					"rttvar":	197,
					"pmtu":	9500,
					"omitted":	false,
					"sender":	true
				}],
			"sum":	{
				"start":	0,
				"end":	1.001092,
				"seconds":	1.0010919570922852,
				"bytes":	2621440,
				"bits_per_second":	20948644.978541918,
				"retransmits":	0,
				"omitted":	false,
				"sender":	true
			}
		}, {
			"streams":	[{
					"socket":	5,
					"start":	1.001092,
					"end":	2.001083,
					"seconds":	0.999990999698639,
					"bytes":	2490368,
					"bits_per_second":	19923123.314113881,
					"retransmits":	0,
					"snd_cwnd":	207856,
					"snd_wnd":	-1,
					"rtt":	294,
					"rttvar":	132,
					"pmtu":	9500,
					"omitted":	false,
					"sender":	true
				}],
			"sum":	{
				"start":	1.001092,
				"end":	2.001083,
				"seconds":	0.999990999698639,
				"bytes":	2490368,
				"bits_per_second":	19923123.314113881,
				"retransmits":	0,
				"omitted":	false,
				"sender":	true
			}
		}, {
			"streams":	[{
					"socket":	5,
					"start":	2.001083,
					"end":	3.001363,
					"seconds":	1.0002800226211548,
					"bytes":	2490368,
					"bits_per_second":	19917366.68677387,
					"retransmits":	0,
					"snd_cwnd":	207856,
					"snd_wnd":	-1,
					"rtt":	329,
					"rttvar":	243,
					"pmtu":	9500,
					"omitted":	false,
					"sender":	true
				}],
			"sum":	{
				"start":	2.001083,
				"end":	3.001363,
				"seconds":	1.0002800226211548,
				"bytes":	2490368,
				"bits_per_second":	19917366.68677387,
				"retransmits":	0,
				"omitted":	false,
				"sender":	true
			}
		}],
	"end":	{
		"streams":	[{
				"sender":	{
					"socket":	5,
					"start":	0,
					"end":	3.001363,
					"seconds":	3.001363,
					"bytes":	7602176,
					"bits_per_second":	20263263.057484217,
					"retransmits":	0,
					"max_snd_cwnd":	207856,
					"max_snd_wnd":	0,
					"max_rtt":	329,
					"min_rtt":	294,
					"mean_rtt":	306,
					"sender":	true
				},
				"receiver":	{
					"socket":	5,
					"start":	0,
					"end":	3.001537,
					"seconds":	3.001363,
					"bytes":	7602176,
					"bits_per_second":	20262088.390048165,
					"sender":	true
				}
			}],
		"sum_sent":	{
			"start":	0,
			"end":	3.001363,
			"seconds":	3.001363,
			"bytes":	7602176,
			"bits_per_second":	20263263.057484217,
			"retransmits":	0,
			"sender":	true
		},
		"sum_received":	{
			"start":	0,
			"end":	3.001537,
			"seconds":	3.001537,
			"bytes":	7602176,
			"bits_per_second":	20262088.390048165,
			"sender":	true
		},
		"cpu_utilization_percent":	{
			"host_total":	1.2591974664195693,
			"host_user":	0.10932892421071211,
			"host_system":	1.149901843739229,
			"remote_total":	0.44429844755405978,
			"remote_user":	0.017590700383064154,
			"remote_system":	0.426741062891418
		},
		"sender_tcp_congestion":	"cubic",
		"receiver_tcp_congestion":	"cubic"
	}
}
