{
	"start":	{
		"connected":	[{
				"socket":	5,
				"local_host":	"192.168.1.2",
				"local_port":	39406,
				"remote_host":	"192.168.8.2",
				"remote_port":	5202
			}],
		"version":	"iperf 3.19.1",
		"system_info":	"Linux h1 6.6.87.2-microsoft-standard-WSL2 #1 SMP PREEMPT_DYNAMIC Thu Jun  5 18:30:46 UTC 2025 x86_64",
		"timestamp":	{
			"time":	"Mon, 06 Apr 2026 03:51:46 UTC",
			"timesecs":	1775447506
		},
		"connecting_to":	{
			"host":	"192.168.8.2",
			"port":	5202
		},
		"cookie":	"sdhtbnb5jpqtvjnnw5n2cmchjn6wtklqupz7",
		"tcp_mss_default":	9448,
		"target_bitrate":	20000000,
		"fq_rate":	0,
		"sock_bufsize":	0,
		"sndbuf_actual":	16384,
		"rcvbuf_actual":	131072,
		"test_start":	{
			"protocol":	"TCP",
			"num_streams":	1,
			"blksize":	131072,
			"omit":	0,
			"duration":	3,
			"bytes":	0,
			"blocks":	0,
			"reverse":	0,
			"tos":	0,
			"target_bitrate":	20000000,
			"bidir":	0,
			"fqrate":	0,
			"interval":	1
		}
	},
	"intervals":	[{
			"streams":	[{
					"socket":	5,
					"start":	0,
					"end":	1.001106,
					"seconds":	1.0011060237884521,
					"bytes":	2621440,
					"bits_per_second":	20948350.625878941,
					"retransmits":	0,
					"snd_cwnd":	330680,
					"snd_wnd":	-1,
					"rtt":	339,
					"rttvar":	147,
					"pmtu":	9500,
					"omitted":	false,
					"sender":	true
				}],
			"sum":	{
				"start":	0,
				"end":	1.001106,
				"seconds":	1.0011060237884521,
				"bytes":	2621440,
				"bits_per_second":	20948350.625878941,
				"retransmits":	0,
				"omitted":	false,
				"sender":	true
			}
		}, {
			"streams":	[{
					"socket":	5,
					"start":	1.001106,
					"end":	2.001097,
					"seconds":	0.999990999698639,
					"bytes":	2490368,
					"bits_per_second":	19923123.314113881,
					"retransmits":	0,
					"snd_cwnd":	330680,
					"snd_wnd":	-1,
					"rtt":	258,
					"rttvar":	174,
					"pmtu":	9500,
					"omitted":	false,
					"sender":	true
				}],
			"sum":	{
				"start":	1.001106,
				"end":	2.001097,
				"seconds":	0.999990999698639,
				"bytes":	2490368,
				"bits_per_second":	19923123.314113881,
				"retransmits":	0,
				"omitted":	false,
				"sender":	true
			}
		}, {
			"streams":	[{
					"socket":	5,
					"start":	2.001097,
					"end":	3.001263,
					"seconds":	1.0001660585403442,
					"bytes":	2490368,
					"bits_per_second":	19919636.17429271,
					"retransmits":	0,
					"snd_cwnd":	330680,
					"snd_wnd":	-1,
					"rtt":	232,
					"rttvar":	145,
					"pmtu":	9500,
					"omitted":	false,
					"sender":	true
				}],
			"sum":	{
				"start":	2.001097,
				"end":	3.001263,
				"seconds":	1.0001660585403442,
				"bytes":	2490368,
				"bits_per_second":	19919636.17429271,
				"retransmits":	0,
				"omitted":	false,
				"sender":	true
			}
		}],
	"end":	{
		"streams":	[{
				"sender":	{
					"socket":	5,
					"start":	0,
					"end":	3.001263,
					"seconds":	3.001263,
					"bytes":	7602176,
					"bits_per_second":	20263938.215344675,
					"retransmits":	0,
					"max_snd_cwnd":	330680,
					"max_snd_wnd":	0,
					"max_rtt":	339,
					"min_rtt":	232,
					"mean_rtt":	276,
					"sender":	true
				},
				"receiver":	{
					"socket":	5,
					"start":	0,
					"end":	3.001431,
					"seconds":	3.001263,
					"bytes":	7602176,
					"bits_per_second":	20262803.975836858,
					"sender":	true
				}
			}],
		"sum_sent":	{
			"start":	0,
			"end":	3.001263,
			"seconds":	3.001263,
			"bytes":	7602176,
			"bits_per_second":	20263938.215344675,
			"retransmits":	0,
			"sender":	true
		},
		"sum_received":	{
			"start":	0,
			"end":	3.001431,
			"seconds":	3.001431,
			"bytes":	7602176,
			"bits_per_second":	20262803.975836858,
			"sender":	true
		},
		"cpu_utilization_percent":	{
			"host_total":	1.2173373936773437,
			"host_user":	0,
			"host_system":	1.2173373936773437,
			"remote_total":	0.52983737727333147,
			"remote_user":	0,
			"remote_system":	0.52983737727333147
		},
		"sender_tcp_congestion":	"cubic",
		"receiver_tcp_congestion":	"cubic"
	}
}
