{
	"start":	{
		"connected":	[{
				"socket":	5,
				"local_host":	"192.168.1.2",
				"local_port":	50854,
				"remote_host":	"192.168.8.2",
				"remote_port":	5203
			}],
		"version":	"iperf 3.19.1",
		"system_info":	"Linux h1 6.6.87.2-microsoft-standard-WSL2 #1 SMP PREEMPT_DYNAMIC Thu Jun  5 18:30:46 UTC 2025 x86_64",
		"timestamp":	{
			"time":	"Mon, 06 Apr 2026 03:57:33 UTC",
			"timesecs":	1775447853
		},
		"connecting_to":	{
			"host":	"192.168.8.2",
			"port":	5203
		},
		"cookie":	"ymk6qrgtvnbryxp4o2glu7kuwetwdqwsd554",
		"tcp_mss_default":	9448,
		"target_bitrate":	20000000,
		"fq_rate":	0,
		"sock_bufsize":	0,
		"sndbuf_actual":	16384,
		"rcvbuf_actual":	131072,
		"test_start":	{
			"protocol":	"TCP",
			"num_streams":	1,
			"blksize":	131072,
			"omit":	0,
			"duration":	3,
			"bytes":	0,
			"blocks":	0,
			"reverse":	0,
			"tos":	0,
			"target_bitrate":	20000000,
			"bidir":	0,
			"fqrate":	0,
			"interval":	1
		}
	},
	"intervals":	[{
			"streams":	[{
					"socket":	5,
					"start":	0,
					"end":	1.001107,
					"seconds":	1.0011069774627686,
					"bytes":	2621440,
					"bits_per_second":	20948330.670065615,
					"retransmits":	0,
					"snd_cwnd":	321232,
					"snd_wnd":	-1,
					"rtt":	198,
					"rttvar":	101,
					"pmtu":	9500,
					"omitted":	false,
					"sender":	true
				}],
			"sum":	{
				"start":	0,
				"end":	1.001107,
				"seconds":	1.0011069774627686,
				"bytes":	2621440,
				"bits_per_second":	20948330.670065615,
				"retransmits":	0,
				"omitted":	false,
				"sender":	true
			}
		}, {
			"streams":	[{
					"socket":	5,
					"start":	1.001107,
					"end":	2.001094,
					"seconds":	0.999987006187439,
					"bytes":	2490368,
					"bits_per_second":	19923202.878363818,
					"retransmits":	0,
					"snd_cwnd":	321232,
					"snd_wnd":	-1,
					"rtt":	214,
					"rttvar":	84,
					"pmtu":	9500,
					"omitted":	false,
					"sender":	true
				}],
			"sum":	{
				"start":	1.001107,
				"end":	2.001094,
				"seconds":	0.999987006187439,
				"bytes":	2490368,
				"bits_per_second":	19923202.878363818,
				"retransmits":	0,
				"omitted":	false,
				"sender":	true
			}
		}, {
			"streams":	[{
					"socket":	5,
					"start":	2.001094,
					"end":	3.001247,
					"seconds":	1.0001529455184937,
					"bytes":	2490368,
					"bits_per_second":	19919897.340972845,
					"retransmits":	0,
					"snd_cwnd":	321232,
					"snd_wnd":	-1,
					"rtt":	163,
					"rttvar":	77,
					"pmtu":	9500,
					"omitted":	false,
					"sender":	true
				}],
			"sum":	{
				"start":	2.001094,
				"end":	3.001247,
				"seconds":	1.0001529455184937,
				"bytes":	2490368,
				"bits_per_second":	19919897.340972845,
				"retransmits":	0,
				"omitted":	false,
				"sender":	true
			}
		}],
	"end":	{
		"streams":	[{
				"sender":	{
					"socket":	5,
					"start":	0,
					"end":	3.001247,
					"seconds":	3.001247,
					"bytes":	7602176,
					"bits_per_second":	20264046.244777586,
					"retransmits":	0,
					"max_snd_cwnd":	321232,
					"max_snd_wnd":	0,
					"max_rtt":	214,
					"min_rtt":	163,
					"mean_rtt":	191,
					"sender":	true
				},
				"receiver":	{
					"socket":	5,
					"start":	0,
					"end":	3.001519,
					"seconds":	3.001247,
					"bytes":	7602176,
					"bits_per_second":	20262209.901053432,
					"sender":	true
				}
			}],
		"sum_sent":	{
			"start":	0,
			"end":	3.001247,
			"seconds":	3.001247,
			"bytes":	7602176,
			"bits_per_second":	20264046.244777586,
			"retransmits":	0,
			"sender":	true
		},
		"sum_received":	{
			"start":	0,
			"end":	3.001519,
			"seconds":	3.001519,
			"bytes":	7602176,
			"bits_per_second":	20262209.901053432,
			"sender":	true
		},
		"cpu_utilization_percent":	{
			"host_total":	0.8976754548236735,
			"host_user":	0.0078591559333130636,
			"host_system":	0.8898162988903604,
			"remote_total":	0.29660976010357187,
			"remote_user":	0,
			"remote_system":	0.29657644439424879
		},
		"sender_tcp_congestion":	"cubic",
		"receiver_tcp_congestion":	"cubic"
	}
}
