{
	"start":	{
		"connected":	[{
				"socket":	5,
				"local_host":	"192.168.1.2",
				"local_port":	38984,
				"remote_host":	"192.168.8.2",
				"remote_port":	5203
			}],
		"version":	"iperf 3.19.1",
		"system_info":	"Linux h1 6.6.87.2-microsoft-standard-WSL2 #1 SMP PREEMPT_DYNAMIC Thu Jun  5 18:30:46 UTC 2025 x86_64",
		"timestamp":	{
			"time":	"Mon, 06 Apr 2026 04:09:17 UTC",
			"timesecs":	1775448557
		},
		"connecting_to":	{
			"host":	"192.168.8.2",
			"port":	5203
		},
		"cookie":	"tmyf63taq4rqxh5m6wdow6erjg45gbccx4zo",
		"tcp_mss_default":	9448,
		"target_bitrate":	20000000,
		"fq_rate":	0,
		"sock_bufsize":	0,
		"sndbuf_actual":	16384,
		"rcvbuf_actual":	131072,
		"test_start":	{
			"protocol":	"TCP",
			"num_streams":	1,
			"blksize":	131072,
			"omit":	0,
			"duration":	3,
			"bytes":	0,
			"blocks":	0,
			"reverse":	0,
			"tos":	0,
			"target_bitrate":	20000000,
			"bidir":	0,
			"fqrate":	0,
			"interval":	1
		}
	},
	"intervals":	[{
			"streams":	[{
					"socket":	5,
					"start":	0,
					"end":	1.001134,
					"seconds":	1.0011340379714966,
					"bytes":	2621440,
					"bits_per_second":	20947764.439707406,
					"retransmits":	0,
					"snd_cwnd":	264544,
					"snd_wnd":	-1,
					"rtt":	166,
					"rttvar":	55,
					"pmtu":	9500,
					"omitted":	false,
					"sender":	true
				}],
			"sum":	{
				"start":	0,
				"end":	1.001134,
				"seconds":	1.0011340379714966,
				"bytes":	2621440,
				"bits_per_second":	20947764.439707406,
				"retransmits":	0,
				"omitted":	false,
				"sender":	true
			}
		}, {
			"streams":	[{
					"socket":	5,
					"start":	1.001134,
					"end":	2.001063,
					"seconds":	0.99992901086807251,
					"bytes":	2490368,
					"bits_per_second":	19924358.412907943,
					"retransmits":	0,
					"snd_cwnd":	264544,
					"snd_wnd":	-1,
					"rtt":	273,
					"rttvar":	270,
					"pmtu":	9500,
					"omitted":	false,
					"sender":	true
				}],
			"sum":	{
				"start":	1.001134,
				"end":	2.001063,
				"seconds":	0.99992901086807251,
				"bytes":	2490368,
				"bits_per_second":	19924358.412907943,
				"retransmits":	0,
				"omitted":	false,
				"sender":	true
			}
		}, {
			"streams":	[{
					"socket":	5,
					"start":	2.001063,
					"end":	3.001439,
					"seconds":	1.0003759860992432,
					"bytes":	2490368,
					"bits_per_second":	19915456.065359335,
					"retransmits":	0,
					"snd_cwnd":	264544,
					"snd_wnd":	-1,
					"rtt":	185,
					"rttvar":	132,
					"pmtu":	9500,
					"omitted":	false,
					"sender":	true
				}],
			"sum":	{
				"start":	2.001063,
				"end":	3.001439,
				"seconds":	1.0003759860992432,
				"bytes":	2490368,
				"bits_per_second":	19915456.065359335,
				"retransmits":	0,
				"omitted":	false,
				"sender":	true
			}
		}],
	"end":	{
		"streams":	[{
				"sender":	{
					"socket":	5,
					"start":	0,
					"end":	3.001439,
					"seconds":	3.001439,
					"bytes":	7602176,
					"bits_per_second":	20262749.967598874,
					"retransmits":	0,
					"max_snd_cwnd":	264544,
					"max_snd_wnd":	0,
					"max_rtt":	273,
					"min_rtt":	166,
					"mean_rtt":	208,
					"sender":	true
				},
				"receiver":	{
					"socket":	5,
					"start":	0,
					"end":	3.001669,
					"seconds":	3.001439,
					"bytes":	7602176,
					"bits_per_second":	20261197.353872128,
					"sender":	true
				}
			}],
		"sum_sent":	{
			"start":	0,
			"end":	3.001439,
			"seconds":	3.001439,
			"bytes":	7602176,
			"bits_per_second":	20262749.967598874,
			"retransmits":	0,
			"sender":	true
		},
		"sum_received":	{
			"start":	0,
			"end":	3.001669,
			"seconds":	3.001669,
			"bytes":	7602176,
			"bits_per_second":	20261197.353872128,
			"sender":	true
		},
		"cpu_utilization_percent":	{
			"host_total":	0.761932738628128,
			"host_user":	0,
			"host_system":	0.761932738628128,
			"remote_total":	0.25102358322422885,
			"remote_user":	0,
			"remote_system":	0.25102358322422885
		},
		"sender_tcp_congestion":	"cubic",
		"receiver_tcp_congestion":	"cubic"
	}
}
