{
	"start":	{
		"connected":	[{
				"socket":	5,
				"local_host":	"192.168.1.2",
				"local_port":	57318,
				"remote_host":	"192.168.8.2",
				"remote_port":	5202
			}],
		"version":	"iperf 3.19.1",
		"system_info":	"Linux h1 6.6.87.2-microsoft-standard-WSL2 #1 SMP PREEMPT_DYNAMIC Thu Jun  5 18:30:46 UTC 2025 x86_64",
		"timestamp":	{
			"time":	"Mon, 06 Apr 2026 03:43:40 UTC",
			"timesecs":	1775447020
		},
		"connecting_to":	{
			"host":	"192.168.8.2",
			"port":	5202
		},
		"cookie":	"fx7nvbh2ol2gv6ni3ofrolhsyvbr6poc3kmw",
		"tcp_mss_default":	9448,
		"target_bitrate":	20000000,
		"fq_rate":	0,
		"sock_bufsize":	0,
		"sndbuf_actual":	16384,
		"rcvbuf_actual":	131072,
		"test_start":	{
			"protocol":	"TCP",
			"num_streams":	1,
			"blksize":	131072,
			"omit":	0,
			"duration":	3,
			"bytes":	0,
			"blocks":	0,
			"reverse":	0,
			"tos":	0,
			"target_bitrate":	20000000,
			"bidir":	0,
			"fqrate":	0,
			"interval":	1
		}
	},
	"intervals":	[{
			"streams":	[{
					"socket":	5,
					"start":	0,
					"end":	1.001089,
					"seconds":	1.0010889768600464,
					"bytes":	2621440,
					"bits_per_second":	20948707.342456181,
					"retransmits":	0,
					"snd_cwnd":	264544,
					"snd_wnd":	-1,
					"rtt":	153,
					"rttvar":	77,
					"pmtu":	9500,
					"omitted":	false,
					"sender":	true
				}],
			"sum":	{
				"start":	0,
				"end":	1.001089,
				"seconds":	1.0010889768600464,
				"bytes":	2621440,
				"bits_per_second":	20948707.342456181,
				"retransmits":	0,
				"omitted":	false,
				"sender":	true
			}
		}, {
			"streams":	[{
					"socket":	5,
					"start":	1.001089,
					"end":	2.001104,
					"seconds":	1.0000150203704834,
					"bytes":	2490368,
					"bits_per_second":	19922644.754494779,
					"retransmits":	0,
					"snd_cwnd":	264544,
					"snd_wnd":	-1,
					"rtt":	142,
					"rttvar":	76,
					"pmtu":	9500,
					"omitted":	false,
					"sender":	true
				}],
			"sum":	{
				"start":	1.001089,
				"end":	2.001104,
				"seconds":	1.0000150203704834,
				"bytes":	2490368,
				"bits_per_second":	19922644.754494779,
				"retransmits":	0,
				"omitted":	false,
				"sender":	true
			}
		}, {
			"streams":	[{
					"socket":	5,
					"start":	2.001104,
					"end":	3.00139,
					"seconds":	1.0002859830856323,
					"bytes":	2490368,
					"bits_per_second":	19917248.003958523,
					"retransmits":	0,
					"snd_cwnd":	264544,
					"snd_wnd":	-1,
					"rtt":	156,
					"rttvar":	63,
					"pmtu":	9500,
					"omitted":	false,
					"sender":	true
				}],
			"sum":	{
				"start":	2.001104,
				"end":	3.00139,
				"seconds":	1.0002859830856323,
				"bytes":	2490368,
				"bits_per_second":	19917248.003958523,
				"retransmits":	0,
				"omitted":	false,
				"sender":	true
			}
		}],
	"end":	{
		"streams":	[{
				"sender":	{
					"socket":	5,
					"start":	0,
					"end":	3.00139,
					"seconds":	3.00139,
					"bytes":	7602176,
					"bits_per_second":	20263080.772575375,
					"retransmits":	0,
					"max_snd_cwnd":	264544,
					"max_snd_wnd":	0,
					"max_rtt":	156,
					"min_rtt":	142,
					"mean_rtt":	150,
					"sender":	true
				},
				"receiver":	{
					"socket":	5,
					"start":	0,
					"end":	3.001672,
					"seconds":	3.00139,
					"bytes":	7602176,
					"bits_per_second":	20261177.103960726,
					"sender":	true
				}
			}],
		"sum_sent":	{
			"start":	0,
			"end":	3.00139,
			"seconds":	3.00139,
			"bytes":	7602176,
			"bits_per_second":	20263080.772575375,
			"retransmits":	0,
			"sender":	true
		},
		"sum_received":	{
			"start":	0,
			"end":	3.001672,
			"seconds":	3.001672,
			"bytes":	7602176,
			"bits_per_second":	20261177.103960726,
			"sender":	true
		},
		"cpu_utilization_percent":	{
			"host_total":	0.64356227907103769,
			"host_user":	0,
			"host_system":	0.64356227907103769,
			"remote_total":	0.20678172085567056,
			"remote_user":	0.000766228384031001,
			"remote_system":	0.20601549247163958
		},
		"sender_tcp_congestion":	"cubic",
		"receiver_tcp_congestion":	"cubic"
	}
}
