{
	"start":	{
		"connected":	[{
				"socket":	5,
				"local_host":	"192.168.1.2",
				"local_port":	56824,
				"remote_host":	"192.168.8.2",
				"remote_port":	5203
			}],
		"version":	"iperf 3.19.1",
		"system_info":	"Linux h1 6.6.87.2-microsoft-standard-WSL2 #1 SMP PREEMPT_DYNAMIC Thu Jun  5 18:30:46 UTC 2025 x86_64",
		"timestamp":	{
			"time":	"Mon, 06 Apr 2026 04:03:31 UTC",
			"timesecs":	1775448211
		},
		"connecting_to":	{
			"host":	"192.168.8.2",
			"port":	5203
		},
		"cookie":	"d3lvgpr65q5eo7zh3bchacgnt5sqmvups2l3",
		"tcp_mss_default":	9448,
		"target_bitrate":	20000000,
		"fq_rate":	0,
		"sock_bufsize":	0,
		"sndbuf_actual":	16384,
		"rcvbuf_actual":	131072,
		"test_start":	{
			"protocol":	"TCP",
			"num_streams":	1,
			"blksize":	131072,
			"omit":	0,
			"duration":	3,
			"bytes":	0,
			"blocks":	0,
			"reverse":	0,
			"tos":	0,
			"target_bitrate":	20000000,
			"bidir":	0,
			"fqrate":	0,
			"interval":	1
		}
	},
	"intervals":	[{
			"streams":	[{
					"socket":	5,
					"start":	0,
					"end":	1.001164,
					"seconds":	1.0011639595031738,
					"bytes":	2621440,
					"bits_per_second":	20947138.379219212,
					"retransmits":	0,
					"snd_cwnd":	207856,
					"snd_wnd":	-1,
					"rtt":	227,
					"rttvar":	134,
					"pmtu":	9500,
					"omitted":	false,
					"sender":	true
				}],
			"sum":	{
				"start":	0,
				"end":	1.001164,
				"seconds":	1.0011639595031738,
				"bytes":	2621440,
				"bits_per_second":	20947138.379219212,
				"retransmits":	0,
				"omitted":	false,
				"sender":	true
			}
		}, {
			"streams":	[{
					"socket":	5,
					"start":	1.001164,
					"end":	2.000832,
					"seconds":	0.999668002128601,
					"bytes":	2490368,
					"bits_per_second":	19929560.571687717,
					"retransmits":	0,
					"snd_cwnd":	207856,
					"snd_wnd":	-1,
					"rtt":	212,
					"rttvar":	95,
					"pmtu":	9500,
					"omitted":	false,
					"sender":	true
				}],
			"sum":	{
				"start":	1.001164,
				"end":	2.000832,
				"seconds":	0.999668002128601,
				"bytes":	2490368,
				"bits_per_second":	19929560.571687717,
				"retransmits":	0,
				"omitted":	false,
				"sender":	true
			}
		}, {
			"streams":	[{
					"socket":	5,
					"start":	2.000832,
					"end":	3.00155,
					"seconds":	1.0007179975509644,
					"bytes":	2490368,
					"bits_per_second":	19908649.63831668,
					"retransmits":	0,
					"snd_cwnd":	207856,
					"snd_wnd":	-1,
					"rtt":	153,
					"rttvar":	69,
					"pmtu":	9500,
					"omitted":	false,
					"sender":	true
				}],
			"sum":	{
				"start":	2.000832,
				"end":	3.00155,
				"seconds":	1.0007179975509644,
				"bytes":	2490368,
				"bits_per_second":	19908649.63831668,
				"retransmits":	0,
				"omitted":	false,
				"sender":	true
			}
		}],
	"end":	{
		"streams":	[{
				"sender":	{
					"socket":	5,
					"start":	0,
					"end":	3.00155,
					"seconds":	3.00155,
					"bytes":	7602176,
					"bits_per_second":	20262000.633006282,
					"retransmits":	0,
					"max_snd_cwnd":	207856,
					"max_snd_wnd":	0,
					"max_rtt":	227,
					"min_rtt":	153,
					"mean_rtt":	197,
					"sender":	true
				},
				"receiver":	{
					"socket":	5,
					"start":	0,
					"end":	3.001762,
					"seconds":	3.00155,
					"bytes":	7602176,
					"bits_per_second":	20260569.625439994,
					"sender":	true
				}
			}],
		"sum_sent":	{
			"start":	0,
			"end":	3.00155,
			"seconds":	3.00155,
			"bytes":	7602176,
			"bits_per_second":	20262000.633006282,
			"retransmits":	0,
			"sender":	true
		},
		"sum_received":	{
			"start":	0,
			"end":	3.001762,
			"seconds":	3.001762,
			"bytes":	7602176,
			"bits_per_second":	20260569.625439994,
			"sender":	true
		},
		"cpu_utilization_percent":	{
			"host_total":	0.75500632418094449,
			"host_user":	0,
			"host_system":	0.75500632418094449,
			"remote_total":	0.25541299318243527,
			"remote_user":	0.053900902956721036,
			"remote_system":	0.20157871680538875
		},
		"sender_tcp_congestion":	"cubic",
		"receiver_tcp_congestion":	"cubic"
	}
}
