{
	"start":	{
		"connected":	[{
				"socket":	5,
				"local_host":	"192.168.1.2",
				"local_port":	48952,
				"remote_host":	"192.168.8.2",
				"remote_port":	5202
			}],
		"version":	"iperf 3.19.1",
		"system_info":	"Linux h1 6.6.87.2-microsoft-standard-WSL2 #1 SMP PREEMPT_DYNAMIC Thu Jun  5 18:30:46 UTC 2025 x86_64",
		"timestamp":	{
			"time":	"Mon, 06 Apr 2026 03:49:16 UTC",
			"timesecs":	1775447356
		},
		"connecting_to":	{
			"host":	"192.168.8.2",
			"port":	5202
		},
		"cookie":	"oydphpmkgl3elb6fpvtcassw5fbmr3ghhyjp",
		"tcp_mss_default":	9448,
		"target_bitrate":	20000000,
		"fq_rate":	0,
		"sock_bufsize":	0,
		"sndbuf_actual":	16384,
		"rcvbuf_actual":	131072,
		"test_start":	{
			"protocol":	"TCP",
			"num_streams":	1,
			"blksize":	131072,
			"omit":	0,
			"duration":	3,
			"bytes":	0,
			"blocks":	0,
			"reverse":	0,
			"tos":	0,
			"target_bitrate":	20000000,
			"bidir":	0,
			"fqrate":	0,
			"interval":	1
		}
	},
	"intervals":	[{
			"streams":	[{
					"socket":	5,
					"start":	0,
					"end":	1.000262,
					"seconds":	1.0002620220184326,
					"bytes":	2621440,
					"bits_per_second":	20966026.439433828,
					"retransmits":	0,
					"snd_cwnd":	340128,
					"snd_wnd":	-1,
					"rtt":	322,
					"rttvar":	229,
					"pmtu":	9500,
					"omitted":	false,
					"sender":	true
				}],
			"sum":	{
				"start":	0,
				"end":	1.000262,
				"seconds":	1.0002620220184326,
				"bytes":	2621440,
				"bits_per_second":	20966026.439433828,
				"retransmits":	0,
				"omitted":	false,
				"sender":	true
			}
		}, {
			"streams":	[{
					"socket":	5,
					"start":	1.000262,
					"end":	2.000316,
					"seconds":	1.0000540018081665,
					"bytes":	2490368,
					"bits_per_second":	19921868.183096059,
					"retransmits":	0,
					"snd_cwnd":	340128,
					"snd_wnd":	-1,
					"rtt":	602,
					"rttvar":	562,
					"pmtu":	9500,
					"omitted":	false,
					"sender":	true
				}],
			"sum":	{
				"start":	1.000262,
				"end":	2.000316,
				"seconds":	1.0000540018081665,
				"bytes":	2490368,
				"bits_per_second":	19921868.183096059,
				"retransmits":	0,
				"omitted":	false,
				"sender":	true
			}
		}, {
			"streams":	[{
					"socket":	5,
					"start":	2.000316,
					"end":	3.000326,
					"seconds":	1.0000100135803223,
					"bytes":	2490368,
					"bits_per_second":	19922744.501997691,
					"retransmits":	0,
					"snd_cwnd":	340128,
					"snd_wnd":	-1,
					"rtt":	314,
					"rttvar":	184,
					"pmtu":	9500,
					"omitted":	false,
					"sender":	true
				}],
			"sum":	{
				"start":	2.000316,
				"end":	3.000326,
				"seconds":	1.0000100135803223,
				"bytes":	2490368,
				"bits_per_second":	19922744.501997691,
				"retransmits":	0,
				"omitted":	false,
				"sender":	true
			}
		}],
	"end":	{
		"streams":	[{
				"sender":	{
					"socket":	5,
					"start":	0,
					"end":	3.000326,
					"seconds":	3.000326,
					"bytes":	7602176,
					"bits_per_second":	20270266.6310261,
					"retransmits":	0,
					"max_snd_cwnd":	340128,
					"max_snd_wnd":	0,
					"max_rtt":	602,
					"min_rtt":	314,
					"mean_rtt":	412,
					"sender":	true
				},
				"receiver":	{
					"socket":	5,
					"start":	0,
					"end":	3.000461,
					"seconds":	3.000326,
					"bytes":	7602176,
					"bits_per_second":	20269354.609175056,
					"sender":	true
				}
			}],
		"sum_sent":	{
			"start":	0,
			"end":	3.000326,
			"seconds":	3.000326,
			"bytes":	7602176,
			"bits_per_second":	20270266.6310261,
			"retransmits":	0,
			"sender":	true
		},
		"sum_received":	{
			"start":	0,
			"end":	3.000461,
			"seconds":	3.000461,
			"bytes":	7602176,
			"bits_per_second":	20269354.609175056,
			"sender":	true
		},
		"cpu_utilization_percent":	{
			"host_total":	1.6493853450972695,
			"host_user":	0,
			"host_system":	1.6493853450972695,
			"remote_total":	0.60399852824725453,
			"remote_user":	0.175403865483932,
			"remote_system":	0.42856133502904847
		},
		"sender_tcp_congestion":	"cubic",
		"receiver_tcp_congestion":	"cubic"
	}
}
