{
	"start":	{
		"connected":	[{
				"socket":	5,
				"local_host":	"192.168.1.2",
				"local_port":	57274,
				"remote_host":	"192.168.8.2",
				"remote_port":	5202
			}],
		"version":	"iperf 3.19.1",
		"system_info":	"Linux h1 6.6.87.2-microsoft-standard-WSL2 #1 SMP PREEMPT_DYNAMIC Thu Jun  5 18:30:46 UTC 2025 x86_64",
		"timestamp":	{
			"time":	"Mon, 06 Apr 2026 03:49:31 UTC",
			"timesecs":	1775447371
		},
		"connecting_to":	{
			"host":	"192.168.8.2",
			"port":	5202
		},
		"cookie":	"qw57ov2ckdrzkf2la6neqefuuzvkugek4pvz",
		"tcp_mss_default":	9448,
		"target_bitrate":	20000000,
		"fq_rate":	0,
		"sock_bufsize":	0,
		"sndbuf_actual":	16384,
		"rcvbuf_actual":	131072,
		"test_start":	{
			"protocol":	"TCP",
			"num_streams":	1,
			"blksize":	131072,
			"omit":	0,
			"duration":	3,
			"bytes":	0,
			"blocks":	0,
			"reverse":	0,
			"tos":	0,
			"target_bitrate":	20000000,
			"bidir":	0,
			"fqrate":	0,
			"interval":	1
		}
	},
	"intervals":	[{
			"streams":	[{
					"socket":	5,
					"start":	0,
					"end":	1.001135,
					"seconds":	1.001134991645813,
					"bytes":	2621440,
					"bits_per_second":	20947744.485010888,
					"retransmits":	0,
					"snd_cwnd":	264544,
					"snd_wnd":	-1,
					"rtt":	134,
					"rttvar":	71,
					"pmtu":	9500,
					"omitted":	false,
					"sender":	true
				}],
			"sum":	{
				"start":	0,
				"end":	1.001135,
				"seconds":	1.001134991645813,
				"bytes":	2621440,
				"bits_per_second":	20947744.485010888,
				"retransmits":	0,
				"omitted":	false,
				"sender":	true
			}
		}, {
			"streams":	[{
					"socket":	5,
					"start":	1.001135,
					"end":	2.00033,
					"seconds":	0.99919497966766357,
					"bytes":	2490368,
					"bits_per_second":	19938995.296620138,
					"retransmits":	0,
					"snd_cwnd":	264544,
					"snd_wnd":	-1,
					"rtt":	146,
					"rttvar":	115,
					"pmtu":	9500,
					"omitted":	false,
					"sender":	true
				}],
			"sum":	{
				"start":	1.001135,
				"end":	2.00033,
				"seconds":	0.99919497966766357,
				"bytes":	2490368,
				"bits_per_second":	19938995.296620138,
				"retransmits":	0,
				"omitted":	false,
				"sender":	true
			}
		}, {
			"streams":	[{
					"socket":	5,
					"start":	2.00033,
					"end":	3.001587,
					"seconds":	1.0012569427490234,
					"bytes":	2490368,
					"bits_per_second":	19897933.436846007,
					"retransmits":	0,
					"snd_cwnd":	264544,
					"snd_wnd":	-1,
					"rtt":	199,
					"rttvar":	137,
					"pmtu":	9500,
					"omitted":	false,
					"sender":	true
				}],
			"sum":	{
				"start":	2.00033,
				"end":	3.001587,
				"seconds":	1.0012569427490234,
				"bytes":	2490368,
				"bits_per_second":	19897933.436846007,
				"retransmits":	0,
				"omitted":	false,
				"sender":	true
			}
		}],
	"end":	{
		"streams":	[{
				"sender":	{
					"socket":	5,
					"start":	0,
					"end":	3.001587,
					"seconds":	3.001587,
					"bytes":	7602176,
					"bits_per_second":	20261750.867124625,
					"retransmits":	0,
					"max_snd_cwnd":	264544,
					"max_snd_wnd":	0,
					"max_rtt":	199,
					"min_rtt":	134,
					"mean_rtt":	159,
					"sender":	true
				},
				"receiver":	{
					"socket":	5,
					"start":	0,
					"end":	3.002027,
					"seconds":	3.001587,
					"bytes":	7602176,
					"bits_per_second":	20258781.150202848,
					"sender":	true
				}
			}],
		"sum_sent":	{
			"start":	0,
			"end":	3.001587,
			"seconds":	3.001587,
			"bytes":	7602176,
			"bits_per_second":	20261750.867124625,
			"retransmits":	0,
			"sender":	true
		},
		"sum_received":	{
			"start":	0,
			"end":	3.002027,
			"seconds":	3.002027,
			"bytes":	7602176,
			"bits_per_second":	20258781.150202848,
			"sender":	true
		},
		"cpu_utilization_percent":	{
			"host_total":	0.79803901849692283,
			"host_user":	0.16160581501212459,
			"host_system":	0.63649980386188942,
			"remote_total":	0.27840993881510223,
			"remote_user":	0.00339768051676722,
			"remote_system":	0.27511219007824
		},
		"sender_tcp_congestion":	"cubic",
		"receiver_tcp_congestion":	"cubic"
	}
}
