{
	"start":	{
		"connected":	[{
				"socket":	5,
				"local_host":	"192.168.1.2",
				"local_port":	55008,
				"remote_host":	"192.168.8.2",
				"remote_port":	5202
			}],
		"version":	"iperf 3.19.1",
		"system_info":	"Linux h1 6.6.87.2-microsoft-standard-WSL2 #1 SMP PREEMPT_DYNAMIC Thu Jun  5 18:30:46 UTC 2025 x86_64",
		"timestamp":	{
			"time":	"Mon, 06 Apr 2026 04:00:47 UTC",
			"timesecs":	1775448047
		},
		"connecting_to":	{
			"host":	"192.168.8.2",
			"port":	5202
		},
		"cookie":	"ji3o3gkc7ynxkjsiygwpci5xdrgppxad463z",
		"tcp_mss_default":	9448,
		"target_bitrate":	20000000,
		"fq_rate":	0,
		"sock_bufsize":	0,
		"sndbuf_actual":	16384,
		"rcvbuf_actual":	131072,
		"test_start":	{
			"protocol":	"TCP",
			"num_streams":	1,
			"blksize":	131072,
			"omit":	0,
			"duration":	3,
			"bytes":	0,
			"blocks":	0,
			"reverse":	0,
			"tos":	0,
			"target_bitrate":	20000000,
			"bidir":	0,
			"fqrate":	0,
			"interval":	1
		}
	},
	"intervals":	[{
			"streams":	[{
					"socket":	5,
					"start":	0,
					"end":	1.001091,
					"seconds":	1.0010910034179688,
					"bytes":	2621440,
					"bits_per_second":	20948664.934954084,
					"retransmits":	0,
					"snd_cwnd":	264544,
					"snd_wnd":	-1,
					"rtt":	147,
					"rttvar":	83,
					"pmtu":	9500,
					"omitted":	false,
					"sender":	true
				}],
			"sum":	{
				"start":	0,
				"end":	1.001091,
				"seconds":	1.0010910034179688,
				"bytes":	2621440,
				"bits_per_second":	20948664.934954084,
				"retransmits":	0,
				"omitted":	false,
				"sender":	true
			}
		}, {
			"streams":	[{
					"socket":	5,
					"start":	1.001091,
					"end":	2.001092,
					"seconds":	1.0000009536743164,
					"bytes":	2490368,
					"bits_per_second":	19922925.00001812,
					"retransmits":	0,
					"snd_cwnd":	264544,
					"snd_wnd":	-1,
					"rtt":	159,
					"rttvar":	75,
					"pmtu":	9500,
					"omitted":	false,
					"sender":	true
				}],
			"sum":	{
				"start":	1.001091,
				"end":	2.001092,
				"seconds":	1.0000009536743164,
				"bytes":	2490368,
				"bits_per_second":	19922925.00001812,
				"retransmits":	0,
				"omitted":	false,
				"sender":	true
			}
		}, {
			"streams":	[{
					"socket":	5,
					"start":	2.001092,
					"end":	3.000803,
					"seconds":	0.999710977077484,
					"bytes":	2490368,
					"bits_per_second":	19928703.852229323,
					"retransmits":	0,
					"snd_cwnd":	264544,
					"snd_wnd":	-1,
					"rtt":	197,
					"rttvar":	108,
					"pmtu":	9500,
					"omitted":	false,
					"sender":	true
				}],
			"sum":	{
				"start":	2.001092,
				"end":	3.000803,
				"seconds":	0.999710977077484,
				"bytes":	2490368,
				"bits_per_second":	19928703.852229323,
				"retransmits":	0,
				"omitted":	false,
				"sender":	true
			}
		}],
	"end":	{
		"streams":	[{
				"sender":	{
					"socket":	5,
					"start":	0,
					"end":	3.000803,
					"seconds":	3.000803,
					"bytes":	7602176,
					"bits_per_second":	20267044.521083191,
					"retransmits":	0,
					"max_snd_cwnd":	264544,
					"max_snd_wnd":	0,
					"max_rtt":	197,
					"min_rtt":	147,
					"mean_rtt":	167,
					"sender":	true
				},
				"receiver":	{
					"socket":	5,
					"start":	0,
					"end":	3.000953,
					"seconds":	3.000803,
					"bytes":	7602176,
					"bits_per_second":	20266031.490663134,
					"sender":	true
				}
			}],
		"sum_sent":	{
			"start":	0,
			"end":	3.000803,
			"seconds":	3.000803,
			"bytes":	7602176,
			"bits_per_second":	20267044.521083191,
			"retransmits":	0,
			"sender":	true
		},
		"sum_received":	{
			"start":	0,
			"end":	3.000953,
			"seconds":	3.000953,
			"bytes":	7602176,
			"bits_per_second":	20266031.490663134,
			"sender":	true
		},
		"cpu_utilization_percent":	{
			"host_total":	0.786574009145605,
			"host_user":	0.11186326963878292,
			"host_system":	0.674744051975446,
			"remote_total":	0.27477562434313435,
			"remote_user":	0.0760081492998653,
			"remote_system":	0.19880079733581604
		},
		"sender_tcp_congestion":	"cubic",
		"receiver_tcp_congestion":	"cubic"
	}
}
