{
	"start":	{
		"connected":	[{
				"socket":	5,
				"local_host":	"192.168.1.2",
				"local_port":	36616,
				"remote_host":	"192.168.8.2",
				"remote_port":	5202
			}],
		"version":	"iperf 3.19.1",
		"system_info":	"Linux h1 6.6.87.2-microsoft-standard-WSL2 #1 SMP PREEMPT_DYNAMIC Thu Jun  5 18:30:46 UTC 2025 x86_64",
		"timestamp":	{
			"time":	"Mon, 06 Apr 2026 03:47:13 UTC",
			"timesecs":	1775447233
		},
		"connecting_to":	{
			"host":	"192.168.8.2",
			"port":	5202
		},
		"cookie":	"5wkduskkptlq65kjp65v33t7y6zrwedqnnzx",
		"tcp_mss_default":	9448,
		"target_bitrate":	20000000,
		"fq_rate":	0,
		"sock_bufsize":	0,
		"sndbuf_actual":	16384,
		"rcvbuf_actual":	131072,
		"test_start":	{
			"protocol":	"TCP",
			"num_streams":	1,
			"blksize":	131072,
			"omit":	0,
			"duration":	3,
			"bytes":	0,
			"blocks":	0,
			"reverse":	0,
			"tos":	0,
			"target_bitrate":	20000000,
			"bidir":	0,
			"fqrate":	0,
			"interval":	1
		}
	},
	"intervals":	[{
			"streams":	[{
					"socket":	5,
					"start":	0,
					"end":	1.001085,
					"seconds":	1.0010850429534912,
					"bytes":	2621440,
					"bits_per_second":	20948789.663391568,
					"retransmits":	0,
					"snd_cwnd":	207856,
					"snd_wnd":	-1,
					"rtt":	222,
					"rttvar":	76,
					"pmtu":	9500,
					"omitted":	false,
					"sender":	true
				}],
			"sum":	{
				"start":	0,
				"end":	1.001085,
				"seconds":	1.0010850429534912,
				"bytes":	2621440,
				"bits_per_second":	20948789.663391568,
				"retransmits":	0,
				"omitted":	false,
				"sender":	true
			}
		}, {
			"streams":	[{
					"socket":	5,
					"start":	1.001085,
					"end":	2.001212,
					"seconds":	1.0001269578933716,
					"bytes":	2490368,
					"bits_per_second":	19920414.946083356,
					"retransmits":	0,
					"snd_cwnd":	207856,
					"snd_wnd":	-1,
					"rtt":	477,
					"rttvar":	278,
					"pmtu":	9500,
					"omitted":	false,
					"sender":	true
				}],
			"sum":	{
				"start":	1.001085,
				"end":	2.001212,
				"seconds":	1.0001269578933716,
				"bytes":	2490368,
				"bits_per_second":	19920414.946083356,
				"retransmits":	0,
				"omitted":	false,
				"sender":	true
			}
		}, {
			"streams":	[{
					"socket":	5,
					"start":	2.001212,
					"end":	3.001739,
					"seconds":	1.000527024269104,
					"bytes":	2490368,
					"bits_per_second":	19912449.655774094,
					"retransmits":	0,
					"snd_cwnd":	207856,
					"snd_wnd":	-1,
					"rtt":	312,
					"rttvar":	205,
					"pmtu":	9500,
					"omitted":	false,
					"sender":	true
				}],
			"sum":	{
				"start":	2.001212,
				"end":	3.001739,
				"seconds":	1.000527024269104,
				"bytes":	2490368,
				"bits_per_second":	19912449.655774094,
				"retransmits":	0,
				"omitted":	false,
				"sender":	true
			}
		}],
	"end":	{
		"streams":	[{
				"sender":	{
					"socket":	5,
					"start":	0,
					"end":	3.001739,
					"seconds":	3.001739,
					"bytes":	7602176,
					"bits_per_second":	20260724.866485726,
					"retransmits":	0,
					"max_snd_cwnd":	207856,
					"max_snd_wnd":	0,
					"max_rtt":	477,
					"min_rtt":	222,
					"mean_rtt":	337,
					"sender":	true
				},
				"receiver":	{
					"socket":	5,
					"start":	0,
					"end":	3.001978,
					"seconds":	3.001739,
					"bytes":	7602176,
					"bits_per_second":	20259111.825602986,
					"sender":	true
				}
			}],
		"sum_sent":	{
			"start":	0,
			"end":	3.001739,
			"seconds":	3.001739,
			"bytes":	7602176,
			"bits_per_second":	20260724.866485726,
			"retransmits":	0,
			"sender":	true
		},
		"sum_received":	{
			"start":	0,
			"end":	3.001978,
			"seconds":	3.001978,
			"bytes":	7602176,
			"bits_per_second":	20259111.825602986,
			"sender":	true
		},
		"cpu_utilization_percent":	{
			"host_total":	1.2255416194600024,
			"host_user":	0,
			"host_system":	1.2256415277441974,
			"remote_total":	0.46641989916109711,
			"remote_user":	0,
			"remote_system":	0.46645321010947316
		},
		"sender_tcp_congestion":	"cubic",
		"receiver_tcp_congestion":	"cubic"
	}
}
