{
	"start":	{
		"connected":	[{
				"socket":	5,
				"local_host":	"192.168.1.2",
				"local_port":	40192,
				"remote_host":	"192.168.8.2",
				"remote_port":	5203
			}],
		"version":	"iperf 3.19.1",
		"system_info":	"Linux h1 6.6.87.2-microsoft-standard-WSL2 #1 SMP PREEMPT_DYNAMIC Thu Jun  5 18:30:46 UTC 2025 x86_64",
		"timestamp":	{
			"time":	"Mon, 06 Apr 2026 03:42:19 UTC",
			"timesecs":	1775446939
		},
		"connecting_to":	{
			"host":	"192.168.8.2",
			"port":	5203
		},
		"cookie":	"e5i2n5kumdv3snh3sssj5466zg2ozvgkgt7h",
		"tcp_mss_default":	9448,
		"target_bitrate":	20000000,
		"fq_rate":	0,
		"sock_bufsize":	0,
		"sndbuf_actual":	16384,
		"rcvbuf_actual":	131072,
		"test_start":	{
			"protocol":	"TCP",
			"num_streams":	1,
			"blksize":	131072,
			"omit":	0,
			"duration":	3,
			"bytes":	0,
			"blocks":	0,
			"reverse":	0,
			"tos":	0,
			"target_bitrate":	20000000,
			"bidir":	0,
			"fqrate":	0,
			"interval":	1
		}
	},
	"intervals":	[{
			"streams":	[{
					"socket":	5,
					"start":	0,
					"end":	1.001488,
					"seconds":	1.0014879703521729,
					"bytes":	2621440,
					"bits_per_second":	20940361.36312788,
					"retransmits":	0,
					"snd_cwnd":	264544,
					"snd_wnd":	-1,
					"rtt":	141,
					"rttvar":	57,
					"pmtu":	9500,
					"omitted":	false,
					"sender":	true
				}],
			"sum":	{
				"start":	0,
				"end":	1.001488,
				"seconds":	1.0014879703521729,
				"bytes":	2621440,
				"bits_per_second":	20940361.36312788,
				"retransmits":	0,
				"omitted":	false,
				"sender":	true
			}
		}, {
			"streams":	[{
					"socket":	5,
					"start":	1.001488,
					"end":	2.001054,
					"seconds":	0.99956601858139038,
					"bytes":	2490368,
					"bits_per_second":	19931593.941413846,
					"retransmits":	0,
					"snd_cwnd":	264544,
					"snd_wnd":	-1,
					"rtt":	130,
					"rttvar":	68,
					"pmtu":	9500,
					"omitted":	false,
					"sender":	true
				}],
			"sum":	{
				"start":	1.001488,
				"end":	2.001054,
				"seconds":	0.99956601858139038,
				"bytes":	2490368,
				"bits_per_second":	19931593.941413846,
				"retransmits":	0,
				"omitted":	false,
				"sender":	true
			}
		}, {
			"streams":	[{
					"socket":	5,
					"start":	2.001054,
					"end":	3.001177,
					"seconds":	1.0001230239868164,
					"bytes":	2490368,
					"bits_per_second":	19920493.3014947,
					"retransmits":	0,
					"snd_cwnd":	264544,
					"snd_wnd":	-1,
					"rtt":	117,
					"rttvar":	76,
					"pmtu":	9500,
					"omitted":	false,
					"sender":	true
				}],
			"sum":	{
				"start":	2.001054,
				"end":	3.001177,
				"seconds":	1.0001230239868164,
				"bytes":	2490368,
				"bits_per_second":	19920493.3014947,
				"retransmits":	0,
				"omitted":	false,
				"sender":	true
			}
		}],
	"end":	{
		"streams":	[{
				"sender":	{
					"socket":	5,
					"start":	0,
					"end":	3.001177,
					"seconds":	3.001177,
					"bytes":	7602176,
					"bits_per_second":	20264518.887089964,
					"retransmits":	0,
					"max_snd_cwnd":	264544,
					"max_snd_wnd":	0,
					"max_rtt":	141,
					"min_rtt":	117,
					"mean_rtt":	129,
					"sender":	true
				},
				"receiver":	{
					"socket":	5,
					"start":	0,
					"end":	3.00134,
					"seconds":	3.001177,
					"bytes":	7602176,
					"bits_per_second":	20263418.339808218,
					"sender":	true
				}
			}],
		"sum_sent":	{
			"start":	0,
			"end":	3.001177,
			"seconds":	3.001177,
			"bytes":	7602176,
			"bits_per_second":	20264518.887089964,
			"retransmits":	0,
			"sender":	true
		},
		"sum_received":	{
			"start":	0,
			"end":	3.00134,
			"seconds":	3.00134,
			"bytes":	7602176,
			"bits_per_second":	20263418.339808218,
			"sender":	true
		},
		"cpu_utilization_percent":	{
			"host_total":	0.57313547774224527,
			"host_user":	0,
			"host_system":	0.57313547774224527,
			"remote_total":	0.17545356044784971,
			"remote_user":	0.003198545727875726,
			"remote_system":	0.17228833290463935
		},
		"sender_tcp_congestion":	"cubic",
		"receiver_tcp_congestion":	"cubic"
	}
}
