{
	"start":	{
		"connected":	[{
				"socket":	5,
				"local_host":	"192.168.1.2",
				"local_port":	57258,
				"remote_host":	"192.168.8.2",
				"remote_port":	5202
			}],
		"version":	"iperf 3.19.1",
		"system_info":	"Linux h1 6.6.87.2-microsoft-standard-WSL2 #1 SMP PREEMPT_DYNAMIC Thu Jun  5 18:30:46 UTC 2025 x86_64",
		"timestamp":	{
			"time":	"Mon, 06 Apr 2026 03:49:26 UTC",
			"timesecs":	1775447366
		},
		"connecting_to":	{
			"host":	"192.168.8.2",
			"port":	5202
		},
		"cookie":	"4v2ujnj5yrah7z5szaaslychsojv7pqzsjm7",
		"tcp_mss_default":	9448,
		"target_bitrate":	20000000,
		"fq_rate":	0,
		"sock_bufsize":	0,
		"sndbuf_actual":	16384,
		"rcvbuf_actual":	131072,
		"test_start":	{
			"protocol":	"TCP",
			"num_streams":	1,
			"blksize":	131072,
			"omit":	0,
			"duration":	3,
			"bytes":	0,
			"blocks":	0,
			"reverse":	0,
			"tos":	0,
			"target_bitrate":	20000000,
			"bidir":	0,
			"fqrate":	0,
			"interval":	1
		}
	},
	"intervals":	[{
			"streams":	[{
					"socket":	5,
					"start":	0,
					"end":	1.000519,
					"seconds":	1.0005190372467041,
					"bytes":	2621440,
					"bits_per_second":	20960640.646789536,
					"retransmits":	0,
					"snd_cwnd":	330680,
					"snd_wnd":	-1,
					"rtt":	307,
					"rttvar":	223,
					"pmtu":	9500,
					"omitted":	false,
					"sender":	true
				}],
			"sum":	{
				"start":	0,
				"end":	1.000519,
				"seconds":	1.0005190372467041,
				"bytes":	2621440,
				"bits_per_second":	20960640.646789536,
				"retransmits":	0,
				"omitted":	false,
				"sender":	true
			}
		}, {
			"streams":	[{
					"socket":	5,
					"start":	1.000519,
					"end":	2.000139,
					"seconds":	0.999620020389557,
					"bytes":	2490368,
					"bits_per_second":	19930517.190157846,
					"retransmits":	0,
					"snd_cwnd":	330680,
					"snd_wnd":	-1,
					"rtt":	527,
					"rttvar":	578,
					"pmtu":	9500,
					"omitted":	false,
					"sender":	true
				}],
			"sum":	{
				"start":	1.000519,
				"end":	2.000139,
				"seconds":	0.999620020389557,
				"bytes":	2490368,
				"bits_per_second":	19930517.190157846,
				"retransmits":	0,
				"omitted":	false,
				"sender":	true
			}
		}, {
			"streams":	[{
					"socket":	5,
					"start":	2.000139,
					"end":	3.000944,
					"seconds":	1.0008050203323364,
					"bytes":	2490368,
					"bits_per_second":	19906918.525832541,
					"retransmits":	0,
					"snd_cwnd":	330680,
					"snd_wnd":	-1,
					"rtt":	222,
					"rttvar":	115,
					"pmtu":	9500,
					"omitted":	false,
					"sender":	true
				}],
			"sum":	{
				"start":	2.000139,
				"end":	3.000944,
				"seconds":	1.0008050203323364,
				"bytes":	2490368,
				"bits_per_second":	19906918.525832541,
				"retransmits":	0,
				"omitted":	false,
				"sender":	true
			}
		}],
	"end":	{
		"streams":	[{
				"sender":	{
					"socket":	5,
					"start":	0,
					"end":	3.000944,
					"seconds":	3.000944,
					"bytes":	7602176,
					"bits_per_second":	20266092.269632488,
					"retransmits":	0,
					"max_snd_cwnd":	330680,
					"max_snd_wnd":	0,
					"max_rtt":	527,
					"min_rtt":	222,
					"mean_rtt":	352,
					"sender":	true
				},
				"receiver":	{
					"socket":	5,
					"start":	0,
					"end":	3.001094,
					"seconds":	3.000944,
					"bytes":	7602176,
					"bits_per_second":	20265079.334402721,
					"sender":	true
				}
			}],
		"sum_sent":	{
			"start":	0,
			"end":	3.000944,
			"seconds":	3.000944,
			"bytes":	7602176,
			"bits_per_second":	20266092.269632488,
			"retransmits":	0,
			"sender":	true
		},
		"sum_received":	{
			"start":	0,
			"end":	3.001094,
			"seconds":	3.001094,
			"bytes":	7602176,
			"bits_per_second":	20265079.334402721,
			"sender":	true
		},
		"cpu_utilization_percent":	{
			"host_total":	1.6291335403850842,
			"host_user":	0.26064671028876657,
			"host_system":	1.3684868300963178,
			"remote_total":	0.515303669301996,
			"remote_user":	0.00136614616497781,
			"remote_system":	0.513937523137018
		},
		"sender_tcp_congestion":	"cubic",
		"receiver_tcp_congestion":	"cubic"
	}
}
