{
	"start":	{
		"connected":	[{
				"socket":	5,
				"local_host":	"192.168.1.2",
				"local_port":	60164,
				"remote_host":	"192.168.8.2",
				"remote_port":	5202
			}],
		"version":	"iperf 3.19.1",
		"system_info":	"Linux h1 6.6.87.2-microsoft-standard-WSL2 #1 SMP PREEMPT_DYNAMIC Thu Jun  5 18:30:46 UTC 2025 x86_64",
		"timestamp":	{
			"time":	"Mon, 06 Apr 2026 03:59:04 UTC",
			"timesecs":	1775447944
		},
		"connecting_to":	{
			"host":	"192.168.8.2",
			"port":	5202
		},
		"cookie":	"cretei4fyqcbnhrdruuwu2yznaqmizbgdqcx",
		"tcp_mss_default":	9448,
		"target_bitrate":	20000000,
		"fq_rate":	0,
		"sock_bufsize":	0,
		"sndbuf_actual":	16384,
		"rcvbuf_actual":	131072,
		"test_start":	{
			"protocol":	"TCP",
			"num_streams":	1,
			"blksize":	131072,
			"omit":	0,
			"duration":	3,
			"bytes":	0,
			"blocks":	0,
			"reverse":	0,
			"tos":	0,
			"target_bitrate":	20000000,
			"bidir":	0,
			"fqrate":	0,
			"interval":	1
		}
	},
	"intervals":	[{
			"streams":	[{
					"socket":	5,
					"start":	0,
					"end":	1.001172,
					"seconds":	1.0011719465255737,
					"bytes":	2621440,
					"bits_per_second":	20946971.269799065,
					"retransmits":	0,
					"snd_cwnd":	264544,
					"snd_wnd":	-1,
					"rtt":	259,
					"rttvar":	145,
					"pmtu":	9500,
					"omitted":	false,
					"sender":	true
				}],
			"sum":	{
				"start":	0,
				"end":	1.001172,
				"seconds":	1.0011719465255737,
				"bytes":	2621440,
				"bits_per_second":	20946971.269799065,
				"retransmits":	0,
				"omitted":	false,
				"sender":	true
			}
		}, {
			"streams":	[{
					"socket":	5,
					"start":	1.001172,
					"end":	2.000621,
					"seconds":	0.99944901466369629,
					"bytes":	2490368,
					"bits_per_second":	19933927.301638145,
					"retransmits":	0,
					"snd_cwnd":	264544,
					"snd_wnd":	-1,
					"rtt":	214,
					"rttvar":	162,
					"pmtu":	9500,
					"omitted":	false,
					"sender":	true
				}],
			"sum":	{
				"start":	1.001172,
				"end":	2.000621,
				"seconds":	0.99944901466369629,
				"bytes":	2490368,
				"bits_per_second":	19933927.301638145,
				"retransmits":	0,
				"omitted":	false,
				"sender":	true
			}
		}, {
			"streams":	[{
					"socket":	5,
					"start":	2.000621,
					"end":	3.001275,
					"seconds":	1.0006539821624756,
					"bytes":	2490368,
					"bits_per_second":	19909923.265328217,
					"retransmits":	0,
					"snd_cwnd":	264544,
					"snd_wnd":	-1,
					"rtt":	225,
					"rttvar":	131,
					"pmtu":	9500,
					"omitted":	false,
					"sender":	true
				}],
			"sum":	{
				"start":	2.000621,
				"end":	3.001275,
				"seconds":	1.0006539821624756,
				"bytes":	2490368,
				"bits_per_second":	19909923.265328217,
				"retransmits":	0,
				"omitted":	false,
				"sender":	true
			}
		}],
	"end":	{
		"streams":	[{
				"sender":	{
					"socket":	5,
					"start":	0,
					"end":	3.001275,
					"seconds":	3.001275,
					"bytes":	7602176,
					"bits_per_second":	20263857.19402587,
					"retransmits":	0,
					"max_snd_cwnd":	264544,
					"max_snd_wnd":	0,
					"max_rtt":	259,
					"min_rtt":	214,
					"mean_rtt":	232,
					"sender":	true
				},
				"receiver":	{
					"socket":	5,
					"start":	0,
					"end":	3.001438,
					"seconds":	3.001275,
					"bytes":	7602176,
					"bits_per_second":	20262756.71861288,
					"sender":	true
				}
			}],
		"sum_sent":	{
			"start":	0,
			"end":	3.001275,
			"seconds":	3.001275,
			"bytes":	7602176,
			"bits_per_second":	20263857.19402587,
			"retransmits":	0,
			"sender":	true
		},
		"sum_received":	{
			"start":	0,
			"end":	3.001438,
			"seconds":	3.001438,
			"bytes":	7602176,
			"bits_per_second":	20262756.71861288,
			"sender":	true
		},
		"cpu_utilization_percent":	{
			"host_total":	0.873717308455115,
			"host_user":	0.011123792827018694,
			"host_system":	0.86252690609021,
			"remote_total":	0.2896567164775824,
			"remote_user":	0.011660898408920388,
			"remote_system":	0.277995818068662
		},
		"sender_tcp_congestion":	"cubic",
		"receiver_tcp_congestion":	"cubic"
	}
}
