{
	"start":	{
		"connected":	[{
				"socket":	5,
				"local_host":	"192.168.1.2",
				"local_port":	49708,
				"remote_host":	"192.168.8.2",
				"remote_port":	5202
			}],
		"version":	"iperf 3.19.1",
		"system_info":	"Linux h1 6.6.87.2-microsoft-standard-WSL2 #1 SMP PREEMPT_DYNAMIC Thu Jun  5 18:30:46 UTC 2025 x86_64",
		"timestamp":	{
			"time":	"Mon, 06 Apr 2026 03:57:48 UTC",
			"timesecs":	1775447868
		},
		"connecting_to":	{
			"host":	"192.168.8.2",
			"port":	5202
		},
		"cookie":	"ubokm7572b3ujm42bjl3redvxkvyhkh2ypt5",
		"tcp_mss_default":	9448,
		"target_bitrate":	20000000,
		"fq_rate":	0,
		"sock_bufsize":	0,
		"sndbuf_actual":	16384,
		"rcvbuf_actual":	131072,
		"test_start":	{
			"protocol":	"TCP",
			"num_streams":	1,
			"blksize":	131072,
			"omit":	0,
			"duration":	3,
			"bytes":	0,
			"blocks":	0,
			"reverse":	0,
			"tos":	0,
			"target_bitrate":	20000000,
			"bidir":	0,
			"fqrate":	0,
			"interval":	1
		}
	},
	"intervals":	[{
			"streams":	[{
					"socket":	5,
					"start":	0,
					"end":	1.001622,
					"seconds":	1.0016219615936279,
					"bytes":	2621440,
					"bits_per_second":	20937560.081683233,
					"retransmits":	0,
					"snd_cwnd":	292888,
					"snd_wnd":	-1,
					"rtt":	448,
					"rttvar":	415,
					"pmtu":	9500,
					"omitted":	false,
					"sender":	true
				}],
			"sum":	{
				"start":	0,
				"end":	1.001622,
				"seconds":	1.0016219615936279,
				"bytes":	2621440,
				"bits_per_second":	20937560.081683233,
				"retransmits":	0,
				"omitted":	false,
				"sender":	true
			}
		}, {
			"streams":	[{
					"socket":	5,
					"start":	1.001622,
					"end":	2.001427,
					"seconds":	0.999804973602295,
					"bytes":	2490368,
					"bits_per_second":	19926830.257922884,
					"retransmits":	0,
					"snd_cwnd":	292888,
					"snd_wnd":	-1,
					"rtt":	443,
					"rttvar":	366,
					"pmtu":	9500,
					"omitted":	false,
					"sender":	true
				}],
			"sum":	{
				"start":	1.001622,
				"end":	2.001427,
				"seconds":	0.999804973602295,
				"bytes":	2490368,
				"bits_per_second":	19926830.257922884,
				"retransmits":	0,
				"omitted":	false,
				"sender":	true
			}
		}, {
			"streams":	[{
					"socket":	5,
					"start":	2.001427,
					"end":	3.001904,
					"seconds":	1.0004769563674927,
					"bytes":	2490368,
					"bits_per_second":	19913446.155057624,
					"retransmits":	0,
					"snd_cwnd":	292888,
					"snd_wnd":	-1,
					"rtt":	300,
					"rttvar":	166,
					"pmtu":	9500,
					"omitted":	false,
					"sender":	true
				}],
			"sum":	{
				"start":	2.001427,
				"end":	3.001904,
				"seconds":	1.0004769563674927,
				"bytes":	2490368,
				"bits_per_second":	19913446.155057624,
				"retransmits":	0,
				"omitted":	false,
				"sender":	true
			}
		}],
	"end":	{
		"streams":	[{
				"sender":	{
					"socket":	5,
					"start":	0,
					"end":	3.001904,
					"seconds":	3.001904,
					"bytes":	7602176,
					"bits_per_second":	20259611.233403865,
					"retransmits":	0,
					"max_snd_cwnd":	292888,
					"max_snd_wnd":	0,
					"max_rtt":	448,
					"min_rtt":	300,
					"mean_rtt":	397,
					"sender":	true
				},
				"receiver":	{
					"socket":	5,
					"start":	0,
					"end":	3.00251,
					"seconds":	3.001904,
					"bytes":	7602176,
					"bits_per_second":	20255522.213081721,
					"sender":	true
				}
			}],
		"sum_sent":	{
			"start":	0,
			"end":	3.001904,
			"seconds":	3.001904,
			"bytes":	7602176,
			"bits_per_second":	20259611.233403865,
			"retransmits":	0,
			"sender":	true
		},
		"sum_received":	{
			"start":	0,
			"end":	3.00251,
			"seconds":	3.00251,
			"bytes":	7602176,
			"bits_per_second":	20255522.213081721,
			"sender":	true
		},
		"cpu_utilization_percent":	{
			"host_total":	1.5252101036060828,
			"host_user":	0.069374616942312922,
			"host_system":	1.4562680382322348,
			"remote_total":	0.683013530413797,
			"remote_user":	0.37039158154941154,
			"remote_system":	0.31222238944523839
		},
		"sender_tcp_congestion":	"cubic",
		"receiver_tcp_congestion":	"cubic"
	}
}
