{
	"start":	{
		"connected":	[{
				"socket":	5,
				"local_host":	"192.168.1.2",
				"local_port":	47052,
				"remote_host":	"192.168.8.2",
				"remote_port":	5203
			}],
		"version":	"iperf 3.19.1",
		"system_info":	"Linux h1 6.6.87.2-microsoft-standard-WSL2 #1 SMP PREEMPT_DYNAMIC Thu Jun  5 18:30:46 UTC 2025 x86_64",
		"timestamp":	{
			"time":	"Mon, 06 Apr 2026 03:43:53 UTC",
			"timesecs":	1775447033
		},
		"connecting_to":	{
			"host":	"192.168.8.2",
			"port":	5203
		},
		"cookie":	"usnrhz5o42vod6wbsdawetddkxrbck2ewblv",
		"tcp_mss_default":	9448,
		"target_bitrate":	20000000,
		"fq_rate":	0,
		"sock_bufsize":	0,
		"sndbuf_actual":	16384,
		"rcvbuf_actual":	131072,
		"test_start":	{
			"protocol":	"TCP",
			"num_streams":	1,
			"blksize":	131072,
			"omit":	0,
			"duration":	3,
			"bytes":	0,
			"blocks":	0,
			"reverse":	0,
			"tos":	0,
			"target_bitrate":	20000000,
			"bidir":	0,
			"fqrate":	0,
			"interval":	1
		}
	},
	"intervals":	[{
			"streams":	[{
					"socket":	5,
					"start":	0,
					"end":	1.001058,
					"seconds":	1.0010579824447632,
					"bytes":	2621440,
					"bits_per_second":	20949355.949176677,
					"retransmits":	0,
					"snd_cwnd":	359024,
					"snd_wnd":	-1,
					"rtt":	145,
					"rttvar":	54,
					"pmtu":	9500,
					"omitted":	false,
					"sender":	true
				}],
			"sum":	{
				"start":	0,
				"end":	1.001058,
				"seconds":	1.0010579824447632,
				"bytes":	2621440,
				"bits_per_second":	20949355.949176677,
				"retransmits":	0,
				"omitted":	false,
				"sender":	true
			}
		}, {
			"streams":	[{
					"socket":	5,
					"start":	1.001058,
					"end":	2.000249,
					"seconds":	0.99919098615646362,
					"bytes":	2490368,
					"bits_per_second":	19939074.987692352,
					"retransmits":	0,
					"snd_cwnd":	359024,
					"snd_wnd":	-1,
					"rtt":	175,
					"rttvar":	73,
					"pmtu":	9500,
					"omitted":	false,
					"sender":	true
				}],
			"sum":	{
				"start":	1.001058,
				"end":	2.000249,
				"seconds":	0.99919098615646362,
				"bytes":	2490368,
				"bits_per_second":	19939074.987692352,
				"retransmits":	0,
				"omitted":	false,
				"sender":	true
			}
		}, {
			"streams":	[{
					"socket":	5,
					"start":	2.000249,
					"end":	3.001216,
					"seconds":	1.0009670257568359,
					"bytes":	2490368,
					"bits_per_second":	19903696.612719253,
					"retransmits":	0,
					"snd_cwnd":	359024,
					"snd_wnd":	-1,
					"rtt":	130,
					"rttvar":	58,
					"pmtu":	9500,
					"omitted":	false,
					"sender":	true
				}],
			"sum":	{
				"start":	2.000249,
				"end":	3.001216,
				"seconds":	1.0009670257568359,
				"bytes":	2490368,
				"bits_per_second":	19903696.612719253,
				"retransmits":	0,
				"omitted":	false,
				"sender":	true
			}
		}],
	"end":	{
		"streams":	[{
				"sender":	{
					"socket":	5,
					"start":	0,
					"end":	3.001216,
					"seconds":	3.001216,
					"bytes":	7602176,
					"bits_per_second":	20264255.555081673,
					"retransmits":	0,
					"max_snd_cwnd":	359024,
					"max_snd_wnd":	0,
					"max_rtt":	175,
					"min_rtt":	130,
					"mean_rtt":	150,
					"sender":	true
				},
				"receiver":	{
					"socket":	5,
					"start":	0,
					"end":	3.001382,
					"seconds":	3.001216,
					"bytes":	7602176,
					"bits_per_second":	20263134.782576825,
					"sender":	true
				}
			}],
		"sum_sent":	{
			"start":	0,
			"end":	3.001216,
			"seconds":	3.001216,
			"bytes":	7602176,
			"bits_per_second":	20264255.555081673,
			"retransmits":	0,
			"sender":	true
		},
		"sum_received":	{
			"start":	0,
			"end":	3.001382,
			"seconds":	3.001382,
			"bytes":	7602176,
			"bits_per_second":	20263134.782576825,
			"sender":	true
		},
		"cpu_utilization_percent":	{
			"host_total":	0.6151733886963846,
			"host_user":	0.012890362305782711,
			"host_system":	0.60224971796087123,
			"remote_total":	0.22872484151684053,
			"remote_user":	0.010894832217917967,
			"remote_system":	0.21786332682864093
		},
		"sender_tcp_congestion":	"cubic",
		"receiver_tcp_congestion":	"cubic"
	}
}
