{
	"start":	{
		"connected":	[{
				"socket":	5,
				"local_host":	"192.168.1.2",
				"local_port":	57762,
				"remote_host":	"192.168.8.2",
				"remote_port":	5202
			}],
		"version":	"iperf 3.19.1",
		"system_info":	"Linux h1 6.6.87.2-microsoft-standard-WSL2 #1 SMP PREEMPT_DYNAMIC Thu Jun  5 18:30:46 UTC 2025 x86_64",
		"timestamp":	{
			"time":	"Mon, 06 Apr 2026 03:57:38 UTC",
			"timesecs":	1775447858
		},
		"connecting_to":	{
			"host":	"192.168.8.2",
			"port":	5202
		},
		"cookie":	"jn37rp5t4dnzsrw5opj756orhbqjthw2lxsx",
		"tcp_mss_default":	9448,
		"target_bitrate":	20000000,
		"fq_rate":	0,
		"sock_bufsize":	0,
		"sndbuf_actual":	16384,
		"rcvbuf_actual":	131072,
		"test_start":	{
			"protocol":	"TCP",
			"num_streams":	1,
			"blksize":	131072,
			"omit":	0,
			"duration":	3,
			"bytes":	0,
			"blocks":	0,
			"reverse":	0,
			"tos":	0,
			"target_bitrate":	20000000,
			"bidir":	0,
			"fqrate":	0,
			"interval":	1
		}
	},
	"intervals":	[{
			"streams":	[{
					"socket":	5,
					"start":	0,
					"end":	1.00083,
					"seconds":	1.0008300542831421,
					"bytes":	2621440,
					"bits_per_second":	20954126.937186286,
					"retransmits":	0,
					"snd_cwnd":	236200,
					"snd_wnd":	-1,
					"rtt":	209,
					"rttvar":	121,
					"pmtu":	9500,
					"omitted":	false,
					"sender":	true
				}],
			"sum":	{
				"start":	0,
				"end":	1.00083,
				"seconds":	1.0008300542831421,
				"bytes":	2621440,
				"bits_per_second":	20954126.937186286,
				"retransmits":	0,
				"omitted":	false,
				"sender":	true
			}
		}, {
			"streams":	[{
					"socket":	5,
					"start":	1.00083,
					"end":	2.001284,
					"seconds":	1.0004539489746094,
					"bytes":	2490368,
					"bits_per_second":	19913904.103651676,
					"retransmits":	0,
					"snd_cwnd":	236200,
					"snd_wnd":	-1,
					"rtt":	312,
					"rttvar":	168,
					"pmtu":	9500,
					"omitted":	false,
					"sender":	true
				}],
			"sum":	{
				"start":	1.00083,
				"end":	2.001284,
				"seconds":	1.0004539489746094,
				"bytes":	2490368,
				"bits_per_second":	19913904.103651676,
				"retransmits":	0,
				"omitted":	false,
				"sender":	true
			}
		}, {
			"streams":	[{
					"socket":	5,
					"start":	2.001284,
					"end":	3.002914,
					"seconds":	1.0016299486160278,
					"bytes":	2490368,
					"bits_per_second":	19890523.46879996,
					"retransmits":	0,
					"snd_cwnd":	236200,
					"snd_wnd":	-1,
					"rtt":	464,
					"rttvar":	358,
					"pmtu":	9500,
					"omitted":	false,
					"sender":	true
				}],
			"sum":	{
				"start":	2.001284,
				"end":	3.002914,
				"seconds":	1.0016299486160278,
				"bytes":	2490368,
				"bits_per_second":	19890523.46879996,
				"retransmits":	0,
				"omitted":	false,
				"sender":	true
			}
		}],
	"end":	{
		"streams":	[{
				"sender":	{
					"socket":	5,
					"start":	0,
					"end":	3.002914,
					"seconds":	3.002914,
					"bytes":	7602176,
					"bits_per_second":	20252797.116400935,
					"retransmits":	0,
					"max_snd_cwnd":	236200,
					"max_snd_wnd":	0,
					"max_rtt":	464,
					"min_rtt":	209,
					"mean_rtt":	328,
					"sender":	true
				},
				"receiver":	{
					"socket":	5,
					"start":	0,
					"end":	3.003691,
					"seconds":	3.002914,
					"bytes":	7602176,
					"bits_per_second":	20247558.087699436,
					"sender":	true
				}
			}],
		"sum_sent":	{
			"start":	0,
			"end":	3.002914,
			"seconds":	3.002914,
			"bytes":	7602176,
			"bits_per_second":	20252797.116400935,
			"retransmits":	0,
			"sender":	true
		},
		"sum_received":	{
			"start":	0,
			"end":	3.003691,
			"seconds":	3.003691,
			"bytes":	7602176,
			"bits_per_second":	20247558.087699436,
			"sender":	true
		},
		"cpu_utilization_percent":	{
			"host_total":	1.5954641394087,
			"host_user":	0.2178552093083771,
			"host_system":	1.3775423789442791,
			"remote_total":	0.58787282185945444,
			"remote_user":	0.0073904392351095138,
			"remote_system":	0.58051567289116979
		},
		"sender_tcp_congestion":	"cubic",
		"receiver_tcp_congestion":	"cubic"
	}
}
