{
	"start":	{
		"connected":	[{
				"socket":	5,
				"local_host":	"192.168.1.2",
				"local_port":	53222,
				"remote_host":	"192.168.8.2",
				"remote_port":	5203
			}],
		"version":	"iperf 3.19.1",
		"system_info":	"Linux h1 6.6.87.2-microsoft-standard-WSL2 #1 SMP PREEMPT_DYNAMIC Thu Jun  5 18:30:46 UTC 2025 x86_64",
		"timestamp":	{
			"time":	"Mon, 06 Apr 2026 03:41:48 UTC",
			"timesecs":	1775446908
		},
		"connecting_to":	{
			"host":	"192.168.8.2",
			"port":	5203
		},
		"cookie":	"qmt5d3fp3ennlrzi2av2ewg4pixth2xws73h",
		"tcp_mss_default":	9448,
		"target_bitrate":	20000000,
		"fq_rate":	0,
		"sock_bufsize":	0,
		"sndbuf_actual":	16384,
		"rcvbuf_actual":	131072,
		"test_start":	{
			"protocol":	"TCP",
			"num_streams":	1,
			"blksize":	131072,
			"omit":	0,
			"duration":	3,
			"bytes":	0,
			"blocks":	0,
			"reverse":	0,
			"tos":	0,
			"target_bitrate":	20000000,
			"bidir":	0,
			"fqrate":	0,
			"interval":	1
		}
	},
	"intervals":	[{
			"streams":	[{
					"socket":	5,
					"start":	0,
					"end":	1.001058,
					"seconds":	1.0010579824447632,
					"bytes":	2621440,
					"bits_per_second":	20949355.949176677,
					"retransmits":	0,
					"snd_cwnd":	359024,
					"snd_wnd":	-1,
					"rtt":	197,
					"rttvar":	105,
					"pmtu":	9500,
					"omitted":	false,
					"sender":	true
				}],
			"sum":	{
				"start":	0,
				"end":	1.001058,
				"seconds":	1.0010579824447632,
				"bytes":	2621440,
				"bits_per_second":	20949355.949176677,
				"retransmits":	0,
				"omitted":	false,
				"sender":	true
			}
		}, {
			"streams":	[{
					"socket":	5,
					"start":	1.001058,
					"end":	2.001041,
					"seconds":	0.999983012676239,
					"bytes":	2490368,
					"bits_per_second":	19923282.443249244,
					"retransmits":	0,
					"snd_cwnd":	359024,
					"snd_wnd":	-1,
					"rtt":	154,
					"rttvar":	54,
					"pmtu":	9500,
					"omitted":	false,
					"sender":	true
				}],
			"sum":	{
				"start":	1.001058,
				"end":	2.001041,
				"seconds":	0.999983012676239,
				"bytes":	2490368,
				"bits_per_second":	19923282.443249244,
				"retransmits":	0,
				"omitted":	false,
				"sender":	true
			}
		}, {
			"streams":	[{
					"socket":	5,
					"start":	2.001041,
					"end":	3.00153,
					"seconds":	1.0004889965057373,
					"bytes":	2490368,
					"bits_per_second":	19913206.5115978,
					"retransmits":	0,
					"snd_cwnd":	359024,
					"snd_wnd":	-1,
					"rtt":	156,
					"rttvar":	62,
					"pmtu":	9500,
					"omitted":	false,
					"sender":	true
				}],
			"sum":	{
				"start":	2.001041,
				"end":	3.00153,
				"seconds":	1.0004889965057373,
				"bytes":	2490368,
				"bits_per_second":	19913206.5115978,
				"retransmits":	0,
				"omitted":	false,
				"sender":	true
			}
		}],
	"end":	{
		"streams":	[{
				"sender":	{
					"socket":	5,
					"start":	0,
					"end":	3.00153,
					"seconds":	3.00153,
					"bytes":	7602176,
					"bits_per_second":	20262135.644154817,
					"retransmits":	0,
					"max_snd_cwnd":	359024,
					"max_snd_wnd":	0,
					"max_rtt":	197,
					"min_rtt":	154,
					"mean_rtt":	169,
					"sender":	true
				},
				"receiver":	{
					"socket":	5,
					"start":	0,
					"end":	3.001723,
					"seconds":	3.00153,
					"bytes":	7602176,
					"bits_per_second":	20260832.861659788,
					"sender":	true
				}
			}],
		"sum_sent":	{
			"start":	0,
			"end":	3.00153,
			"seconds":	3.00153,
			"bytes":	7602176,
			"bits_per_second":	20262135.644154817,
			"retransmits":	0,
			"sender":	true
		},
		"sum_received":	{
			"start":	0,
			"end":	3.001723,
			"seconds":	3.001723,
			"bytes":	7602176,
			"bits_per_second":	20260832.861659788,
			"sender":	true
		},
		"cpu_utilization_percent":	{
			"host_total":	0.69416021566789277,
			"host_user":	0.0910494161214747,
			"host_system":	0.60314410218581871,
			"remote_total":	0.264311515806888,
			"remote_user":	0.0034979467052839983,
			"remote_system":	0.260813569101604
		},
		"sender_tcp_congestion":	"cubic",
		"receiver_tcp_congestion":	"cubic"
	}
}
