{
	"start":	{
		"connected":	[{
				"socket":	5,
				"local_host":	"192.168.1.2",
				"local_port":	53194,
				"remote_host":	"192.168.8.2",
				"remote_port":	5204
			}],
		"version":	"iperf 3.19.1",
		"system_info":	"Linux h1 6.6.87.2-microsoft-standard-WSL2 #1 SMP PREEMPT_DYNAMIC Thu Jun  5 18:30:46 UTC 2025 x86_64",
		"timestamp":	{
			"time":	"Mon, 06 Apr 2026 03:54:31 UTC",
			"timesecs":	1775447671
		},
		"connecting_to":	{
			"host":	"192.168.8.2",
			"port":	5204
		},
		"cookie":	"klbvyrbyjmlei7osc72z6bbzwfot3xoaw5l2",
		"tcp_mss_default":	9448,
		"target_bitrate":	20000000,
		"fq_rate":	0,
		"sock_bufsize":	0,
		"sndbuf_actual":	16384,
		"rcvbuf_actual":	131072,
		"test_start":	{
			"protocol":	"TCP",
			"num_streams":	1,
			"blksize":	131072,
			"omit":	0,
			"duration":	3,
			"bytes":	0,
			"blocks":	0,
			"reverse":	0,
			"tos":	0,
			"target_bitrate":	20000000,
			"bidir":	0,
			"fqrate":	0,
			"interval":	1
		}
	},
	"intervals":	[{
			"streams":	[{
					"socket":	5,
					"start":	0,
					"end":	1.001501,
					"seconds":	1.0015009641647339,
					"bytes":	2621440,
					"bits_per_second":	20940089.675790325,
					"retransmits":	0,
					"snd_cwnd":	264544,
					"snd_wnd":	-1,
					"rtt":	198,
					"rttvar":	112,
					"pmtu":	9500,
					"omitted":	false,
					"sender":	true
				}],
			"sum":	{
				"start":	0,
				"end":	1.001501,
				"seconds":	1.0015009641647339,
				"bytes":	2621440,
				"bits_per_second":	20940089.675790325,
				"retransmits":	0,
				"omitted":	false,
				"sender":	true
			}
		}, {
			"streams":	[{
					"socket":	5,
					"start":	1.001501,
					"end":	2.001132,
					"seconds":	0.99963098764419556,
					"bytes":	2490368,
					"bits_per_second":	19930298.526411116,
					"retransmits":	0,
					"snd_cwnd":	264544,
					"snd_wnd":	-1,
					"rtt":	216,
					"rttvar":	86,
					"pmtu":	9500,
					"omitted":	false,
					"sender":	true
				}],
			"sum":	{
				"start":	1.001501,
				"end":	2.001132,
				"seconds":	0.99963098764419556,
				"bytes":	2490368,
				"bits_per_second":	19930298.526411116,
				"retransmits":	0,
				"omitted":	false,
				"sender":	true
			}
		}, {
			"streams":	[{
					"socket":	5,
					"start":	2.001132,
					"end":	3.001475,
					"seconds":	1.0003429651260376,
					"bytes":	2490368,
					"bits_per_second":	19916113.4676344,
					"retransmits":	0,
					"snd_cwnd":	264544,
					"snd_wnd":	-1,
					"rtt":	276,
					"rttvar":	201,
					"pmtu":	9500,
					"omitted":	false,
					"sender":	true
				}],
			"sum":	{
				"start":	2.001132,
				"end":	3.001475,
				"seconds":	1.0003429651260376,
				"bytes":	2490368,
				"bits_per_second":	19916113.4676344,
				"retransmits":	0,
				"omitted":	false,
				"sender":	true
			}
		}],
	"end":	{
		"streams":	[{
				"sender":	{
					"socket":	5,
					"start":	0,
					"end":	3.001475,
					"seconds":	3.001475,
					"bytes":	7602176,
					"bits_per_second":	20262506.934090737,
					"retransmits":	0,
					"max_snd_cwnd":	264544,
					"max_snd_wnd":	0,
					"max_rtt":	276,
					"min_rtt":	198,
					"mean_rtt":	230,
					"sender":	true
				},
				"receiver":	{
					"socket":	5,
					"start":	0,
					"end":	3.001724,
					"seconds":	3.001475,
					"bytes":	7602176,
					"bits_per_second":	20260826.111927681,
					"sender":	true
				}
			}],
		"sum_sent":	{
			"start":	0,
			"end":	3.001475,
			"seconds":	3.001475,
			"bytes":	7602176,
			"bits_per_second":	20262506.934090737,
			"retransmits":	0,
			"sender":	true
		},
		"sum_received":	{
			"start":	0,
			"end":	3.001724,
			"seconds":	3.001724,
			"bytes":	7602176,
			"bits_per_second":	20260826.111927681,
			"sender":	true
		},
		"cpu_utilization_percent":	{
			"host_total":	1.174275746196348,
			"host_user":	0.15526264792904335,
			"host_system":	1.0190130982673047,
			"remote_total":	0.43950267206164828,
			"remote_user":	0.142814216260766,
			"remote_system":	0.29658851583149054
		},
		"sender_tcp_congestion":	"cubic",
		"receiver_tcp_congestion":	"cubic"
	}
}
