{
	"start":	{
		"connected":	[{
				"socket":	5,
				"local_host":	"192.168.1.2",
				"local_port":	44990,
				"remote_host":	"192.168.8.2",
				"remote_port":	5202
			}],
		"version":	"iperf 3.19.1",
		"system_info":	"Linux h1 6.6.87.2-microsoft-standard-WSL2 #1 SMP PREEMPT_DYNAMIC Thu Jun  5 18:30:46 UTC 2025 x86_64",
		"timestamp":	{
			"time":	"Mon, 06 Apr 2026 04:07:05 UTC",
			"timesecs":	1775448425
		},
		"connecting_to":	{
			"host":	"192.168.8.2",
			"port":	5202
		},
		"cookie":	"q74536ogi24kh76egqelayx7cbdtwyu5xm5c",
		"tcp_mss_default":	9448,
		"target_bitrate":	20000000,
		"fq_rate":	0,
		"sock_bufsize":	0,
		"sndbuf_actual":	16384,
		"rcvbuf_actual":	131072,
		"test_start":	{
			"protocol":	"TCP",
			"num_streams":	1,
			"blksize":	131072,
			"omit":	0,
			"duration":	3,
			"bytes":	0,
			"blocks":	0,
			"reverse":	0,
			"tos":	0,
			"target_bitrate":	20000000,
			"bidir":	0,
			"fqrate":	0,
			"interval":	1
		}
	},
	"intervals":	[{
			"streams":	[{
					"socket":	5,
					"start":	0,
					"end":	1.001085,
					"seconds":	1.0010850429534912,
					"bytes":	2621440,
					"bits_per_second":	20948789.663391568,
					"retransmits":	0,
					"snd_cwnd":	264544,
					"snd_wnd":	-1,
					"rtt":	155,
					"rttvar":	77,
					"pmtu":	9500,
					"omitted":	false,
					"sender":	true
				}],
			"sum":	{
				"start":	0,
				"end":	1.001085,
				"seconds":	1.0010850429534912,
				"bytes":	2621440,
				"bits_per_second":	20948789.663391568,
				"retransmits":	0,
				"omitted":	false,
				"sender":	true
			}
		}, {
			"streams":	[{
					"socket":	5,
					"start":	1.001085,
					"end":	2.001151,
					"seconds":	1.0000660419464111,
					"bytes":	2490368,
					"bits_per_second":	19921628.336888954,
					"retransmits":	0,
					"snd_cwnd":	264544,
					"snd_wnd":	-1,
					"rtt":	149,
					"rttvar":	58,
					"pmtu":	9500,
					"omitted":	false,
					"sender":	true
				}],
			"sum":	{
				"start":	1.001085,
				"end":	2.001151,
				"seconds":	1.0000660419464111,
				"bytes":	2490368,
				"bits_per_second":	19921628.336888954,
				"retransmits":	0,
				"omitted":	false,
				"sender":	true
			}
		}, {
			"streams":	[{
					"socket":	5,
					"start":	2.001151,
					"end":	3.001712,
					"seconds":	1.000560998916626,
					"bytes":	2490368,
					"bits_per_second":	19911773.51662907,
					"retransmits":	0,
					"snd_cwnd":	264544,
					"snd_wnd":	-1,
					"rtt":	141,
					"rttvar":	70,
					"pmtu":	9500,
					"omitted":	false,
					"sender":	true
				}],
			"sum":	{
				"start":	2.001151,
				"end":	3.001712,
				"seconds":	1.000560998916626,
				"bytes":	2490368,
				"bits_per_second":	19911773.51662907,
				"retransmits":	0,
				"omitted":	false,
				"sender":	true
			}
		}],
	"end":	{
		"streams":	[{
				"sender":	{
					"socket":	5,
					"start":	0,
					"end":	3.001712,
					"seconds":	3.001712,
					"bytes":	7602176,
					"bits_per_second":	20260907.109009791,
					"retransmits":	0,
					"max_snd_cwnd":	264544,
					"max_snd_wnd":	0,
					"max_rtt":	155,
					"min_rtt":	141,
					"mean_rtt":	148,
					"sender":	true
				},
				"receiver":	{
					"socket":	5,
					"start":	0,
					"end":	3.001926,
					"seconds":	3.001712,
					"bytes":	7602176,
					"bits_per_second":	20259462.75824254,
					"sender":	true
				}
			}],
		"sum_sent":	{
			"start":	0,
			"end":	3.001712,
			"seconds":	3.001712,
			"bytes":	7602176,
			"bits_per_second":	20260907.109009791,
			"retransmits":	0,
			"sender":	true
		},
		"sum_received":	{
			"start":	0,
			"end":	3.001926,
			"seconds":	3.001926,
			"bytes":	7602176,
			"bits_per_second":	20259462.75824254,
			"sender":	true
		},
		"cpu_utilization_percent":	{
			"host_total":	0.66172630973187263,
			"host_user":	0,
			"host_system":	0.662558879321369,
			"remote_total":	0.20583157254455325,
			"remote_user":	0,
			"remote_system":	0.20586488401445852
		},
		"sender_tcp_congestion":	"cubic",
		"receiver_tcp_congestion":	"cubic"
	}
}
