{
	"start":	{
		"connected":	[{
				"socket":	5,
				"local_host":	"192.168.1.2",
				"local_port":	39238,
				"remote_host":	"192.168.8.2",
				"remote_port":	5202
			}],
		"version":	"iperf 3.19.1",
		"system_info":	"Linux h1 6.6.87.2-microsoft-standard-WSL2 #1 SMP PREEMPT_DYNAMIC Thu Jun  5 18:30:46 UTC 2025 x86_64",
		"timestamp":	{
			"time":	"Mon, 06 Apr 2026 03:43:47 UTC",
			"timesecs":	1775447027
		},
		"connecting_to":	{
			"host":	"192.168.8.2",
			"port":	5202
		},
		"cookie":	"gm543i4qwulroob4aly52llxllkn4z5s3mue",
		"tcp_mss_default":	9448,
		"target_bitrate":	20000000,
		"fq_rate":	0,
		"sock_bufsize":	0,
		"sndbuf_actual":	16384,
		"rcvbuf_actual":	131072,
		"test_start":	{
			"protocol":	"TCP",
			"num_streams":	1,
			"blksize":	131072,
			"omit":	0,
			"duration":	3,
			"bytes":	0,
			"blocks":	0,
			"reverse":	0,
			"tos":	0,
			"target_bitrate":	20000000,
			"bidir":	0,
			"fqrate":	0,
			"interval":	1
		}
	},
	"intervals":	[{
			"streams":	[{
					"socket":	5,
					"start":	0,
					"end":	1.001078,
					"seconds":	1.0010780096054077,
					"bytes":	2621440,
					"bits_per_second":	20948936.844858162,
					"retransmits":	0,
					"snd_cwnd":	283440,
					"snd_wnd":	-1,
					"rtt":	129,
					"rttvar":	74,
					"pmtu":	9500,
					"omitted":	false,
					"sender":	true
				}],
			"sum":	{
				"start":	0,
				"end":	1.001078,
				"seconds":	1.0010780096054077,
				"bytes":	2621440,
				"bits_per_second":	20948936.844858162,
				"retransmits":	0,
				"omitted":	false,
				"sender":	true
			}
		}, {
			"streams":	[{
					"socket":	5,
					"start":	1.001078,
					"end":	2.000761,
					"seconds":	0.99968302249908447,
					"bytes":	2490368,
					"bits_per_second":	19929261.127387252,
					"retransmits":	0,
					"snd_cwnd":	283440,
					"snd_wnd":	-1,
					"rtt":	147,
					"rttvar":	65,
					"pmtu":	9500,
					"omitted":	false,
					"sender":	true
				}],
			"sum":	{
				"start":	1.001078,
				"end":	2.000761,
				"seconds":	0.99968302249908447,
				"bytes":	2490368,
				"bits_per_second":	19929261.127387252,
				"retransmits":	0,
				"omitted":	false,
				"sender":	true
			}
		}, {
			"streams":	[{
					"socket":	5,
					"start":	2.000761,
					"end":	3.001191,
					"seconds":	1.00042998790741,
					"bytes":	2490368,
					"bits_per_second":	19914381.056961957,
					"retransmits":	0,
					"snd_cwnd":	283440,
					"snd_wnd":	-1,
					"rtt":	139,
					"rttvar":	46,
					"pmtu":	9500,
					"omitted":	false,
					"sender":	true
				}],
			"sum":	{
				"start":	2.000761,
				"end":	3.001191,
				"seconds":	1.00042998790741,
				"bytes":	2490368,
				"bits_per_second":	19914381.056961957,
				"retransmits":	0,
				"omitted":	false,
				"sender":	true
			}
		}],
	"end":	{
		"streams":	[{
				"sender":	{
					"socket":	5,
					"start":	0,
					"end":	3.001191,
					"seconds":	3.001191,
					"bytes":	7602176,
					"bits_per_second":	20264424.356863659,
					"retransmits":	0,
					"max_snd_cwnd":	283440,
					"max_snd_wnd":	0,
					"max_rtt":	147,
					"min_rtt":	129,
					"mean_rtt":	138,
					"sender":	true
				},
				"receiver":	{
					"socket":	5,
					"start":	0,
					"end":	3.001346,
					"seconds":	3.001191,
					"bytes":	7602176,
					"bits_per_second":	20263377.831146426,
					"sender":	true
				}
			}],
		"sum_sent":	{
			"start":	0,
			"end":	3.001191,
			"seconds":	3.001191,
			"bytes":	7602176,
			"bits_per_second":	20264424.356863659,
			"retransmits":	0,
			"sender":	true
		},
		"sum_received":	{
			"start":	0,
			"end":	3.001346,
			"seconds":	3.001346,
			"bytes":	7602176,
			"bits_per_second":	20263377.831146426,
			"sender":	true
		},
		"cpu_utilization_percent":	{
			"host_total":	0.6304056837760128,
			"host_user":	0.066177942395548264,
			"host_system":	0.56426104683713063,
			"remote_total":	0.20753627553514142,
			"remote_user":	0,
			"remote_system":	0.20753627553514142
		},
		"sender_tcp_congestion":	"cubic",
		"receiver_tcp_congestion":	"cubic"
	}
}
