{
	"start":	{
		"connected":	[{
				"socket":	5,
				"local_host":	"192.168.1.2",
				"local_port":	43802,
				"remote_host":	"192.168.8.2",
				"remote_port":	5203
			}],
		"version":	"iperf 3.19.1",
		"system_info":	"Linux h1 6.6.87.2-microsoft-standard-WSL2 #1 SMP PREEMPT_DYNAMIC Thu Jun  5 18:30:46 UTC 2025 x86_64",
		"timestamp":	{
			"time":	"Mon, 06 Apr 2026 03:55:05 UTC",
			"timesecs":	1775447705
		},
		"connecting_to":	{
			"host":	"192.168.8.2",
			"port":	5203
		},
		"cookie":	"qz3k4hbtgzxunvlp2ftvqqcsyx5dy22jtvqj",
		"tcp_mss_default":	9448,
		"target_bitrate":	20000000,
		"fq_rate":	0,
		"sock_bufsize":	0,
		"sndbuf_actual":	16384,
		"rcvbuf_actual":	131072,
		"test_start":	{
			"protocol":	"TCP",
			"num_streams":	1,
			"blksize":	131072,
			"omit":	0,
			"duration":	3,
			"bytes":	0,
			"blocks":	0,
			"reverse":	0,
			"tos":	0,
			"target_bitrate":	20000000,
			"bidir":	0,
			"fqrate":	0,
			"interval":	1
		}
	},
	"intervals":	[{
			"streams":	[{
					"socket":	5,
					"start":	0,
					"end":	1.001092,
					"seconds":	1.0010919570922852,
					"bytes":	2621440,
					"bits_per_second":	20948644.978541918,
					"retransmits":	0,
					"snd_cwnd":	264544,
					"snd_wnd":	-1,
					"rtt":	213,
					"rttvar":	120,
					"pmtu":	9500,
					"omitted":	false,
					"sender":	true
				}],
			"sum":	{
				"start":	0,
				"end":	1.001092,
				"seconds":	1.0010919570922852,
				"bytes":	2621440,
				"bits_per_second":	20948644.978541918,
				"retransmits":	0,
				"omitted":	false,
				"sender":	true
			}
		}, {
			"streams":	[{
					"socket":	5,
					"start":	1.001092,
					"end":	2.000132,
					"seconds":	0.99904000759124756,
					"bytes":	2490368,
					"bits_per_second":	19942088.253337875,
					"retransmits":	0,
					"snd_cwnd":	264544,
					"snd_wnd":	-1,
					"rtt":	205,
					"rttvar":	118,
					"pmtu":	9500,
					"omitted":	false,
					"sender":	true
				}],
			"sum":	{
				"start":	1.001092,
				"end":	2.000132,
				"seconds":	0.99904000759124756,
				"bytes":	2490368,
				"bits_per_second":	19942088.253337875,
				"retransmits":	0,
				"omitted":	false,
				"sender":	true
			}
		}, {
			"streams":	[{
					"socket":	5,
					"start":	2.000132,
					"end":	3.001453,
					"seconds":	1.0013209581375122,
					"bytes":	2490368,
					"bits_per_second":	19896661.343289256,
					"retransmits":	0,
					"snd_cwnd":	264544,
					"snd_wnd":	-1,
					"rtt":	232,
					"rttvar":	168,
					"pmtu":	9500,
					"omitted":	false,
					"sender":	true
				}],
			"sum":	{
				"start":	2.000132,
				"end":	3.001453,
				"seconds":	1.0013209581375122,
				"bytes":	2490368,
				"bits_per_second":	19896661.343289256,
				"retransmits":	0,
				"omitted":	false,
				"sender":	true
			}
		}],
	"end":	{
		"streams":	[{
				"sender":	{
					"socket":	5,
					"start":	0,
					"end":	3.001453,
					"seconds":	3.001453,
					"bytes":	7602176,
					"bits_per_second":	20262655.453875173,
					"retransmits":	0,
					"max_snd_cwnd":	264544,
					"max_snd_wnd":	0,
					"max_rtt":	232,
					"min_rtt":	205,
					"mean_rtt":	216,
					"sender":	true
				},
				"receiver":	{
					"socket":	5,
					"start":	0,
					"end":	3.001857,
					"seconds":	3.001453,
					"bytes":	7602176,
					"bits_per_second":	20259928.437630437,
					"sender":	true
				}
			}],
		"sum_sent":	{
			"start":	0,
			"end":	3.001453,
			"seconds":	3.001453,
			"bytes":	7602176,
			"bits_per_second":	20262655.453875173,
			"retransmits":	0,
			"sender":	true
		},
		"sum_received":	{
			"start":	0,
			"end":	3.001857,
			"seconds":	3.001857,
			"bytes":	7602176,
			"bits_per_second":	20259928.437630437,
			"sender":	true
		},
		"cpu_utilization_percent":	{
			"host_total":	0.95419338852223579,
			"host_user":	0,
			"host_system":	0.954293304060301,
			"remote_total":	0.34015237067314258,
			"remote_user":	0,
			"remote_system":	0.34018568301969759
		},
		"sender_tcp_congestion":	"cubic",
		"receiver_tcp_congestion":	"cubic"
	}
}
