{
	"start":	{
		"connected":	[{
				"socket":	5,
				"local_host":	"192.168.1.2",
				"local_port":	59180,
				"remote_host":	"192.168.8.2",
				"remote_port":	5203
			}],
		"version":	"iperf 3.19.1",
		"system_info":	"Linux h1 6.6.87.2-microsoft-standard-WSL2 #1 SMP PREEMPT_DYNAMIC Thu Jun  5 18:30:46 UTC 2025 x86_64",
		"timestamp":	{
			"time":	"Mon, 06 Apr 2026 03:57:10 UTC",
			"timesecs":	1775447830
		},
		"connecting_to":	{
			"host":	"192.168.8.2",
			"port":	5203
		},
		"cookie":	"b4imbi7jombmzo3ek4575j3gacfiggloee3j",
		"tcp_mss_default":	9448,
		"target_bitrate":	20000000,
		"fq_rate":	0,
		"sock_bufsize":	0,
		"sndbuf_actual":	16384,
		"rcvbuf_actual":	131072,
		"test_start":	{
			"protocol":	"TCP",
			"num_streams":	1,
			"blksize":	131072,
			"omit":	0,
			"duration":	3,
			"bytes":	0,
			"blocks":	0,
			"reverse":	0,
			"tos":	0,
			"target_bitrate":	20000000,
			"bidir":	0,
			"fqrate":	0,
			"interval":	1
		}
	},
	"intervals":	[{
			"streams":	[{
					"socket":	5,
					"start":	0,
					"end":	1.000863,
					"seconds":	1.0008629560470581,
					"bytes":	2621440,
					"bits_per_second":	20953438.1038816,
					"retransmits":	0,
					"snd_cwnd":	349576,
					"snd_wnd":	-1,
					"rtt":	321,
					"rttvar":	244,
					"pmtu":	9500,
					"omitted":	false,
					"sender":	true
				}],
			"sum":	{
				"start":	0,
				"end":	1.000863,
				"seconds":	1.0008629560470581,
				"bytes":	2621440,
				"bits_per_second":	20953438.1038816,
				"retransmits":	0,
				"omitted":	false,
				"sender":	true
			}
		}, {
			"streams":	[{
					"socket":	5,
					"start":	1.000863,
					"end":	2.000288,
					"seconds":	0.99942499399185181,
					"bytes":	2490368,
					"bits_per_second":	19934406.40345085,
					"retransmits":	0,
					"snd_cwnd":	349576,
					"snd_wnd":	-1,
					"rtt":	385,
					"rttvar":	326,
					"pmtu":	9500,
					"omitted":	false,
					"sender":	true
				}],
			"sum":	{
				"start":	1.000863,
				"end":	2.000288,
				"seconds":	0.99942499399185181,
				"bytes":	2490368,
				"bits_per_second":	19934406.40345085,
				"retransmits":	0,
				"omitted":	false,
				"sender":	true
			}
		}, {
			"streams":	[{
					"socket":	5,
					"start":	2.000288,
					"end":	3.001619,
					"seconds":	1.0013309717178345,
					"bytes":	2490368,
					"bits_per_second":	19896462.371298842,
					"retransmits":	0,
					"snd_cwnd":	349576,
					"snd_wnd":	-1,
					"rtt":	183,
					"rttvar":	61,
					"pmtu":	9500,
					"omitted":	false,
					"sender":	true
				}],
			"sum":	{
				"start":	2.000288,
				"end":	3.001619,
				"seconds":	1.0013309717178345,
				"bytes":	2490368,
				"bits_per_second":	19896462.371298842,
				"retransmits":	0,
				"omitted":	false,
				"sender":	true
			}
		}],
	"end":	{
		"streams":	[{
				"sender":	{
					"socket":	5,
					"start":	0,
					"end":	3.001619,
					"seconds":	3.001619,
					"bytes":	7602176,
					"bits_per_second":	20261534.858354777,
					"retransmits":	0,
					"max_snd_cwnd":	349576,
					"max_snd_wnd":	0,
					"max_rtt":	385,
					"min_rtt":	183,
					"mean_rtt":	296,
					"sender":	true
				},
				"receiver":	{
					"socket":	5,
					"start":	0,
					"end":	3.001814,
					"seconds":	3.001619,
					"bytes":	7602176,
					"bits_per_second":	20260218.6544536,
					"sender":	true
				}
			}],
		"sum_sent":	{
			"start":	0,
			"end":	3.001619,
			"seconds":	3.001619,
			"bytes":	7602176,
			"bits_per_second":	20261534.858354777,
			"retransmits":	0,
			"sender":	true
		},
		"sum_received":	{
			"start":	0,
			"end":	3.001814,
			"seconds":	3.001814,
			"bytes":	7602176,
			"bits_per_second":	20260218.6544536,
			"sender":	true
		},
		"cpu_utilization_percent":	{
			"host_total":	1.3355721639905713,
			"host_user":	0,
			"host_system":	1.3355721639905713,
			"remote_total":	0.45475153896302256,
			"remote_user":	0.02238612806264385,
			"remote_system":	0.43236541090037872
		},
		"sender_tcp_congestion":	"cubic",
		"receiver_tcp_congestion":	"cubic"
	}
}
