{
	"start":	{
		"connected":	[{
				"socket":	5,
				"local_host":	"192.168.1.2",
				"local_port":	35404,
				"remote_host":	"192.168.8.2",
				"remote_port":	5203
			}],
		"version":	"iperf 3.19.1",
		"system_info":	"Linux h1 6.6.87.2-microsoft-standard-WSL2 #1 SMP PREEMPT_DYNAMIC Thu Jun  5 18:30:46 UTC 2025 x86_64",
		"timestamp":	{
			"time":	"Mon, 06 Apr 2026 03:55:32 UTC",
			"timesecs":	1775447732
		},
		"connecting_to":	{
			"host":	"192.168.8.2",
			"port":	5203
		},
		"cookie":	"5ov2qqp7nq5mmbwdmua35z36l2h3pr6cz2w2",
		"tcp_mss_default":	9448,
		"target_bitrate":	20000000,
		"fq_rate":	0,
		"sock_bufsize":	0,
		"sndbuf_actual":	16384,
		"rcvbuf_actual":	131072,
		"test_start":	{
			"protocol":	"TCP",
			"num_streams":	1,
			"blksize":	131072,
			"omit":	0,
			"duration":	3,
			"bytes":	0,
			"blocks":	0,
			"reverse":	0,
			"tos":	0,
			"target_bitrate":	20000000,
			"bidir":	0,
			"fqrate":	0,
			"interval":	1
		}
	},
	"intervals":	[{
			"streams":	[{
					"socket":	5,
					"start":	0,
					"end":	1.001031,
					"seconds":	1.0010310411453247,
					"bytes":	2621440,
					"bits_per_second":	20949919.770725131,
					"retransmits":	0,
					"snd_cwnd":	207856,
					"snd_wnd":	-1,
					"rtt":	275,
					"rttvar":	162,
					"pmtu":	9500,
					"omitted":	false,
					"sender":	true
				}],
			"sum":	{
				"start":	0,
				"end":	1.001031,
				"seconds":	1.0010310411453247,
				"bytes":	2621440,
				"bits_per_second":	20949919.770725131,
				"retransmits":	0,
				"omitted":	false,
				"sender":	true
			}
		}, {
			"streams":	[{
					"socket":	5,
					"start":	1.001031,
					"end":	2.00111,
					"seconds":	1.0000790357589722,
					"bytes":	2490368,
					"bits_per_second":	19921369.499441847,
					"retransmits":	0,
					"snd_cwnd":	207856,
					"snd_wnd":	-1,
					"rtt":	232,
					"rttvar":	110,
					"pmtu":	9500,
					"omitted":	false,
					"sender":	true
				}],
			"sum":	{
				"start":	1.001031,
				"end":	2.00111,
				"seconds":	1.0000790357589722,
				"bytes":	2490368,
				"bits_per_second":	19921369.499441847,
				"retransmits":	0,
				"omitted":	false,
				"sender":	true
			}
		}, {
			"streams":	[{
					"socket":	5,
					"start":	2.00111,
					"end":	3.001306,
					"seconds":	1.0001959800720215,
					"bytes":	2490368,
					"bits_per_second":	19919040.265054256,
					"retransmits":	0,
					"snd_cwnd":	207856,
					"snd_wnd":	-1,
					"rtt":	257,
					"rttvar":	151,
					"pmtu":	9500,
					"omitted":	false,
					"sender":	true
				}],
			"sum":	{
				"start":	2.00111,
				"end":	3.001306,
				"seconds":	1.0001959800720215,
				"bytes":	2490368,
				"bits_per_second":	19919040.265054256,
				"retransmits":	0,
				"omitted":	false,
				"sender":	true
			}
		}],
	"end":	{
		"streams":	[{
				"sender":	{
					"socket":	5,
					"start":	0,
					"end":	3.001306,
					"seconds":	3.001306,
					"bytes":	7602176,
					"bits_per_second":	20263647.891951036,
					"retransmits":	0,
					"max_snd_cwnd":	207856,
					"max_snd_wnd":	0,
					"max_rtt":	275,
					"min_rtt":	232,
					"mean_rtt":	254,
					"sender":	true
				},
				"receiver":	{
					"socket":	5,
					"start":	0,
					"end":	3.001478,
					"seconds":	3.001306,
					"bytes":	7602176,
					"bits_per_second":	20262486.681561548,
					"sender":	true
				}
			}],
		"sum_sent":	{
			"start":	0,
			"end":	3.001306,
			"seconds":	3.001306,
			"bytes":	7602176,
			"bits_per_second":	20263647.891951036,
			"retransmits":	0,
			"sender":	true
		},
		"sum_received":	{
			"start":	0,
			"end":	3.001478,
			"seconds":	3.001478,
			"bytes":	7602176,
			"bits_per_second":	20262486.681561548,
			"sender":	true
		},
		"cpu_utilization_percent":	{
			"host_total":	1.1238102977311315,
			"host_user":	0,
			"host_system":	1.1238102977311315,
			"remote_total":	0.46053179545098666,
			"remote_user":	0,
			"remote_system":	0.46049847910898772
		},
		"sender_tcp_congestion":	"cubic",
		"receiver_tcp_congestion":	"cubic"
	}
}
