{
	"start":	{
		"connected":	[{
				"socket":	5,
				"local_host":	"192.168.1.2",
				"local_port":	49848,
				"remote_host":	"192.168.8.2",
				"remote_port":	5202
			}],
		"version":	"iperf 3.19.1",
		"system_info":	"Linux h1 6.6.87.2-microsoft-standard-WSL2 #1 SMP PREEMPT_DYNAMIC Thu Jun  5 18:30:46 UTC 2025 x86_64",
		"timestamp":	{
			"time":	"Mon, 06 Apr 2026 04:05:25 UTC",
			"timesecs":	1775448325
		},
		"connecting_to":	{
			"host":	"192.168.8.2",
			"port":	5202
		},
		"cookie":	"cc4yav4wpvlafr6tiv56ogw3swhd5aeuuk4h",
		"tcp_mss_default":	9448,
		"target_bitrate":	20000000,
		"fq_rate":	0,
		"sock_bufsize":	0,
		"sndbuf_actual":	16384,
		"rcvbuf_actual":	131072,
		"test_start":	{
			"protocol":	"TCP",
			"num_streams":	1,
			"blksize":	131072,
			"omit":	0,
			"duration":	3,
			"bytes":	0,
			"blocks":	0,
			"reverse":	0,
			"tos":	0,
			"target_bitrate":	20000000,
			"bidir":	0,
			"fqrate":	0,
			"interval":	1
		}
	},
	"intervals":	[{
			"streams":	[{
					"socket":	5,
					"start":	0,
					"end":	1.001132,
					"seconds":	1.0011320114135742,
					"bytes":	2621440,
					"bits_per_second":	20947806.843563739,
					"retransmits":	0,
					"snd_cwnd":	264544,
					"snd_wnd":	-1,
					"rtt":	110,
					"rttvar":	65,
					"pmtu":	9500,
					"omitted":	false,
					"sender":	true
				}],
			"sum":	{
				"start":	0,
				"end":	1.001132,
				"seconds":	1.0011320114135742,
				"bytes":	2621440,
				"bits_per_second":	20947806.843563739,
				"retransmits":	0,
				"omitted":	false,
				"sender":	true
			}
		}, {
			"streams":	[{
					"socket":	5,
					"start":	1.001132,
					"end":	2.001049,
					"seconds":	0.999916970729828,
					"bytes":	2490368,
					"bits_per_second":	19924598.324857384,
					"retransmits":	0,
					"snd_cwnd":	264544,
					"snd_wnd":	-1,
					"rtt":	138,
					"rttvar":	55,
					"pmtu":	9500,
					"omitted":	false,
					"sender":	true
				}],
			"sum":	{
				"start":	1.001132,
				"end":	2.001049,
				"seconds":	0.999916970729828,
				"bytes":	2490368,
				"bits_per_second":	19924598.324857384,
				"retransmits":	0,
				"omitted":	false,
				"sender":	true
			}
		}, {
			"streams":	[{
					"socket":	5,
					"start":	2.001049,
					"end":	3.001604,
					"seconds":	1.0005550384521484,
					"bytes":	2490368,
					"bits_per_second":	19911892.134210482,
					"retransmits":	0,
					"snd_cwnd":	264544,
					"snd_wnd":	-1,
					"rtt":	146,
					"rttvar":	60,
					"pmtu":	9500,
					"omitted":	false,
					"sender":	true
				}],
			"sum":	{
				"start":	2.001049,
				"end":	3.001604,
				"seconds":	1.0005550384521484,
				"bytes":	2490368,
				"bits_per_second":	19911892.134210482,
				"retransmits":	0,
				"omitted":	false,
				"sender":	true
			}
		}],
	"end":	{
		"streams":	[{
				"sender":	{
					"socket":	5,
					"start":	0,
					"end":	3.001604,
					"seconds":	3.001604,
					"bytes":	7602176,
					"bits_per_second":	20261636.111892175,
					"retransmits":	0,
					"max_snd_cwnd":	264544,
					"max_snd_wnd":	0,
					"max_rtt":	146,
					"min_rtt":	110,
					"mean_rtt":	131,
					"sender":	true
				},
				"receiver":	{
					"socket":	5,
					"start":	0,
					"end":	3.00181,
					"seconds":	3.001604,
					"bytes":	7602176,
					"bits_per_second":	20260245.651790086,
					"sender":	true
				}
			}],
		"sum_sent":	{
			"start":	0,
			"end":	3.001604,
			"seconds":	3.001604,
			"bytes":	7602176,
			"bits_per_second":	20261636.111892175,
			"retransmits":	0,
			"sender":	true
		},
		"sum_received":	{
			"start":	0,
			"end":	3.00181,
			"seconds":	3.00181,
			"bytes":	7602176,
			"bits_per_second":	20260245.651790086,
			"sender":	true
		},
		"cpu_utilization_percent":	{
			"host_total":	0.620267236102517,
			"host_user":	0.017017801752933489,
			"host_system":	0.60324943434958367,
			"remote_total":	0.19344737411929311,
			"remote_user":	0,
			"remote_system":	0.193480686909739
		},
		"sender_tcp_congestion":	"cubic",
		"receiver_tcp_congestion":	"cubic"
	}
}
