{
	"start":	{
		"connected":	[{
				"socket":	5,
				"local_host":	"192.168.1.2",
				"local_port":	34226,
				"remote_host":	"192.168.4.2",
				"remote_port":	5203
			}],
		"version":	"iperf 3.19.1",
		"system_info":	"Linux h1 6.6.87.2-microsoft-standard-WSL2 #1 SMP PREEMPT_DYNAMIC Thu Jun  5 18:30:46 UTC 2025 x86_64",
		"timestamp":	{
			"time":	"Sun, 05 Apr 2026 06:54:56 UTC",
			"timesecs":	1775372096
		},
		"connecting_to":	{
			"host":	"192.168.4.2",
			"port":	5203
		},
		"cookie":	"jrkyqpdq2wwmt6c7hbwyf5qx47qrqwiun7ro",
		"tcp_mss_default":	9448,
		"target_bitrate":	20000000,
		"fq_rate":	0,
		"sock_bufsize":	0,
		"sndbuf_actual":	16384,
		"rcvbuf_actual":	131072,
		"test_start":	{
			"protocol":	"TCP",
			"num_streams":	1,
			"blksize":	131072,
			"omit":	0,
			"duration":	3,
			"bytes":	0,
			"blocks":	0,
			"reverse":	0,
			"tos":	0,
			"target_bitrate":	20000000,
			"bidir":	0,
			"fqrate":	0,
			"interval":	1
		}
	},
	"intervals":	[{
			"streams":	[{
					"socket":	5,
					"start":	0,
					"end":	1.00111,
					"seconds":	1.0011099576950073,
					"bytes":	2621440,
					"bits_per_second":	20948268.308394019,
					"retransmits":	0,
					"snd_cwnd":	359024,
					"snd_wnd":	-1,
					"rtt":	102,
					"rttvar":	49,
					"pmtu":	9500,
					"omitted":	false,
					"sender":	true
				}],
			"sum":	{
				"start":	0,
				"end":	1.00111,
				"seconds":	1.0011099576950073,
				"bytes":	2621440,
				"bits_per_second":	20948268.308394019,
				"retransmits":	0,
				"omitted":	false,
				"sender":	true
			}
		}, {
			"streams":	[{
					"socket":	5,
					"start":	1.00111,
					"end":	2.001055,
					"seconds":	0.99994498491287231,
					"bytes":	2490368,
					"bits_per_second":	19924040.122803293,
					"retransmits":	0,
					"snd_cwnd":	359024,
					"snd_wnd":	-1,
					"rtt":	116,
					"rttvar":	52,
					"pmtu":	9500,
					"omitted":	false,
					"sender":	true
				}],
			"sum":	{
				"start":	1.00111,
				"end":	2.001055,
				"seconds":	0.99994498491287231,
				"bytes":	2490368,
				"bits_per_second":	19924040.122803293,
				"retransmits":	0,
				"omitted":	false,
				"sender":	true
			}
		}, {
			"streams":	[{
					"socket":	5,
					"start":	2.001055,
					"end":	3.001482,
					"seconds":	1.0004270076751709,
					"bytes":	2490368,
					"bits_per_second":	19914440.381110534,
					"retransmits":	0,
					"snd_cwnd":	359024,
					"snd_wnd":	-1,
					"rtt":	137,
					"rttvar":	49,
					"pmtu":	9500,
					"omitted":	false,
					"sender":	true
				}],
			"sum":	{
				"start":	2.001055,
				"end":	3.001482,
				"seconds":	1.0004270076751709,
				"bytes":	2490368,
				"bits_per_second":	19914440.381110534,
				"retransmits":	0,
				"omitted":	false,
				"sender":	true
			}
		}],
	"end":	{
		"streams":	[{
				"sender":	{
					"socket":	5,
					"start":	0,
					"end":	3.001482,
					"seconds":	3.001482,
					"bytes":	7602176,
					"bits_per_second":	20262459.678252276,
					"retransmits":	0,
					"max_snd_cwnd":	359024,
					"max_snd_wnd":	0,
					"max_rtt":	137,
					"min_rtt":	102,
					"mean_rtt":	118,
					"sender":	true
				},
				"receiver":	{
					"socket":	5,
					"start":	0,
					"end":	3.00167,
					"seconds":	3.001482,
					"bytes":	7602176,
					"bits_per_second":	20261190.603897166,
					"sender":	true
				}
			}],
		"sum_sent":	{
			"start":	0,
			"end":	3.001482,
			"seconds":	3.001482,
			"bytes":	7602176,
			"bits_per_second":	20262459.678252276,
			"retransmits":	0,
			"sender":	true
		},
		"sum_received":	{
			"start":	0,
			"end":	3.00167,
			"seconds":	3.00167,
			"bytes":	7602176,
			"bits_per_second":	20261190.603897166,
			"sender":	true
		},
		"cpu_utilization_percent":	{
			"host_total":	0.53420411512328458,
			"host_user":	0,
			"host_system":	0.53427071581087,
			"remote_total":	0.18882576558886954,
			"remote_user":	0,
			"remote_system":	0.18882576558886954
		},
		"sender_tcp_congestion":	"cubic",
		"receiver_tcp_congestion":	"cubic"
	}
}
