{
	"start":	{
		"connected":	[{
				"socket":	5,
				"local_host":	"192.168.1.2",
				"local_port":	45954,
				"remote_host":	"192.168.4.2",
				"remote_port":	5202
			}],
		"version":	"iperf 3.19.1",
		"system_info":	"Linux h1 6.6.87.2-microsoft-standard-WSL2 #1 SMP PREEMPT_DYNAMIC Thu Jun  5 18:30:46 UTC 2025 x86_64",
		"timestamp":	{
			"time":	"Sun, 05 Apr 2026 07:15:45 UTC",
			"timesecs":	1775373345
		},
		"connecting_to":	{
			"host":	"192.168.4.2",
			"port":	5202
		},
		"cookie":	"js4cwhgut7pgl4a3we7egj54kbudtuegan2b",
		"tcp_mss_default":	9448,
		"target_bitrate":	20000000,
		"fq_rate":	0,
		"sock_bufsize":	0,
		"sndbuf_actual":	16384,
		"rcvbuf_actual":	131072,
		"test_start":	{
			"protocol":	"TCP",
			"num_streams":	1,
			"blksize":	131072,
			"omit":	0,
			"duration":	3,
			"bytes":	0,
			"blocks":	0,
			"reverse":	0,
			"tos":	0,
			"target_bitrate":	20000000,
			"bidir":	0,
			"fqrate":	0,
			"interval":	1
		}
	},
	"intervals":	[{
			"streams":	[{
					"socket":	5,
					"start":	0,
					"end":	1.001152,
					"seconds":	1.0011520385742188,
					"bytes":	2621440,
					"bits_per_second":	20947387.80122387,
					"retransmits":	0,
					"snd_cwnd":	264544,
					"snd_wnd":	-1,
					"rtt":	153,
					"rttvar":	91,
					"pmtu":	9500,
					"omitted":	false,
					"sender":	true
				}],
			"sum":	{
				"start":	0,
				"end":	1.001152,
				"seconds":	1.0011520385742188,
				"bytes":	2621440,
				"bits_per_second":	20947387.80122387,
				"retransmits":	0,
				"omitted":	false,
				"sender":	true
			}
		}, {
			"streams":	[{
					"socket":	5,
					"start":	1.001152,
					"end":	2.001088,
					"seconds":	0.99993598461151123,
					"bytes":	2490368,
					"bits_per_second":	19924219.456648853,
					"retransmits":	0,
					"snd_cwnd":	264544,
					"snd_wnd":	-1,
					"rtt":	147,
					"rttvar":	60,
					"pmtu":	9500,
					"omitted":	false,
					"sender":	true
				}],
			"sum":	{
				"start":	1.001152,
				"end":	2.001088,
				"seconds":	0.99993598461151123,
				"bytes":	2490368,
				"bits_per_second":	19924219.456648853,
				"retransmits":	0,
				"omitted":	false,
				"sender":	true
			}
		}, {
			"streams":	[{
					"socket":	5,
					"start":	2.001088,
					"end":	3.001295,
					"seconds":	1.00020694732666,
					"bytes":	2490368,
					"bits_per_second":	19918821.853067286,
					"retransmits":	0,
					"snd_cwnd":	264544,
					"snd_wnd":	-1,
					"rtt":	122,
					"rttvar":	61,
					"pmtu":	9500,
					"omitted":	false,
					"sender":	true
				}],
			"sum":	{
				"start":	2.001088,
				"end":	3.001295,
				"seconds":	1.00020694732666,
				"bytes":	2490368,
				"bits_per_second":	19918821.853067286,
				"retransmits":	0,
				"omitted":	false,
				"sender":	true
			}
		}],
	"end":	{
		"streams":	[{
				"sender":	{
					"socket":	5,
					"start":	0,
					"end":	3.001295,
					"seconds":	3.001295,
					"bytes":	7602176,
					"bits_per_second":	20263722.1599343,
					"retransmits":	0,
					"max_snd_cwnd":	264544,
					"max_snd_wnd":	0,
					"max_rtt":	153,
					"min_rtt":	122,
					"mean_rtt":	140,
					"sender":	true
				},
				"receiver":	{
					"socket":	5,
					"start":	0,
					"end":	3.001483,
					"seconds":	3.001295,
					"bytes":	7602176,
					"bits_per_second":	20262452.927436206,
					"sender":	true
				}
			}],
		"sum_sent":	{
			"start":	0,
			"end":	3.001295,
			"seconds":	3.001295,
			"bytes":	7602176,
			"bits_per_second":	20263722.1599343,
			"retransmits":	0,
			"sender":	true
		},
		"sum_received":	{
			"start":	0,
			"end":	3.001483,
			"seconds":	3.001483,
			"bytes":	7602176,
			"bits_per_second":	20262452.927436206,
			"sender":	true
		},
		"cpu_utilization_percent":	{
			"host_total":	0.55150518147744632,
			"host_user":	0.055390331972278849,
			"host_system":	0.49611484950516754,
			"remote_total":	0.19223599783976048,
			"remote_user":	0,
			"remote_system":	0.19230263076795451
		},
		"sender_tcp_congestion":	"cubic",
		"receiver_tcp_congestion":	"cubic"
	}
}
