{
	"start":	{
		"connected":	[{
				"socket":	5,
				"local_host":	"192.168.1.2",
				"local_port":	35662,
				"remote_host":	"192.168.4.2",
				"remote_port":	5202
			}],
		"version":	"iperf 3.19.1",
		"system_info":	"Linux h1 6.6.87.2-microsoft-standard-WSL2 #1 SMP PREEMPT_DYNAMIC Thu Jun  5 18:30:46 UTC 2025 x86_64",
		"timestamp":	{
			"time":	"Sun, 05 Apr 2026 07:09:32 UTC",
			"timesecs":	1775372972
		},
		"connecting_to":	{
			"host":	"192.168.4.2",
			"port":	5202
		},
		"cookie":	"oz5vuiosz5ylsd4lc5kyub6wb3cnhzb5o3iu",
		"tcp_mss_default":	9448,
		"target_bitrate":	20000000,
		"fq_rate":	0,
		"sock_bufsize":	0,
		"sndbuf_actual":	16384,
		"rcvbuf_actual":	131072,
		"test_start":	{
			"protocol":	"TCP",
			"num_streams":	1,
			"blksize":	131072,
			"omit":	0,
			"duration":	3,
			"bytes":	0,
			"blocks":	0,
			"reverse":	0,
			"tos":	0,
			"target_bitrate":	20000000,
			"bidir":	0,
			"fqrate":	0,
			"interval":	1
		}
	},
	"intervals":	[{
			"streams":	[{
					"socket":	5,
					"start":	0,
					"end":	1.00105,
					"seconds":	1.0010499954223633,
					"bytes":	2621440,
					"bits_per_second":	20949523.096647825,
					"retransmits":	0,
					"snd_cwnd":	340128,
					"snd_wnd":	-1,
					"rtt":	139,
					"rttvar":	49,
					"pmtu":	9500,
					"omitted":	false,
					"sender":	true
				}],
			"sum":	{
				"start":	0,
				"end":	1.00105,
				"seconds":	1.0010499954223633,
				"bytes":	2621440,
				"bits_per_second":	20949523.096647825,
				"retransmits":	0,
				"omitted":	false,
				"sender":	true
			}
		}, {
			"streams":	[{
					"socket":	5,
					"start":	1.00105,
					"end":	2.001069,
					"seconds":	1.0000189542770386,
					"bytes":	2490368,
					"bits_per_second":	19922566.382157475,
					"retransmits":	0,
					"snd_cwnd":	340128,
					"snd_wnd":	-1,
					"rtt":	107,
					"rttvar":	43,
					"pmtu":	9500,
					"omitted":	false,
					"sender":	true
				}],
			"sum":	{
				"start":	1.00105,
				"end":	2.001069,
				"seconds":	1.0000189542770386,
				"bytes":	2490368,
				"bits_per_second":	19922566.382157475,
				"retransmits":	0,
				"omitted":	false,
				"sender":	true
			}
		}, {
			"streams":	[{
					"socket":	5,
					"start":	2.001069,
					"end":	3.000571,
					"seconds":	0.99950200319290161,
					"bytes":	2490368,
					"bits_per_second":	19932870.505868226,
					"retransmits":	0,
					"snd_cwnd":	340128,
					"snd_wnd":	-1,
					"rtt":	133,
					"rttvar":	37,
					"pmtu":	9500,
					"omitted":	false,
					"sender":	true
				}],
			"sum":	{
				"start":	2.001069,
				"end":	3.000571,
				"seconds":	0.99950200319290161,
				"bytes":	2490368,
				"bits_per_second":	19932870.505868226,
				"retransmits":	0,
				"omitted":	false,
				"sender":	true
			}
		}],
	"end":	{
		"streams":	[{
				"sender":	{
					"socket":	5,
					"start":	0,
					"end":	3.000571,
					"seconds":	3.000571,
					"bytes":	7602176,
					"bits_per_second":	20268611.540936708,
					"retransmits":	0,
					"max_snd_cwnd":	340128,
					"max_snd_wnd":	0,
					"max_rtt":	139,
					"min_rtt":	107,
					"mean_rtt":	126,
					"sender":	true
				},
				"receiver":	{
					"socket":	5,
					"start":	0,
					"end":	3.00067,
					"seconds":	3.000571,
					"bytes":	7602176,
					"bits_per_second":	20267942.826102171,
					"sender":	true
				}
			}],
		"sum_sent":	{
			"start":	0,
			"end":	3.000571,
			"seconds":	3.000571,
			"bytes":	7602176,
			"bits_per_second":	20268611.540936708,
			"retransmits":	0,
			"sender":	true
		},
		"sum_received":	{
			"start":	0,
			"end":	3.00067,
			"seconds":	3.00067,
			"bytes":	7602176,
			"bits_per_second":	20267942.826102171,
			"sender":	true
		},
		"cpu_utilization_percent":	{
			"host_total":	0.609493902562912,
			"host_user":	0.15071642762430609,
			"host_system":	0.458777474938606,
			"remote_total":	0.23008010813498478,
			"remote_user":	0,
			"remote_system":	0.23008010813498478
		},
		"sender_tcp_congestion":	"cubic",
		"receiver_tcp_congestion":	"cubic"
	}
}
