{
	"start":	{
		"connected":	[{
				"socket":	5,
				"local_host":	"192.168.1.2",
				"local_port":	48388,
				"remote_host":	"192.168.4.2",
				"remote_port":	5202
			}],
		"version":	"iperf 3.19.1",
		"system_info":	"Linux h1 6.6.87.2-microsoft-standard-WSL2 #1 SMP PREEMPT_DYNAMIC Thu Jun  5 18:30:46 UTC 2025 x86_64",
		"timestamp":	{
			"time":	"Sun, 05 Apr 2026 06:58:45 UTC",
			"timesecs":	1775372325
		},
		"connecting_to":	{
			"host":	"192.168.4.2",
			"port":	5202
		},
		"cookie":	"p34dudnvciijk637jznymq7nrkvqzz2d7dhp",
		"tcp_mss_default":	9448,
		"target_bitrate":	20000000,
		"fq_rate":	0,
		"sock_bufsize":	0,
		"sndbuf_actual":	16384,
		"rcvbuf_actual":	131072,
		"test_start":	{
			"protocol":	"TCP",
			"num_streams":	1,
			"blksize":	131072,
			"omit":	0,
			"duration":	3,
			"bytes":	0,
			"blocks":	0,
			"reverse":	0,
			"tos":	0,
			"target_bitrate":	20000000,
			"bidir":	0,
			"fqrate":	0,
			"interval":	1
		}
	},
	"intervals":	[{
			"streams":	[{
					"socket":	5,
					"start":	0,
					"end":	1.001598,
					"seconds":	1.0015980005264282,
					"bytes":	2621440,
					"bits_per_second":	20938060.967551466,
					"retransmits":	0,
					"snd_cwnd":	170064,
					"snd_wnd":	-1,
					"rtt":	125,
					"rttvar":	75,
					"pmtu":	9500,
					"omitted":	false,
					"sender":	true
				}],
			"sum":	{
				"start":	0,
				"end":	1.001598,
				"seconds":	1.0015980005264282,
				"bytes":	2621440,
				"bits_per_second":	20938060.967551466,
				"retransmits":	0,
				"omitted":	false,
				"sender":	true
			}
		}, {
			"streams":	[{
					"socket":	5,
					"start":	1.001598,
					"end":	2.001048,
					"seconds":	0.99945002794265747,
					"bytes":	2490368,
					"bits_per_second":	19933907.091894206,
					"retransmits":	0,
					"snd_cwnd":	170064,
					"snd_wnd":	-1,
					"rtt":	117,
					"rttvar":	62,
					"pmtu":	9500,
					"omitted":	false,
					"sender":	true
				}],
			"sum":	{
				"start":	1.001598,
				"end":	2.001048,
				"seconds":	0.99945002794265747,
				"bytes":	2490368,
				"bits_per_second":	19933907.091894206,
				"retransmits":	0,
				"omitted":	false,
				"sender":	true
			}
		}, {
			"streams":	[{
					"socket":	5,
					"start":	2.001048,
					"end":	3.001197,
					"seconds":	1.0001490116119385,
					"bytes":	2490368,
					"bits_per_second":	19919975.692312315,
					"retransmits":	0,
					"snd_cwnd":	170064,
					"snd_wnd":	-1,
					"rtt":	130,
					"rttvar":	52,
					"pmtu":	9500,
					"omitted":	false,
					"sender":	true
				}],
			"sum":	{
				"start":	2.001048,
				"end":	3.001197,
				"seconds":	1.0001490116119385,
				"bytes":	2490368,
				"bits_per_second":	19919975.692312315,
				"retransmits":	0,
				"omitted":	false,
				"sender":	true
			}
		}],
	"end":	{
		"streams":	[{
				"sender":	{
					"socket":	5,
					"start":	0,
					"end":	3.001197,
					"seconds":	3.001197,
					"bytes":	7602176,
					"bits_per_second":	20264383.844179507,
					"retransmits":	0,
					"max_snd_cwnd":	170064,
					"max_snd_wnd":	0,
					"max_rtt":	130,
					"min_rtt":	117,
					"mean_rtt":	124,
					"sender":	true
				},
				"receiver":	{
					"socket":	5,
					"start":	0,
					"end":	3.001392,
					"seconds":	3.001197,
					"bytes":	7602176,
					"bits_per_second":	20263067.27012,
					"sender":	true
				}
			}],
		"sum_sent":	{
			"start":	0,
			"end":	3.001197,
			"seconds":	3.001197,
			"bytes":	7602176,
			"bits_per_second":	20264383.844179507,
			"retransmits":	0,
			"sender":	true
		},
		"sum_received":	{
			"start":	0,
			"end":	3.001392,
			"seconds":	3.001392,
			"bytes":	7602176,
			"bits_per_second":	20263067.27012,
			"sender":	true
		},
		"cpu_utilization_percent":	{
			"host_total":	0.51997425942555353,
			"host_user":	0.052960032828558719,
			"host_system":	0.46704753479374234,
			"remote_total":	0.18741054270095076,
			"remote_user":	0,
			"remote_system":	0.18741054270095076
		},
		"sender_tcp_congestion":	"cubic",
		"receiver_tcp_congestion":	"cubic"
	}
}
