{
	"start":	{
		"connected":	[{
				"socket":	5,
				"local_host":	"192.168.1.2",
				"local_port":	45708,
				"remote_host":	"192.168.4.2",
				"remote_port":	5202
			}],
		"version":	"iperf 3.19.1",
		"system_info":	"Linux h1 6.6.87.2-microsoft-standard-WSL2 #1 SMP PREEMPT_DYNAMIC Thu Jun  5 18:30:46 UTC 2025 x86_64",
		"timestamp":	{
			"time":	"Sun, 05 Apr 2026 06:59:42 UTC",
			"timesecs":	1775372382
		},
		"connecting_to":	{
			"host":	"192.168.4.2",
			"port":	5202
		},
		"cookie":	"v4kbsxia7buresa5atafs7cu3hpsvo76gopc",
		"tcp_mss_default":	9448,
		"target_bitrate":	20000000,
		"fq_rate":	0,
		"sock_bufsize":	0,
		"sndbuf_actual":	16384,
		"rcvbuf_actual":	131072,
		"test_start":	{
			"protocol":	"TCP",
			"num_streams":	1,
			"blksize":	131072,
			"omit":	0,
			"duration":	3,
			"bytes":	0,
			"blocks":	0,
			"reverse":	0,
			"tos":	0,
			"target_bitrate":	20000000,
			"bidir":	0,
			"fqrate":	0,
			"interval":	1
		}
	},
	"intervals":	[{
			"streams":	[{
					"socket":	5,
					"start":	0,
					"end":	1.001091,
					"seconds":	1.0010910034179688,
					"bytes":	2621440,
					"bits_per_second":	20948664.934954084,
					"retransmits":	0,
					"snd_cwnd":	311784,
					"snd_wnd":	-1,
					"rtt":	129,
					"rttvar":	50,
					"pmtu":	9500,
					"omitted":	false,
					"sender":	true
				}],
			"sum":	{
				"start":	0,
				"end":	1.001091,
				"seconds":	1.0010910034179688,
				"bytes":	2621440,
				"bits_per_second":	20948664.934954084,
				"retransmits":	0,
				"omitted":	false,
				"sender":	true
			}
		}, {
			"streams":	[{
					"socket":	5,
					"start":	1.001091,
					"end":	2.001063,
					"seconds":	0.99997198581695557,
					"bytes":	2490368,
					"bits_per_second":	19923502.140635855,
					"retransmits":	0,
					"snd_cwnd":	311784,
					"snd_wnd":	-1,
					"rtt":	135,
					"rttvar":	55,
					"pmtu":	9500,
					"omitted":	false,
					"sender":	true
				}],
			"sum":	{
				"start":	1.001091,
				"end":	2.001063,
				"seconds":	0.99997198581695557,
				"bytes":	2490368,
				"bits_per_second":	19923502.140635855,
				"retransmits":	0,
				"omitted":	false,
				"sender":	true
			}
		}, {
			"streams":	[{
					"socket":	5,
					"start":	2.001063,
					"end":	3.001684,
					"seconds":	1.00062096118927,
					"bytes":	2490368,
					"bits_per_second":	19910580.302376378,
					"retransmits":	0,
					"snd_cwnd":	311784,
					"snd_wnd":	-1,
					"rtt":	116,
					"rttvar":	75,
					"pmtu":	9500,
					"omitted":	false,
					"sender":	true
				}],
			"sum":	{
				"start":	2.001063,
				"end":	3.001684,
				"seconds":	1.00062096118927,
				"bytes":	2490368,
				"bits_per_second":	19910580.302376378,
				"retransmits":	0,
				"omitted":	false,
				"sender":	true
			}
		}],
	"end":	{
		"streams":	[{
				"sender":	{
					"socket":	5,
					"start":	0,
					"end":	3.001684,
					"seconds":	3.001684,
					"bytes":	7602176,
					"bits_per_second":	20261096.104719885,
					"retransmits":	0,
					"max_snd_cwnd":	311784,
					"max_snd_wnd":	0,
					"max_rtt":	135,
					"min_rtt":	116,
					"mean_rtt":	126,
					"sender":	true
				},
				"receiver":	{
					"socket":	5,
					"start":	0,
					"end":	3.001848,
					"seconds":	3.001684,
					"bytes":	7602176,
					"bits_per_second":	20259989.179998454,
					"sender":	true
				}
			}],
		"sum_sent":	{
			"start":	0,
			"end":	3.001684,
			"seconds":	3.001684,
			"bytes":	7602176,
			"bits_per_second":	20261096.104719885,
			"retransmits":	0,
			"sender":	true
		},
		"sum_received":	{
			"start":	0,
			"end":	3.001848,
			"seconds":	3.001848,
			"bytes":	7602176,
			"bits_per_second":	20259989.179998454,
			"sender":	true
		},
		"cpu_utilization_percent":	{
			"host_total":	0.545916499953208,
			"host_user":	0.023146166878201539,
			"host_system":	0.52277033307500653,
			"remote_total":	0.18811488366158774,
			"remote_user":	0,
			"remote_system":	0.18814819601923988
		},
		"sender_tcp_congestion":	"cubic",
		"receiver_tcp_congestion":	"cubic"
	}
}
