{
	"start":	{
		"connected":	[{
				"socket":	5,
				"local_host":	"192.168.1.2",
				"local_port":	50210,
				"remote_host":	"192.168.4.2",
				"remote_port":	5202
			}],
		"version":	"iperf 3.19.1",
		"system_info":	"Linux h1 6.6.87.2-microsoft-standard-WSL2 #1 SMP PREEMPT_DYNAMIC Thu Jun  5 18:30:46 UTC 2025 x86_64",
		"timestamp":	{
			"time":	"Sun, 05 Apr 2026 06:51:26 UTC",
			"timesecs":	1775371886
		},
		"connecting_to":	{
			"host":	"192.168.4.2",
			"port":	5202
		},
		"cookie":	"ep6p4tegmx4qt5i33ouwdpjzgjhgi55tqzft",
		"tcp_mss_default":	9448,
		"target_bitrate":	20000000,
		"fq_rate":	0,
		"sock_bufsize":	0,
		"sndbuf_actual":	16384,
		"rcvbuf_actual":	131072,
		"test_start":	{
			"protocol":	"TCP",
			"num_streams":	1,
			"blksize":	131072,
			"omit":	0,
			"duration":	3,
			"bytes":	0,
			"blocks":	0,
			"reverse":	0,
			"tos":	0,
			"target_bitrate":	20000000,
			"bidir":	0,
			"fqrate":	0,
			"interval":	1
		}
	},
	"intervals":	[{
			"streams":	[{
					"socket":	5,
					"start":	0,
					"end":	1.000233,
					"seconds":	1.0002330541610718,
					"bytes":	2621440,
					"bits_per_second":	20966633.638786811,
					"retransmits":	0,
					"snd_cwnd":	377920,
					"snd_wnd":	-1,
					"rtt":	121,
					"rttvar":	34,
					"pmtu":	9500,
					"omitted":	false,
					"sender":	true
				}],
			"sum":	{
				"start":	0,
				"end":	1.000233,
				"seconds":	1.0002330541610718,
				"bytes":	2621440,
				"bits_per_second":	20966633.638786811,
				"retransmits":	0,
				"omitted":	false,
				"sender":	true
			}
		}, {
			"streams":	[{
					"socket":	5,
					"start":	1.000233,
					"end":	2.001073,
					"seconds":	1.0008399486541748,
					"bytes":	2490368,
					"bits_per_second":	19906223.79411443,
					"retransmits":	0,
					"snd_cwnd":	377920,
					"snd_wnd":	-1,
					"rtt":	118,
					"rttvar":	47,
					"pmtu":	9500,
					"omitted":	false,
					"sender":	true
				}],
			"sum":	{
				"start":	1.000233,
				"end":	2.001073,
				"seconds":	1.0008399486541748,
				"bytes":	2490368,
				"bits_per_second":	19906223.79411443,
				"retransmits":	0,
				"omitted":	false,
				"sender":	true
			}
		}, {
			"streams":	[{
					"socket":	5,
					"start":	2.001073,
					"end":	3.001293,
					"seconds":	1.0002199411392212,
					"bytes":	2490368,
					"bits_per_second":	19918563.088542655,
					"retransmits":	0,
					"snd_cwnd":	377920,
					"snd_wnd":	-1,
					"rtt":	154,
					"rttvar":	73,
					"pmtu":	9500,
					"omitted":	false,
					"sender":	true
				}],
			"sum":	{
				"start":	2.001073,
				"end":	3.001293,
				"seconds":	1.0002199411392212,
				"bytes":	2490368,
				"bits_per_second":	19918563.088542655,
				"retransmits":	0,
				"omitted":	false,
				"sender":	true
			}
		}],
	"end":	{
		"streams":	[{
				"sender":	{
					"socket":	5,
					"start":	0,
					"end":	3.001293,
					"seconds":	3.001293,
					"bytes":	7602176,
					"bits_per_second":	20263735.663262468,
					"retransmits":	0,
					"max_snd_cwnd":	377920,
					"max_snd_wnd":	0,
					"max_rtt":	154,
					"min_rtt":	118,
					"mean_rtt":	131,
					"sender":	true
				},
				"receiver":	{
					"socket":	5,
					"start":	0,
					"end":	3.001489,
					"seconds":	3.001293,
					"bytes":	7602176,
					"bits_per_second":	20262412.422634233,
					"sender":	true
				}
			}],
		"sum_sent":	{
			"start":	0,
			"end":	3.001293,
			"seconds":	3.001293,
			"bytes":	7602176,
			"bits_per_second":	20263735.663262468,
			"retransmits":	0,
			"sender":	true
		},
		"sum_received":	{
			"start":	0,
			"end":	3.001489,
			"seconds":	3.001489,
			"bytes":	7602176,
			"bits_per_second":	20262412.422634233,
			"sender":	true
		},
		"cpu_utilization_percent":	{
			"host_total":	0.544855495064162,
			"host_user":	0,
			"host_system":	0.54488879918977728,
			"remote_total":	0.19320243277145044,
			"remote_user":	0,
			"remote_system":	0.19320243277145044
		},
		"sender_tcp_congestion":	"cubic",
		"receiver_tcp_congestion":	"cubic"
	}
}
