{
	"start":	{
		"connected":	[{
				"socket":	5,
				"local_host":	"192.168.1.2",
				"local_port":	55840,
				"remote_host":	"192.168.4.2",
				"remote_port":	5203
			}],
		"version":	"iperf 3.19.1",
		"system_info":	"Linux h1 6.6.87.2-microsoft-standard-WSL2 #1 SMP PREEMPT_DYNAMIC Thu Jun  5 18:30:46 UTC 2025 x86_64",
		"timestamp":	{
			"time":	"Sun, 05 Apr 2026 06:51:25 UTC",
			"timesecs":	1775371885
		},
		"connecting_to":	{
			"host":	"192.168.4.2",
			"port":	5203
		},
		"cookie":	"hifqwj4xqsntnxpwbqtlc3mpl5c44sooxydj",
		"tcp_mss_default":	9448,
		"target_bitrate":	20000000,
		"fq_rate":	0,
		"sock_bufsize":	0,
		"sndbuf_actual":	16384,
		"rcvbuf_actual":	131072,
		"test_start":	{
			"protocol":	"TCP",
			"num_streams":	1,
			"blksize":	131072,
			"omit":	0,
			"duration":	3,
			"bytes":	0,
			"blocks":	0,
			"reverse":	0,
			"tos":	0,
			"target_bitrate":	20000000,
			"bidir":	0,
			"fqrate":	0,
			"interval":	1
		}
	},
	"intervals":	[{
			"streams":	[{
					"socket":	5,
					"start":	0,
					"end":	1.001057,
					"seconds":	1.0010570287704468,
					"bytes":	2621440,
					"bits_per_second":	20949375.906943455,
					"retransmits":	0,
					"snd_cwnd":	340128,
					"snd_wnd":	-1,
					"rtt":	93,
					"rttvar":	53,
					"pmtu":	9500,
					"omitted":	false,
					"sender":	true
				}],
			"sum":	{
				"start":	0,
				"end":	1.001057,
				"seconds":	1.0010570287704468,
				"bytes":	2621440,
				"bits_per_second":	20949375.906943455,
				"retransmits":	0,
				"omitted":	false,
				"sender":	true
			}
		}, {
			"streams":	[{
					"socket":	5,
					"start":	1.001057,
					"end":	2.001054,
					"seconds":	0.99999701976776123,
					"bytes":	2490368,
					"bits_per_second":	19923003.375176951,
					"retransmits":	0,
					"snd_cwnd":	340128,
					"snd_wnd":	-1,
					"rtt":	206,
					"rttvar":	231,
					"pmtu":	9500,
					"omitted":	false,
					"sender":	true
				}],
			"sum":	{
				"start":	1.001057,
				"end":	2.001054,
				"seconds":	0.99999701976776123,
				"bytes":	2490368,
				"bits_per_second":	19923003.375176951,
				"retransmits":	0,
				"omitted":	false,
				"sender":	true
			}
		}, {
			"streams":	[{
					"socket":	5,
					"start":	2.001054,
					"end":	3.001259,
					"seconds":	1.0002050399780273,
					"bytes":	2490368,
					"bits_per_second":	19918859.837416608,
					"retransmits":	0,
					"snd_cwnd":	340128,
					"snd_wnd":	-1,
					"rtt":	121,
					"rttvar":	56,
					"pmtu":	9500,
					"omitted":	false,
					"sender":	true
				}],
			"sum":	{
				"start":	2.001054,
				"end":	3.001259,
				"seconds":	1.0002050399780273,
				"bytes":	2490368,
				"bits_per_second":	19918859.837416608,
				"retransmits":	0,
				"omitted":	false,
				"sender":	true
			}
		}],
	"end":	{
		"streams":	[{
				"sender":	{
					"socket":	5,
					"start":	0,
					"end":	3.001259,
					"seconds":	3.001259,
					"bytes":	7602176,
					"bits_per_second":	20263965.222594917,
					"retransmits":	0,
					"max_snd_cwnd":	340128,
					"max_snd_wnd":	0,
					"max_rtt":	206,
					"min_rtt":	93,
					"mean_rtt":	140,
					"sender":	true
				},
				"receiver":	{
					"socket":	5,
					"start":	0,
					"end":	3.001446,
					"seconds":	3.001259,
					"bytes":	7602176,
					"bits_per_second":	20262702.710626811,
					"sender":	true
				}
			}],
		"sum_sent":	{
			"start":	0,
			"end":	3.001259,
			"seconds":	3.001259,
			"bytes":	7602176,
			"bits_per_second":	20263965.222594917,
			"retransmits":	0,
			"sender":	true
		},
		"sum_received":	{
			"start":	0,
			"end":	3.001446,
			"seconds":	3.001446,
			"bytes":	7602176,
			"bits_per_second":	20262702.710626811,
			"sender":	true
		},
		"cpu_utilization_percent":	{
			"host_total":	0.51498423606008747,
			"host_user":	0.00949233652031593,
			"host_system":	0.50545859309584062,
			"remote_total":	0.1887410389652793,
			"remote_user":	0,
			"remote_system":	0.18870772192397917
		},
		"sender_tcp_congestion":	"cubic",
		"receiver_tcp_congestion":	"cubic"
	}
}
