{
	"start":	{
		"connected":	[{
				"socket":	5,
				"local_host":	"192.168.1.2",
				"local_port":	59790,
				"remote_host":	"192.168.4.2",
				"remote_port":	5202
			}],
		"version":	"iperf 3.19.1",
		"system_info":	"Linux h1 6.6.87.2-microsoft-standard-WSL2 #1 SMP PREEMPT_DYNAMIC Thu Jun  5 18:30:46 UTC 2025 x86_64",
		"timestamp":	{
			"time":	"Sun, 05 Apr 2026 07:14:45 UTC",
			"timesecs":	1775373285
		},
		"connecting_to":	{
			"host":	"192.168.4.2",
			"port":	5202
		},
		"cookie":	"iizpogz3h524wgnqwv3hcu42kycnjwkl7tr7",
		"tcp_mss_default":	9448,
		"target_bitrate":	20000000,
		"fq_rate":	0,
		"sock_bufsize":	0,
		"sndbuf_actual":	16384,
		"rcvbuf_actual":	131072,
		"test_start":	{
			"protocol":	"TCP",
			"num_streams":	1,
			"blksize":	131072,
			"omit":	0,
			"duration":	3,
			"bytes":	0,
			"blocks":	0,
			"reverse":	0,
			"tos":	0,
			"target_bitrate":	20000000,
			"bidir":	0,
			"fqrate":	0,
			"interval":	1
		}
	},
	"intervals":	[{
			"streams":	[{
					"socket":	5,
					"start":	0,
					"end":	1.001049,
					"seconds":	1.0010490417480469,
					"bytes":	2621440,
					"bits_per_second":	20949543.054733079,
					"retransmits":	0,
					"snd_cwnd":	217304,
					"snd_wnd":	-1,
					"rtt":	179,
					"rttvar":	47,
					"pmtu":	9500,
					"omitted":	false,
					"sender":	true
				}],
			"sum":	{
				"start":	0,
				"end":	1.001049,
				"seconds":	1.0010490417480469,
				"bytes":	2621440,
				"bits_per_second":	20949543.054733079,
				"retransmits":	0,
				"omitted":	false,
				"sender":	true
			}
		}, {
			"streams":	[{
					"socket":	5,
					"start":	1.001049,
					"end":	2.001475,
					"seconds":	1.0004260540008545,
					"bytes":	2490368,
					"bits_per_second":	19914459.364912726,
					"retransmits":	0,
					"snd_cwnd":	217304,
					"snd_wnd":	-1,
					"rtt":	136,
					"rttvar":	69,
					"pmtu":	9500,
					"omitted":	false,
					"sender":	true
				}],
			"sum":	{
				"start":	1.001049,
				"end":	2.001475,
				"seconds":	1.0004260540008545,
				"bytes":	2490368,
				"bits_per_second":	19914459.364912726,
				"retransmits":	0,
				"omitted":	false,
				"sender":	true
			}
		}, {
			"streams":	[{
					"socket":	5,
					"start":	2.001475,
					"end":	3.000373,
					"seconds":	0.99889802932739258,
					"bytes":	2490368,
					"bits_per_second":	19944922.719904758,
					"retransmits":	0,
					"snd_cwnd":	217304,
					"snd_wnd":	-1,
					"rtt":	129,
					"rttvar":	54,
					"pmtu":	9500,
					"omitted":	false,
					"sender":	true
				}],
			"sum":	{
				"start":	2.001475,
				"end":	3.000373,
				"seconds":	0.99889802932739258,
				"bytes":	2490368,
				"bits_per_second":	19944922.719904758,
				"retransmits":	0,
				"omitted":	false,
				"sender":	true
			}
		}],
	"end":	{
		"streams":	[{
				"sender":	{
					"socket":	5,
					"start":	0,
					"end":	3.000373,
					"seconds":	3.000373,
					"bytes":	7602176,
					"bits_per_second":	20269949.102994859,
					"retransmits":	0,
					"max_snd_cwnd":	217304,
					"max_snd_wnd":	0,
					"max_rtt":	179,
					"min_rtt":	129,
					"mean_rtt":	148,
					"sender":	true
				},
				"receiver":	{
					"socket":	5,
					"start":	0,
					"end":	3.000532,
					"seconds":	3.000373,
					"bytes":	7602176,
					"bits_per_second":	20268874.986169118,
					"sender":	true
				}
			}],
		"sum_sent":	{
			"start":	0,
			"end":	3.000373,
			"seconds":	3.000373,
			"bytes":	7602176,
			"bits_per_second":	20269949.102994859,
			"retransmits":	0,
			"sender":	true
		},
		"sum_received":	{
			"start":	0,
			"end":	3.000532,
			"seconds":	3.000532,
			"bytes":	7602176,
			"bits_per_second":	20268874.986169118,
			"sender":	true
		},
		"cpu_utilization_percent":	{
			"host_total":	0.61001368616178453,
			"host_user":	0,
			"host_system":	0.61001368616178453,
			"remote_total":	0.21635860338721857,
			"remote_user":	0.07905154147173174,
			"remote_system":	0.13730706191548683
		},
		"sender_tcp_congestion":	"cubic",
		"receiver_tcp_congestion":	"cubic"
	}
}
