{
	"start":	{
		"connected":	[{
				"socket":	5,
				"local_host":	"192.168.1.2",
				"local_port":	51116,
				"remote_host":	"192.168.4.2",
				"remote_port":	5203
			}],
		"version":	"iperf 3.19.1",
		"system_info":	"Linux h1 6.6.87.2-microsoft-standard-WSL2 #1 SMP PREEMPT_DYNAMIC Thu Jun  5 18:30:46 UTC 2025 x86_64",
		"timestamp":	{
			"time":	"Sun, 05 Apr 2026 07:04:05 UTC",
			"timesecs":	1775372645
		},
		"connecting_to":	{
			"host":	"192.168.4.2",
			"port":	5203
		},
		"cookie":	"7phla2ph7uk2hwn22zvoqk4bxn4my2cx6lxc",
		"tcp_mss_default":	9448,
		"target_bitrate":	20000000,
		"fq_rate":	0,
		"sock_bufsize":	0,
		"sndbuf_actual":	16384,
		"rcvbuf_actual":	131072,
		"test_start":	{
			"protocol":	"TCP",
			"num_streams":	1,
			"blksize":	131072,
			"omit":	0,
			"duration":	3,
			"bytes":	0,
			"blocks":	0,
			"reverse":	0,
			"tos":	0,
			"target_bitrate":	20000000,
			"bidir":	0,
			"fqrate":	0,
			"interval":	1
		}
	},
	"intervals":	[{
			"streams":	[{
					"socket":	5,
					"start":	0,
					"end":	1.000175,
					"seconds":	1.0001749992370605,
					"bytes":	2621440,
					"bits_per_second":	20967850.642134827,
					"retransmits":	0,
					"snd_cwnd":	311784,
					"snd_wnd":	-1,
					"rtt":	127,
					"rttvar":	31,
					"pmtu":	9500,
					"omitted":	false,
					"sender":	true
				}],
			"sum":	{
				"start":	0,
				"end":	1.000175,
				"seconds":	1.0001749992370605,
				"bytes":	2621440,
				"bits_per_second":	20967850.642134827,
				"retransmits":	0,
				"omitted":	false,
				"sender":	true
			}
		}, {
			"streams":	[{
					"socket":	5,
					"start":	1.000175,
					"end":	2.001058,
					"seconds":	1.0008829832077026,
					"bytes":	2490368,
					"bits_per_second":	19905367.8944061,
					"retransmits":	0,
					"snd_cwnd":	311784,
					"snd_wnd":	-1,
					"rtt":	166,
					"rttvar":	105,
					"pmtu":	9500,
					"omitted":	false,
					"sender":	true
				}],
			"sum":	{
				"start":	1.000175,
				"end":	2.001058,
				"seconds":	1.0008829832077026,
				"bytes":	2490368,
				"bits_per_second":	19905367.8944061,
				"retransmits":	0,
				"omitted":	false,
				"sender":	true
			}
		}, {
			"streams":	[{
					"socket":	5,
					"start":	2.001058,
					"end":	3.001347,
					"seconds":	1.0002889633178711,
					"bytes":	2490368,
					"bits_per_second":	19917188.663081251,
					"retransmits":	0,
					"snd_cwnd":	311784,
					"snd_wnd":	-1,
					"rtt":	114,
					"rttvar":	59,
					"pmtu":	9500,
					"omitted":	false,
					"sender":	true
				}],
			"sum":	{
				"start":	2.001058,
				"end":	3.001347,
				"seconds":	1.0002889633178711,
				"bytes":	2490368,
				"bits_per_second":	19917188.663081251,
				"retransmits":	0,
				"omitted":	false,
				"sender":	true
			}
		}],
	"end":	{
		"streams":	[{
				"sender":	{
					"socket":	5,
					"start":	0,
					"end":	3.001347,
					"seconds":	3.001347,
					"bytes":	7602176,
					"bits_per_second":	20263371.079718541,
					"retransmits":	0,
					"max_snd_cwnd":	311784,
					"max_snd_wnd":	0,
					"max_rtt":	166,
					"min_rtt":	114,
					"mean_rtt":	135,
					"sender":	true
				},
				"receiver":	{
					"socket":	5,
					"start":	0,
					"end":	3.001516,
					"seconds":	3.001347,
					"bytes":	7602176,
					"bits_per_second":	20262230.153029334,
					"sender":	true
				}
			}],
		"sum_sent":	{
			"start":	0,
			"end":	3.001347,
			"seconds":	3.001347,
			"bytes":	7602176,
			"bits_per_second":	20263371.079718541,
			"retransmits":	0,
			"sender":	true
		},
		"sum_received":	{
			"start":	0,
			"end":	3.001516,
			"seconds":	3.001516,
			"bytes":	7602176,
			"bits_per_second":	20262230.153029334,
			"sender":	true
		},
		"cpu_utilization_percent":	{
			"host_total":	0.51470573540667841,
			"host_user":	0.1098158810351271,
			"host_system":	0.404923162191095,
			"remote_total":	0.18383792145209968,
			"remote_user":	0.0062634159537866517,
			"remote_system":	0.17754118945600567
		},
		"sender_tcp_congestion":	"cubic",
		"receiver_tcp_congestion":	"cubic"
	}
}
