{
	"start":	{
		"connected":	[{
				"socket":	5,
				"local_host":	"192.168.1.2",
				"local_port":	36598,
				"remote_host":	"192.168.4.2",
				"remote_port":	5202
			}],
		"version":	"iperf 3.19.1",
		"system_info":	"Linux h1 6.6.87.2-microsoft-standard-WSL2 #1 SMP PREEMPT_DYNAMIC Thu Jun  5 18:30:46 UTC 2025 x86_64",
		"timestamp":	{
			"time":	"Sun, 05 Apr 2026 06:55:29 UTC",
			"timesecs":	1775372129
		},
		"connecting_to":	{
			"host":	"192.168.4.2",
			"port":	5202
		},
		"cookie":	"cdgmmi6ntxusrzu4q6pmu2p5g72zyuedsc6p",
		"tcp_mss_default":	9448,
		"target_bitrate":	20000000,
		"fq_rate":	0,
		"sock_bufsize":	0,
		"sndbuf_actual":	16384,
		"rcvbuf_actual":	131072,
		"test_start":	{
			"protocol":	"TCP",
			"num_streams":	1,
			"blksize":	131072,
			"omit":	0,
			"duration":	3,
			"bytes":	0,
			"blocks":	0,
			"reverse":	0,
			"tos":	0,
			"target_bitrate":	20000000,
			"bidir":	0,
			"fqrate":	0,
			"interval":	1
		}
	},
	"intervals":	[{
			"streams":	[{
					"socket":	5,
					"start":	0,
					"end":	1.001242,
					"seconds":	1.0012420415878296,
					"bytes":	2621440,
					"bits_per_second":	20945504.811945479,
					"retransmits":	0,
					"snd_cwnd":	283440,
					"snd_wnd":	-1,
					"rtt":	118,
					"rttvar":	51,
					"pmtu":	9500,
					"omitted":	false,
					"sender":	true
				}],
			"sum":	{
				"start":	0,
				"end":	1.001242,
				"seconds":	1.0012420415878296,
				"bytes":	2621440,
				"bits_per_second":	20945504.811945479,
				"retransmits":	0,
				"omitted":	false,
				"sender":	true
			}
		}, {
			"streams":	[{
					"socket":	5,
					"start":	1.001242,
					"end":	2.000093,
					"seconds":	0.99885100126266479,
					"bytes":	2490368,
					"bits_per_second":	19945861.769988779,
					"retransmits":	0,
					"snd_cwnd":	283440,
					"snd_wnd":	-1,
					"rtt":	131,
					"rttvar":	58,
					"pmtu":	9500,
					"omitted":	false,
					"sender":	true
				}],
			"sum":	{
				"start":	1.001242,
				"end":	2.000093,
				"seconds":	0.99885100126266479,
				"bytes":	2490368,
				"bits_per_second":	19945861.769988779,
				"retransmits":	0,
				"omitted":	false,
				"sender":	true
			}
		}, {
			"streams":	[{
					"socket":	5,
					"start":	2.000093,
					"end":	3.000302,
					"seconds":	1.0002089738845825,
					"bytes":	2490368,
					"bits_per_second":	19918781.494854871,
					"retransmits":	0,
					"snd_cwnd":	283440,
					"snd_wnd":	-1,
					"rtt":	113,
					"rttvar":	39,
					"pmtu":	9500,
					"omitted":	false,
					"sender":	true
				}],
			"sum":	{
				"start":	2.000093,
				"end":	3.000302,
				"seconds":	1.0002089738845825,
				"bytes":	2490368,
				"bits_per_second":	19918781.494854871,
				"retransmits":	0,
				"omitted":	false,
				"sender":	true
			}
		}],
	"end":	{
		"streams":	[{
				"sender":	{
					"socket":	5,
					"start":	0,
					"end":	3.000302,
					"seconds":	3.000302,
					"bytes":	7602176,
					"bits_per_second":	20270428.776836466,
					"retransmits":	0,
					"max_snd_cwnd":	283440,
					"max_snd_wnd":	0,
					"max_rtt":	131,
					"min_rtt":	113,
					"mean_rtt":	120,
					"sender":	true
				},
				"receiver":	{
					"socket":	5,
					"start":	0,
					"end":	3.000434,
					"seconds":	3.000302,
					"bytes":	7602176,
					"bits_per_second":	20269537.006979659,
					"sender":	true
				}
			}],
		"sum_sent":	{
			"start":	0,
			"end":	3.000302,
			"seconds":	3.000302,
			"bytes":	7602176,
			"bits_per_second":	20270428.776836466,
			"retransmits":	0,
			"sender":	true
		},
		"sum_received":	{
			"start":	0,
			"end":	3.000434,
			"seconds":	3.000434,
			"bytes":	7602176,
			"bits_per_second":	20269537.006979659,
			"sender":	true
		},
		"cpu_utilization_percent":	{
			"host_total":	0.47758944432376532,
			"host_user":	0.031084126372798955,
			"host_system":	0.44653863427076573,
			"remote_total":	0.1649070031818253,
			"remote_user":	0,
			"remote_system":	0.16494033119378607
		},
		"sender_tcp_congestion":	"cubic",
		"receiver_tcp_congestion":	"cubic"
	}
}
