{
	"start":	{
		"connected":	[{
				"socket":	5,
				"local_host":	"192.168.1.2",
				"local_port":	54594,
				"remote_host":	"192.168.4.2",
				"remote_port":	5203
			}],
		"version":	"iperf 3.19.1",
		"system_info":	"Linux h1 6.6.87.2-microsoft-standard-WSL2 #1 SMP PREEMPT_DYNAMIC Thu Jun  5 18:30:46 UTC 2025 x86_64",
		"timestamp":	{
			"time":	"Sun, 05 Apr 2026 07:14:28 UTC",
			"timesecs":	1775373268
		},
		"connecting_to":	{
			"host":	"192.168.4.2",
			"port":	5203
		},
		"cookie":	"d3impbsuep6egg7ben6anic7intspq72rz2u",
		"tcp_mss_default":	9448,
		"target_bitrate":	20000000,
		"fq_rate":	0,
		"sock_bufsize":	0,
		"sndbuf_actual":	16384,
		"rcvbuf_actual":	131072,
		"test_start":	{
			"protocol":	"TCP",
			"num_streams":	1,
			"blksize":	131072,
			"omit":	0,
			"duration":	3,
			"bytes":	0,
			"blocks":	0,
			"reverse":	0,
			"tos":	0,
			"target_bitrate":	20000000,
			"bidir":	0,
			"fqrate":	0,
			"interval":	1
		}
	},
	"intervals":	[{
			"streams":	[{
					"socket":	5,
					"start":	0,
					"end":	1.001101,
					"seconds":	1.001101016998291,
					"bytes":	2621440,
					"bits_per_second":	20948455.394522689,
					"retransmits":	0,
					"snd_cwnd":	264544,
					"snd_wnd":	-1,
					"rtt":	111,
					"rttvar":	41,
					"pmtu":	9500,
					"omitted":	false,
					"sender":	true
				}],
			"sum":	{
				"start":	0,
				"end":	1.001101,
				"seconds":	1.001101016998291,
				"bytes":	2621440,
				"bits_per_second":	20948455.394522689,
				"retransmits":	0,
				"omitted":	false,
				"sender":	true
			}
		}, {
			"streams":	[{
					"socket":	5,
					"start":	1.001101,
					"end":	2.001105,
					"seconds":	1.0000040531158447,
					"bytes":	2490368,
					"bits_per_second":	19922863.250327289,
					"retransmits":	0,
					"snd_cwnd":	264544,
					"snd_wnd":	-1,
					"rtt":	126,
					"rttvar":	67,
					"pmtu":	9500,
					"omitted":	false,
					"sender":	true
				}],
			"sum":	{
				"start":	1.001101,
				"end":	2.001105,
				"seconds":	1.0000040531158447,
				"bytes":	2490368,
				"bits_per_second":	19922863.250327289,
				"retransmits":	0,
				"omitted":	false,
				"sender":	true
			}
		}, {
			"streams":	[{
					"socket":	5,
					"start":	2.001105,
					"end":	3.001437,
					"seconds":	1.0003319978713989,
					"bytes":	2490368,
					"bits_per_second":	19916331.820229609,
					"retransmits":	0,
					"snd_cwnd":	264544,
					"snd_wnd":	-1,
					"rtt":	111,
					"rttvar":	66,
					"pmtu":	9500,
					"omitted":	false,
					"sender":	true
				}],
			"sum":	{
				"start":	2.001105,
				"end":	3.001437,
				"seconds":	1.0003319978713989,
				"bytes":	2490368,
				"bits_per_second":	19916331.820229609,
				"retransmits":	0,
				"omitted":	false,
				"sender":	true
			}
		}],
	"end":	{
		"streams":	[{
				"sender":	{
					"socket":	5,
					"start":	0,
					"end":	3.001437,
					"seconds":	3.001437,
					"bytes":	7602176,
					"bits_per_second":	20262763.469631378,
					"retransmits":	0,
					"max_snd_cwnd":	264544,
					"max_snd_wnd":	0,
					"max_rtt":	126,
					"min_rtt":	111,
					"mean_rtt":	116,
					"sender":	true
				},
				"receiver":	{
					"socket":	5,
					"start":	0,
					"end":	3.001581,
					"seconds":	3.001437,
					"bytes":	7602176,
					"bits_per_second":	20261791.369281724,
					"sender":	true
				}
			}],
		"sum_sent":	{
			"start":	0,
			"end":	3.001437,
			"seconds":	3.001437,
			"bytes":	7602176,
			"bits_per_second":	20262763.469631378,
			"retransmits":	0,
			"sender":	true
		},
		"sum_received":	{
			"start":	0,
			"end":	3.001581,
			"seconds":	3.001581,
			"bytes":	7602176,
			"bits_per_second":	20261791.369281724,
			"sender":	true
		},
		"cpu_utilization_percent":	{
			"host_total":	0.5163065199435134,
			"host_user":	0,
			"host_system":	0.51637313154459,
			"remote_total":	0.176104962022162,
			"remote_user":	0.00796236964118364,
			"remote_system":	0.1681425923809784
		},
		"sender_tcp_congestion":	"cubic",
		"receiver_tcp_congestion":	"cubic"
	}
}
