{
	"start":	{
		"connected":	[{
				"socket":	5,
				"local_host":	"192.168.1.2",
				"local_port":	50222,
				"remote_host":	"192.168.4.2",
				"remote_port":	5202
			}],
		"version":	"iperf 3.19.1",
		"system_info":	"Linux h1 6.6.87.2-microsoft-standard-WSL2 #1 SMP PREEMPT_DYNAMIC Thu Jun  5 18:30:46 UTC 2025 x86_64",
		"timestamp":	{
			"time":	"Sun, 05 Apr 2026 06:51:30 UTC",
			"timesecs":	1775371890
		},
		"connecting_to":	{
			"host":	"192.168.4.2",
			"port":	5202
		},
		"cookie":	"7di7lyg4g4fglwv5vbc4nylhd3we7shpyqa6",
		"tcp_mss_default":	9448,
		"target_bitrate":	20000000,
		"fq_rate":	0,
		"sock_bufsize":	0,
		"sndbuf_actual":	16384,
		"rcvbuf_actual":	131072,
		"test_start":	{
			"protocol":	"TCP",
			"num_streams":	1,
			"blksize":	131072,
			"omit":	0,
			"duration":	3,
			"bytes":	0,
			"blocks":	0,
			"reverse":	0,
			"tos":	0,
			"target_bitrate":	20000000,
			"bidir":	0,
			"fqrate":	0,
			"interval":	1
		}
	},
	"intervals":	[{
			"streams":	[{
					"socket":	5,
					"start":	0,
					"end":	1.001094,
					"seconds":	1.0010939836502075,
					"bytes":	2621440,
					"bits_per_second":	20948602.571292311,
					"retransmits":	0,
					"snd_cwnd":	340128,
					"snd_wnd":	-1,
					"rtt":	98,
					"rttvar":	42,
					"pmtu":	9500,
					"omitted":	false,
					"sender":	true
				}],
			"sum":	{
				"start":	0,
				"end":	1.001094,
				"seconds":	1.0010939836502075,
				"bytes":	2621440,
				"bits_per_second":	20948602.571292311,
				"retransmits":	0,
				"omitted":	false,
				"sender":	true
			}
		}, {
			"streams":	[{
					"socket":	5,
					"start":	1.001094,
					"end":	2.001063,
					"seconds":	0.9999690055847168,
					"bytes":	2490368,
					"bits_per_second":	19923561.519139644,
					"retransmits":	0,
					"snd_cwnd":	340128,
					"snd_wnd":	-1,
					"rtt":	121,
					"rttvar":	39,
					"pmtu":	9500,
					"omitted":	false,
					"sender":	true
				}],
			"sum":	{
				"start":	1.001094,
				"end":	2.001063,
				"seconds":	0.9999690055847168,
				"bytes":	2490368,
				"bits_per_second":	19923561.519139644,
				"retransmits":	0,
				"omitted":	false,
				"sender":	true
			}
		}, {
			"streams":	[{
					"socket":	5,
					"start":	2.001063,
					"end":	3.000897,
					"seconds":	0.99983400106430054,
					"bytes":	2490368,
					"bits_per_second":	19926251.736580752,
					"retransmits":	0,
					"snd_cwnd":	340128,
					"snd_wnd":	-1,
					"rtt":	109,
					"rttvar":	41,
					"pmtu":	9500,
					"omitted":	false,
					"sender":	true
				}],
			"sum":	{
				"start":	2.001063,
				"end":	3.000897,
				"seconds":	0.99983400106430054,
				"bytes":	2490368,
				"bits_per_second":	19926251.736580752,
				"retransmits":	0,
				"omitted":	false,
				"sender":	true
			}
		}],
	"end":	{
		"streams":	[{
				"sender":	{
					"socket":	5,
					"start":	0,
					"end":	3.000897,
					"seconds":	3.000897,
					"bytes":	7602176,
					"bits_per_second":	20266409.676839959,
					"retransmits":	0,
					"max_snd_cwnd":	340128,
					"max_snd_wnd":	0,
					"max_rtt":	121,
					"min_rtt":	98,
					"mean_rtt":	109,
					"sender":	true
				},
				"receiver":	{
					"socket":	5,
					"start":	0,
					"end":	3.001024,
					"seconds":	3.000897,
					"bytes":	7602176,
					"bits_per_second":	20265552.024908829,
					"sender":	true
				}
			}],
		"sum_sent":	{
			"start":	0,
			"end":	3.000897,
			"seconds":	3.000897,
			"bytes":	7602176,
			"bits_per_second":	20266409.676839959,
			"retransmits":	0,
			"sender":	true
		},
		"sum_received":	{
			"start":	0,
			"end":	3.001024,
			"seconds":	3.001024,
			"bytes":	7602176,
			"bits_per_second":	20265552.024908829,
			"sender":	true
		},
		"cpu_utilization_percent":	{
			"host_total":	0.4769880498154207,
			"host_user":	0,
			"host_system":	0.47695473826783952,
			"remote_total":	0.16707435608563512,
			"remote_user":	0.12745500838204116,
			"remote_system":	0.0396526692744128
		},
		"sender_tcp_congestion":	"cubic",
		"receiver_tcp_congestion":	"cubic"
	}
}
