{
	"start":	{
		"connected":	[{
				"socket":	5,
				"local_host":	"192.168.1.2",
				"local_port":	35604,
				"remote_host":	"192.168.4.2",
				"remote_port":	5203
			}],
		"version":	"iperf 3.19.1",
		"system_info":	"Linux h1 6.6.87.2-microsoft-standard-WSL2 #1 SMP PREEMPT_DYNAMIC Thu Jun  5 18:30:46 UTC 2025 x86_64",
		"timestamp":	{
			"time":	"Sun, 05 Apr 2026 07:17:15 UTC",
			"timesecs":	1775373435
		},
		"connecting_to":	{
			"host":	"192.168.4.2",
			"port":	5203
		},
		"cookie":	"3hj35wgvp34hjbe5k6ntfh4bi3q62lie2gxy",
		"tcp_mss_default":	9448,
		"target_bitrate":	20000000,
		"fq_rate":	0,
		"sock_bufsize":	0,
		"sndbuf_actual":	16384,
		"rcvbuf_actual":	131072,
		"test_start":	{
			"protocol":	"TCP",
			"num_streams":	1,
			"blksize":	131072,
			"omit":	0,
			"duration":	3,
			"bytes":	0,
			"blocks":	0,
			"reverse":	0,
			"tos":	0,
			"target_bitrate":	20000000,
			"bidir":	0,
			"fqrate":	0,
			"interval":	1
		}
	},
	"intervals":	[{
			"streams":	[{
					"socket":	5,
					"start":	0,
					"end":	1.001089,
					"seconds":	1.0010889768600464,
					"bytes":	2621440,
					"bits_per_second":	20948707.342456181,
					"retransmits":	0,
					"snd_cwnd":	264544,
					"snd_wnd":	-1,
					"rtt":	127,
					"rttvar":	51,
					"pmtu":	9500,
					"omitted":	false,
					"sender":	true
				}],
			"sum":	{
				"start":	0,
				"end":	1.001089,
				"seconds":	1.0010889768600464,
				"bytes":	2621440,
				"bits_per_second":	20948707.342456181,
				"retransmits":	0,
				"omitted":	false,
				"sender":	true
			}
		}, {
			"streams":	[{
					"socket":	5,
					"start":	1.001089,
					"end":	2.001097,
					"seconds":	1.0000079870224,
					"bytes":	2490368,
					"bits_per_second":	19922784.876270924,
					"retransmits":	0,
					"snd_cwnd":	264544,
					"snd_wnd":	-1,
					"rtt":	126,
					"rttvar":	68,
					"pmtu":	9500,
					"omitted":	false,
					"sender":	true
				}],
			"sum":	{
				"start":	1.001089,
				"end":	2.001097,
				"seconds":	1.0000079870224,
				"bytes":	2490368,
				"bits_per_second":	19922784.876270924,
				"retransmits":	0,
				"omitted":	false,
				"sender":	true
			}
		}, {
			"streams":	[{
					"socket":	5,
					"start":	2.001097,
					"end":	3.001358,
					"seconds":	1.0002609491348267,
					"bytes":	2490368,
					"bits_per_second":	19917746.481288012,
					"retransmits":	0,
					"snd_cwnd":	264544,
					"snd_wnd":	-1,
					"rtt":	119,
					"rttvar":	68,
					"pmtu":	9500,
					"omitted":	false,
					"sender":	true
				}],
			"sum":	{
				"start":	2.001097,
				"end":	3.001358,
				"seconds":	1.0002609491348267,
				"bytes":	2490368,
				"bits_per_second":	19917746.481288012,
				"retransmits":	0,
				"omitted":	false,
				"sender":	true
			}
		}],
	"end":	{
		"streams":	[{
				"sender":	{
					"socket":	5,
					"start":	0,
					"end":	3.001358,
					"seconds":	3.001358,
					"bytes":	7602176,
					"bits_per_second":	20263296.814308722,
					"retransmits":	0,
					"max_snd_cwnd":	264544,
					"max_snd_wnd":	0,
					"max_rtt":	127,
					"min_rtt":	119,
					"mean_rtt":	124,
					"sender":	true
				},
				"receiver":	{
					"socket":	5,
					"start":	0,
					"end":	3.001577,
					"seconds":	3.001358,
					"bytes":	7602176,
					"bits_per_second":	20261818.370809745,
					"sender":	true
				}
			}],
		"sum_sent":	{
			"start":	0,
			"end":	3.001358,
			"seconds":	3.001358,
			"bytes":	7602176,
			"bits_per_second":	20263296.814308722,
			"retransmits":	0,
			"sender":	true
		},
		"sum_received":	{
			"start":	0,
			"end":	3.001577,
			"seconds":	3.001577,
			"bytes":	7602176,
			"bits_per_second":	20261818.370809745,
			"sender":	true
		},
		"cpu_utilization_percent":	{
			"host_total":	0.55395960211631756,
			"host_user":	0.1297635046804457,
			"host_system":	0.42426271114464,
			"remote_total":	0.17673818927477375,
			"remote_user":	0.016324545286454127,
			"remote_system":	0.16041364398831962
		},
		"sender_tcp_congestion":	"cubic",
		"receiver_tcp_congestion":	"cubic"
	}
}
