{
	"start":	{
		"connected":	[{
				"socket":	5,
				"local_host":	"192.168.1.2",
				"local_port":	54062,
				"remote_host":	"192.168.4.2",
				"remote_port":	5202
			}],
		"version":	"iperf 3.19.1",
		"system_info":	"Linux h1 6.6.87.2-microsoft-standard-WSL2 #1 SMP PREEMPT_DYNAMIC Thu Jun  5 18:30:46 UTC 2025 x86_64",
		"timestamp":	{
			"time":	"Sun, 05 Apr 2026 07:14:23 UTC",
			"timesecs":	1775373263
		},
		"connecting_to":	{
			"host":	"192.168.4.2",
			"port":	5202
		},
		"cookie":	"fu7tbeal6oc32qxmovr6ye4jws4vns5ug3wq",
		"tcp_mss_default":	9448,
		"target_bitrate":	20000000,
		"fq_rate":	0,
		"sock_bufsize":	0,
		"sndbuf_actual":	16384,
		"rcvbuf_actual":	131072,
		"test_start":	{
			"protocol":	"TCP",
			"num_streams":	1,
			"blksize":	131072,
			"omit":	0,
			"duration":	3,
			"bytes":	0,
			"blocks":	0,
			"reverse":	0,
			"tos":	0,
			"target_bitrate":	20000000,
			"bidir":	0,
			"fqrate":	0,
			"interval":	1
		}
	},
	"intervals":	[{
			"streams":	[{
					"socket":	5,
					"start":	0,
					"end":	1.001528,
					"seconds":	1.0015280246734619,
					"bytes":	2621440,
					"bits_per_second":	20939523.890844245,
					"retransmits":	0,
					"snd_cwnd":	264544,
					"snd_wnd":	-1,
					"rtt":	129,
					"rttvar":	81,
					"pmtu":	9500,
					"omitted":	false,
					"sender":	true
				}],
			"sum":	{
				"start":	0,
				"end":	1.001528,
				"seconds":	1.0015280246734619,
				"bytes":	2621440,
				"bits_per_second":	20939523.890844245,
				"retransmits":	0,
				"omitted":	false,
				"sender":	true
			}
		}, {
			"streams":	[{
					"socket":	5,
					"start":	1.001528,
					"end":	2.000214,
					"seconds":	0.99868601560592651,
					"bytes":	2490368,
					"bits_per_second":	19949156.880816318,
					"retransmits":	0,
					"snd_cwnd":	264544,
					"snd_wnd":	-1,
					"rtt":	112,
					"rttvar":	43,
					"pmtu":	9500,
					"omitted":	false,
					"sender":	true
				}],
			"sum":	{
				"start":	1.001528,
				"end":	2.000214,
				"seconds":	0.99868601560592651,
				"bytes":	2490368,
				"bits_per_second":	19949156.880816318,
				"retransmits":	0,
				"omitted":	false,
				"sender":	true
			}
		}, {
			"streams":	[{
					"socket":	5,
					"start":	2.000214,
					"end":	3.001464,
					"seconds":	1.0012500286102295,
					"bytes":	2490368,
					"bits_per_second":	19898070.842158929,
					"retransmits":	0,
					"snd_cwnd":	264544,
					"snd_wnd":	-1,
					"rtt":	128,
					"rttvar":	84,
					"pmtu":	9500,
					"omitted":	false,
					"sender":	true
				}],
			"sum":	{
				"start":	2.000214,
				"end":	3.001464,
				"seconds":	1.0012500286102295,
				"bytes":	2490368,
				"bits_per_second":	19898070.842158929,
				"retransmits":	0,
				"omitted":	false,
				"sender":	true
			}
		}],
	"end":	{
		"streams":	[{
				"sender":	{
					"socket":	5,
					"start":	0,
					"end":	3.001464,
					"seconds":	3.001464,
					"bytes":	7602176,
					"bits_per_second":	20262581.1937108,
					"retransmits":	0,
					"max_snd_cwnd":	264544,
					"max_snd_wnd":	0,
					"max_rtt":	129,
					"min_rtt":	112,
					"mean_rtt":	123,
					"sender":	true
				},
				"receiver":	{
					"socket":	5,
					"start":	0,
					"end":	3.001665,
					"seconds":	3.001464,
					"bytes":	7602176,
					"bits_per_second":	20261224.353816964,
					"sender":	true
				}
			}],
		"sum_sent":	{
			"start":	0,
			"end":	3.001464,
			"seconds":	3.001464,
			"bytes":	7602176,
			"bits_per_second":	20262581.1937108,
			"retransmits":	0,
			"sender":	true
		},
		"sum_received":	{
			"start":	0,
			"end":	3.001665,
			"seconds":	3.001665,
			"bytes":	7602176,
			"bits_per_second":	20261224.353816964,
			"sender":	true
		},
		"cpu_utilization_percent":	{
			"host_total":	0.533412199472716,
			"host_user":	0.044761862892815321,
			"host_system":	0.48868364153741,
			"remote_total":	0.17963064448157137,
			"remote_user":	0,
			"remote_system":	0.17959733019290638
		},
		"sender_tcp_congestion":	"cubic",
		"receiver_tcp_congestion":	"cubic"
	}
}
