{
	"start":	{
		"connected":	[{
				"socket":	5,
				"local_host":	"192.168.1.2",
				"local_port":	54838,
				"remote_host":	"192.168.4.2",
				"remote_port":	5203
			}],
		"version":	"iperf 3.19.1",
		"system_info":	"Linux h1 6.6.87.2-microsoft-standard-WSL2 #1 SMP PREEMPT_DYNAMIC Thu Jun  5 18:30:46 UTC 2025 x86_64",
		"timestamp":	{
			"time":	"Sun, 05 Apr 2026 07:17:24 UTC",
			"timesecs":	1775373444
		},
		"connecting_to":	{
			"host":	"192.168.4.2",
			"port":	5203
		},
		"cookie":	"ufu5fldr5sljzeipjrvyavrmol2qglbu36nl",
		"tcp_mss_default":	9448,
		"target_bitrate":	20000000,
		"fq_rate":	0,
		"sock_bufsize":	0,
		"sndbuf_actual":	16384,
		"rcvbuf_actual":	131072,
		"test_start":	{
			"protocol":	"TCP",
			"num_streams":	1,
			"blksize":	131072,
			"omit":	0,
			"duration":	3,
			"bytes":	0,
			"blocks":	0,
			"reverse":	0,
			"tos":	0,
			"target_bitrate":	20000000,
			"bidir":	0,
			"fqrate":	0,
			"interval":	1
		}
	},
	"intervals":	[{
			"streams":	[{
					"socket":	5,
					"start":	0,
					"end":	1.001489,
					"seconds":	1.0014890432357788,
					"bytes":	2621440,
					"bits_per_second":	20940338.929961424,
					"retransmits":	0,
					"snd_cwnd":	359024,
					"snd_wnd":	-1,
					"rtt":	148,
					"rttvar":	59,
					"pmtu":	9500,
					"omitted":	false,
					"sender":	true
				}],
			"sum":	{
				"start":	0,
				"end":	1.001489,
				"seconds":	1.0014890432357788,
				"bytes":	2621440,
				"bits_per_second":	20940338.929961424,
				"retransmits":	0,
				"omitted":	false,
				"sender":	true
			}
		}, {
			"streams":	[{
					"socket":	5,
					"start":	1.001489,
					"end":	2.001055,
					"seconds":	0.99956601858139038,
					"bytes":	2490368,
					"bits_per_second":	19931593.941413846,
					"retransmits":	0,
					"snd_cwnd":	359024,
					"snd_wnd":	-1,
					"rtt":	151,
					"rttvar":	74,
					"pmtu":	9500,
					"omitted":	false,
					"sender":	true
				}],
			"sum":	{
				"start":	1.001489,
				"end":	2.001055,
				"seconds":	0.99956601858139038,
				"bytes":	2490368,
				"bits_per_second":	19931593.941413846,
				"retransmits":	0,
				"omitted":	false,
				"sender":	true
			}
		}, {
			"streams":	[{
					"socket":	5,
					"start":	2.001055,
					"end":	3.001597,
					"seconds":	1.0005420446395874,
					"bytes":	2490368,
					"bits_per_second":	19912150.72543662,
					"retransmits":	0,
					"snd_cwnd":	359024,
					"snd_wnd":	-1,
					"rtt":	170,
					"rttvar":	75,
					"pmtu":	9500,
					"omitted":	false,
					"sender":	true
				}],
			"sum":	{
				"start":	2.001055,
				"end":	3.001597,
				"seconds":	1.0005420446395874,
				"bytes":	2490368,
				"bits_per_second":	19912150.72543662,
				"retransmits":	0,
				"omitted":	false,
				"sender":	true
			}
		}],
	"end":	{
		"streams":	[{
				"sender":	{
					"socket":	5,
					"start":	0,
					"end":	3.001597,
					"seconds":	3.001597,
					"bytes":	7602176,
					"bits_per_second":	20261683.363889292,
					"retransmits":	0,
					"max_snd_cwnd":	359024,
					"max_snd_wnd":	0,
					"max_rtt":	170,
					"min_rtt":	148,
					"mean_rtt":	156,
					"sender":	true
				},
				"receiver":	{
					"socket":	5,
					"start":	0,
					"end":	3.001765,
					"seconds":	3.001597,
					"bytes":	7602176,
					"bits_per_second":	20260549.376783326,
					"sender":	true
				}
			}],
		"sum_sent":	{
			"start":	0,
			"end":	3.001597,
			"seconds":	3.001597,
			"bytes":	7602176,
			"bits_per_second":	20261683.363889292,
			"retransmits":	0,
			"sender":	true
		},
		"sum_received":	{
			"start":	0,
			"end":	3.001765,
			"seconds":	3.001765,
			"bytes":	7602176,
			"bits_per_second":	20260549.376783326,
			"sender":	true
		},
		"cpu_utilization_percent":	{
			"host_total":	0.62745539415840124,
			"host_user":	0.032166953816112911,
			"host_system":	0.59532173946632161,
			"remote_total":	0.23242790720606463,
			"remote_user":	0.021487172158221542,
			"remote_system":	0.21094073504784311
		},
		"sender_tcp_congestion":	"cubic",
		"receiver_tcp_congestion":	"cubic"
	}
}
