{
	"start":	{
		"connected":	[{
				"socket":	5,
				"local_host":	"192.168.1.2",
				"local_port":	47034,
				"remote_host":	"192.168.4.2",
				"remote_port":	5203
			}],
		"version":	"iperf 3.19.1",
		"system_info":	"Linux h1 6.6.87.2-microsoft-standard-WSL2 #1 SMP PREEMPT_DYNAMIC Thu Jun  5 18:30:46 UTC 2025 x86_64",
		"timestamp":	{
			"time":	"Sun, 05 Apr 2026 07:09:19 UTC",
			"timesecs":	1775372959
		},
		"connecting_to":	{
			"host":	"192.168.4.2",
			"port":	5203
		},
		"cookie":	"fpt6bw6xkx75k4ydigvm4kxpuguleedl5brp",
		"tcp_mss_default":	9448,
		"target_bitrate":	20000000,
		"fq_rate":	0,
		"sock_bufsize":	0,
		"sndbuf_actual":	16384,
		"rcvbuf_actual":	131072,
		"test_start":	{
			"protocol":	"TCP",
			"num_streams":	1,
			"blksize":	131072,
			"omit":	0,
			"duration":	3,
			"bytes":	0,
			"blocks":	0,
			"reverse":	0,
			"tos":	0,
			"target_bitrate":	20000000,
			"bidir":	0,
			"fqrate":	0,
			"interval":	1
		}
	},
	"intervals":	[{
			"streams":	[{
					"socket":	5,
					"start":	0,
					"end":	1.000316,
					"seconds":	1.0003160238265991,
					"bytes":	2621440,
					"bits_per_second":	20964894.593786225,
					"retransmits":	0,
					"snd_cwnd":	207856,
					"snd_wnd":	-1,
					"rtt":	109,
					"rttvar":	65,
					"pmtu":	9500,
					"omitted":	false,
					"sender":	true
				}],
			"sum":	{
				"start":	0,
				"end":	1.000316,
				"seconds":	1.0003160238265991,
				"bytes":	2621440,
				"bits_per_second":	20964894.593786225,
				"retransmits":	0,
				"omitted":	false,
				"sender":	true
			}
		}, {
			"streams":	[{
					"socket":	5,
					"start":	1.000316,
					"end":	2.00018,
					"seconds":	0.99986398220062256,
					"bytes":	2490368,
					"bits_per_second":	19925654.243641376,
					"retransmits":	0,
					"snd_cwnd":	207856,
					"snd_wnd":	-1,
					"rtt":	257,
					"rttvar":	153,
					"pmtu":	9500,
					"omitted":	false,
					"sender":	true
				}],
			"sum":	{
				"start":	1.000316,
				"end":	2.00018,
				"seconds":	0.99986398220062256,
				"bytes":	2490368,
				"bits_per_second":	19925654.243641376,
				"retransmits":	0,
				"omitted":	false,
				"sender":	true
			}
		}, {
			"streams":	[{
					"socket":	5,
					"start":	2.00018,
					"end":	3.000389,
					"seconds":	1.0002089738845825,
					"bytes":	2490368,
					"bits_per_second":	19918781.494854871,
					"retransmits":	0,
					"snd_cwnd":	207856,
					"snd_wnd":	-1,
					"rtt":	216,
					"rttvar":	129,
					"pmtu":	9500,
					"omitted":	false,
					"sender":	true
				}],
			"sum":	{
				"start":	2.00018,
				"end":	3.000389,
				"seconds":	1.0002089738845825,
				"bytes":	2490368,
				"bits_per_second":	19918781.494854871,
				"retransmits":	0,
				"omitted":	false,
				"sender":	true
			}
		}],
	"end":	{
		"streams":	[{
				"sender":	{
					"socket":	5,
					"start":	0,
					"end":	3.000389,
					"seconds":	3.000389,
					"bytes":	7602176,
					"bits_per_second":	20269841.010615621,
					"retransmits":	0,
					"max_snd_cwnd":	207856,
					"max_snd_wnd":	0,
					"max_rtt":	257,
					"min_rtt":	109,
					"mean_rtt":	194,
					"sender":	true
				},
				"receiver":	{
					"socket":	5,
					"start":	0,
					"end":	3.000661,
					"seconds":	3.000389,
					"bytes":	7602176,
					"bits_per_second":	20268003.616536491,
					"sender":	true
				}
			}],
		"sum_sent":	{
			"start":	0,
			"end":	3.000389,
			"seconds":	3.000389,
			"bytes":	7602176,
			"bits_per_second":	20269841.010615621,
			"retransmits":	0,
			"sender":	true
		},
		"sum_received":	{
			"start":	0,
			"end":	3.000661,
			"seconds":	3.000661,
			"bytes":	7602176,
			"bits_per_second":	20268003.616536491,
			"sender":	true
		},
		"cpu_utilization_percent":	{
			"host_total":	0.836560377176818,
			"host_user":	0,
			"host_system":	0.83659369432912079,
			"remote_total":	0.32515735489807213,
			"remote_user":	0,
			"remote_system":	0.32519068044433619
		},
		"sender_tcp_congestion":	"cubic",
		"receiver_tcp_congestion":	"cubic"
	}
}
