{
	"start":	{
		"connected":	[{
				"socket":	5,
				"local_host":	"192.168.1.2",
				"local_port":	54650,
				"remote_host":	"192.168.4.2",
				"remote_port":	5203
			}],
		"version":	"iperf 3.19.1",
		"system_info":	"Linux h1 6.6.87.2-microsoft-standard-WSL2 #1 SMP PREEMPT_DYNAMIC Thu Jun  5 18:30:46 UTC 2025 x86_64",
		"timestamp":	{
			"time":	"Sun, 05 Apr 2026 07:16:45 UTC",
			"timesecs":	1775373405
		},
		"connecting_to":	{
			"host":	"192.168.4.2",
			"port":	5203
		},
		"cookie":	"7figg5p256u7bd3vjyljqaapy63ompb6qqo7",
		"tcp_mss_default":	9448,
		"target_bitrate":	20000000,
		"fq_rate":	0,
		"sock_bufsize":	0,
		"sndbuf_actual":	16384,
		"rcvbuf_actual":	131072,
		"test_start":	{
			"protocol":	"TCP",
			"num_streams":	1,
			"blksize":	131072,
			"omit":	0,
			"duration":	3,
			"bytes":	0,
			"blocks":	0,
			"reverse":	0,
			"tos":	0,
			"target_bitrate":	20000000,
			"bidir":	0,
			"fqrate":	0,
			"interval":	1
		}
	},
	"intervals":	[{
			"streams":	[{
					"socket":	5,
					"start":	0,
					"end":	1.001136,
					"seconds":	1.0011359453201294,
					"bytes":	2621440,
					"bits_per_second":	20947724.530352388,
					"retransmits":	0,
					"snd_cwnd":	302336,
					"snd_wnd":	-1,
					"rtt":	125,
					"rttvar":	48,
					"pmtu":	9500,
					"omitted":	false,
					"sender":	true
				}],
			"sum":	{
				"start":	0,
				"end":	1.001136,
				"seconds":	1.0011359453201294,
				"bytes":	2621440,
				"bits_per_second":	20947724.530352388,
				"retransmits":	0,
				"omitted":	false,
				"sender":	true
			}
		}, {
			"streams":	[{
					"socket":	5,
					"start":	1.001136,
					"end":	2.000637,
					"seconds":	0.99950098991394043,
					"bytes":	2490368,
					"bits_per_second":	19932890.713510364,
					"retransmits":	0,
					"snd_cwnd":	302336,
					"snd_wnd":	-1,
					"rtt":	111,
					"rttvar":	56,
					"pmtu":	9500,
					"omitted":	false,
					"sender":	true
				}],
			"sum":	{
				"start":	1.001136,
				"end":	2.000637,
				"seconds":	0.99950098991394043,
				"bytes":	2490368,
				"bits_per_second":	19932890.713510364,
				"retransmits":	0,
				"omitted":	false,
				"sender":	true
			}
		}, {
			"streams":	[{
					"socket":	5,
					"start":	2.000637,
					"end":	3.001477,
					"seconds":	1.0008399486541748,
					"bytes":	2490368,
					"bits_per_second":	19906223.79411443,
					"retransmits":	0,
					"snd_cwnd":	302336,
					"snd_wnd":	-1,
					"rtt":	124,
					"rttvar":	83,
					"pmtu":	9500,
					"omitted":	false,
					"sender":	true
				}],
			"sum":	{
				"start":	2.000637,
				"end":	3.001477,
				"seconds":	1.0008399486541748,
				"bytes":	2490368,
				"bits_per_second":	19906223.79411443,
				"retransmits":	0,
				"omitted":	false,
				"sender":	true
			}
		}],
	"end":	{
		"streams":	[{
				"sender":	{
					"socket":	5,
					"start":	0,
					"end":	3.001477,
					"seconds":	3.001477,
					"bytes":	7602176,
					"bits_per_second":	20262493.432400115,
					"retransmits":	0,
					"max_snd_cwnd":	302336,
					"max_snd_wnd":	0,
					"max_rtt":	125,
					"min_rtt":	111,
					"mean_rtt":	120,
					"sender":	true
				},
				"receiver":	{
					"socket":	5,
					"start":	0,
					"end":	3.001871,
					"seconds":	3.001477,
					"bytes":	7602176,
					"bits_per_second":	20259833.950226374,
					"sender":	true
				}
			}],
		"sum_sent":	{
			"start":	0,
			"end":	3.001477,
			"seconds":	3.001477,
			"bytes":	7602176,
			"bits_per_second":	20262493.432400115,
			"retransmits":	0,
			"sender":	true
		},
		"sum_received":	{
			"start":	0,
			"end":	3.001871,
			"seconds":	3.001871,
			"bytes":	7602176,
			"bits_per_second":	20259833.950226374,
			"sender":	true
		},
		"cpu_utilization_percent":	{
			"host_total":	0.56553958377458868,
			"host_user":	0,
			"host_system":	0.565506281478995,
			"remote_total":	0.18425009777147658,
			"remote_user":	0.01728906178690948,
			"remote_system":	0.16742740759346256
		},
		"sender_tcp_congestion":	"cubic",
		"receiver_tcp_congestion":	"cubic"
	}
}
