{
	"start":	{
		"connected":	[{
				"socket":	5,
				"local_host":	"192.168.1.2",
				"local_port":	44796,
				"remote_host":	"192.168.4.2",
				"remote_port":	5202
			}],
		"version":	"iperf 3.19.1",
		"system_info":	"Linux h1 6.6.87.2-microsoft-standard-WSL2 #1 SMP PREEMPT_DYNAMIC Thu Jun  5 18:30:46 UTC 2025 x86_64",
		"timestamp":	{
			"time":	"Sun, 05 Apr 2026 06:54:22 UTC",
			"timesecs":	1775372062
		},
		"connecting_to":	{
			"host":	"192.168.4.2",
			"port":	5202
		},
		"cookie":	"7t7f5hsqskyifphmcyl223gyl7pzdhireyqn",
		"tcp_mss_default":	9448,
		"target_bitrate":	20000000,
		"fq_rate":	0,
		"sock_bufsize":	0,
		"sndbuf_actual":	16384,
		"rcvbuf_actual":	131072,
		"test_start":	{
			"protocol":	"TCP",
			"num_streams":	1,
			"blksize":	131072,
			"omit":	0,
			"duration":	3,
			"bytes":	0,
			"blocks":	0,
			"reverse":	0,
			"tos":	0,
			"target_bitrate":	20000000,
			"bidir":	0,
			"fqrate":	0,
			"interval":	1
		}
	},
	"intervals":	[{
			"streams":	[{
					"socket":	5,
					"start":	0,
					"end":	1.001534,
					"seconds":	1.0015339851379395,
					"bytes":	2621440,
					"bits_per_second":	20939399.272718269,
					"retransmits":	0,
					"snd_cwnd":	311784,
					"snd_wnd":	-1,
					"rtt":	119,
					"rttvar":	48,
					"pmtu":	9500,
					"omitted":	false,
					"sender":	true
				}],
			"sum":	{
				"start":	0,
				"end":	1.001534,
				"seconds":	1.0015339851379395,
				"bytes":	2621440,
				"bits_per_second":	20939399.272718269,
				"retransmits":	0,
				"omitted":	false,
				"sender":	true
			}
		}, {
			"streams":	[{
					"socket":	5,
					"start":	1.001534,
					"end":	2.001485,
					"seconds":	0.99995100498199463,
					"bytes":	2490368,
					"bits_per_second":	19923920.1728276,
					"retransmits":	0,
					"snd_cwnd":	311784,
					"snd_wnd":	-1,
					"rtt":	109,
					"rttvar":	51,
					"pmtu":	9500,
					"omitted":	false,
					"sender":	true
				}],
			"sum":	{
				"start":	1.001534,
				"end":	2.001485,
				"seconds":	0.99995100498199463,
				"bytes":	2490368,
				"bits_per_second":	19923920.1728276,
				"retransmits":	0,
				"omitted":	false,
				"sender":	true
			}
		}, {
			"streams":	[{
					"socket":	5,
					"start":	2.001485,
					"end":	3.001207,
					"seconds":	0.99972200393676758,
					"bytes":	2490368,
					"bits_per_second":	19928484.04010934,
					"retransmits":	0,
					"snd_cwnd":	311784,
					"snd_wnd":	-1,
					"rtt":	116,
					"rttvar":	52,
					"pmtu":	9500,
					"omitted":	false,
					"sender":	true
				}],
			"sum":	{
				"start":	2.001485,
				"end":	3.001207,
				"seconds":	0.99972200393676758,
				"bytes":	2490368,
				"bits_per_second":	19928484.04010934,
				"retransmits":	0,
				"omitted":	false,
				"sender":	true
			}
		}],
	"end":	{
		"streams":	[{
				"sender":	{
					"socket":	5,
					"start":	0,
					"end":	3.001207,
					"seconds":	3.001207,
					"bytes":	7602176,
					"bits_per_second":	20264316.32339922,
					"retransmits":	0,
					"max_snd_cwnd":	311784,
					"max_snd_wnd":	0,
					"max_rtt":	119,
					"min_rtt":	109,
					"mean_rtt":	114,
					"sender":	true
				},
				"receiver":	{
					"socket":	5,
					"start":	0,
					"end":	3.001415,
					"seconds":	3.001207,
					"bytes":	7602176,
					"bits_per_second":	20262911.99317655,
					"sender":	true
				}
			}],
		"sum_sent":	{
			"start":	0,
			"end":	3.001207,
			"seconds":	3.001207,
			"bytes":	7602176,
			"bits_per_second":	20264316.32339922,
			"retransmits":	0,
			"sender":	true
		},
		"sum_received":	{
			"start":	0,
			"end":	3.001415,
			"seconds":	3.001415,
			"bytes":	7602176,
			"bits_per_second":	20262911.99317655,
			"sender":	true
		},
		"cpu_utilization_percent":	{
			"host_total":	0.48182910599407924,
			"host_user":	0,
			"host_system":	0.48182910599407924,
			"remote_total":	0.17294968333649291,
			"remote_user":	0,
			"remote_system":	0.172983000555398
		},
		"sender_tcp_congestion":	"cubic",
		"receiver_tcp_congestion":	"cubic"
	}
}
