{
	"start":	{
		"connected":	[{
				"socket":	5,
				"local_host":	"192.168.1.2",
				"local_port":	53036,
				"remote_host":	"192.168.4.2",
				"remote_port":	5202
			}],
		"version":	"iperf 3.19.1",
		"system_info":	"Linux h1 6.6.87.2-microsoft-standard-WSL2 #1 SMP PREEMPT_DYNAMIC Thu Jun  5 18:30:46 UTC 2025 x86_64",
		"timestamp":	{
			"time":	"Sun, 05 Apr 2026 07:10:19 UTC",
			"timesecs":	1775373019
		},
		"connecting_to":	{
			"host":	"192.168.4.2",
			"port":	5202
		},
		"cookie":	"pzr6ol32645kftqhy7efpa4zyzafsqfgdzvv",
		"tcp_mss_default":	9448,
		"target_bitrate":	20000000,
		"fq_rate":	0,
		"sock_bufsize":	0,
		"sndbuf_actual":	16384,
		"rcvbuf_actual":	131072,
		"test_start":	{
			"protocol":	"TCP",
			"num_streams":	1,
			"blksize":	131072,
			"omit":	0,
			"duration":	3,
			"bytes":	0,
			"blocks":	0,
			"reverse":	0,
			"tos":	0,
			"target_bitrate":	20000000,
			"bidir":	0,
			"fqrate":	0,
			"interval":	1
		}
	},
	"intervals":	[{
			"streams":	[{
					"socket":	5,
					"start":	0,
					"end":	1.000744,
					"seconds":	1.0007439851760864,
					"bytes":	2621440,
					"bits_per_second":	20955929.09939893,
					"retransmits":	0,
					"snd_cwnd":	321232,
					"snd_wnd":	-1,
					"rtt":	112,
					"rttvar":	54,
					"pmtu":	9500,
					"omitted":	false,
					"sender":	true
				}],
			"sum":	{
				"start":	0,
				"end":	1.000744,
				"seconds":	1.0007439851760864,
				"bytes":	2621440,
				"bits_per_second":	20955929.09939893,
				"retransmits":	0,
				"omitted":	false,
				"sender":	true
			}
		}, {
			"streams":	[{
					"socket":	5,
					"start":	1.000744,
					"end":	2.000643,
					"seconds":	0.99989902973175049,
					"bytes":	2490368,
					"bits_per_second":	19924955.828134827,
					"retransmits":	0,
					"snd_cwnd":	321232,
					"snd_wnd":	-1,
					"rtt":	122,
					"rttvar":	60,
					"pmtu":	9500,
					"omitted":	false,
					"sender":	true
				}],
			"sum":	{
				"start":	1.000744,
				"end":	2.000643,
				"seconds":	0.99989902973175049,
				"bytes":	2490368,
				"bits_per_second":	19924955.828134827,
				"retransmits":	0,
				"omitted":	false,
				"sender":	true
			}
		}, {
			"streams":	[{
					"socket":	5,
					"start":	2.000643,
					"end":	3.000925,
					"seconds":	1.0002820491790771,
					"bytes":	2490368,
					"bits_per_second":	19917326.334457956,
					"retransmits":	0,
					"snd_cwnd":	321232,
					"snd_wnd":	-1,
					"rtt":	114,
					"rttvar":	73,
					"pmtu":	9500,
					"omitted":	false,
					"sender":	true
				}],
			"sum":	{
				"start":	2.000643,
				"end":	3.000925,
				"seconds":	1.0002820491790771,
				"bytes":	2490368,
				"bits_per_second":	19917326.334457956,
				"retransmits":	0,
				"omitted":	false,
				"sender":	true
			}
		}],
	"end":	{
		"streams":	[{
				"sender":	{
					"socket":	5,
					"start":	0,
					"end":	3.000925,
					"seconds":	3.000925,
					"bytes":	7602176,
					"bits_per_second":	20266220.581987221,
					"retransmits":	0,
					"max_snd_cwnd":	321232,
					"max_snd_wnd":	0,
					"max_rtt":	122,
					"min_rtt":	112,
					"mean_rtt":	116,
					"sender":	true
				},
				"receiver":	{
					"socket":	5,
					"start":	0,
					"end":	3.00109,
					"seconds":	3.000925,
					"bytes":	7602176,
					"bits_per_second":	20265106.34469476,
					"sender":	true
				}
			}],
		"sum_sent":	{
			"start":	0,
			"end":	3.000925,
			"seconds":	3.000925,
			"bytes":	7602176,
			"bits_per_second":	20266220.581987221,
			"retransmits":	0,
			"sender":	true
		},
		"sum_received":	{
			"start":	0,
			"end":	3.00109,
			"seconds":	3.00109,
			"bytes":	7602176,
			"bits_per_second":	20265106.34469476,
			"sender":	true
		},
		"cpu_utilization_percent":	{
			"host_total":	0.48594270486342439,
			"host_user":	0.036109260493004662,
			"host_system":	0.44983344437041972,
			"remote_total":	0.16687198006866141,
			"remote_user":	0.14667940420572037,
			"remote_system":	0.020159254780658976
		},
		"sender_tcp_congestion":	"cubic",
		"receiver_tcp_congestion":	"cubic"
	}
}
