{
	"start":	{
		"connected":	[{
				"socket":	5,
				"local_host":	"192.168.1.2",
				"local_port":	58306,
				"remote_host":	"192.168.4.2",
				"remote_port":	5204
			}],
		"version":	"iperf 3.19.1",
		"system_info":	"Linux h1 6.6.87.2-microsoft-standard-WSL2 #1 SMP PREEMPT_DYNAMIC Thu Jun  5 18:30:46 UTC 2025 x86_64",
		"timestamp":	{
			"time":	"Sun, 05 Apr 2026 06:58:48 UTC",
			"timesecs":	1775372328
		},
		"connecting_to":	{
			"host":	"192.168.4.2",
			"port":	5204
		},
		"cookie":	"5ohsbwkfh3zlzfovhvywj6x7iv6qwde3kqlg",
		"tcp_mss_default":	9448,
		"target_bitrate":	20000000,
		"fq_rate":	0,
		"sock_bufsize":	0,
		"sndbuf_actual":	16384,
		"rcvbuf_actual":	131072,
		"test_start":	{
			"protocol":	"TCP",
			"num_streams":	1,
			"blksize":	131072,
			"omit":	0,
			"duration":	3,
			"bytes":	0,
			"blocks":	0,
			"reverse":	0,
			"tos":	0,
			"target_bitrate":	20000000,
			"bidir":	0,
			"fqrate":	0,
			"interval":	1
		}
	},
	"intervals":	[{
			"streams":	[{
					"socket":	5,
					"start":	0,
					"end":	1.001063,
					"seconds":	1.0010629892349243,
					"bytes":	2621440,
					"bits_per_second":	20949251.171524942,
					"retransmits":	0,
					"snd_cwnd":	340128,
					"snd_wnd":	-1,
					"rtt":	165,
					"rttvar":	78,
					"pmtu":	9500,
					"omitted":	false,
					"sender":	true
				}],
			"sum":	{
				"start":	0,
				"end":	1.001063,
				"seconds":	1.0010629892349243,
				"bytes":	2621440,
				"bits_per_second":	20949251.171524942,
				"retransmits":	0,
				"omitted":	false,
				"sender":	true
			}
		}, {
			"streams":	[{
					"socket":	5,
					"start":	1.001063,
					"end":	2.001501,
					"seconds":	1.0004379749298096,
					"bytes":	2490368,
					"bits_per_second":	19914222.069986686,
					"retransmits":	0,
					"snd_cwnd":	340128,
					"snd_wnd":	-1,
					"rtt":	149,
					"rttvar":	63,
					"pmtu":	9500,
					"omitted":	false,
					"sender":	true
				}],
			"sum":	{
				"start":	1.001063,
				"end":	2.001501,
				"seconds":	1.0004379749298096,
				"bytes":	2490368,
				"bits_per_second":	19914222.069986686,
				"retransmits":	0,
				"omitted":	false,
				"sender":	true
			}
		}, {
			"streams":	[{
					"socket":	5,
					"start":	2.001501,
					"end":	3.000751,
					"seconds":	0.99924999475479126,
					"bytes":	2490368,
					"bits_per_second":	19937897.527724229,
					"retransmits":	0,
					"snd_cwnd":	340128,
					"snd_wnd":	-1,
					"rtt":	97,
					"rttvar":	46,
					"pmtu":	9500,
					"omitted":	false,
					"sender":	true
				}],
			"sum":	{
				"start":	2.001501,
				"end":	3.000751,
				"seconds":	0.99924999475479126,
				"bytes":	2490368,
				"bits_per_second":	19937897.527724229,
				"retransmits":	0,
				"omitted":	false,
				"sender":	true
			}
		}],
	"end":	{
		"streams":	[{
				"sender":	{
					"socket":	5,
					"start":	0,
					"end":	3.000751,
					"seconds":	3.000751,
					"bytes":	7602176,
					"bits_per_second":	20267395.728602607,
					"retransmits":	0,
					"max_snd_cwnd":	340128,
					"max_snd_wnd":	0,
					"max_rtt":	165,
					"min_rtt":	97,
					"mean_rtt":	137,
					"sender":	true
				},
				"receiver":	{
					"socket":	5,
					"start":	0,
					"end":	3.000847,
					"seconds":	3.000751,
					"bytes":	7602176,
					"bits_per_second":	20266747.354996774,
					"sender":	true
				}
			}],
		"sum_sent":	{
			"start":	0,
			"end":	3.000751,
			"seconds":	3.000751,
			"bytes":	7602176,
			"bits_per_second":	20267395.728602607,
			"retransmits":	0,
			"sender":	true
		},
		"sum_received":	{
			"start":	0,
			"end":	3.000847,
			"seconds":	3.000847,
			"bytes":	7602176,
			"bits_per_second":	20266747.354996774,
			"sender":	true
		},
		"cpu_utilization_percent":	{
			"host_total":	0.59556727641490947,
			"host_user":	0.0015657919109191,
			"host_system":	0.59400148450399048,
			"remote_total":	0.20837158588671556,
			"remote_user":	0,
			"remote_system":	0.20837158588671556
		},
		"sender_tcp_congestion":	"cubic",
		"receiver_tcp_congestion":	"cubic"
	}
}
