{
	"start":	{
		"connected":	[{
				"socket":	5,
				"local_host":	"192.168.1.2",
				"local_port":	43952,
				"remote_host":	"192.168.4.2",
				"remote_port":	5202
			}],
		"version":	"iperf 3.19.1",
		"system_info":	"Linux h1 6.6.87.2-microsoft-standard-WSL2 #1 SMP PREEMPT_DYNAMIC Thu Jun  5 18:30:46 UTC 2025 x86_64",
		"timestamp":	{
			"time":	"Sun, 05 Apr 2026 06:57:20 UTC",
			"timesecs":	1775372240
		},
		"connecting_to":	{
			"host":	"192.168.4.2",
			"port":	5202
		},
		"cookie":	"7zleg2etlrv7qzxyvixjolpjhadmoae5ttdd",
		"tcp_mss_default":	9448,
		"target_bitrate":	20000000,
		"fq_rate":	0,
		"sock_bufsize":	0,
		"sndbuf_actual":	16384,
		"rcvbuf_actual":	131072,
		"test_start":	{
			"protocol":	"TCP",
			"num_streams":	1,
			"blksize":	131072,
			"omit":	0,
			"duration":	3,
			"bytes":	0,
			"blocks":	0,
			"reverse":	0,
			"tos":	0,
			"target_bitrate":	20000000,
			"bidir":	0,
			"fqrate":	0,
			"interval":	1
		}
	},
	"intervals":	[{
			"streams":	[{
					"socket":	5,
					"start":	0,
					"end":	1.000977,
					"seconds":	1.0009770393371582,
					"bytes":	2621440,
					"bits_per_second":	20951049.999995235,
					"retransmits":	0,
					"snd_cwnd":	349576,
					"snd_wnd":	-1,
					"rtt":	127,
					"rttvar":	71,
					"pmtu":	9500,
					"omitted":	false,
					"sender":	true
				}],
			"sum":	{
				"start":	0,
				"end":	1.000977,
				"seconds":	1.0009770393371582,
				"bytes":	2621440,
				"bits_per_second":	20951049.999995235,
				"retransmits":	0,
				"omitted":	false,
				"sender":	true
			}
		}, {
			"streams":	[{
					"socket":	5,
					"start":	1.000977,
					"end":	2.001417,
					"seconds":	1.0004400014877319,
					"bytes":	2490368,
					"bits_per_second":	19914181.730411656,
					"retransmits":	0,
					"snd_cwnd":	349576,
					"snd_wnd":	-1,
					"rtt":	115,
					"rttvar":	43,
					"pmtu":	9500,
					"omitted":	false,
					"sender":	true
				}],
			"sum":	{
				"start":	1.000977,
				"end":	2.001417,
				"seconds":	1.0004400014877319,
				"bytes":	2490368,
				"bits_per_second":	19914181.730411656,
				"retransmits":	0,
				"omitted":	false,
				"sender":	true
			}
		}, {
			"streams":	[{
					"socket":	5,
					"start":	2.001417,
					"end":	3.001376,
					"seconds":	0.99995899200439453,
					"bytes":	2490368,
					"bits_per_second":	19923761.033504907,
					"retransmits":	0,
					"snd_cwnd":	349576,
					"snd_wnd":	-1,
					"rtt":	101,
					"rttvar":	50,
					"pmtu":	9500,
					"omitted":	false,
					"sender":	true
				}],
			"sum":	{
				"start":	2.001417,
				"end":	3.001376,
				"seconds":	0.99995899200439453,
				"bytes":	2490368,
				"bits_per_second":	19923761.033504907,
				"retransmits":	0,
				"omitted":	false,
				"sender":	true
			}
		}],
	"end":	{
		"streams":	[{
				"sender":	{
					"socket":	5,
					"start":	0,
					"end":	3.001376,
					"seconds":	3.001376,
					"bytes":	7602176,
					"bits_per_second":	20263175.290266864,
					"retransmits":	0,
					"max_snd_cwnd":	349576,
					"max_snd_wnd":	0,
					"max_rtt":	127,
					"min_rtt":	101,
					"mean_rtt":	114,
					"sender":	true
				},
				"receiver":	{
					"socket":	5,
					"start":	0,
					"end":	3.001692,
					"seconds":	3.001376,
					"bytes":	7602176,
					"bits_per_second":	20261042.105585784,
					"sender":	true
				}
			}],
		"sum_sent":	{
			"start":	0,
			"end":	3.001376,
			"seconds":	3.001376,
			"bytes":	7602176,
			"bits_per_second":	20263175.290266864,
			"retransmits":	0,
			"sender":	true
		},
		"sum_received":	{
			"start":	0,
			"end":	3.001692,
			"seconds":	3.001692,
			"bytes":	7602176,
			"bits_per_second":	20261042.105585784,
			"sender":	true
		},
		"cpu_utilization_percent":	{
			"host_total":	0.492087630565586,
			"host_user":	0,
			"host_system":	0.49212093598897455,
			"remote_total":	0.15920909160869146,
			"remote_user":	0,
			"remote_system":	0.15920909160869146
		},
		"sender_tcp_congestion":	"cubic",
		"receiver_tcp_congestion":	"cubic"
	}
}
