{
	"start":	{
		"connected":	[{
				"socket":	5,
				"local_host":	"192.168.1.2",
				"local_port":	38824,
				"remote_host":	"192.168.4.2",
				"remote_port":	5202
			}],
		"version":	"iperf 3.19.1",
		"system_info":	"Linux h1 6.6.87.2-microsoft-standard-WSL2 #1 SMP PREEMPT_DYNAMIC Thu Jun  5 18:30:46 UTC 2025 x86_64",
		"timestamp":	{
			"time":	"Sun, 05 Apr 2026 07:08:26 UTC",
			"timesecs":	1775372906
		},
		"connecting_to":	{
			"host":	"192.168.4.2",
			"port":	5202
		},
		"cookie":	"skyfvnjcsk3xunsswjfhza75i7pebykzd4sw",
		"tcp_mss_default":	9448,
		"target_bitrate":	20000000,
		"fq_rate":	0,
		"sock_bufsize":	0,
		"sndbuf_actual":	16384,
		"rcvbuf_actual":	131072,
		"test_start":	{
			"protocol":	"TCP",
			"num_streams":	1,
			"blksize":	131072,
			"omit":	0,
			"duration":	3,
			"bytes":	0,
			"blocks":	0,
			"reverse":	0,
			"tos":	0,
			"target_bitrate":	20000000,
			"bidir":	0,
			"fqrate":	0,
			"interval":	1
		}
	},
	"intervals":	[{
			"streams":	[{
					"socket":	5,
					"start":	0,
					"end":	1.001361,
					"seconds":	1.0013610124588013,
					"bytes":	2621440,
					"bits_per_second":	20943016.293899126,
					"retransmits":	0,
					"snd_cwnd":	264544,
					"snd_wnd":	-1,
					"rtt":	124,
					"rttvar":	57,
					"pmtu":	9500,
					"omitted":	false,
					"sender":	true
				}],
			"sum":	{
				"start":	0,
				"end":	1.001361,
				"seconds":	1.0013610124588013,
				"bytes":	2621440,
				"bits_per_second":	20943016.293899126,
				"retransmits":	0,
				"omitted":	false,
				"sender":	true
			}
		}, {
			"streams":	[{
					"socket":	5,
					"start":	1.001361,
					"end":	2.001343,
					"seconds":	0.99998199939727783,
					"bytes":	2490368,
					"bits_per_second":	19923302.631455582,
					"retransmits":	0,
					"snd_cwnd":	264544,
					"snd_wnd":	-1,
					"rtt":	104,
					"rttvar":	36,
					"pmtu":	9500,
					"omitted":	false,
					"sender":	true
				}],
			"sum":	{
				"start":	1.001361,
				"end":	2.001343,
				"seconds":	0.99998199939727783,
				"bytes":	2490368,
				"bits_per_second":	19923302.631455582,
				"retransmits":	0,
				"omitted":	false,
				"sender":	true
			}
		}, {
			"streams":	[{
					"socket":	5,
					"start":	2.001343,
					"end":	3.001209,
					"seconds":	0.999866008758545,
					"bytes":	2490368,
					"bits_per_second":	19925613.857737552,
					"retransmits":	0,
					"snd_cwnd":	264544,
					"snd_wnd":	-1,
					"rtt":	124,
					"rttvar":	59,
					"pmtu":	9500,
					"omitted":	false,
					"sender":	true
				}],
			"sum":	{
				"start":	2.001343,
				"end":	3.001209,
				"seconds":	0.999866008758545,
				"bytes":	2490368,
				"bits_per_second":	19925613.857737552,
				"retransmits":	0,
				"omitted":	false,
				"sender":	true
			}
		}],
	"end":	{
		"streams":	[{
				"sender":	{
					"socket":	5,
					"start":	0,
					"end":	3.001209,
					"seconds":	3.001209,
					"bytes":	7602176,
					"bits_per_second":	20264302.819297157,
					"retransmits":	0,
					"max_snd_cwnd":	264544,
					"max_snd_wnd":	0,
					"max_rtt":	124,
					"min_rtt":	104,
					"mean_rtt":	117,
					"sender":	true
				},
				"receiver":	{
					"socket":	5,
					"start":	0,
					"end":	3.001319,
					"seconds":	3.001209,
					"bytes":	7602176,
					"bits_per_second":	20263560.121399958,
					"sender":	true
				}
			}],
		"sum_sent":	{
			"start":	0,
			"end":	3.001209,
			"seconds":	3.001209,
			"bytes":	7602176,
			"bits_per_second":	20264302.819297157,
			"retransmits":	0,
			"sender":	true
		},
		"sum_received":	{
			"start":	0,
			"end":	3.001319,
			"seconds":	3.001319,
			"bytes":	7602176,
			"bits_per_second":	20263560.121399958,
			"sender":	true
		},
		"cpu_utilization_percent":	{
			"host_total":	0.507570093924777,
			"host_user":	0.014885437080722694,
			"host_system":	0.49268465684405421,
			"remote_total":	0.17345475832781085,
			"remote_user":	0.011494792858834948,
			"remote_system":	0.16195996546897587
		},
		"sender_tcp_congestion":	"cubic",
		"receiver_tcp_congestion":	"cubic"
	}
}
