{
	"start":	{
		"connected":	[{
				"socket":	5,
				"local_host":	"192.168.1.2",
				"local_port":	53978,
				"remote_host":	"192.168.4.2",
				"remote_port":	5203
			}],
		"version":	"iperf 3.19.1",
		"system_info":	"Linux h1 6.6.87.2-microsoft-standard-WSL2 #1 SMP PREEMPT_DYNAMIC Thu Jun  5 18:30:46 UTC 2025 x86_64",
		"timestamp":	{
			"time":	"Sun, 05 Apr 2026 07:11:50 UTC",
			"timesecs":	1775373110
		},
		"connecting_to":	{
			"host":	"192.168.4.2",
			"port":	5203
		},
		"cookie":	"3haso3coag3lcksesy3f62nknuc6d43dwopv",
		"tcp_mss_default":	9448,
		"target_bitrate":	20000000,
		"fq_rate":	0,
		"sock_bufsize":	0,
		"sndbuf_actual":	16384,
		"rcvbuf_actual":	131072,
		"test_start":	{
			"protocol":	"TCP",
			"num_streams":	1,
			"blksize":	131072,
			"omit":	0,
			"duration":	3,
			"bytes":	0,
			"blocks":	0,
			"reverse":	0,
			"tos":	0,
			"target_bitrate":	20000000,
			"bidir":	0,
			"fqrate":	0,
			"interval":	1
		}
	},
	"intervals":	[{
			"streams":	[{
					"socket":	5,
					"start":	0,
					"end":	1.000443,
					"seconds":	1.0004429817199707,
					"bytes":	2621440,
					"bits_per_second":	20962234.113477983,
					"retransmits":	0,
					"snd_cwnd":	349576,
					"snd_wnd":	-1,
					"rtt":	118,
					"rttvar":	41,
					"pmtu":	9500,
					"omitted":	false,
					"sender":	true
				}],
			"sum":	{
				"start":	0,
				"end":	1.000443,
				"seconds":	1.0004429817199707,
				"bytes":	2621440,
				"bits_per_second":	20962234.113477983,
				"retransmits":	0,
				"omitted":	false,
				"sender":	true
			}
		}, {
			"streams":	[{
					"socket":	5,
					"start":	1.000443,
					"end":	2.000677,
					"seconds":	1.0002340078353882,
					"bytes":	2490368,
					"bits_per_second":	19918282.965718541,
					"retransmits":	0,
					"snd_cwnd":	349576,
					"snd_wnd":	-1,
					"rtt":	140,
					"rttvar":	39,
					"pmtu":	9500,
					"omitted":	false,
					"sender":	true
				}],
			"sum":	{
				"start":	1.000443,
				"end":	2.000677,
				"seconds":	1.0002340078353882,
				"bytes":	2490368,
				"bits_per_second":	19918282.965718541,
				"retransmits":	0,
				"omitted":	false,
				"sender":	true
			}
		}, {
			"streams":	[{
					"socket":	5,
					"start":	2.000677,
					"end":	3.00112,
					"seconds":	1.0004429817199707,
					"bytes":	2490368,
					"bits_per_second":	19914122.407804083,
					"retransmits":	0,
					"snd_cwnd":	349576,
					"snd_wnd":	-1,
					"rtt":	134,
					"rttvar":	33,
					"pmtu":	9500,
					"omitted":	false,
					"sender":	true
				}],
			"sum":	{
				"start":	2.000677,
				"end":	3.00112,
				"seconds":	1.0004429817199707,
				"bytes":	2490368,
				"bits_per_second":	19914122.407804083,
				"retransmits":	0,
				"omitted":	false,
				"sender":	true
			}
		}],
	"end":	{
		"streams":	[{
				"sender":	{
					"socket":	5,
					"start":	0,
					"end":	3.00112,
					"seconds":	3.00112,
					"bytes":	7602176,
					"bits_per_second":	20264903.769259479,
					"retransmits":	0,
					"max_snd_cwnd":	349576,
					"max_snd_wnd":	0,
					"max_rtt":	140,
					"min_rtt":	118,
					"mean_rtt":	130,
					"sender":	true
				},
				"receiver":	{
					"socket":	5,
					"start":	0,
					"end":	3.001264,
					"seconds":	3.00112,
					"bytes":	7602176,
					"bits_per_second":	20263931.463543359,
					"sender":	true
				}
			}],
		"sum_sent":	{
			"start":	0,
			"end":	3.00112,
			"seconds":	3.00112,
			"bytes":	7602176,
			"bits_per_second":	20264903.769259479,
			"retransmits":	0,
			"sender":	true
		},
		"sum_received":	{
			"start":	0,
			"end":	3.001264,
			"seconds":	3.001264,
			"bytes":	7602176,
			"bits_per_second":	20263931.463543359,
			"sender":	true
		},
		"cpu_utilization_percent":	{
			"host_total":	0.56365618205112245,
			"host_user":	0.080793494691640932,
			"host_system":	0.48289599053124221,
			"remote_total":	0.22656803404917727,
			"remote_user":	0,
			"remote_system":	0.22653471522064064
		},
		"sender_tcp_congestion":	"cubic",
		"receiver_tcp_congestion":	"cubic"
	}
}
