{
	"start":	{
		"connected":	[{
				"socket":	5,
				"local_host":	"192.168.1.2",
				"local_port":	43130,
				"remote_host":	"192.168.4.2",
				"remote_port":	5203
			}],
		"version":	"iperf 3.19.1",
		"system_info":	"Linux h1 6.6.87.2-microsoft-standard-WSL2 #1 SMP PREEMPT_DYNAMIC Thu Jun  5 18:30:46 UTC 2025 x86_64",
		"timestamp":	{
			"time":	"Sun, 05 Apr 2026 07:19:55 UTC",
			"timesecs":	1775373595
		},
		"connecting_to":	{
			"host":	"192.168.4.2",
			"port":	5203
		},
		"cookie":	"qzvfoskzjryo3462kfibknqa2vujih7smkoe",
		"tcp_mss_default":	9448,
		"target_bitrate":	20000000,
		"fq_rate":	0,
		"sock_bufsize":	0,
		"sndbuf_actual":	16384,
		"rcvbuf_actual":	131072,
		"test_start":	{
			"protocol":	"TCP",
			"num_streams":	1,
			"blksize":	131072,
			"omit":	0,
			"duration":	3,
			"bytes":	0,
			"blocks":	0,
			"reverse":	0,
			"tos":	0,
			"target_bitrate":	20000000,
			"bidir":	0,
			"fqrate":	0,
			"interval":	1
		}
	},
	"intervals":	[{
			"streams":	[{
					"socket":	5,
					"start":	0,
					"end":	1.001309,
					"seconds":	1.0013090372085571,
					"bytes":	2621440,
					"bits_per_second":	20944103.389363457,
					"retransmits":	0,
					"snd_cwnd":	264544,
					"snd_wnd":	-1,
					"rtt":	92,
					"rttvar":	42,
					"pmtu":	9500,
					"omitted":	false,
					"sender":	true
				}],
			"sum":	{
				"start":	0,
				"end":	1.001309,
				"seconds":	1.0013090372085571,
				"bytes":	2621440,
				"bits_per_second":	20944103.389363457,
				"retransmits":	0,
				"omitted":	false,
				"sender":	true
			}
		}, {
			"streams":	[{
					"socket":	5,
					"start":	1.001309,
					"end":	2.001044,
					"seconds":	0.99973499774932861,
					"bytes":	2490368,
					"bits_per_second":	19928225.024483375,
					"retransmits":	0,
					"snd_cwnd":	264544,
					"snd_wnd":	-1,
					"rtt":	104,
					"rttvar":	57,
					"pmtu":	9500,
					"omitted":	false,
					"sender":	true
				}],
			"sum":	{
				"start":	1.001309,
				"end":	2.001044,
				"seconds":	0.99973499774932861,
				"bytes":	2490368,
				"bits_per_second":	19928225.024483375,
				"retransmits":	0,
				"omitted":	false,
				"sender":	true
			}
		}, {
			"streams":	[{
					"socket":	5,
					"start":	2.001044,
					"end":	3.001376,
					"seconds":	1.0003319978713989,
					"bytes":	2490368,
					"bits_per_second":	19916331.820229609,
					"retransmits":	0,
					"snd_cwnd":	264544,
					"snd_wnd":	-1,
					"rtt":	101,
					"rttvar":	37,
					"pmtu":	9500,
					"omitted":	false,
					"sender":	true
				}],
			"sum":	{
				"start":	2.001044,
				"end":	3.001376,
				"seconds":	1.0003319978713989,
				"bytes":	2490368,
				"bits_per_second":	19916331.820229609,
				"retransmits":	0,
				"omitted":	false,
				"sender":	true
			}
		}],
	"end":	{
		"streams":	[{
				"sender":	{
					"socket":	5,
					"start":	0,
					"end":	3.001376,
					"seconds":	3.001376,
					"bytes":	7602176,
					"bits_per_second":	20263175.290266864,
					"retransmits":	0,
					"max_snd_cwnd":	264544,
					"max_snd_wnd":	0,
					"max_rtt":	104,
					"min_rtt":	92,
					"mean_rtt":	99,
					"sender":	true
				},
				"receiver":	{
					"socket":	5,
					"start":	0,
					"end":	3.001553,
					"seconds":	3.001376,
					"bytes":	7602176,
					"bits_per_second":	20261980.381489184,
					"sender":	true
				}
			}],
		"sum_sent":	{
			"start":	0,
			"end":	3.001376,
			"seconds":	3.001376,
			"bytes":	7602176,
			"bits_per_second":	20263175.290266864,
			"retransmits":	0,
			"sender":	true
		},
		"sum_received":	{
			"start":	0,
			"end":	3.001553,
			"seconds":	3.001553,
			"bytes":	7602176,
			"bits_per_second":	20261980.381489184,
			"sender":	true
		},
		"cpu_utilization_percent":	{
			"host_total":	0.45569866413859633,
			"host_user":	0.255704058598486,
			"host_system":	0.19996130640498871,
			"remote_total":	0.15731656977916045,
			"remote_user":	0.015191943206119688,
			"remote_system":	0.14215794223796646
		},
		"sender_tcp_congestion":	"cubic",
		"receiver_tcp_congestion":	"cubic"
	}
}
