{
	"start":	{
		"connected":	[{
				"socket":	5,
				"local_host":	"192.168.1.2",
				"local_port":	37974,
				"remote_host":	"192.168.4.2",
				"remote_port":	5203
			}],
		"version":	"iperf 3.19.1",
		"system_info":	"Linux h1 6.6.87.2-microsoft-standard-WSL2 #1 SMP PREEMPT_DYNAMIC Thu Jun  5 18:30:46 UTC 2025 x86_64",
		"timestamp":	{
			"time":	"Sun, 05 Apr 2026 07:10:11 UTC",
			"timesecs":	1775373011
		},
		"connecting_to":	{
			"host":	"192.168.4.2",
			"port":	5203
		},
		"cookie":	"4co6ziqkprc4ecdlasog5qfd5xotmumd2z5r",
		"tcp_mss_default":	9448,
		"target_bitrate":	20000000,
		"fq_rate":	0,
		"sock_bufsize":	0,
		"sndbuf_actual":	16384,
		"rcvbuf_actual":	131072,
		"test_start":	{
			"protocol":	"TCP",
			"num_streams":	1,
			"blksize":	131072,
			"omit":	0,
			"duration":	3,
			"bytes":	0,
			"blocks":	0,
			"reverse":	0,
			"tos":	0,
			"target_bitrate":	20000000,
			"bidir":	0,
			"fqrate":	0,
			"interval":	1
		}
	},
	"intervals":	[{
			"streams":	[{
					"socket":	5,
					"start":	0,
					"end":	1.001046,
					"seconds":	1.0010459423065186,
					"bytes":	2621440,
					"bits_per_second":	20949607.918772779,
					"retransmits":	0,
					"snd_cwnd":	245648,
					"snd_wnd":	-1,
					"rtt":	183,
					"rttvar":	128,
					"pmtu":	9500,
					"omitted":	false,
					"sender":	true
				}],
			"sum":	{
				"start":	0,
				"end":	1.001046,
				"seconds":	1.0010459423065186,
				"bytes":	2621440,
				"bits_per_second":	20949607.918772779,
				"retransmits":	0,
				"omitted":	false,
				"sender":	true
			}
		}, {
			"streams":	[{
					"socket":	5,
					"start":	1.001046,
					"end":	2.001088,
					"seconds":	1.0000419616699219,
					"bytes":	2490368,
					"bits_per_second":	19922108.035078485,
					"retransmits":	0,
					"snd_cwnd":	245648,
					"snd_wnd":	-1,
					"rtt":	147,
					"rttvar":	49,
					"pmtu":	9500,
					"omitted":	false,
					"sender":	true
				}],
			"sum":	{
				"start":	1.001046,
				"end":	2.001088,
				"seconds":	1.0000419616699219,
				"bytes":	2490368,
				"bits_per_second":	19922108.035078485,
				"retransmits":	0,
				"omitted":	false,
				"sender":	true
			}
		}, {
			"streams":	[{
					"socket":	5,
					"start":	2.001088,
					"end":	3.001173,
					"seconds":	1.00008499622345,
					"bytes":	2490368,
					"bits_per_second":	19921250.768918246,
					"retransmits":	0,
					"snd_cwnd":	245648,
					"snd_wnd":	-1,
					"rtt":	150,
					"rttvar":	69,
					"pmtu":	9500,
					"omitted":	false,
					"sender":	true
				}],
			"sum":	{
				"start":	2.001088,
				"end":	3.001173,
				"seconds":	1.00008499622345,
				"bytes":	2490368,
				"bits_per_second":	19921250.768918246,
				"retransmits":	0,
				"omitted":	false,
				"sender":	true
			}
		}],
	"end":	{
		"streams":	[{
				"sender":	{
					"socket":	5,
					"start":	0,
					"end":	3.001173,
					"seconds":	3.001173,
					"bytes":	7602176,
					"bits_per_second":	20264545.895888042,
					"retransmits":	0,
					"max_snd_cwnd":	245648,
					"max_snd_wnd":	0,
					"max_rtt":	183,
					"min_rtt":	147,
					"mean_rtt":	160,
					"sender":	true
				},
				"receiver":	{
					"socket":	5,
					"start":	0,
					"end":	3.001355,
					"seconds":	3.001173,
					"bytes":	7602176,
					"bits_per_second":	20263317.068457413,
					"sender":	true
				}
			}],
		"sum_sent":	{
			"start":	0,
			"end":	3.001173,
			"seconds":	3.001173,
			"bytes":	7602176,
			"bits_per_second":	20264545.895888042,
			"retransmits":	0,
			"sender":	true
		},
		"sum_received":	{
			"start":	0,
			"end":	3.001355,
			"seconds":	3.001355,
			"bytes":	7602176,
			"bits_per_second":	20263317.068457413,
			"sender":	true
		},
		"cpu_utilization_percent":	{
			"host_total":	0.61006644611229621,
			"host_user":	0.028712928012492457,
			"host_system":	0.58185316301881462,
			"remote_total":	0.23332615885103442,
			"remote_user":	0.085360790943360021,
			"remote_system":	0.14799868593692631
		},
		"sender_tcp_congestion":	"cubic",
		"receiver_tcp_congestion":	"cubic"
	}
}
