{
	"start":	{
		"connected":	[{
				"socket":	5,
				"local_host":	"192.168.1.2",
				"local_port":	38606,
				"remote_host":	"192.168.4.2",
				"remote_port":	5202
			}],
		"version":	"iperf 3.19.1",
		"system_info":	"Linux h1 6.6.87.2-microsoft-standard-WSL2 #1 SMP PREEMPT_DYNAMIC Thu Jun  5 18:30:46 UTC 2025 x86_64",
		"timestamp":	{
			"time":	"Sun, 05 Apr 2026 07:21:07 UTC",
			"timesecs":	1775373667
		},
		"connecting_to":	{
			"host":	"192.168.4.2",
			"port":	5202
		},
		"cookie":	"4c5tnwg5mns4rmhm7tg2in3pfamxg6ro3vvv",
		"tcp_mss_default":	9448,
		"target_bitrate":	20000000,
		"fq_rate":	0,
		"sock_bufsize":	0,
		"sndbuf_actual":	16384,
		"rcvbuf_actual":	131072,
		"test_start":	{
			"protocol":	"TCP",
			"num_streams":	1,
			"blksize":	131072,
			"omit":	0,
			"duration":	3,
			"bytes":	0,
			"blocks":	0,
			"reverse":	0,
			"tos":	0,
			"target_bitrate":	20000000,
			"bidir":	0,
			"fqrate":	0,
			"interval":	1
		}
	},
	"intervals":	[{
			"streams":	[{
					"socket":	5,
					"start":	0,
					"end":	1.001337,
					"seconds":	1.0013370513916016,
					"bytes":	2621440,
					"bits_per_second":	20943517.440860666,
					"retransmits":	0,
					"snd_cwnd":	340128,
					"snd_wnd":	-1,
					"rtt":	124,
					"rttvar":	68,
					"pmtu":	9500,
					"omitted":	false,
					"sender":	true
				}],
			"sum":	{
				"start":	0,
				"end":	1.001337,
				"seconds":	1.0013370513916016,
				"bytes":	2621440,
				"bits_per_second":	20943517.440860666,
				"retransmits":	0,
				"omitted":	false,
				"sender":	true
			}
		}, {
			"streams":	[{
					"socket":	5,
					"start":	1.001337,
					"end":	2.001118,
					"seconds":	0.99978101253509521,
					"bytes":	2490368,
					"bits_per_second":	19927307.8306242,
					"retransmits":	0,
					"snd_cwnd":	340128,
					"snd_wnd":	-1,
					"rtt":	172,
					"rttvar":	83,
					"pmtu":	9500,
					"omitted":	false,
					"sender":	true
				}],
			"sum":	{
				"start":	1.001337,
				"end":	2.001118,
				"seconds":	0.99978101253509521,
				"bytes":	2490368,
				"bits_per_second":	19927307.8306242,
				"retransmits":	0,
				"omitted":	false,
				"sender":	true
			}
		}, {
			"streams":	[{
					"socket":	5,
					"start":	2.001118,
					"end":	3.001233,
					"seconds":	1.0001150369644165,
					"bytes":	2490368,
					"bits_per_second":	19920652.388620015,
					"retransmits":	0,
					"snd_cwnd":	340128,
					"snd_wnd":	-1,
					"rtt":	148,
					"rttvar":	72,
					"pmtu":	9500,
					"omitted":	false,
					"sender":	true
				}],
			"sum":	{
				"start":	2.001118,
				"end":	3.001233,
				"seconds":	1.0001150369644165,
				"bytes":	2490368,
				"bits_per_second":	19920652.388620015,
				"retransmits":	0,
				"omitted":	false,
				"sender":	true
			}
		}],
	"end":	{
		"streams":	[{
				"sender":	{
					"socket":	5,
					"start":	0,
					"end":	3.001233,
					"seconds":	3.001233,
					"bytes":	7602176,
					"bits_per_second":	20264140.771476258,
					"retransmits":	0,
					"max_snd_cwnd":	340128,
					"max_snd_wnd":	0,
					"max_rtt":	172,
					"min_rtt":	124,
					"mean_rtt":	148,
					"sender":	true
				},
				"receiver":	{
					"socket":	5,
					"start":	0,
					"end":	3.001445,
					"seconds":	3.001233,
					"bytes":	7602176,
					"bits_per_second":	20262709.461609326,
					"sender":	true
				}
			}],
		"sum_sent":	{
			"start":	0,
			"end":	3.001233,
			"seconds":	3.001233,
			"bytes":	7602176,
			"bits_per_second":	20264140.771476258,
			"retransmits":	0,
			"sender":	true
		},
		"sum_received":	{
			"start":	0,
			"end":	3.001445,
			"seconds":	3.001445,
			"bytes":	7602176,
			"bits_per_second":	20262709.461609326,
			"sender":	true
		},
		"cpu_utilization_percent":	{
			"host_total":	0.598297059735457,
			"host_user":	0,
			"host_system":	0.598297059735457,
			"remote_total":	0.20090062115939983,
			"remote_user":	0.049442209253822436,
			"remote_system":	0.15149172875817429
		},
		"sender_tcp_congestion":	"cubic",
		"receiver_tcp_congestion":	"cubic"
	}
}
