{
	"start":	{
		"connected":	[{
				"socket":	5,
				"local_host":	"192.168.1.2",
				"local_port":	32884,
				"remote_host":	"192.168.4.2",
				"remote_port":	5203
			}],
		"version":	"iperf 3.19.1",
		"system_info":	"Linux h1 6.6.87.2-microsoft-standard-WSL2 #1 SMP PREEMPT_DYNAMIC Thu Jun  5 18:30:46 UTC 2025 x86_64",
		"timestamp":	{
			"time":	"Sun, 05 Apr 2026 06:58:55 UTC",
			"timesecs":	1775372335
		},
		"connecting_to":	{
			"host":	"192.168.4.2",
			"port":	5203
		},
		"cookie":	"xu4q6kglcymf47d4ad6pgcv2ghb6kmirme3q",
		"tcp_mss_default":	9448,
		"target_bitrate":	20000000,
		"fq_rate":	0,
		"sock_bufsize":	0,
		"sndbuf_actual":	16384,
		"rcvbuf_actual":	131072,
		"test_start":	{
			"protocol":	"TCP",
			"num_streams":	1,
			"blksize":	131072,
			"omit":	0,
			"duration":	3,
			"bytes":	0,
			"blocks":	0,
			"reverse":	0,
			"tos":	0,
			"target_bitrate":	20000000,
			"bidir":	0,
			"fqrate":	0,
			"interval":	1
		}
	},
	"intervals":	[{
			"streams":	[{
					"socket":	5,
					"start":	0,
					"end":	1.000167,
					"seconds":	1.0001670122146606,
					"bytes":	2621440,
					"bits_per_second":	20968018.0848626,
					"retransmits":	0,
					"snd_cwnd":	264544,
					"snd_wnd":	-1,
					"rtt":	129,
					"rttvar":	69,
					"pmtu":	9500,
					"omitted":	false,
					"sender":	true
				}],
			"sum":	{
				"start":	0,
				"end":	1.000167,
				"seconds":	1.0001670122146606,
				"bytes":	2621440,
				"bits_per_second":	20968018.0848626,
				"retransmits":	0,
				"omitted":	false,
				"sender":	true
			}
		}, {
			"streams":	[{
					"socket":	5,
					"start":	1.000167,
					"end":	2.000212,
					"seconds":	1.0000449419021606,
					"bytes":	2490368,
					"bits_per_second":	19922048.665238049,
					"retransmits":	0,
					"snd_cwnd":	264544,
					"snd_wnd":	-1,
					"rtt":	110,
					"rttvar":	55,
					"pmtu":	9500,
					"omitted":	false,
					"sender":	true
				}],
			"sum":	{
				"start":	1.000167,
				"end":	2.000212,
				"seconds":	1.0000449419021606,
				"bytes":	2490368,
				"bits_per_second":	19922048.665238049,
				"retransmits":	0,
				"omitted":	false,
				"sender":	true
			}
		}, {
			"streams":	[{
					"socket":	5,
					"start":	2.000212,
					"end":	3.000387,
					"seconds":	1.0001749992370605,
					"bytes":	2490368,
					"bits_per_second":	19919458.110028084,
					"retransmits":	0,
					"snd_cwnd":	264544,
					"snd_wnd":	-1,
					"rtt":	108,
					"rttvar":	44,
					"pmtu":	9500,
					"omitted":	false,
					"sender":	true
				}],
			"sum":	{
				"start":	2.000212,
				"end":	3.000387,
				"seconds":	1.0001749992370605,
				"bytes":	2490368,
				"bits_per_second":	19919458.110028084,
				"retransmits":	0,
				"omitted":	false,
				"sender":	true
			}
		}],
	"end":	{
		"streams":	[{
				"sender":	{
					"socket":	5,
					"start":	0,
					"end":	3.000387,
					"seconds":	3.000387,
					"bytes":	7602176,
					"bits_per_second":	20269854.522099983,
					"retransmits":	0,
					"max_snd_cwnd":	264544,
					"max_snd_wnd":	0,
					"max_rtt":	129,
					"min_rtt":	108,
					"mean_rtt":	115,
					"sender":	true
				},
				"receiver":	{
					"socket":	5,
					"start":	0,
					"end":	3.000553,
					"seconds":	3.000387,
					"bytes":	7602176,
					"bits_per_second":	20268733.130193,
					"sender":	true
				}
			}],
		"sum_sent":	{
			"start":	0,
			"end":	3.000387,
			"seconds":	3.000387,
			"bytes":	7602176,
			"bits_per_second":	20269854.522099983,
			"retransmits":	0,
			"sender":	true
		},
		"sum_received":	{
			"start":	0,
			"end":	3.000553,
			"seconds":	3.000553,
			"bytes":	7602176,
			"bits_per_second":	20268733.130193,
			"sender":	true
		},
		"cpu_utilization_percent":	{
			"host_total":	0.51125732319059225,
			"host_user":	0,
			"host_system":	0.51125732319059225,
			"remote_total":	0.1670671991399022,
			"remote_user":	0,
			"remote_system":	0.1670671991399022
		},
		"sender_tcp_congestion":	"cubic",
		"receiver_tcp_congestion":	"cubic"
	}
}
