{
	"start":	{
		"connected":	[{
				"socket":	5,
				"local_host":	"192.168.1.2",
				"local_port":	51064,
				"remote_host":	"192.168.4.2",
				"remote_port":	5202
			}],
		"version":	"iperf 3.19.1",
		"system_info":	"Linux h1 6.6.87.2-microsoft-standard-WSL2 #1 SMP PREEMPT_DYNAMIC Thu Jun  5 18:30:46 UTC 2025 x86_64",
		"timestamp":	{
			"time":	"Sun, 05 Apr 2026 07:12:01 UTC",
			"timesecs":	1775373121
		},
		"connecting_to":	{
			"host":	"192.168.4.2",
			"port":	5202
		},
		"cookie":	"lqi2o35wll4uh2hzuf6dpjyy2m7xp2twcig5",
		"tcp_mss_default":	9448,
		"target_bitrate":	20000000,
		"fq_rate":	0,
		"sock_bufsize":	0,
		"sndbuf_actual":	16384,
		"rcvbuf_actual":	131072,
		"test_start":	{
			"protocol":	"TCP",
			"num_streams":	1,
			"blksize":	131072,
			"omit":	0,
			"duration":	3,
			"bytes":	0,
			"blocks":	0,
			"reverse":	0,
			"tos":	0,
			"target_bitrate":	20000000,
			"bidir":	0,
			"fqrate":	0,
			"interval":	1
		}
	},
	"intervals":	[{
			"streams":	[{
					"socket":	5,
					"start":	0,
					"end":	1.001103,
					"seconds":	1.0011030435562134,
					"bytes":	2621440,
					"bits_per_second":	20948412.988040645,
					"retransmits":	0,
					"snd_cwnd":	340128,
					"snd_wnd":	-1,
					"rtt":	178,
					"rttvar":	128,
					"pmtu":	9500,
					"omitted":	false,
					"sender":	true
				}],
			"sum":	{
				"start":	0,
				"end":	1.001103,
				"seconds":	1.0011030435562134,
				"bytes":	2621440,
				"bits_per_second":	20948412.988040645,
				"retransmits":	0,
				"omitted":	false,
				"sender":	true
			}
		}, {
			"streams":	[{
					"socket":	5,
					"start":	1.001103,
					"end":	2.001139,
					"seconds":	1.0000360012054443,
					"bytes":	2490368,
					"bits_per_second":	19922226.775820933,
					"retransmits":	0,
					"snd_cwnd":	340128,
					"snd_wnd":	-1,
					"rtt":	131,
					"rttvar":	55,
					"pmtu":	9500,
					"omitted":	false,
					"sender":	true
				}],
			"sum":	{
				"start":	1.001103,
				"end":	2.001139,
				"seconds":	1.0000360012054443,
				"bytes":	2490368,
				"bits_per_second":	19922226.775820933,
				"retransmits":	0,
				"omitted":	false,
				"sender":	true
			}
		}, {
			"streams":	[{
					"socket":	5,
					"start":	2.001139,
					"end":	3.001615,
					"seconds":	1.0004760026931763,
					"bytes":	2490368,
					"bits_per_second":	19913465.136964332,
					"retransmits":	0,
					"snd_cwnd":	340128,
					"snd_wnd":	-1,
					"rtt":	167,
					"rttvar":	90,
					"pmtu":	9500,
					"omitted":	false,
					"sender":	true
				}],
			"sum":	{
				"start":	2.001139,
				"end":	3.001615,
				"seconds":	1.0004760026931763,
				"bytes":	2490368,
				"bits_per_second":	19913465.136964332,
				"retransmits":	0,
				"omitted":	false,
				"sender":	true
			}
		}],
	"end":	{
		"streams":	[{
				"sender":	{
					"socket":	5,
					"start":	0,
					"end":	3.001615,
					"seconds":	3.001615,
					"bytes":	7602176,
					"bits_per_second":	20261561.859199129,
					"retransmits":	0,
					"max_snd_cwnd":	340128,
					"max_snd_wnd":	0,
					"max_rtt":	178,
					"min_rtt":	131,
					"mean_rtt":	158,
					"sender":	true
				},
				"receiver":	{
					"socket":	5,
					"start":	0,
					"end":	3.001999,
					"seconds":	3.001615,
					"bytes":	7602176,
					"bits_per_second":	20258970.106252532,
					"sender":	true
				}
			}],
		"sum_sent":	{
			"start":	0,
			"end":	3.001615,
			"seconds":	3.001615,
			"bytes":	7602176,
			"bits_per_second":	20261561.859199129,
			"retransmits":	0,
			"sender":	true
		},
		"sum_received":	{
			"start":	0,
			"end":	3.001999,
			"seconds":	3.001999,
			"bytes":	7602176,
			"bits_per_second":	20258970.106252532,
			"sender":	true
		},
		"cpu_utilization_percent":	{
			"host_total":	0.55450254803396226,
			"host_user":	0.11340507994808345,
			"host_system":	0.44126399536920924,
			"remote_total":	0.20745982631068943,
			"remote_user":	0,
			"remote_system":	0.20762638044228118
		},
		"sender_tcp_congestion":	"cubic",
		"receiver_tcp_congestion":	"cubic"
	}
}
