{
	"start":	{
		"connected":	[{
				"socket":	5,
				"local_host":	"192.168.1.2",
				"local_port":	40886,
				"remote_host":	"192.168.4.2",
				"remote_port":	5202
			}],
		"version":	"iperf 3.19.1",
		"system_info":	"Linux h1 6.6.87.2-microsoft-standard-WSL2 #1 SMP PREEMPT_DYNAMIC Thu Jun  5 18:30:46 UTC 2025 x86_64",
		"timestamp":	{
			"time":	"Sun, 05 Apr 2026 07:03:33 UTC",
			"timesecs":	1775372613
		},
		"connecting_to":	{
			"host":	"192.168.4.2",
			"port":	5202
		},
		"cookie":	"o34btywcj4g7sqgjaln3go6ksqiw4x2ai7rq",
		"tcp_mss_default":	9448,
		"target_bitrate":	20000000,
		"fq_rate":	0,
		"sock_bufsize":	0,
		"sndbuf_actual":	16384,
		"rcvbuf_actual":	131072,
		"test_start":	{
			"protocol":	"TCP",
			"num_streams":	1,
			"blksize":	131072,
			"omit":	0,
			"duration":	3,
			"bytes":	0,
			"blocks":	0,
			"reverse":	0,
			"tos":	0,
			"target_bitrate":	20000000,
			"bidir":	0,
			"fqrate":	0,
			"interval":	1
		}
	},
	"intervals":	[{
			"streams":	[{
					"socket":	5,
					"start":	0,
					"end":	1.000784,
					"seconds":	1.0007840394973755,
					"bytes":	2621440,
					"bits_per_second":	20955090.381469853,
					"retransmits":	0,
					"snd_cwnd":	264544,
					"snd_wnd":	-1,
					"rtt":	125,
					"rttvar":	46,
					"pmtu":	9500,
					"omitted":	false,
					"sender":	true
				}],
			"sum":	{
				"start":	0,
				"end":	1.000784,
				"seconds":	1.0007840394973755,
				"bytes":	2621440,
				"bits_per_second":	20955090.381469853,
				"retransmits":	0,
				"omitted":	false,
				"sender":	true
			}
		}, {
			"streams":	[{
					"socket":	5,
					"start":	1.000784,
					"end":	2.001322,
					"seconds":	1.0005379915237427,
					"bytes":	2490368,
					"bits_per_second":	19912231.3882943,
					"retransmits":	0,
					"snd_cwnd":	264544,
					"snd_wnd":	-1,
					"rtt":	125,
					"rttvar":	76,
					"pmtu":	9500,
					"omitted":	false,
					"sender":	true
				}],
			"sum":	{
				"start":	1.000784,
				"end":	2.001322,
				"seconds":	1.0005379915237427,
				"bytes":	2490368,
				"bits_per_second":	19912231.3882943,
				"retransmits":	0,
				"omitted":	false,
				"sender":	true
			}
		}, {
			"streams":	[{
					"socket":	5,
					"start":	2.001322,
					"end":	3.001342,
					"seconds":	1.0000200271606445,
					"bytes":	2490368,
					"bits_per_second":	19922545.007990677,
					"retransmits":	0,
					"snd_cwnd":	264544,
					"snd_wnd":	-1,
					"rtt":	120,
					"rttvar":	56,
					"pmtu":	9500,
					"omitted":	false,
					"sender":	true
				}],
			"sum":	{
				"start":	2.001322,
				"end":	3.001342,
				"seconds":	1.0000200271606445,
				"bytes":	2490368,
				"bits_per_second":	19922545.007990677,
				"retransmits":	0,
				"omitted":	false,
				"sender":	true
			}
		}],
	"end":	{
		"streams":	[{
				"sender":	{
					"socket":	5,
					"start":	0,
					"end":	3.001342,
					"seconds":	3.001342,
					"bytes":	7602176,
					"bits_per_second":	20263404.836902957,
					"retransmits":	0,
					"max_snd_cwnd":	264544,
					"max_snd_wnd":	0,
					"max_rtt":	125,
					"min_rtt":	120,
					"mean_rtt":	123,
					"sender":	true
				},
				"receiver":	{
					"socket":	5,
					"start":	0,
					"end":	3.001863,
					"seconds":	3.001342,
					"bytes":	7602176,
					"bits_per_second":	20259887.942920778,
					"sender":	true
				}
			}],
		"sum_sent":	{
			"start":	0,
			"end":	3.001342,
			"seconds":	3.001342,
			"bytes":	7602176,
			"bits_per_second":	20263404.836902957,
			"retransmits":	0,
			"sender":	true
		},
		"sum_received":	{
			"start":	0,
			"end":	3.001863,
			"seconds":	3.001863,
			"bytes":	7602176,
			"bits_per_second":	20259887.942920778,
			"sender":	true
		},
		"cpu_utilization_percent":	{
			"host_total":	0.499356747823511,
			"host_user":	0,
			"host_system":	0.4993900338352309,
			"remote_total":	0.18251761716405132,
			"remote_user":	0.037276366783459289,
			"remote_system":	0.145207938167202
		},
		"sender_tcp_congestion":	"cubic",
		"receiver_tcp_congestion":	"cubic"
	}
}
