{
	"start":	{
		"connected":	[{
				"socket":	5,
				"local_host":	"192.168.1.2",
				"local_port":	57142,
				"remote_host":	"192.168.4.2",
				"remote_port":	5203
			}],
		"version":	"iperf 3.19.1",
		"system_info":	"Linux h1 6.6.87.2-microsoft-standard-WSL2 #1 SMP PREEMPT_DYNAMIC Thu Jun  5 18:30:46 UTC 2025 x86_64",
		"timestamp":	{
			"time":	"Sun, 05 Apr 2026 06:59:27 UTC",
			"timesecs":	1775372367
		},
		"connecting_to":	{
			"host":	"192.168.4.2",
			"port":	5203
		},
		"cookie":	"k7aq6ycnw5sjzq5qijzjvw2dhrjxik4y3jmh",
		"tcp_mss_default":	9448,
		"target_bitrate":	20000000,
		"fq_rate":	0,
		"sock_bufsize":	0,
		"sndbuf_actual":	16384,
		"rcvbuf_actual":	131072,
		"test_start":	{
			"protocol":	"TCP",
			"num_streams":	1,
			"blksize":	131072,
			"omit":	0,
			"duration":	3,
			"bytes":	0,
			"blocks":	0,
			"reverse":	0,
			"tos":	0,
			"target_bitrate":	20000000,
			"bidir":	0,
			"fqrate":	0,
			"interval":	1
		}
	},
	"intervals":	[{
			"streams":	[{
					"socket":	5,
					"start":	0,
					"end":	1.001119,
					"seconds":	1.0011190176010132,
					"bytes":	2621440,
					"bits_per_second":	20948078.731192388,
					"retransmits":	0,
					"snd_cwnd":	340128,
					"snd_wnd":	-1,
					"rtt":	126,
					"rttvar":	66,
					"pmtu":	9500,
					"omitted":	false,
					"sender":	true
				}],
			"sum":	{
				"start":	0,
				"end":	1.001119,
				"seconds":	1.0011190176010132,
				"bytes":	2621440,
				"bits_per_second":	20948078.731192388,
				"retransmits":	0,
				"omitted":	false,
				"sender":	true
			}
		}, {
			"streams":	[{
					"socket":	5,
					"start":	1.001119,
					"end":	2.00109,
					"seconds":	0.99997097253799438,
					"bytes":	2490368,
					"bits_per_second":	19923522.329287432,
					"retransmits":	0,
					"snd_cwnd":	340128,
					"snd_wnd":	-1,
					"rtt":	96,
					"rttvar":	52,
					"pmtu":	9500,
					"omitted":	false,
					"sender":	true
				}],
			"sum":	{
				"start":	1.001119,
				"end":	2.00109,
				"seconds":	0.99997097253799438,
				"bytes":	2490368,
				"bits_per_second":	19923522.329287432,
				"retransmits":	0,
				"omitted":	false,
				"sender":	true
			}
		}, {
			"streams":	[{
					"socket":	5,
					"start":	2.00109,
					"end":	3.001929,
					"seconds":	1.0008389949798584,
					"bytes":	2490368,
					"bits_per_second":	19906242.762254626,
					"retransmits":	0,
					"snd_cwnd":	340128,
					"snd_wnd":	-1,
					"rtt":	119,
					"rttvar":	60,
					"pmtu":	9500,
					"omitted":	false,
					"sender":	true
				}],
			"sum":	{
				"start":	2.00109,
				"end":	3.001929,
				"seconds":	1.0008389949798584,
				"bytes":	2490368,
				"bits_per_second":	19906242.762254626,
				"retransmits":	0,
				"omitted":	false,
				"sender":	true
			}
		}],
	"end":	{
		"streams":	[{
				"sender":	{
					"socket":	5,
					"start":	0,
					"end":	3.001929,
					"seconds":	3.001929,
					"bytes":	7602176,
					"bits_per_second":	20259442.511798248,
					"retransmits":	0,
					"max_snd_cwnd":	340128,
					"max_snd_wnd":	0,
					"max_rtt":	126,
					"min_rtt":	96,
					"mean_rtt":	113,
					"sender":	true
				},
				"receiver":	{
					"socket":	5,
					"start":	0,
					"end":	3.001981,
					"seconds":	3.001929,
					"bytes":	7602176,
					"bits_per_second":	20259091.5798601,
					"sender":	true
				}
			}],
		"sum_sent":	{
			"start":	0,
			"end":	3.001929,
			"seconds":	3.001929,
			"bytes":	7602176,
			"bits_per_second":	20259442.511798248,
			"retransmits":	0,
			"sender":	true
		},
		"sum_received":	{
			"start":	0,
			"end":	3.001981,
			"seconds":	3.001981,
			"bytes":	7602176,
			"bits_per_second":	20259091.5798601,
			"sender":	true
		},
		"cpu_utilization_percent":	{
			"host_total":	0.51138497433753,
			"host_user":	0,
			"host_system":	0.51138497433753,
			"remote_total":	0.17294779388300441,
			"remote_user":	0,
			"remote_system":	0.17294779388300441
		},
		"sender_tcp_congestion":	"cubic",
		"receiver_tcp_congestion":	"cubic"
	}
}
