{
	"start":	{
		"connected":	[{
				"socket":	5,
				"local_host":	"192.168.1.2",
				"local_port":	50382,
				"remote_host":	"192.168.4.2",
				"remote_port":	5204
			}],
		"version":	"iperf 3.19.1",
		"system_info":	"Linux h1 6.6.87.2-microsoft-standard-WSL2 #1 SMP PREEMPT_DYNAMIC Thu Jun  5 18:30:46 UTC 2025 x86_64",
		"timestamp":	{
			"time":	"Sun, 05 Apr 2026 07:16:47 UTC",
			"timesecs":	1775373407
		},
		"connecting_to":	{
			"host":	"192.168.4.2",
			"port":	5204
		},
		"cookie":	"pvqpyzpgbihlqk6c5ji2xktrclftcn2u6j6e",
		"tcp_mss_default":	9448,
		"target_bitrate":	20000000,
		"fq_rate":	0,
		"sock_bufsize":	0,
		"sndbuf_actual":	16384,
		"rcvbuf_actual":	131072,
		"test_start":	{
			"protocol":	"TCP",
			"num_streams":	1,
			"blksize":	131072,
			"omit":	0,
			"duration":	3,
			"bytes":	0,
			"blocks":	0,
			"reverse":	0,
			"tos":	0,
			"target_bitrate":	20000000,
			"bidir":	0,
			"fqrate":	0,
			"interval":	1
		}
	},
	"intervals":	[{
			"streams":	[{
					"socket":	5,
					"start":	0,
					"end":	1.000914,
					"seconds":	1.0009139776229858,
					"bytes":	2621440,
					"bits_per_second":	20952370.00266904,
					"retransmits":	0,
					"snd_cwnd":	264544,
					"snd_wnd":	-1,
					"rtt":	214,
					"rttvar":	149,
					"pmtu":	9500,
					"omitted":	false,
					"sender":	true
				}],
			"sum":	{
				"start":	0,
				"end":	1.000914,
				"seconds":	1.0009139776229858,
				"bytes":	2621440,
				"bits_per_second":	20952370.00266904,
				"retransmits":	0,
				"omitted":	false,
				"sender":	true
			}
		}, {
			"streams":	[{
					"socket":	5,
					"start":	1.000914,
					"end":	2.000817,
					"seconds":	0.99990302324295044,
					"bytes":	2490368,
					"bits_per_second":	19924876.249883328,
					"retransmits":	0,
					"snd_cwnd":	264544,
					"snd_wnd":	-1,
					"rtt":	103,
					"rttvar":	67,
					"pmtu":	9500,
					"omitted":	false,
					"sender":	true
				}],
			"sum":	{
				"start":	1.000914,
				"end":	2.000817,
				"seconds":	0.99990302324295044,
				"bytes":	2490368,
				"bits_per_second":	19924876.249883328,
				"retransmits":	0,
				"omitted":	false,
				"sender":	true
			}
		}, {
			"streams":	[{
					"socket":	5,
					"start":	2.000817,
					"end":	3.001438,
					"seconds":	1.00062096118927,
					"bytes":	2490368,
					"bits_per_second":	19910580.302376378,
					"retransmits":	0,
					"snd_cwnd":	264544,
					"snd_wnd":	-1,
					"rtt":	116,
					"rttvar":	66,
					"pmtu":	9500,
					"omitted":	false,
					"sender":	true
				}],
			"sum":	{
				"start":	2.000817,
				"end":	3.001438,
				"seconds":	1.00062096118927,
				"bytes":	2490368,
				"bits_per_second":	19910580.302376378,
				"retransmits":	0,
				"omitted":	false,
				"sender":	true
			}
		}],
	"end":	{
		"streams":	[{
				"sender":	{
					"socket":	5,
					"start":	0,
					"end":	3.001438,
					"seconds":	3.001438,
					"bytes":	7602176,
					"bits_per_second":	20262756.71861288,
					"retransmits":	0,
					"max_snd_cwnd":	264544,
					"max_snd_wnd":	0,
					"max_rtt":	214,
					"min_rtt":	103,
					"mean_rtt":	144,
					"sender":	true
				},
				"receiver":	{
					"socket":	5,
					"start":	0,
					"end":	3.001919,
					"seconds":	3.001438,
					"bytes":	7602176,
					"bits_per_second":	20259510.000103269,
					"sender":	true
				}
			}],
		"sum_sent":	{
			"start":	0,
			"end":	3.001438,
			"seconds":	3.001438,
			"bytes":	7602176,
			"bits_per_second":	20262756.71861288,
			"retransmits":	0,
			"sender":	true
		},
		"sum_received":	{
			"start":	0,
			"end":	3.001919,
			"seconds":	3.001919,
			"bytes":	7602176,
			"bits_per_second":	20259510.000103269,
			"sender":	true
		},
		"cpu_utilization_percent":	{
			"host_total":	0.547849850039884,
			"host_user":	0.0019650520488998209,
			"host_system":	0.546351081528011,
			"remote_total":	0.21016395386719661,
			"remote_user":	0.023051744504057708,
			"remote_system":	0.18734539174974066
		},
		"sender_tcp_congestion":	"cubic",
		"receiver_tcp_congestion":	"cubic"
	}
}
