{
	"start":	{
		"connected":	[{
				"socket":	5,
				"local_host":	"192.168.1.2",
				"local_port":	49124,
				"remote_host":	"192.168.4.2",
				"remote_port":	5202
			}],
		"version":	"iperf 3.19.1",
		"system_info":	"Linux h1 6.6.87.2-microsoft-standard-WSL2 #1 SMP PREEMPT_DYNAMIC Thu Jun  5 18:30:46 UTC 2025 x86_64",
		"timestamp":	{
			"time":	"Sun, 05 Apr 2026 06:53:04 UTC",
			"timesecs":	1775371984
		},
		"connecting_to":	{
			"host":	"192.168.4.2",
			"port":	5202
		},
		"cookie":	"f324ht6yfti7dh7xhormrxquhckex3ljfybn",
		"tcp_mss_default":	9448,
		"target_bitrate":	20000000,
		"fq_rate":	0,
		"sock_bufsize":	0,
		"sndbuf_actual":	16384,
		"rcvbuf_actual":	131072,
		"test_start":	{
			"protocol":	"TCP",
			"num_streams":	1,
			"blksize":	131072,
			"omit":	0,
			"duration":	3,
			"bytes":	0,
			"blocks":	0,
			"reverse":	0,
			"tos":	0,
			"target_bitrate":	20000000,
			"bidir":	0,
			"fqrate":	0,
			"interval":	1
		}
	},
	"intervals":	[{
			"streams":	[{
					"socket":	5,
					"start":	0,
					"end":	1.000137,
					"seconds":	1.0001369714736938,
					"bytes":	2621440,
					"bits_per_second":	20968647.893396676,
					"retransmits":	0,
					"snd_cwnd":	264544,
					"snd_wnd":	-1,
					"rtt":	194,
					"rttvar":	126,
					"pmtu":	9500,
					"omitted":	false,
					"sender":	true
				}],
			"sum":	{
				"start":	0,
				"end":	1.000137,
				"seconds":	1.0001369714736938,
				"bytes":	2621440,
				"bits_per_second":	20968647.893396676,
				"retransmits":	0,
				"omitted":	false,
				"sender":	true
			}
		}, {
			"streams":	[{
					"socket":	5,
					"start":	1.000137,
					"end":	2.000246,
					"seconds":	1.0001089572906494,
					"bytes":	2490368,
					"bits_per_second":	19920773.486493271,
					"retransmits":	0,
					"snd_cwnd":	264544,
					"snd_wnd":	-1,
					"rtt":	124,
					"rttvar":	49,
					"pmtu":	9500,
					"omitted":	false,
					"sender":	true
				}],
			"sum":	{
				"start":	1.000137,
				"end":	2.000246,
				"seconds":	1.0001089572906494,
				"bytes":	2490368,
				"bits_per_second":	19920773.486493271,
				"retransmits":	0,
				"omitted":	false,
				"sender":	true
			}
		}, {
			"streams":	[{
					"socket":	5,
					"start":	2.000246,
					"end":	3.001082,
					"seconds":	1.0008360147476196,
					"bytes":	2490368,
					"bits_per_second":	19906302.037925724,
					"retransmits":	0,
					"snd_cwnd":	264544,
					"snd_wnd":	-1,
					"rtt":	236,
					"rttvar":	97,
					"pmtu":	9500,
					"omitted":	false,
					"sender":	true
				}],
			"sum":	{
				"start":	2.000246,
				"end":	3.001082,
				"seconds":	1.0008360147476196,
				"bytes":	2490368,
				"bits_per_second":	19906302.037925724,
				"retransmits":	0,
				"omitted":	false,
				"sender":	true
			}
		}],
	"end":	{
		"streams":	[{
				"sender":	{
					"socket":	5,
					"start":	0,
					"end":	3.001082,
					"seconds":	3.001082,
					"bytes":	7602176,
					"bits_per_second":	20265160.365494847,
					"retransmits":	0,
					"max_snd_cwnd":	264544,
					"max_snd_wnd":	0,
					"max_rtt":	236,
					"min_rtt":	124,
					"mean_rtt":	184,
					"sender":	true
				},
				"receiver":	{
					"socket":	5,
					"start":	0,
					"end":	3.001768,
					"seconds":	3.001082,
					"bytes":	7602176,
					"bits_per_second":	20260529.128167134,
					"sender":	true
				}
			}],
		"sum_sent":	{
			"start":	0,
			"end":	3.001082,
			"seconds":	3.001082,
			"bytes":	7602176,
			"bits_per_second":	20265160.365494847,
			"retransmits":	0,
			"sender":	true
		},
		"sum_received":	{
			"start":	0,
			"end":	3.001768,
			"seconds":	3.001768,
			"bytes":	7602176,
			"bits_per_second":	20260529.128167134,
			"sender":	true
		},
		"cpu_utilization_percent":	{
			"host_total":	0.76944491805375,
			"host_user":	0.023543562583917651,
			"host_system":	0.74610115939557975,
			"remote_total":	0.30364871491466522,
			"remote_user":	0.134551526005522,
			"remote_system":	0.16913050198812454
		},
		"sender_tcp_congestion":	"cubic",
		"receiver_tcp_congestion":	"cubic"
	}
}
