{
	"start":	{
		"connected":	[{
				"socket":	5,
				"local_host":	"192.168.1.2",
				"local_port":	60600,
				"remote_host":	"192.168.4.2",
				"remote_port":	5203
			}],
		"version":	"iperf 3.19.1",
		"system_info":	"Linux h1 6.6.87.2-microsoft-standard-WSL2 #1 SMP PREEMPT_DYNAMIC Thu Jun  5 18:30:46 UTC 2025 x86_64",
		"timestamp":	{
			"time":	"Sun, 05 Apr 2026 06:58:31 UTC",
			"timesecs":	1775372311
		},
		"connecting_to":	{
			"host":	"192.168.4.2",
			"port":	5203
		},
		"cookie":	"d5czk2ee27jkv3k44uqk664he3a27th2aowi",
		"tcp_mss_default":	9448,
		"target_bitrate":	20000000,
		"fq_rate":	0,
		"sock_bufsize":	0,
		"sndbuf_actual":	16384,
		"rcvbuf_actual":	131072,
		"test_start":	{
			"protocol":	"TCP",
			"num_streams":	1,
			"blksize":	131072,
			"omit":	0,
			"duration":	3,
			"bytes":	0,
			"blocks":	0,
			"reverse":	0,
			"tos":	0,
			"target_bitrate":	20000000,
			"bidir":	0,
			"fqrate":	0,
			"interval":	1
		}
	},
	"intervals":	[{
			"streams":	[{
					"socket":	5,
					"start":	0,
					"end":	1.001118,
					"seconds":	1.0011179447174072,
					"bytes":	2621440,
					"bits_per_second":	20948101.18094505,
					"retransmits":	0,
					"snd_cwnd":	340128,
					"snd_wnd":	-1,
					"rtt":	111,
					"rttvar":	57,
					"pmtu":	9500,
					"omitted":	false,
					"sender":	true
				}],
			"sum":	{
				"start":	0,
				"end":	1.001118,
				"seconds":	1.0011179447174072,
				"bytes":	2621440,
				"bits_per_second":	20948101.18094505,
				"retransmits":	0,
				"omitted":	false,
				"sender":	true
			}
		}, {
			"streams":	[{
					"socket":	5,
					"start":	1.001118,
					"end":	2.000527,
					"seconds":	0.999409019947052,
					"bytes":	2490368,
					"bits_per_second":	19934725.024850689,
					"retransmits":	0,
					"snd_cwnd":	340128,
					"snd_wnd":	-1,
					"rtt":	125,
					"rttvar":	50,
					"pmtu":	9500,
					"omitted":	false,
					"sender":	true
				}],
			"sum":	{
				"start":	1.001118,
				"end":	2.000527,
				"seconds":	0.999409019947052,
				"bytes":	2490368,
				"bits_per_second":	19934725.024850689,
				"retransmits":	0,
				"omitted":	false,
				"sender":	true
			}
		}, {
			"streams":	[{
					"socket":	5,
					"start":	2.000527,
					"end":	3.001492,
					"seconds":	1.0009649991989136,
					"bytes":	2490368,
					"bits_per_second":	19903736.909826633,
					"retransmits":	0,
					"snd_cwnd":	340128,
					"snd_wnd":	-1,
					"rtt":	138,
					"rttvar":	70,
					"pmtu":	9500,
					"omitted":	false,
					"sender":	true
				}],
			"sum":	{
				"start":	2.000527,
				"end":	3.001492,
				"seconds":	1.0009649991989136,
				"bytes":	2490368,
				"bits_per_second":	19903736.909826633,
				"retransmits":	0,
				"omitted":	false,
				"sender":	true
			}
		}],
	"end":	{
		"streams":	[{
				"sender":	{
					"socket":	5,
					"start":	0,
					"end":	3.001492,
					"seconds":	3.001492,
					"bytes":	7602176,
					"bits_per_second":	20262392.170293976,
					"retransmits":	0,
					"max_snd_cwnd":	340128,
					"max_snd_wnd":	0,
					"max_rtt":	138,
					"min_rtt":	111,
					"mean_rtt":	124,
					"sender":	true
				},
				"receiver":	{
					"socket":	5,
					"start":	0,
					"end":	3.001729,
					"seconds":	3.001492,
					"bytes":	7602176,
					"bits_per_second":	20260792.3633346,
					"sender":	true
				}
			}],
		"sum_sent":	{
			"start":	0,
			"end":	3.001492,
			"seconds":	3.001492,
			"bytes":	7602176,
			"bits_per_second":	20262392.170293976,
			"retransmits":	0,
			"sender":	true
		},
		"sum_received":	{
			"start":	0,
			"end":	3.001729,
			"seconds":	3.001729,
			"bytes":	7602176,
			"bits_per_second":	20260792.3633346,
			"sender":	true
		},
		"cpu_utilization_percent":	{
			"host_total":	0.511152230645954,
			"host_user":	0,
			"host_system":	0.51121883896373443,
			"remote_total":	0.19468474662999505,
			"remote_user":	0.0032980475558469385,
			"remote_system":	0.1913866990741481
		},
		"sender_tcp_congestion":	"cubic",
		"receiver_tcp_congestion":	"cubic"
	}
}
