{
	"start":	{
		"connected":	[{
				"socket":	5,
				"local_host":	"192.168.1.2",
				"local_port":	34928,
				"remote_host":	"192.168.4.2",
				"remote_port":	5202
			}],
		"version":	"iperf 3.19.1",
		"system_info":	"Linux h1 6.6.87.2-microsoft-standard-WSL2 #1 SMP PREEMPT_DYNAMIC Thu Jun  5 18:30:46 UTC 2025 x86_64",
		"timestamp":	{
			"time":	"Sun, 05 Apr 2026 07:21:00 UTC",
			"timesecs":	1775373660
		},
		"connecting_to":	{
			"host":	"192.168.4.2",
			"port":	5202
		},
		"cookie":	"n55mdbnlk6rofm3a3bwn37qey7xtmzlic44a",
		"tcp_mss_default":	9448,
		"target_bitrate":	20000000,
		"fq_rate":	0,
		"sock_bufsize":	0,
		"sndbuf_actual":	16384,
		"rcvbuf_actual":	131072,
		"test_start":	{
			"protocol":	"TCP",
			"num_streams":	1,
			"blksize":	131072,
			"omit":	0,
			"duration":	3,
			"bytes":	0,
			"blocks":	0,
			"reverse":	0,
			"tos":	0,
			"target_bitrate":	20000000,
			"bidir":	0,
			"fqrate":	0,
			"interval":	1
		}
	},
	"intervals":	[{
			"streams":	[{
					"socket":	5,
					"start":	0,
					"end":	1.001522,
					"seconds":	1.0015219449996948,
					"bytes":	2621440,
					"bits_per_second":	20939651.00286084,
					"retransmits":	0,
					"snd_cwnd":	264544,
					"snd_wnd":	-1,
					"rtt":	116,
					"rttvar":	64,
					"pmtu":	9500,
					"omitted":	false,
					"sender":	true
				}],
			"sum":	{
				"start":	0,
				"end":	1.001522,
				"seconds":	1.0015219449996948,
				"bytes":	2621440,
				"bits_per_second":	20939651.00286084,
				"retransmits":	0,
				"omitted":	false,
				"sender":	true
			}
		}, {
			"streams":	[{
					"socket":	5,
					"start":	1.001522,
					"end":	2.001359,
					"seconds":	0.99983698129653931,
					"bytes":	2490368,
					"bits_per_second":	19926192.342040509,
					"retransmits":	0,
					"snd_cwnd":	264544,
					"snd_wnd":	-1,
					"rtt":	113,
					"rttvar":	64,
					"pmtu":	9500,
					"omitted":	false,
					"sender":	true
				}],
			"sum":	{
				"start":	1.001522,
				"end":	2.001359,
				"seconds":	0.99983698129653931,
				"bytes":	2490368,
				"bits_per_second":	19926192.342040509,
				"retransmits":	0,
				"omitted":	false,
				"sender":	true
			}
		}, {
			"streams":	[{
					"socket":	5,
					"start":	2.001359,
					"end":	3.000767,
					"seconds":	0.99940800666809082,
					"bytes":	2490368,
					"bits_per_second":	19934745.236253168,
					"retransmits":	0,
					"snd_cwnd":	264544,
					"snd_wnd":	-1,
					"rtt":	119,
					"rttvar":	39,
					"pmtu":	9500,
					"omitted":	false,
					"sender":	true
				}],
			"sum":	{
				"start":	2.001359,
				"end":	3.000767,
				"seconds":	0.99940800666809082,
				"bytes":	2490368,
				"bits_per_second":	19934745.236253168,
				"retransmits":	0,
				"omitted":	false,
				"sender":	true
			}
		}],
	"end":	{
		"streams":	[{
				"sender":	{
					"socket":	5,
					"start":	0,
					"end":	3.000767,
					"seconds":	3.000767,
					"bytes":	7602176,
					"bits_per_second":	20267287.663454041,
					"retransmits":	0,
					"max_snd_cwnd":	264544,
					"max_snd_wnd":	0,
					"max_rtt":	119,
					"min_rtt":	113,
					"mean_rtt":	116,
					"sender":	true
				},
				"receiver":	{
					"socket":	5,
					"start":	0,
					"end":	3.000904,
					"seconds":	3.000767,
					"bytes":	7602176,
					"bits_per_second":	20266362.402795959,
					"sender":	true
				}
			}],
		"sum_sent":	{
			"start":	0,
			"end":	3.000767,
			"seconds":	3.000767,
			"bytes":	7602176,
			"bits_per_second":	20267287.663454041,
			"retransmits":	0,
			"sender":	true
		},
		"sum_received":	{
			"start":	0,
			"end":	3.000904,
			"seconds":	3.000904,
			"bytes":	7602176,
			"bits_per_second":	20266362.402795959,
			"sender":	true
		},
		"cpu_utilization_percent":	{
			"host_total":	0.53360587719336228,
			"host_user":	0.032779884077804251,
			"host_system":	0.500859306005881,
			"remote_total":	0.18344319375766638,
			"remote_user":	0,
			"remote_system":	0.18390971595795835
		},
		"sender_tcp_congestion":	"cubic",
		"receiver_tcp_congestion":	"cubic"
	}
}
