{
	"start":	{
		"connected":	[{
				"socket":	5,
				"local_host":	"192.168.1.2",
				"local_port":	57302,
				"remote_host":	"192.168.8.2",
				"remote_port":	5203
			}],
		"version":	"iperf 3.19.1",
		"system_info":	"Linux h1 6.6.87.2-microsoft-standard-WSL2 #1 SMP PREEMPT_DYNAMIC Thu Jun  5 18:30:46 UTC 2025 x86_64",
		"timestamp":	{
			"time":	"Mon, 06 Apr 2026 03:14:53 UTC",
			"timesecs":	1775445293
		},
		"connecting_to":	{
			"host":	"192.168.8.2",
			"port":	5203
		},
		"cookie":	"i366xm5l4j2gfei5ryurz4wrjv5nucigpfb3",
		"tcp_mss_default":	9448,
		"target_bitrate":	20000000,
		"fq_rate":	0,
		"sock_bufsize":	0,
		"sndbuf_actual":	16384,
		"rcvbuf_actual":	131072,
		"test_start":	{
			"protocol":	"TCP",
			"num_streams":	1,
			"blksize":	131072,
			"omit":	0,
			"duration":	3,
			"bytes":	0,
			"blocks":	0,
			"reverse":	0,
			"tos":	0,
			"target_bitrate":	20000000,
			"bidir":	0,
			"fqrate":	0,
			"interval":	1
		}
	},
	"intervals":	[{
			"streams":	[{
					"socket":	5,
					"start":	0,
					"end":	1.001098,
					"seconds":	1.0010980367660522,
					"bytes":	2621440,
					"bits_per_second":	20948517.757308178,
					"retransmits":	0,
					"snd_cwnd":	264544,
					"snd_wnd":	-1,
					"rtt":	147,
					"rttvar":	55,
					"pmtu":	9500,
					"omitted":	false,
					"sender":	true
				}],
			"sum":	{
				"start":	0,
				"end":	1.001098,
				"seconds":	1.0010980367660522,
				"bytes":	2621440,
				"bits_per_second":	20948517.757308178,
				"retransmits":	0,
				"omitted":	false,
				"sender":	true
			}
		}, {
			"streams":	[{
					"socket":	5,
					"start":	1.001098,
					"end":	2.000166,
					"seconds":	0.999068021774292,
					"bytes":	2490368,
					"bits_per_second":	19941529.070881385,
					"retransmits":	0,
					"snd_cwnd":	264544,
					"snd_wnd":	-1,
					"rtt":	146,
					"rttvar":	77,
					"pmtu":	9500,
					"omitted":	false,
					"sender":	true
				}],
			"sum":	{
				"start":	1.001098,
				"end":	2.000166,
				"seconds":	0.999068021774292,
				"bytes":	2490368,
				"bits_per_second":	19941529.070881385,
				"retransmits":	0,
				"omitted":	false,
				"sender":	true
			}
		}, {
			"streams":	[{
					"socket":	5,
					"start":	2.000166,
					"end":	3.001267,
					"seconds":	1.001101016998291,
					"bytes":	2490368,
					"bits_per_second":	19901032.624796554,
					"retransmits":	0,
					"snd_cwnd":	264544,
					"snd_wnd":	-1,
					"rtt":	153,
					"rttvar":	60,
					"pmtu":	9500,
					"omitted":	false,
					"sender":	true
				}],
			"sum":	{
				"start":	2.000166,
				"end":	3.001267,
				"seconds":	1.001101016998291,
				"bytes":	2490368,
				"bits_per_second":	19901032.624796554,
				"retransmits":	0,
				"omitted":	false,
				"sender":	true
			}
		}],
	"end":	{
		"streams":	[{
				"sender":	{
					"socket":	5,
					"start":	0,
					"end":	3.001267,
					"seconds":	3.001267,
					"bytes":	7602176,
					"bits_per_second":	20263911.208166417,
					"retransmits":	0,
					"max_snd_cwnd":	264544,
					"max_snd_wnd":	0,
					"max_rtt":	153,
					"min_rtt":	146,
					"mean_rtt":	148,
					"sender":	true
				},
				"receiver":	{
					"socket":	5,
					"start":	0,
					"end":	3.001393,
					"seconds":	3.001267,
					"bytes":	7602176,
					"bits_per_second":	20263060.518899057,
					"sender":	true
				}
			}],
		"sum_sent":	{
			"start":	0,
			"end":	3.001267,
			"seconds":	3.001267,
			"bytes":	7602176,
			"bits_per_second":	20263911.208166417,
			"retransmits":	0,
			"sender":	true
		},
		"sum_received":	{
			"start":	0,
			"end":	3.001393,
			"seconds":	3.001393,
			"bytes":	7602176,
			"bits_per_second":	20263060.518899057,
			"sender":	true
		},
		"cpu_utilization_percent":	{
			"host_total":	0.655941694663704,
			"host_user":	0,
			"host_system":	0.65600830801748333,
			"remote_total":	0.22019320629494696,
			"remote_user":	0,
			"remote_system":	0.22015988912044326
		},
		"sender_tcp_congestion":	"cubic",
		"receiver_tcp_congestion":	"cubic"
	}
}
