{
	"start":	{
		"connected":	[{
				"socket":	5,
				"local_host":	"192.168.1.2",
				"local_port":	47752,
				"remote_host":	"192.168.8.2",
				"remote_port":	5203
			}],
		"version":	"iperf 3.19.1",
		"system_info":	"Linux h1 6.6.87.2-microsoft-standard-WSL2 #1 SMP PREEMPT_DYNAMIC Thu Jun  5 18:30:46 UTC 2025 x86_64",
		"timestamp":	{
			"time":	"Mon, 06 Apr 2026 03:27:39 UTC",
			"timesecs":	1775446059
		},
		"connecting_to":	{
			"host":	"192.168.8.2",
			"port":	5203
		},
		"cookie":	"tnfiqslnscwfu4i5aicg6d4ysymeghs2ry53",
		"tcp_mss_default":	9448,
		"target_bitrate":	20000000,
		"fq_rate":	0,
		"sock_bufsize":	0,
		"sndbuf_actual":	16384,
		"rcvbuf_actual":	131072,
		"test_start":	{
			"protocol":	"TCP",
			"num_streams":	1,
			"blksize":	131072,
			"omit":	0,
			"duration":	3,
			"bytes":	0,
			"blocks":	0,
			"reverse":	0,
			"tos":	0,
			"target_bitrate":	20000000,
			"bidir":	0,
			"fqrate":	0,
			"interval":	1
		}
	},
	"intervals":	[{
			"streams":	[{
					"socket":	5,
					"start":	0,
					"end":	1.001175,
					"seconds":	1.0011750459671021,
					"bytes":	2621440,
					"bits_per_second":	20946906.422085464,
					"retransmits":	0,
					"snd_cwnd":	264544,
					"snd_wnd":	-1,
					"rtt":	118,
					"rttvar":	66,
					"pmtu":	9500,
					"omitted":	false,
					"sender":	true
				}],
			"sum":	{
				"start":	0,
				"end":	1.001175,
				"seconds":	1.0011750459671021,
				"bytes":	2621440,
				"bits_per_second":	20946906.422085464,
				"retransmits":	0,
				"omitted":	false,
				"sender":	true
			}
		}, {
			"streams":	[{
					"socket":	5,
					"start":	1.001175,
					"end":	2.001156,
					"seconds":	0.99998098611831665,
					"bytes":	2490368,
					"bits_per_second":	19923322.819702834,
					"retransmits":	0,
					"snd_cwnd":	264544,
					"snd_wnd":	-1,
					"rtt":	148,
					"rttvar":	69,
					"pmtu":	9500,
					"omitted":	false,
					"sender":	true
				}],
			"sum":	{
				"start":	1.001175,
				"end":	2.001156,
				"seconds":	0.99998098611831665,
				"bytes":	2490368,
				"bits_per_second":	19923322.819702834,
				"retransmits":	0,
				"omitted":	false,
				"sender":	true
			}
		}, {
			"streams":	[{
					"socket":	5,
					"start":	2.001156,
					"end":	3.001283,
					"seconds":	1.0001269578933716,
					"bytes":	2490368,
					"bits_per_second":	19920414.946083356,
					"retransmits":	0,
					"snd_cwnd":	264544,
					"snd_wnd":	-1,
					"rtt":	116,
					"rttvar":	65,
					"pmtu":	9500,
					"omitted":	false,
					"sender":	true
				}],
			"sum":	{
				"start":	2.001156,
				"end":	3.001283,
				"seconds":	1.0001269578933716,
				"bytes":	2490368,
				"bits_per_second":	19920414.946083356,
				"retransmits":	0,
				"omitted":	false,
				"sender":	true
			}
		}],
	"end":	{
		"streams":	[{
				"sender":	{
					"socket":	5,
					"start":	0,
					"end":	3.001283,
					"seconds":	3.001283,
					"bytes":	7602176,
					"bits_per_second":	20263803.180173282,
					"retransmits":	0,
					"max_snd_cwnd":	264544,
					"max_snd_wnd":	0,
					"max_rtt":	148,
					"min_rtt":	116,
					"mean_rtt":	127,
					"sender":	true
				},
				"receiver":	{
					"socket":	5,
					"start":	0,
					"end":	3.001524,
					"seconds":	3.001283,
					"bytes":	7602176,
					"bits_per_second":	20262176.147850227,
					"sender":	true
				}
			}],
		"sum_sent":	{
			"start":	0,
			"end":	3.001283,
			"seconds":	3.001283,
			"bytes":	7602176,
			"bits_per_second":	20263803.180173282,
			"retransmits":	0,
			"sender":	true
		},
		"sum_received":	{
			"start":	0,
			"end":	3.001524,
			"seconds":	3.001524,
			"bytes":	7602176,
			"bits_per_second":	20262176.147850227,
			"sender":	true
		},
		"cpu_utilization_percent":	{
			"host_total":	0.638295037851412,
			"host_user":	0,
			"host_system":	0.63832834309732134,
			"remote_total":	0.19946161688177561,
			"remote_user":	0,
			"remote_system":	0.19942830109475673
		},
		"sender_tcp_congestion":	"cubic",
		"receiver_tcp_congestion":	"cubic"
	}
}
