{
	"start":	{
		"connected":	[{
				"socket":	5,
				"local_host":	"192.168.1.2",
				"local_port":	51780,
				"remote_host":	"192.168.8.2",
				"remote_port":	5202
			}],
		"version":	"iperf 3.19.1",
		"system_info":	"Linux h1 6.6.87.2-microsoft-standard-WSL2 #1 SMP PREEMPT_DYNAMIC Thu Jun  5 18:30:46 UTC 2025 x86_64",
		"timestamp":	{
			"time":	"Mon, 06 Apr 2026 03:23:52 UTC",
			"timesecs":	1775445832
		},
		"connecting_to":	{
			"host":	"192.168.8.2",
			"port":	5202
		},
		"cookie":	"xjtd5seqimj5bubrzdhpaeg77sfpyfktrszw",
		"tcp_mss_default":	9448,
		"target_bitrate":	20000000,
		"fq_rate":	0,
		"sock_bufsize":	0,
		"sndbuf_actual":	16384,
		"rcvbuf_actual":	131072,
		"test_start":	{
			"protocol":	"TCP",
			"num_streams":	1,
			"blksize":	131072,
			"omit":	0,
			"duration":	3,
			"bytes":	0,
			"blocks":	0,
			"reverse":	0,
			"tos":	0,
			"target_bitrate":	20000000,
			"bidir":	0,
			"fqrate":	0,
			"interval":	1
		}
	},
	"intervals":	[{
			"streams":	[{
					"socket":	5,
					"start":	0,
					"end":	1.001098,
					"seconds":	1.0010980367660522,
					"bytes":	2621440,
					"bits_per_second":	20948517.757308178,
					"retransmits":	0,
					"snd_cwnd":	359024,
					"snd_wnd":	-1,
					"rtt":	179,
					"rttvar":	77,
					"pmtu":	9500,
					"omitted":	false,
					"sender":	true
				}],
			"sum":	{
				"start":	0,
				"end":	1.001098,
				"seconds":	1.0010980367660522,
				"bytes":	2621440,
				"bits_per_second":	20948517.757308178,
				"retransmits":	0,
				"omitted":	false,
				"sender":	true
			}
		}, {
			"streams":	[{
					"socket":	5,
					"start":	1.001098,
					"end":	2.000633,
					"seconds":	0.99953502416610718,
					"bytes":	2490368,
					"bits_per_second":	19932211.996894583,
					"retransmits":	0,
					"snd_cwnd":	359024,
					"snd_wnd":	-1,
					"rtt":	158,
					"rttvar":	57,
					"pmtu":	9500,
					"omitted":	false,
					"sender":	true
				}],
			"sum":	{
				"start":	1.001098,
				"end":	2.000633,
				"seconds":	0.99953502416610718,
				"bytes":	2490368,
				"bits_per_second":	19932211.996894583,
				"retransmits":	0,
				"omitted":	false,
				"sender":	true
			}
		}, {
			"streams":	[{
					"socket":	5,
					"start":	2.000633,
					"end":	3.001386,
					"seconds":	1.0007530450820923,
					"bytes":	2490368,
					"bits_per_second":	19907952.414339855,
					"retransmits":	0,
					"snd_cwnd":	359024,
					"snd_wnd":	-1,
					"rtt":	263,
					"rttvar":	303,
					"pmtu":	9500,
					"omitted":	false,
					"sender":	true
				}],
			"sum":	{
				"start":	2.000633,
				"end":	3.001386,
				"seconds":	1.0007530450820923,
				"bytes":	2490368,
				"bits_per_second":	19907952.414339855,
				"retransmits":	0,
				"omitted":	false,
				"sender":	true
			}
		}],
	"end":	{
		"streams":	[{
				"sender":	{
					"socket":	5,
					"start":	0,
					"end":	3.001386,
					"seconds":	3.001386,
					"bytes":	7602176,
					"bits_per_second":	20263107.77754011,
					"retransmits":	0,
					"max_snd_cwnd":	359024,
					"max_snd_wnd":	0,
					"max_rtt":	263,
					"min_rtt":	158,
					"mean_rtt":	200,
					"sender":	true
				},
				"receiver":	{
					"socket":	5,
					"start":	0,
					"end":	3.001676,
					"seconds":	3.001386,
					"bytes":	7602176,
					"bits_per_second":	20261150.10414182,
					"sender":	true
				}
			}],
		"sum_sent":	{
			"start":	0,
			"end":	3.001386,
			"seconds":	3.001386,
			"bytes":	7602176,
			"bits_per_second":	20263107.77754011,
			"retransmits":	0,
			"sender":	true
		},
		"sum_received":	{
			"start":	0,
			"end":	3.001676,
			"seconds":	3.001676,
			"bytes":	7602176,
			"bits_per_second":	20261150.10414182,
			"sender":	true
		},
		"cpu_utilization_percent":	{
			"host_total":	0.727867374233182,
			"host_user":	0,
			"host_system":	0.728100462280194,
			"remote_total":	0.24186060766977963,
			"remote_user":	0.24192723593635534,
			"remote_system":	0
		},
		"sender_tcp_congestion":	"cubic",
		"receiver_tcp_congestion":	"cubic"
	}
}
