{
	"start":	{
		"connected":	[{
				"socket":	5,
				"local_host":	"192.168.1.2",
				"local_port":	60468,
				"remote_host":	"192.168.8.2",
				"remote_port":	5203
			}],
		"version":	"iperf 3.19.1",
		"system_info":	"Linux h1 6.6.87.2-microsoft-standard-WSL2 #1 SMP PREEMPT_DYNAMIC Thu Jun  5 18:30:46 UTC 2025 x86_64",
		"timestamp":	{
			"time":	"Mon, 06 Apr 2026 03:26:13 UTC",
			"timesecs":	1775445973
		},
		"connecting_to":	{
			"host":	"192.168.8.2",
			"port":	5203
		},
		"cookie":	"7paqxu45dhqilmbus4v77gfui7qsijphre63",
		"tcp_mss_default":	9448,
		"target_bitrate":	20000000,
		"fq_rate":	0,
		"sock_bufsize":	0,
		"sndbuf_actual":	16384,
		"rcvbuf_actual":	131072,
		"test_start":	{
			"protocol":	"TCP",
			"num_streams":	1,
			"blksize":	131072,
			"omit":	0,
			"duration":	3,
			"bytes":	0,
			"blocks":	0,
			"reverse":	0,
			"tos":	0,
			"target_bitrate":	20000000,
			"bidir":	0,
			"fqrate":	0,
			"interval":	1
		}
	},
	"intervals":	[{
			"streams":	[{
					"socket":	5,
					"start":	0,
					"end":	1.001069,
					"seconds":	1.0010689496994019,
					"bytes":	2621440,
					"bits_per_second":	20949126.437591806,
					"retransmits":	0,
					"snd_cwnd":	264544,
					"snd_wnd":	-1,
					"rtt":	145,
					"rttvar":	77,
					"pmtu":	9500,
					"omitted":	false,
					"sender":	true
				}],
			"sum":	{
				"start":	0,
				"end":	1.001069,
				"seconds":	1.0010689496994019,
				"bytes":	2621440,
				"bits_per_second":	20949126.437591806,
				"retransmits":	0,
				"omitted":	false,
				"sender":	true
			}
		}, {
			"streams":	[{
					"socket":	5,
					"start":	1.001069,
					"end":	2.001515,
					"seconds":	1.0004459619522095,
					"bytes":	2490368,
					"bits_per_second":	19914063.085549947,
					"retransmits":	0,
					"snd_cwnd":	264544,
					"snd_wnd":	-1,
					"rtt":	187,
					"rttvar":	103,
					"pmtu":	9500,
					"omitted":	false,
					"sender":	true
				}],
			"sum":	{
				"start":	1.001069,
				"end":	2.001515,
				"seconds":	1.0004459619522095,
				"bytes":	2490368,
				"bits_per_second":	19914063.085549947,
				"retransmits":	0,
				"omitted":	false,
				"sender":	true
			}
		}, {
			"streams":	[{
					"socket":	5,
					"start":	2.001515,
					"end":	3.001718,
					"seconds":	1.000203013420105,
					"bytes":	2490368,
					"bits_per_second":	19918900.195946492,
					"retransmits":	0,
					"snd_cwnd":	264544,
					"snd_wnd":	-1,
					"rtt":	152,
					"rttvar":	72,
					"pmtu":	9500,
					"omitted":	false,
					"sender":	true
				}],
			"sum":	{
				"start":	2.001515,
				"end":	3.001718,
				"seconds":	1.000203013420105,
				"bytes":	2490368,
				"bits_per_second":	19918900.195946492,
				"retransmits":	0,
				"omitted":	false,
				"sender":	true
			}
		}],
	"end":	{
		"streams":	[{
				"sender":	{
					"socket":	5,
					"start":	0,
					"end":	3.001718,
					"seconds":	3.001718,
					"bytes":	7602176,
					"bits_per_second":	20260866.610387787,
					"retransmits":	0,
					"max_snd_cwnd":	264544,
					"max_snd_wnd":	0,
					"max_rtt":	187,
					"min_rtt":	145,
					"mean_rtt":	161,
					"sender":	true
				},
				"receiver":	{
					"socket":	5,
					"start":	0,
					"end":	3.00191,
					"seconds":	3.001718,
					"bytes":	7602176,
					"bits_per_second":	20259570.739962224,
					"sender":	true
				}
			}],
		"sum_sent":	{
			"start":	0,
			"end":	3.001718,
			"seconds":	3.001718,
			"bytes":	7602176,
			"bits_per_second":	20260866.610387787,
			"retransmits":	0,
			"sender":	true
		},
		"sum_received":	{
			"start":	0,
			"end":	3.00191,
			"seconds":	3.00191,
			"bytes":	7602176,
			"bits_per_second":	20259570.739962224,
			"sender":	true
		},
		"cpu_utilization_percent":	{
			"host_total":	0.68755140983672069,
			"host_user":	0.021879360469956675,
			"host_system":	0.66563874744824059,
			"remote_total":	0.21136240307559778,
			"remote_user":	0.126317767133596,
			"remote_system":	0.0850779475894526
		},
		"sender_tcp_congestion":	"cubic",
		"receiver_tcp_congestion":	"cubic"
	}
}
