{
	"start":	{
		"connected":	[{
				"socket":	5,
				"local_host":	"192.168.1.2",
				"local_port":	51084,
				"remote_host":	"192.168.8.2",
				"remote_port":	5204
			}],
		"version":	"iperf 3.19.1",
		"system_info":	"Linux h1 6.6.87.2-microsoft-standard-WSL2 #1 SMP PREEMPT_DYNAMIC Thu Jun  5 18:30:46 UTC 2025 x86_64",
		"timestamp":	{
			"time":	"Mon, 06 Apr 2026 03:17:03 UTC",
			"timesecs":	1775445423
		},
		"connecting_to":	{
			"host":	"192.168.8.2",
			"port":	5204
		},
		"cookie":	"ew6iz646pza2pfmxi6mlgahibgsrt6rplqik",
		"tcp_mss_default":	9448,
		"target_bitrate":	20000000,
		"fq_rate":	0,
		"sock_bufsize":	0,
		"sndbuf_actual":	16384,
		"rcvbuf_actual":	131072,
		"test_start":	{
			"protocol":	"TCP",
			"num_streams":	1,
			"blksize":	131072,
			"omit":	0,
			"duration":	3,
			"bytes":	0,
			"blocks":	0,
			"reverse":	0,
			"tos":	0,
			"target_bitrate":	20000000,
			"bidir":	0,
			"fqrate":	0,
			"interval":	1
		}
	},
	"intervals":	[{
			"streams":	[{
					"socket":	5,
					"start":	0,
					"end":	1.001013,
					"seconds":	1.0010130405426025,
					"bytes":	2621440,
					"bits_per_second":	20950296.500265688,
					"retransmits":	0,
					"snd_cwnd":	264544,
					"snd_wnd":	-1,
					"rtt":	164,
					"rttvar":	66,
					"pmtu":	9500,
					"omitted":	false,
					"sender":	true
				}],
			"sum":	{
				"start":	0,
				"end":	1.001013,
				"seconds":	1.0010130405426025,
				"bytes":	2621440,
				"bits_per_second":	20950296.500265688,
				"retransmits":	0,
				"omitted":	false,
				"sender":	true
			}
		}, {
			"streams":	[{
					"socket":	5,
					"start":	1.001013,
					"end":	2.001106,
					"seconds":	1.0000929832458496,
					"bytes":	2490368,
					"bits_per_second":	19921091.672235448,
					"retransmits":	0,
					"snd_cwnd":	264544,
					"snd_wnd":	-1,
					"rtt":	138,
					"rttvar":	74,
					"pmtu":	9500,
					"omitted":	false,
					"sender":	true
				}],
			"sum":	{
				"start":	1.001013,
				"end":	2.001106,
				"seconds":	1.0000929832458496,
				"bytes":	2490368,
				"bits_per_second":	19921091.672235448,
				"retransmits":	0,
				"omitted":	false,
				"sender":	true
			}
		}, {
			"streams":	[{
					"socket":	5,
					"start":	2.001106,
					"end":	3.001551,
					"seconds":	1.0004450082778931,
					"bytes":	2490368,
					"bits_per_second":	19914082.068632815,
					"retransmits":	0,
					"snd_cwnd":	264544,
					"snd_wnd":	-1,
					"rtt":	205,
					"rttvar":	147,
					"pmtu":	9500,
					"omitted":	false,
					"sender":	true
				}],
			"sum":	{
				"start":	2.001106,
				"end":	3.001551,
				"seconds":	1.0004450082778931,
				"bytes":	2490368,
				"bits_per_second":	19914082.068632815,
				"retransmits":	0,
				"omitted":	false,
				"sender":	true
			}
		}],
	"end":	{
		"streams":	[{
				"sender":	{
					"socket":	5,
					"start":	0,
					"end":	3.001551,
					"seconds":	3.001551,
					"bytes":	7602176,
					"bits_per_second":	20261993.882496081,
					"retransmits":	0,
					"max_snd_cwnd":	264544,
					"max_snd_wnd":	0,
					"max_rtt":	205,
					"min_rtt":	138,
					"mean_rtt":	169,
					"sender":	true
				},
				"receiver":	{
					"socket":	5,
					"start":	0,
					"end":	3.001866,
					"seconds":	3.001551,
					"bytes":	7602176,
					"bits_per_second":	20259867.695626654,
					"sender":	true
				}
			}],
		"sum_sent":	{
			"start":	0,
			"end":	3.001551,
			"seconds":	3.001551,
			"bytes":	7602176,
			"bits_per_second":	20261993.882496081,
			"retransmits":	0,
			"sender":	true
		},
		"sum_received":	{
			"start":	0,
			"end":	3.001866,
			"seconds":	3.001866,
			"bytes":	7602176,
			"bits_per_second":	20259867.695626654,
			"sender":	true
		},
		"cpu_utilization_percent":	{
			"host_total":	0.67261363674201935,
			"host_user":	0,
			"host_system":	0.672713529856387,
			"remote_total":	0.22539126170803672,
			"remote_user":	0.078850298028809176,
			"remote_system":	0.14654096367922753
		},
		"sender_tcp_congestion":	"cubic",
		"receiver_tcp_congestion":	"cubic"
	}
}
