{
	"start":	{
		"connected":	[{
				"socket":	5,
				"local_host":	"192.168.1.2",
				"local_port":	38680,
				"remote_host":	"192.168.8.2",
				"remote_port":	5203
			}],
		"version":	"iperf 3.19.1",
		"system_info":	"Linux h1 6.6.87.2-microsoft-standard-WSL2 #1 SMP PREEMPT_DYNAMIC Thu Jun  5 18:30:46 UTC 2025 x86_64",
		"timestamp":	{
			"time":	"Mon, 06 Apr 2026 03:19:53 UTC",
			"timesecs":	1775445593
		},
		"connecting_to":	{
			"host":	"192.168.8.2",
			"port":	5203
		},
		"cookie":	"ts5o7zinw6nqdd3dhvjthp7v5bimf7c7ppi5",
		"tcp_mss_default":	9448,
		"target_bitrate":	20000000,
		"fq_rate":	0,
		"sock_bufsize":	0,
		"sndbuf_actual":	16384,
		"rcvbuf_actual":	131072,
		"test_start":	{
			"protocol":	"TCP",
			"num_streams":	1,
			"blksize":	131072,
			"omit":	0,
			"duration":	3,
			"bytes":	0,
			"blocks":	0,
			"reverse":	0,
			"tos":	0,
			"target_bitrate":	20000000,
			"bidir":	0,
			"fqrate":	0,
			"interval":	1
		}
	},
	"intervals":	[{
			"streams":	[{
					"socket":	5,
					"start":	0,
					"end":	1.001091,
					"seconds":	1.0010910034179688,
					"bytes":	2621440,
					"bits_per_second":	20948664.934954084,
					"retransmits":	0,
					"snd_cwnd":	207856,
					"snd_wnd":	-1,
					"rtt":	135,
					"rttvar":	50,
					"pmtu":	9500,
					"omitted":	false,
					"sender":	true
				}],
			"sum":	{
				"start":	0,
				"end":	1.001091,
				"seconds":	1.0010910034179688,
				"bytes":	2621440,
				"bits_per_second":	20948664.934954084,
				"retransmits":	0,
				"omitted":	false,
				"sender":	true
			}
		}, {
			"streams":	[{
					"socket":	5,
					"start":	1.001091,
					"end":	2.001097,
					"seconds":	1.0000059604644775,
					"bytes":	2490368,
					"bits_per_second":	19922825.2507078,
					"retransmits":	0,
					"snd_cwnd":	207856,
					"snd_wnd":	-1,
					"rtt":	147,
					"rttvar":	86,
					"pmtu":	9500,
					"omitted":	false,
					"sender":	true
				}],
			"sum":	{
				"start":	1.001091,
				"end":	2.001097,
				"seconds":	1.0000059604644775,
				"bytes":	2490368,
				"bits_per_second":	19922825.2507078,
				"retransmits":	0,
				"omitted":	false,
				"sender":	true
			}
		}, {
			"streams":	[{
					"socket":	5,
					"start":	2.001097,
					"end":	3.000615,
					"seconds":	0.99951797723770142,
					"bytes":	2490368,
					"bits_per_second":	19932551.943747584,
					"retransmits":	0,
					"snd_cwnd":	207856,
					"snd_wnd":	-1,
					"rtt":	167,
					"rttvar":	62,
					"pmtu":	9500,
					"omitted":	false,
					"sender":	true
				}],
			"sum":	{
				"start":	2.001097,
				"end":	3.000615,
				"seconds":	0.99951797723770142,
				"bytes":	2490368,
				"bits_per_second":	19932551.943747584,
				"retransmits":	0,
				"omitted":	false,
				"sender":	true
			}
		}],
	"end":	{
		"streams":	[{
				"sender":	{
					"socket":	5,
					"start":	0,
					"end":	3.000615,
					"seconds":	3.000615,
					"bytes":	7602176,
					"bits_per_second":	20268314.328895912,
					"retransmits":	0,
					"max_snd_cwnd":	207856,
					"max_snd_wnd":	0,
					"max_rtt":	167,
					"min_rtt":	135,
					"mean_rtt":	149,
					"sender":	true
				},
				"receiver":	{
					"socket":	5,
					"start":	0,
					"end":	3.000821,
					"seconds":	3.000615,
					"bytes":	7602176,
					"bits_per_second":	20266922.952085447,
					"sender":	true
				}
			}],
		"sum_sent":	{
			"start":	0,
			"end":	3.000615,
			"seconds":	3.000615,
			"bytes":	7602176,
			"bits_per_second":	20268314.328895912,
			"retransmits":	0,
			"sender":	true
		},
		"sum_received":	{
			"start":	0,
			"end":	3.000821,
			"seconds":	3.000821,
			"bytes":	7602176,
			"bits_per_second":	20266922.952085447,
			"sender":	true
		},
		"cpu_utilization_percent":	{
			"host_total":	0.653352851851383,
			"host_user":	0.0648322191475596,
			"host_system":	0.588553948335451,
			"remote_total":	0.21793701620231751,
			"remote_user":	0.011196764135164936,
			"remote_system":	0.20674025206715257
		},
		"sender_tcp_congestion":	"cubic",
		"receiver_tcp_congestion":	"cubic"
	}
}
