{
	"start":	{
		"connected":	[{
				"socket":	5,
				"local_host":	"192.168.1.2",
				"local_port":	38508,
				"remote_host":	"192.168.8.2",
				"remote_port":	5205
			}],
		"version":	"iperf 3.19.1",
		"system_info":	"Linux h1 6.6.87.2-microsoft-standard-WSL2 #1 SMP PREEMPT_DYNAMIC Thu Jun  5 18:30:46 UTC 2025 x86_64",
		"timestamp":	{
			"time":	"Mon, 06 Apr 2026 03:22:05 UTC",
			"timesecs":	1775445725
		},
		"connecting_to":	{
			"host":	"192.168.8.2",
			"port":	5205
		},
		"cookie":	"mloa7vc6rnw6jozmfagot7n6jlfb3rzvsrhl",
		"tcp_mss_default":	9448,
		"target_bitrate":	20000000,
		"fq_rate":	0,
		"sock_bufsize":	0,
		"sndbuf_actual":	16384,
		"rcvbuf_actual":	131072,
		"test_start":	{
			"protocol":	"TCP",
			"num_streams":	1,
			"blksize":	131072,
			"omit":	0,
			"duration":	3,
			"bytes":	0,
			"blocks":	0,
			"reverse":	0,
			"tos":	0,
			"target_bitrate":	20000000,
			"bidir":	0,
			"fqrate":	0,
			"interval":	1
		}
	},
	"intervals":	[{
			"streams":	[{
					"socket":	5,
					"start":	0,
					"end":	1.001048,
					"seconds":	1.0010479688644409,
					"bytes":	2621440,
					"bits_per_second":	20949565.507624444,
					"retransmits":	0,
					"snd_cwnd":	207856,
					"snd_wnd":	-1,
					"rtt":	129,
					"rttvar":	54,
					"pmtu":	9500,
					"omitted":	false,
					"sender":	true
				}],
			"sum":	{
				"start":	0,
				"end":	1.001048,
				"seconds":	1.0010479688644409,
				"bytes":	2621440,
				"bits_per_second":	20949565.507624444,
				"retransmits":	0,
				"omitted":	false,
				"sender":	true
			}
		}, {
			"streams":	[{
					"socket":	5,
					"start":	1.001048,
					"end":	2.000861,
					"seconds":	0.9998130202293396,
					"bytes":	2490368,
					"bits_per_second":	19926669.884164967,
					"retransmits":	0,
					"snd_cwnd":	207856,
					"snd_wnd":	-1,
					"rtt":	113,
					"rttvar":	75,
					"pmtu":	9500,
					"omitted":	false,
					"sender":	true
				}],
			"sum":	{
				"start":	1.001048,
				"end":	2.000861,
				"seconds":	0.9998130202293396,
				"bytes":	2490368,
				"bits_per_second":	19926669.884164967,
				"retransmits":	0,
				"omitted":	false,
				"sender":	true
			}
		}, {
			"streams":	[{
					"socket":	5,
					"start":	2.000861,
					"end":	3.001169,
					"seconds":	1.0003080368041992,
					"bytes":	2490368,
					"bits_per_second":	19916808.889839727,
					"retransmits":	0,
					"snd_cwnd":	207856,
					"snd_wnd":	-1,
					"rtt":	175,
					"rttvar":	119,
					"pmtu":	9500,
					"omitted":	false,
					"sender":	true
				}],
			"sum":	{
				"start":	2.000861,
				"end":	3.001169,
				"seconds":	1.0003080368041992,
				"bytes":	2490368,
				"bits_per_second":	19916808.889839727,
				"retransmits":	0,
				"omitted":	false,
				"sender":	true
			}
		}],
	"end":	{
		"streams":	[{
				"sender":	{
					"socket":	5,
					"start":	0,
					"end":	3.001169,
					"seconds":	3.001169,
					"bytes":	7602176,
					"bits_per_second":	20264572.904758114,
					"retransmits":	0,
					"max_snd_cwnd":	207856,
					"max_snd_wnd":	0,
					"max_rtt":	175,
					"min_rtt":	113,
					"mean_rtt":	139,
					"sender":	true
				},
				"receiver":	{
					"socket":	5,
					"start":	0,
					"end":	3.001351,
					"seconds":	3.001169,
					"bytes":	7602176,
					"bits_per_second":	20263344.074051984,
					"sender":	true
				}
			}],
		"sum_sent":	{
			"start":	0,
			"end":	3.001169,
			"seconds":	3.001169,
			"bytes":	7602176,
			"bits_per_second":	20264572.904758114,
			"retransmits":	0,
			"sender":	true
		},
		"sum_received":	{
			"start":	0,
			"end":	3.001351,
			"seconds":	3.001351,
			"bytes":	7602176,
			"bits_per_second":	20263344.074051984,
			"sender":	true
		},
		"cpu_utilization_percent":	{
			"host_total":	0.57728500326981735,
			"host_user":	0,
			"host_system":	0.57728500326981735,
			"remote_total":	0.1983409725537808,
			"remote_user":	0.045512139846877971,
			"remote_system":	0.15279551488856688
		},
		"sender_tcp_congestion":	"cubic",
		"receiver_tcp_congestion":	"cubic"
	}
}
