{
	"start":	{
		"connected":	[{
				"socket":	5,
				"local_host":	"192.168.1.2",
				"local_port":	58702,
				"remote_host":	"192.168.8.2",
				"remote_port":	5203
			}],
		"version":	"iperf 3.19.1",
		"system_info":	"Linux h1 6.6.87.2-microsoft-standard-WSL2 #1 SMP PREEMPT_DYNAMIC Thu Jun  5 18:30:46 UTC 2025 x86_64",
		"timestamp":	{
			"time":	"Mon, 06 Apr 2026 03:13:37 UTC",
			"timesecs":	1775445217
		},
		"connecting_to":	{
			"host":	"192.168.8.2",
			"port":	5203
		},
		"cookie":	"ewrqht5vonnw7p2mpfta4lao2b4ey7jytcbr",
		"tcp_mss_default":	9448,
		"target_bitrate":	20000000,
		"fq_rate":	0,
		"sock_bufsize":	0,
		"sndbuf_actual":	16384,
		"rcvbuf_actual":	131072,
		"test_start":	{
			"protocol":	"TCP",
			"num_streams":	1,
			"blksize":	131072,
			"omit":	0,
			"duration":	3,
			"bytes":	0,
			"blocks":	0,
			"reverse":	0,
			"tos":	0,
			"target_bitrate":	20000000,
			"bidir":	0,
			"fqrate":	0,
			"interval":	1
		}
	},
	"intervals":	[{
			"streams":	[{
					"socket":	5,
					"start":	0,
					"end":	1.001077,
					"seconds":	1.0010770559310913,
					"bytes":	2621440,
					"bits_per_second":	20948956.801826417,
					"retransmits":	0,
					"snd_cwnd":	264544,
					"snd_wnd":	-1,
					"rtt":	123,
					"rttvar":	71,
					"pmtu":	9500,
					"omitted":	false,
					"sender":	true
				}],
			"sum":	{
				"start":	0,
				"end":	1.001077,
				"seconds":	1.0010770559310913,
				"bytes":	2621440,
				"bits_per_second":	20948956.801826417,
				"retransmits":	0,
				"omitted":	false,
				"sender":	true
			}
		}, {
			"streams":	[{
					"socket":	5,
					"start":	1.001077,
					"end":	2.001137,
					"seconds":	1.000059962272644,
					"bytes":	2490368,
					"bits_per_second":	19921749.446628135,
					"retransmits":	0,
					"snd_cwnd":	264544,
					"snd_wnd":	-1,
					"rtt":	201,
					"rttvar":	144,
					"pmtu":	9500,
					"omitted":	false,
					"sender":	true
				}],
			"sum":	{
				"start":	1.001077,
				"end":	2.001137,
				"seconds":	1.000059962272644,
				"bytes":	2490368,
				"bits_per_second":	19921749.446628135,
				"retransmits":	0,
				"omitted":	false,
				"sender":	true
			}
		}, {
			"streams":	[{
					"socket":	5,
					"start":	2.001137,
					"end":	3.001307,
					"seconds":	1.0001699924468994,
					"bytes":	2490368,
					"bits_per_second":	19919557.825624067,
					"retransmits":	0,
					"snd_cwnd":	264544,
					"snd_wnd":	-1,
					"rtt":	129,
					"rttvar":	72,
					"pmtu":	9500,
					"omitted":	false,
					"sender":	true
				}],
			"sum":	{
				"start":	2.001137,
				"end":	3.001307,
				"seconds":	1.0001699924468994,
				"bytes":	2490368,
				"bits_per_second":	19919557.825624067,
				"retransmits":	0,
				"omitted":	false,
				"sender":	true
			}
		}],
	"end":	{
		"streams":	[{
				"sender":	{
					"socket":	5,
					"start":	0,
					"end":	3.001307,
					"seconds":	3.001307,
					"bytes":	7602176,
					"bits_per_second":	20263641.140343189,
					"retransmits":	0,
					"max_snd_cwnd":	264544,
					"max_snd_wnd":	0,
					"max_rtt":	201,
					"min_rtt":	123,
					"mean_rtt":	151,
					"sender":	true
				},
				"receiver":	{
					"socket":	5,
					"start":	0,
					"end":	3.001642,
					"seconds":	3.001307,
					"bytes":	7602176,
					"bits_per_second":	20261379.604896255,
					"sender":	true
				}
			}],
		"sum_sent":	{
			"start":	0,
			"end":	3.001307,
			"seconds":	3.001307,
			"bytes":	7602176,
			"bits_per_second":	20263641.140343189,
			"retransmits":	0,
			"sender":	true
		},
		"sum_received":	{
			"start":	0,
			"end":	3.001642,
			"seconds":	3.001642,
			"bytes":	7602176,
			"bits_per_second":	20261379.604896255,
			"sender":	true
		},
		"cpu_utilization_percent":	{
			"host_total":	0.73916428514818255,
			"host_user":	0,
			"host_system":	0.73916428514818255,
			"remote_total":	0.22001078732479343,
			"remote_user":	0.08798432606371584,
			"remote_system":	0.131993146484075
		},
		"sender_tcp_congestion":	"cubic",
		"receiver_tcp_congestion":	"cubic"
	}
}
