{
	"start":	{
		"connected":	[{
				"socket":	5,
				"local_host":	"192.168.1.2",
				"local_port":	52958,
				"remote_host":	"192.168.8.2",
				"remote_port":	5202
			}],
		"version":	"iperf 3.19.1",
		"system_info":	"Linux h1 6.6.87.2-microsoft-standard-WSL2 #1 SMP PREEMPT_DYNAMIC Thu Jun  5 18:30:46 UTC 2025 x86_64",
		"timestamp":	{
			"time":	"Mon, 06 Apr 2026 03:17:50 UTC",
			"timesecs":	1775445470
		},
		"connecting_to":	{
			"host":	"192.168.8.2",
			"port":	5202
		},
		"cookie":	"e6qvvacux2st4gxtdftgvfkstzwtku6smuj2",
		"tcp_mss_default":	9448,
		"target_bitrate":	20000000,
		"fq_rate":	0,
		"sock_bufsize":	0,
		"sndbuf_actual":	16384,
		"rcvbuf_actual":	131072,
		"test_start":	{
			"protocol":	"TCP",
			"num_streams":	1,
			"blksize":	131072,
			"omit":	0,
			"duration":	3,
			"bytes":	0,
			"blocks":	0,
			"reverse":	0,
			"tos":	0,
			"target_bitrate":	20000000,
			"bidir":	0,
			"fqrate":	0,
			"interval":	1
		}
	},
	"intervals":	[{
			"streams":	[{
					"socket":	5,
					"start":	0,
					"end":	1.024383,
					"seconds":	1.0243829488754272,
					"bytes":	2621440,
					"bits_per_second":	20472343.885675412,
					"retransmits":	0,
					"snd_cwnd":	264544,
					"snd_wnd":	-1,
					"rtt":	348,
					"rttvar":	216,
					"pmtu":	9500,
					"omitted":	false,
					"sender":	true
				}],
			"sum":	{
				"start":	0,
				"end":	1.024383,
				"seconds":	1.0243829488754272,
				"bytes":	2621440,
				"bits_per_second":	20472343.885675412,
				"retransmits":	0,
				"omitted":	false,
				"sender":	true
			}
		}, {
			"streams":	[{
					"socket":	5,
					"start":	1.024383,
					"end":	2.001058,
					"seconds":	0.976674973964691,
					"bytes":	2490368,
					"bits_per_second":	20398745.264379278,
					"retransmits":	0,
					"snd_cwnd":	264544,
					"snd_wnd":	-1,
					"rtt":	265,
					"rttvar":	151,
					"pmtu":	9500,
					"omitted":	false,
					"sender":	true
				}],
			"sum":	{
				"start":	1.024383,
				"end":	2.001058,
				"seconds":	0.976674973964691,
				"bytes":	2490368,
				"bits_per_second":	20398745.264379278,
				"retransmits":	0,
				"omitted":	false,
				"sender":	true
			}
		}, {
			"streams":	[{
					"socket":	5,
					"start":	2.001058,
					"end":	3.001253,
					"seconds":	1.0001950263977051,
					"bytes":	2490368,
					"bits_per_second":	19919059.257627312,
					"retransmits":	0,
					"snd_cwnd":	264544,
					"snd_wnd":	-1,
					"rtt":	250,
					"rttvar":	134,
					"pmtu":	9500,
					"omitted":	false,
					"sender":	true
				}],
			"sum":	{
				"start":	2.001058,
				"end":	3.001253,
				"seconds":	1.0001950263977051,
				"bytes":	2490368,
				"bits_per_second":	19919059.257627312,
				"retransmits":	0,
				"omitted":	false,
				"sender":	true
			}
		}],
	"end":	{
		"streams":	[{
				"sender":	{
					"socket":	5,
					"start":	0,
					"end":	3.001253,
					"seconds":	3.001253,
					"bytes":	7602176,
					"bits_per_second":	20264005.733605262,
					"retransmits":	0,
					"max_snd_cwnd":	264544,
					"max_snd_wnd":	0,
					"max_rtt":	348,
					"min_rtt":	250,
					"mean_rtt":	287,
					"sender":	true
				},
				"receiver":	{
					"socket":	5,
					"start":	0,
					"end":	3.001408,
					"seconds":	3.001253,
					"bytes":	7602176,
					"bits_per_second":	20262959.251124807,
					"sender":	true
				}
			}],
		"sum_sent":	{
			"start":	0,
			"end":	3.001253,
			"seconds":	3.001253,
			"bytes":	7602176,
			"bits_per_second":	20264005.733605262,
			"retransmits":	0,
			"sender":	true
		},
		"sum_received":	{
			"start":	0,
			"end":	3.001408,
			"seconds":	3.001408,
			"bytes":	7602176,
			"bits_per_second":	20262959.251124807,
			"sender":	true
		},
		"cpu_utilization_percent":	{
			"host_total":	1.1910731612135887,
			"host_user":	0,
			"host_system":	1.1911730527314004,
			"remote_total":	0.47630407230652982,
			"remote_user":	0,
			"remote_system":	0.47633738960313771
		},
		"sender_tcp_congestion":	"cubic",
		"receiver_tcp_congestion":	"cubic"
	}
}
