{
	"start":	{
		"connected":	[{
				"socket":	5,
				"local_host":	"192.168.1.2",
				"local_port":	51952,
				"remote_host":	"192.168.8.2",
				"remote_port":	5202
			}],
		"version":	"iperf 3.19.1",
		"system_info":	"Linux h1 6.6.87.2-microsoft-standard-WSL2 #1 SMP PREEMPT_DYNAMIC Thu Jun  5 18:30:46 UTC 2025 x86_64",
		"timestamp":	{
			"time":	"Mon, 06 Apr 2026 03:33:04 UTC",
			"timesecs":	1775446384
		},
		"connecting_to":	{
			"host":	"192.168.8.2",
			"port":	5202
		},
		"cookie":	"bm5d7drlz7g3k6hkqin5d45wx3izcek4ftjs",
		"tcp_mss_default":	9448,
		"target_bitrate":	20000000,
		"fq_rate":	0,
		"sock_bufsize":	0,
		"sndbuf_actual":	16384,
		"rcvbuf_actual":	131072,
		"test_start":	{
			"protocol":	"TCP",
			"num_streams":	1,
			"blksize":	131072,
			"omit":	0,
			"duration":	3,
			"bytes":	0,
			"blocks":	0,
			"reverse":	0,
			"tos":	0,
			"target_bitrate":	20000000,
			"bidir":	0,
			"fqrate":	0,
			"interval":	1
		}
	},
	"intervals":	[{
			"streams":	[{
					"socket":	5,
					"start":	0,
					"end":	1.001111,
					"seconds":	1.0011110305786133,
					"bytes":	2621440,
					"bits_per_second":	20948245.85828314,
					"retransmits":	0,
					"snd_cwnd":	198408,
					"snd_wnd":	-1,
					"rtt":	144,
					"rttvar":	55,
					"pmtu":	9500,
					"omitted":	false,
					"sender":	true
				}],
			"sum":	{
				"start":	0,
				"end":	1.001111,
				"seconds":	1.0011110305786133,
				"bytes":	2621440,
				"bits_per_second":	20948245.85828314,
				"retransmits":	0,
				"omitted":	false,
				"sender":	true
			}
		}, {
			"streams":	[{
					"socket":	5,
					"start":	1.001111,
					"end":	2.001056,
					"seconds":	0.99994498491287231,
					"bytes":	2490368,
					"bits_per_second":	19924040.122803293,
					"retransmits":	0,
					"snd_cwnd":	198408,
					"snd_wnd":	-1,
					"rtt":	156,
					"rttvar":	59,
					"pmtu":	9500,
					"omitted":	false,
					"sender":	true
				}],
			"sum":	{
				"start":	1.001111,
				"end":	2.001056,
				"seconds":	0.99994498491287231,
				"bytes":	2490368,
				"bits_per_second":	19924040.122803293,
				"retransmits":	0,
				"omitted":	false,
				"sender":	true
			}
		}, {
			"streams":	[{
					"socket":	5,
					"start":	2.001056,
					"end":	3.001153,
					"seconds":	1.0000970363616943,
					"bytes":	2490368,
					"bits_per_second":	19921010.937577344,
					"retransmits":	0,
					"snd_cwnd":	198408,
					"snd_wnd":	-1,
					"rtt":	131,
					"rttvar":	59,
					"pmtu":	9500,
					"omitted":	false,
					"sender":	true
				}],
			"sum":	{
				"start":	2.001056,
				"end":	3.001153,
				"seconds":	1.0000970363616943,
				"bytes":	2490368,
				"bits_per_second":	19921010.937577344,
				"retransmits":	0,
				"omitted":	false,
				"sender":	true
			}
		}],
	"end":	{
		"streams":	[{
				"sender":	{
					"socket":	5,
					"start":	0,
					"end":	3.001153,
					"seconds":	3.001153,
					"bytes":	7602176,
					"bits_per_second":	20264680.940958358,
					"retransmits":	0,
					"max_snd_cwnd":	198408,
					"max_snd_wnd":	0,
					"max_rtt":	156,
					"min_rtt":	131,
					"mean_rtt":	143,
					"sender":	true
				},
				"receiver":	{
					"socket":	5,
					"start":	0,
					"end":	3.001345,
					"seconds":	3.001153,
					"bytes":	7602176,
					"bits_per_second":	20263384.582578808,
					"sender":	true
				}
			}],
		"sum_sent":	{
			"start":	0,
			"end":	3.001153,
			"seconds":	3.001153,
			"bytes":	7602176,
			"bits_per_second":	20264680.940958358,
			"retransmits":	0,
			"sender":	true
		},
		"sum_received":	{
			"start":	0,
			"end":	3.001345,
			"seconds":	3.001345,
			"bytes":	7602176,
			"bits_per_second":	20263384.582578808,
			"sender":	true
		},
		"cpu_utilization_percent":	{
			"host_total":	0.59833332611714152,
			"host_user":	0,
			"host_system":	0.59833332611714152,
			"remote_total":	0.19117802378963619,
			"remote_user":	0,
			"remote_system":	0.1912113416745769
		},
		"sender_tcp_congestion":	"cubic",
		"receiver_tcp_congestion":	"cubic"
	}
}
