{
	"start":	{
		"connected":	[{
				"socket":	5,
				"local_host":	"192.168.1.2",
				"local_port":	55210,
				"remote_host":	"192.168.8.2",
				"remote_port":	5202
			}],
		"version":	"iperf 3.19.1",
		"system_info":	"Linux h1 6.6.87.2-microsoft-standard-WSL2 #1 SMP PREEMPT_DYNAMIC Thu Jun  5 18:30:46 UTC 2025 x86_64",
		"timestamp":	{
			"time":	"Mon, 06 Apr 2026 03:34:42 UTC",
			"timesecs":	1775446482
		},
		"connecting_to":	{
			"host":	"192.168.8.2",
			"port":	5202
		},
		"cookie":	"74772xapa4w6tmye6w7dklqt3o3q65o7wxmy",
		"tcp_mss_default":	9448,
		"target_bitrate":	20000000,
		"fq_rate":	0,
		"sock_bufsize":	0,
		"sndbuf_actual":	16384,
		"rcvbuf_actual":	131072,
		"test_start":	{
			"protocol":	"TCP",
			"num_streams":	1,
			"blksize":	131072,
			"omit":	0,
			"duration":	3,
			"bytes":	0,
			"blocks":	0,
			"reverse":	0,
			"tos":	0,
			"target_bitrate":	20000000,
			"bidir":	0,
			"fqrate":	0,
			"interval":	1
		}
	},
	"intervals":	[{
			"streams":	[{
					"socket":	5,
					"start":	0,
					"end":	1.001079,
					"seconds":	1.0010789632797241,
					"bytes":	2621440,
					"bits_per_second":	20948916.887927935,
					"retransmits":	0,
					"snd_cwnd":	340128,
					"snd_wnd":	-1,
					"rtt":	175,
					"rttvar":	115,
					"pmtu":	9500,
					"omitted":	false,
					"sender":	true
				}],
			"sum":	{
				"start":	0,
				"end":	1.001079,
				"seconds":	1.0010789632797241,
				"bytes":	2621440,
				"bits_per_second":	20948916.887927935,
				"retransmits":	0,
				"omitted":	false,
				"sender":	true
			}
		}, {
			"streams":	[{
					"socket":	5,
					"start":	1.001079,
					"end":	2.001054,
					"seconds":	0.999975025653839,
					"bytes":	2490368,
					"bits_per_second":	19923441.574926607,
					"retransmits":	0,
					"snd_cwnd":	340128,
					"snd_wnd":	-1,
					"rtt":	133,
					"rttvar":	85,
					"pmtu":	9500,
					"omitted":	false,
					"sender":	true
				}],
			"sum":	{
				"start":	1.001079,
				"end":	2.001054,
				"seconds":	0.999975025653839,
				"bytes":	2490368,
				"bits_per_second":	19923441.574926607,
				"retransmits":	0,
				"omitted":	false,
				"sender":	true
			}
		}, {
			"streams":	[{
					"socket":	5,
					"start":	2.001054,
					"end":	3.001212,
					"seconds":	1.0001579523086548,
					"bytes":	2490368,
					"bits_per_second":	19919797.621977672,
					"retransmits":	0,
					"snd_cwnd":	340128,
					"snd_wnd":	-1,
					"rtt":	158,
					"rttvar":	71,
					"pmtu":	9500,
					"omitted":	false,
					"sender":	true
				}],
			"sum":	{
				"start":	2.001054,
				"end":	3.001212,
				"seconds":	1.0001579523086548,
				"bytes":	2490368,
				"bits_per_second":	19919797.621977672,
				"retransmits":	0,
				"omitted":	false,
				"sender":	true
			}
		}],
	"end":	{
		"streams":	[{
				"sender":	{
					"socket":	5,
					"start":	0,
					"end":	3.001212,
					"seconds":	3.001212,
					"bytes":	7602176,
					"bits_per_second":	20264282.563177809,
					"retransmits":	0,
					"max_snd_cwnd":	340128,
					"max_snd_wnd":	0,
					"max_rtt":	175,
					"min_rtt":	133,
					"mean_rtt":	155,
					"sender":	true
				},
				"receiver":	{
					"socket":	5,
					"start":	0,
					"end":	3.001399,
					"seconds":	3.001212,
					"bytes":	7602176,
					"bits_per_second":	20263020.011667892,
					"sender":	true
				}
			}],
		"sum_sent":	{
			"start":	0,
			"end":	3.001212,
			"seconds":	3.001212,
			"bytes":	7602176,
			"bits_per_second":	20264282.563177809,
			"retransmits":	0,
			"sender":	true
		},
		"sum_received":	{
			"start":	0,
			"end":	3.001399,
			"seconds":	3.001399,
			"bytes":	7602176,
			"bits_per_second":	20263020.011667892,
			"sender":	true
		},
		"cpu_utilization_percent":	{
			"host_total":	0.62524227097317342,
			"host_user":	0.040561655714797612,
			"host_system":	0.584747218962341,
			"remote_total":	0.20803313070870866,
			"remote_user":	0,
			"remote_system":	0.20803313070870866
		},
		"sender_tcp_congestion":	"cubic",
		"receiver_tcp_congestion":	"cubic"
	}
}
