{
	"start":	{
		"connected":	[{
				"socket":	5,
				"local_host":	"192.168.1.2",
				"local_port":	59602,
				"remote_host":	"192.168.8.2",
				"remote_port":	5204
			}],
		"version":	"iperf 3.19.1",
		"system_info":	"Linux h1 6.6.87.2-microsoft-standard-WSL2 #1 SMP PREEMPT_DYNAMIC Thu Jun  5 18:30:46 UTC 2025 x86_64",
		"timestamp":	{
			"time":	"Mon, 06 Apr 2026 03:09:17 UTC",
			"timesecs":	1775444957
		},
		"connecting_to":	{
			"host":	"192.168.8.2",
			"port":	5204
		},
		"cookie":	"cddl4dqf3yghac6clz2nppkhemerbgjy2liv",
		"tcp_mss_default":	9448,
		"target_bitrate":	20000000,
		"fq_rate":	0,
		"sock_bufsize":	0,
		"sndbuf_actual":	16384,
		"rcvbuf_actual":	131072,
		"test_start":	{
			"protocol":	"TCP",
			"num_streams":	1,
			"blksize":	131072,
			"omit":	0,
			"duration":	3,
			"bytes":	0,
			"blocks":	0,
			"reverse":	0,
			"tos":	0,
			"target_bitrate":	20000000,
			"bidir":	0,
			"fqrate":	0,
			"interval":	1
		}
	},
	"intervals":	[{
			"streams":	[{
					"socket":	5,
					"start":	0,
					"end":	1.001092,
					"seconds":	1.0010919570922852,
					"bytes":	2621440,
					"bits_per_second":	20948644.978541918,
					"retransmits":	0,
					"snd_cwnd":	264544,
					"snd_wnd":	-1,
					"rtt":	163,
					"rttvar":	90,
					"pmtu":	9500,
					"omitted":	false,
					"sender":	true
				}],
			"sum":	{
				"start":	0,
				"end":	1.001092,
				"seconds":	1.0010919570922852,
				"bytes":	2621440,
				"bits_per_second":	20948644.978541918,
				"retransmits":	0,
				"omitted":	false,
				"sender":	true
			}
		}, {
			"streams":	[{
					"socket":	5,
					"start":	1.001092,
					"end":	2.00075,
					"seconds":	0.99965798854827881,
					"bytes":	2490368,
					"bits_per_second":	19929760.206220586,
					"retransmits":	0,
					"snd_cwnd":	264544,
					"snd_wnd":	-1,
					"rtt":	176,
					"rttvar":	137,
					"pmtu":	9500,
					"omitted":	false,
					"sender":	true
				}],
			"sum":	{
				"start":	1.001092,
				"end":	2.00075,
				"seconds":	0.99965798854827881,
				"bytes":	2490368,
				"bits_per_second":	19929760.206220586,
				"retransmits":	0,
				"omitted":	false,
				"sender":	true
			}
		}, {
			"streams":	[{
					"socket":	5,
					"start":	2.00075,
					"end":	3.001231,
					"seconds":	1.0004810094833374,
					"bytes":	2490368,
					"bits_per_second":	19913365.482357822,
					"retransmits":	0,
					"snd_cwnd":	264544,
					"snd_wnd":	-1,
					"rtt":	161,
					"rttvar":	78,
					"pmtu":	9500,
					"omitted":	false,
					"sender":	true
				}],
			"sum":	{
				"start":	2.00075,
				"end":	3.001231,
				"seconds":	1.0004810094833374,
				"bytes":	2490368,
				"bits_per_second":	19913365.482357822,
				"retransmits":	0,
				"omitted":	false,
				"sender":	true
			}
		}],
	"end":	{
		"streams":	[{
				"sender":	{
					"socket":	5,
					"start":	0,
					"end":	3.001231,
					"seconds":	3.001231,
					"bytes":	7602176,
					"bits_per_second":	20264154.275362343,
					"retransmits":	0,
					"max_snd_cwnd":	264544,
					"max_snd_wnd":	0,
					"max_rtt":	176,
					"min_rtt":	161,
					"mean_rtt":	166,
					"sender":	true
				},
				"receiver":	{
					"socket":	5,
					"start":	0,
					"end":	3.001352,
					"seconds":	3.001231,
					"bytes":	7602176,
					"bits_per_second":	20263337.3226466,
					"sender":	true
				}
			}],
		"sum_sent":	{
			"start":	0,
			"end":	3.001231,
			"seconds":	3.001231,
			"bytes":	7602176,
			"bits_per_second":	20264154.275362343,
			"retransmits":	0,
			"sender":	true
		},
		"sum_received":	{
			"start":	0,
			"end":	3.001352,
			"seconds":	3.001352,
			"bytes":	7602176,
			"bits_per_second":	20263337.3226466,
			"sender":	true
		},
		"cpu_utilization_percent":	{
			"host_total":	0.74328494110304444,
			"host_user":	0.00016652140449481236,
			"host_system":	0.74311841969854964,
			"remote_total":	0.238155289376335,
			"remote_user":	0.011894437368124174,
			"remote_system":	0.2262275342564794
		},
		"sender_tcp_congestion":	"cubic",
		"receiver_tcp_congestion":	"cubic"
	}
}
