{
	"start":	{
		"connected":	[{
				"socket":	5,
				"local_host":	"192.168.1.2",
				"local_port":	38656,
				"remote_host":	"192.168.8.2",
				"remote_port":	5203
			}],
		"version":	"iperf 3.19.1",
		"system_info":	"Linux h1 6.6.87.2-microsoft-standard-WSL2 #1 SMP PREEMPT_DYNAMIC Thu Jun  5 18:30:46 UTC 2025 x86_64",
		"timestamp":	{
			"time":	"Mon, 06 Apr 2026 03:21:13 UTC",
			"timesecs":	1775445673
		},
		"connecting_to":	{
			"host":	"192.168.8.2",
			"port":	5203
		},
		"cookie":	"f2yv3xmc4i4bzlk4fw2gr6raklfgbfkzf3f4",
		"tcp_mss_default":	9448,
		"target_bitrate":	20000000,
		"fq_rate":	0,
		"sock_bufsize":	0,
		"sndbuf_actual":	16384,
		"rcvbuf_actual":	131072,
		"test_start":	{
			"protocol":	"TCP",
			"num_streams":	1,
			"blksize":	131072,
			"omit":	0,
			"duration":	3,
			"bytes":	0,
			"blocks":	0,
			"reverse":	0,
			"tos":	0,
			"target_bitrate":	20000000,
			"bidir":	0,
			"fqrate":	0,
			"interval":	1
		}
	},
	"intervals":	[{
			"streams":	[{
					"socket":	5,
					"start":	0,
					"end":	1.001298,
					"seconds":	1.0012979507446289,
					"bytes":	2621440,
					"bits_per_second":	20944335.284421828,
					"retransmits":	0,
					"snd_cwnd":	264544,
					"snd_wnd":	-1,
					"rtt":	133,
					"rttvar":	69,
					"pmtu":	9500,
					"omitted":	false,
					"sender":	true
				}],
			"sum":	{
				"start":	0,
				"end":	1.001298,
				"seconds":	1.0012979507446289,
				"bytes":	2621440,
				"bits_per_second":	20944335.284421828,
				"retransmits":	0,
				"omitted":	false,
				"sender":	true
			}
		}, {
			"streams":	[{
					"socket":	5,
					"start":	1.001298,
					"end":	2.000836,
					"seconds":	0.999538004398346,
					"bytes":	2490368,
					"bits_per_second":	19932152.566817366,
					"retransmits":	0,
					"snd_cwnd":	264544,
					"snd_wnd":	-1,
					"rtt":	142,
					"rttvar":	72,
					"pmtu":	9500,
					"omitted":	false,
					"sender":	true
				}],
			"sum":	{
				"start":	1.001298,
				"end":	2.000836,
				"seconds":	0.999538004398346,
				"bytes":	2490368,
				"bits_per_second":	19932152.566817366,
				"retransmits":	0,
				"omitted":	false,
				"sender":	true
			}
		}, {
			"streams":	[{
					"socket":	5,
					"start":	2.000836,
					"end":	3.001481,
					"seconds":	1.0006450414657593,
					"bytes":	2490368,
					"bits_per_second":	19910101.159164876,
					"retransmits":	0,
					"snd_cwnd":	264544,
					"snd_wnd":	-1,
					"rtt":	143,
					"rttvar":	71,
					"pmtu":	9500,
					"omitted":	false,
					"sender":	true
				}],
			"sum":	{
				"start":	2.000836,
				"end":	3.001481,
				"seconds":	1.0006450414657593,
				"bytes":	2490368,
				"bits_per_second":	19910101.159164876,
				"retransmits":	0,
				"omitted":	false,
				"sender":	true
			}
		}],
	"end":	{
		"streams":	[{
				"sender":	{
					"socket":	5,
					"start":	0,
					"end":	3.001481,
					"seconds":	3.001481,
					"bytes":	7602176,
					"bits_per_second":	20262466.429072846,
					"retransmits":	0,
					"max_snd_cwnd":	264544,
					"max_snd_wnd":	0,
					"max_rtt":	143,
					"min_rtt":	133,
					"mean_rtt":	139,
					"sender":	true
				},
				"receiver":	{
					"socket":	5,
					"start":	0,
					"end":	3.001666,
					"seconds":	3.001481,
					"bytes":	7602176,
					"bits_per_second":	20261217.603824008,
					"sender":	true
				}
			}],
		"sum_sent":	{
			"start":	0,
			"end":	3.001481,
			"seconds":	3.001481,
			"bytes":	7602176,
			"bits_per_second":	20262466.429072846,
			"retransmits":	0,
			"sender":	true
		},
		"sum_received":	{
			"start":	0,
			"end":	3.001666,
			"seconds":	3.001666,
			"bytes":	7602176,
			"bits_per_second":	20261217.603824008,
			"sender":	true
		},
		"cpu_utilization_percent":	{
			"host_total":	0.70207876190098761,
			"host_user":	0,
			"host_system":	0.70204545961648424,
			"remote_total":	0.22190492435044251,
			"remote_user":	0,
			"remote_system":	0.2218716102948427
		},
		"sender_tcp_congestion":	"cubic",
		"receiver_tcp_congestion":	"cubic"
	}
}
