{
	"start":	{
		"connected":	[{
				"socket":	5,
				"local_host":	"192.168.1.2",
				"local_port":	53928,
				"remote_host":	"192.168.8.2",
				"remote_port":	5202
			}],
		"version":	"iperf 3.19.1",
		"system_info":	"Linux h1 6.6.87.2-microsoft-standard-WSL2 #1 SMP PREEMPT_DYNAMIC Thu Jun  5 18:30:46 UTC 2025 x86_64",
		"timestamp":	{
			"time":	"Mon, 06 Apr 2026 03:27:11 UTC",
			"timesecs":	1775446031
		},
		"connecting_to":	{
			"host":	"192.168.8.2",
			"port":	5202
		},
		"cookie":	"fexqv2bmcwcgfgcdb6ju7bjedkqk3lwjo42t",
		"tcp_mss_default":	9448,
		"target_bitrate":	20000000,
		"fq_rate":	0,
		"sock_bufsize":	0,
		"sndbuf_actual":	16384,
		"rcvbuf_actual":	131072,
		"test_start":	{
			"protocol":	"TCP",
			"num_streams":	1,
			"blksize":	131072,
			"omit":	0,
			"duration":	3,
			"bytes":	0,
			"blocks":	0,
			"reverse":	0,
			"tos":	0,
			"target_bitrate":	20000000,
			"bidir":	0,
			"fqrate":	0,
			"interval":	1
		}
	},
	"intervals":	[{
			"streams":	[{
					"socket":	5,
					"start":	0,
					"end":	1.001095,
					"seconds":	1.0010950565338135,
					"bytes":	2621440,
					"bits_per_second":	20948580.120464969,
					"retransmits":	0,
					"snd_cwnd":	160616,
					"snd_wnd":	-1,
					"rtt":	178,
					"rttvar":	87,
					"pmtu":	9500,
					"omitted":	false,
					"sender":	true
				}],
			"sum":	{
				"start":	0,
				"end":	1.001095,
				"seconds":	1.0010950565338135,
				"bytes":	2621440,
				"bits_per_second":	20948580.120464969,
				"retransmits":	0,
				"omitted":	false,
				"sender":	true
			}
		}, {
			"streams":	[{
					"socket":	5,
					"start":	1.001095,
					"end":	2.001136,
					"seconds":	1.0000410079956055,
					"bytes":	2490368,
					"bits_per_second":	19922127.033502158,
					"retransmits":	0,
					"snd_cwnd":	160616,
					"snd_wnd":	-1,
					"rtt":	146,
					"rttvar":	41,
					"pmtu":	9500,
					"omitted":	false,
					"sender":	true
				}],
			"sum":	{
				"start":	1.001095,
				"end":	2.001136,
				"seconds":	1.0000410079956055,
				"bytes":	2490368,
				"bits_per_second":	19922127.033502158,
				"retransmits":	0,
				"omitted":	false,
				"sender":	true
			}
		}, {
			"streams":	[{
					"socket":	5,
					"start":	2.001136,
					"end":	3.001336,
					"seconds":	1.0002000331878662,
					"bytes":	2490368,
					"bits_per_second":	19918959.547022831,
					"retransmits":	0,
					"snd_cwnd":	160616,
					"snd_wnd":	-1,
					"rtt":	160,
					"rttvar":	55,
					"pmtu":	9500,
					"omitted":	false,
					"sender":	true
				}],
			"sum":	{
				"start":	2.001136,
				"end":	3.001336,
				"seconds":	1.0002000331878662,
				"bytes":	2490368,
				"bits_per_second":	19918959.547022831,
				"retransmits":	0,
				"omitted":	false,
				"sender":	true
			}
		}],
	"end":	{
		"streams":	[{
				"sender":	{
					"socket":	5,
					"start":	0,
					"end":	3.001336,
					"seconds":	3.001336,
					"bytes":	7602176,
					"bits_per_second":	20263445.34567273,
					"retransmits":	0,
					"max_snd_cwnd":	160616,
					"max_snd_wnd":	0,
					"max_rtt":	178,
					"min_rtt":	146,
					"mean_rtt":	161,
					"sender":	true
				},
				"receiver":	{
					"socket":	5,
					"start":	0,
					"end":	3.001507,
					"seconds":	3.001336,
					"bytes":	7602176,
					"bits_per_second":	20262290.909199946,
					"sender":	true
				}
			}],
		"sum_sent":	{
			"start":	0,
			"end":	3.001336,
			"seconds":	3.001336,
			"bytes":	7602176,
			"bits_per_second":	20263445.34567273,
			"retransmits":	0,
			"sender":	true
		},
		"sum_received":	{
			"start":	0,
			"end":	3.001507,
			"seconds":	3.001507,
			"bytes":	7602176,
			"bits_per_second":	20262290.909199946,
			"sender":	true
		},
		"cpu_utilization_percent":	{
			"host_total":	0.62773261195319863,
			"host_user":	0,
			"host_system":	0.62776591871883536,
			"remote_total":	0.25600132198496311,
			"remote_user":	0.00056637460616142273,
			"remote_system":	0.25543494737880168
		},
		"sender_tcp_congestion":	"cubic",
		"receiver_tcp_congestion":	"cubic"
	}
}
