{
	"start":	{
		"connected":	[{
				"socket":	5,
				"local_host":	"192.168.1.2",
				"local_port":	60928,
				"remote_host":	"192.168.8.2",
				"remote_port":	5203
			}],
		"version":	"iperf 3.19.1",
		"system_info":	"Linux h1 6.6.87.2-microsoft-standard-WSL2 #1 SMP PREEMPT_DYNAMIC Thu Jun  5 18:30:46 UTC 2025 x86_64",
		"timestamp":	{
			"time":	"Mon, 06 Apr 2026 03:27:19 UTC",
			"timesecs":	1775446039
		},
		"connecting_to":	{
			"host":	"192.168.8.2",
			"port":	5203
		},
		"cookie":	"bsjcz2g5exxbgs3ifskofg53jzllzdyxpwwr",
		"tcp_mss_default":	9448,
		"target_bitrate":	20000000,
		"fq_rate":	0,
		"sock_bufsize":	0,
		"sndbuf_actual":	16384,
		"rcvbuf_actual":	131072,
		"test_start":	{
			"protocol":	"TCP",
			"num_streams":	1,
			"blksize":	131072,
			"omit":	0,
			"duration":	3,
			"bytes":	0,
			"blocks":	0,
			"reverse":	0,
			"tos":	0,
			"target_bitrate":	20000000,
			"bidir":	0,
			"fqrate":	0,
			"interval":	1
		}
	},
	"intervals":	[{
			"streams":	[{
					"socket":	5,
					"start":	0,
					"end":	1.001258,
					"seconds":	1.0012580156326294,
					"bytes":	2621440,
					"bits_per_second":	20945170.647896856,
					"retransmits":	0,
					"snd_cwnd":	264544,
					"snd_wnd":	-1,
					"rtt":	135,
					"rttvar":	67,
					"pmtu":	9500,
					"omitted":	false,
					"sender":	true
				}],
			"sum":	{
				"start":	0,
				"end":	1.001258,
				"seconds":	1.0012580156326294,
				"bytes":	2621440,
				"bits_per_second":	20945170.647896856,
				"retransmits":	0,
				"omitted":	false,
				"sender":	true
			}
		}, {
			"streams":	[{
					"socket":	5,
					"start":	1.001258,
					"end":	2.001101,
					"seconds":	0.99984300136566162,
					"bytes":	2490368,
					"bits_per_second":	19926072.366149213,
					"retransmits":	0,
					"snd_cwnd":	264544,
					"snd_wnd":	-1,
					"rtt":	118,
					"rttvar":	58,
					"pmtu":	9500,
					"omitted":	false,
					"sender":	true
				}],
			"sum":	{
				"start":	1.001258,
				"end":	2.001101,
				"seconds":	0.99984300136566162,
				"bytes":	2490368,
				"bits_per_second":	19926072.366149213,
				"retransmits":	0,
				"omitted":	false,
				"sender":	true
			}
		}, {
			"streams":	[{
					"socket":	5,
					"start":	2.001101,
					"end":	3.001205,
					"seconds":	1.0001039505004883,
					"bytes":	2490368,
					"bits_per_second":	19920873.215259109,
					"retransmits":	0,
					"snd_cwnd":	264544,
					"snd_wnd":	-1,
					"rtt":	121,
					"rttvar":	85,
					"pmtu":	9500,
					"omitted":	false,
					"sender":	true
				}],
			"sum":	{
				"start":	2.001101,
				"end":	3.001205,
				"seconds":	1.0001039505004883,
				"bytes":	2490368,
				"bits_per_second":	19920873.215259109,
				"retransmits":	0,
				"omitted":	false,
				"sender":	true
			}
		}],
	"end":	{
		"streams":	[{
				"sender":	{
					"socket":	5,
					"start":	0,
					"end":	3.001205,
					"seconds":	3.001205,
					"bytes":	7602176,
					"bits_per_second":	20264329.827519279,
					"retransmits":	0,
					"max_snd_cwnd":	264544,
					"max_snd_wnd":	0,
					"max_rtt":	135,
					"min_rtt":	118,
					"mean_rtt":	124,
					"sender":	true
				},
				"receiver":	{
					"socket":	5,
					"start":	0,
					"end":	3.001381,
					"seconds":	3.001205,
					"bytes":	7602176,
					"bits_per_second":	20263141.533847254,
					"sender":	true
				}
			}],
		"sum_sent":	{
			"start":	0,
			"end":	3.001205,
			"seconds":	3.001205,
			"bytes":	7602176,
			"bits_per_second":	20264329.827519279,
			"retransmits":	0,
			"sender":	true
		},
		"sum_received":	{
			"start":	0,
			"end":	3.001381,
			"seconds":	3.001381,
			"bytes":	7602176,
			"bits_per_second":	20263141.533847254,
			"sender":	true
		},
		"cpu_utilization_percent":	{
			"host_total":	0.618166205737198,
			"host_user":	0.142592247791419,
			"host_system":	0.475640574272708,
			"remote_total":	0.18801088284153311,
			"remote_user":	0,
			"remote_system":	0.18804420038235209
		},
		"sender_tcp_congestion":	"cubic",
		"receiver_tcp_congestion":	"cubic"
	}
}
