{
	"start":	{
		"connected":	[{
				"socket":	5,
				"local_host":	"192.168.1.2",
				"local_port":	36110,
				"remote_host":	"192.168.8.2",
				"remote_port":	5202
			}],
		"version":	"iperf 3.19.1",
		"system_info":	"Linux h1 6.6.87.2-microsoft-standard-WSL2 #1 SMP PREEMPT_DYNAMIC Thu Jun  5 18:30:46 UTC 2025 x86_64",
		"timestamp":	{
			"time":	"Mon, 06 Apr 2026 03:11:21 UTC",
			"timesecs":	1775445081
		},
		"connecting_to":	{
			"host":	"192.168.8.2",
			"port":	5202
		},
		"cookie":	"znil5qjdbid4y56erhq7teyepcarmpattspz",
		"tcp_mss_default":	9448,
		"target_bitrate":	20000000,
		"fq_rate":	0,
		"sock_bufsize":	0,
		"sndbuf_actual":	16384,
		"rcvbuf_actual":	131072,
		"test_start":	{
			"protocol":	"TCP",
			"num_streams":	1,
			"blksize":	131072,
			"omit":	0,
			"duration":	3,
			"bytes":	0,
			"blocks":	0,
			"reverse":	0,
			"tos":	0,
			"target_bitrate":	20000000,
			"bidir":	0,
			"fqrate":	0,
			"interval":	1
		}
	},
	"intervals":	[{
			"streams":	[{
					"socket":	5,
					"start":	0,
					"end":	1.001118,
					"seconds":	1.0011179447174072,
					"bytes":	2621440,
					"bits_per_second":	20948101.18094505,
					"retransmits":	0,
					"snd_cwnd":	283440,
					"snd_wnd":	-1,
					"rtt":	138,
					"rttvar":	58,
					"pmtu":	9500,
					"omitted":	false,
					"sender":	true
				}],
			"sum":	{
				"start":	0,
				"end":	1.001118,
				"seconds":	1.0011179447174072,
				"bytes":	2621440,
				"bits_per_second":	20948101.18094505,
				"retransmits":	0,
				"omitted":	false,
				"sender":	true
			}
		}, {
			"streams":	[{
					"socket":	5,
					"start":	1.001118,
					"end":	2.000621,
					"seconds":	0.99950301647186279,
					"bytes":	2490368,
					"bits_per_second":	19932850.298267063,
					"retransmits":	0,
					"snd_cwnd":	283440,
					"snd_wnd":	-1,
					"rtt":	119,
					"rttvar":	81,
					"pmtu":	9500,
					"omitted":	false,
					"sender":	true
				}],
			"sum":	{
				"start":	1.001118,
				"end":	2.000621,
				"seconds":	0.99950301647186279,
				"bytes":	2490368,
				"bits_per_second":	19932850.298267063,
				"retransmits":	0,
				"omitted":	false,
				"sender":	true
			}
		}, {
			"streams":	[{
					"socket":	5,
					"start":	2.000621,
					"end":	3.00062,
					"seconds":	0.99999898672103882,
					"bytes":	2490368,
					"bits_per_second":	19922964.187520456,
					"retransmits":	0,
					"snd_cwnd":	283440,
					"snd_wnd":	-1,
					"rtt":	126,
					"rttvar":	55,
					"pmtu":	9500,
					"omitted":	false,
					"sender":	true
				}],
			"sum":	{
				"start":	2.000621,
				"end":	3.00062,
				"seconds":	0.99999898672103882,
				"bytes":	2490368,
				"bits_per_second":	19922964.187520456,
				"retransmits":	0,
				"omitted":	false,
				"sender":	true
			}
		}],
	"end":	{
		"streams":	[{
				"sender":	{
					"socket":	5,
					"start":	0,
					"end":	3.00062,
					"seconds":	3.00062,
					"bytes":	7602176,
					"bits_per_second":	20268280.555351894,
					"retransmits":	0,
					"max_snd_cwnd":	283440,
					"max_snd_wnd":	0,
					"max_rtt":	138,
					"min_rtt":	119,
					"mean_rtt":	127,
					"sender":	true
				},
				"receiver":	{
					"socket":	5,
					"start":	0,
					"end":	3.000747,
					"seconds":	3.00062,
					"bytes":	7602176,
					"bits_per_second":	20267422.745069809,
					"sender":	true
				}
			}],
		"sum_sent":	{
			"start":	0,
			"end":	3.00062,
			"seconds":	3.00062,
			"bytes":	7602176,
			"bits_per_second":	20268280.555351894,
			"retransmits":	0,
			"sender":	true
		},
		"sum_received":	{
			"start":	0,
			"end":	3.000747,
			"seconds":	3.000747,
			"bytes":	7602176,
			"bits_per_second":	20267422.745069809,
			"sender":	true
		},
		"cpu_utilization_percent":	{
			"host_total":	0.5975990762500174,
			"host_user":	0,
			"host_system":	0.597699020347952,
			"remote_total":	0.19238273667358818,
			"remote_user":	0.1093045862271556,
			"remote_system":	0.0830448258774609
		},
		"sender_tcp_congestion":	"cubic",
		"receiver_tcp_congestion":	"cubic"
	}
}
