{
	"start":	{
		"connected":	[{
				"socket":	5,
				"local_host":	"192.168.1.2",
				"local_port":	38018,
				"remote_host":	"192.168.8.2",
				"remote_port":	5202
			}],
		"version":	"iperf 3.19.1",
		"system_info":	"Linux h1 6.6.87.2-microsoft-standard-WSL2 #1 SMP PREEMPT_DYNAMIC Thu Jun  5 18:30:46 UTC 2025 x86_64",
		"timestamp":	{
			"time":	"Mon, 06 Apr 2026 03:29:55 UTC",
			"timesecs":	1775446195
		},
		"connecting_to":	{
			"host":	"192.168.8.2",
			"port":	5202
		},
		"cookie":	"peuo54hacbfl3b626cnxupsbi6biiuuouujq",
		"tcp_mss_default":	9448,
		"target_bitrate":	20000000,
		"fq_rate":	0,
		"sock_bufsize":	0,
		"sndbuf_actual":	16384,
		"rcvbuf_actual":	131072,
		"test_start":	{
			"protocol":	"TCP",
			"num_streams":	1,
			"blksize":	131072,
			"omit":	0,
			"duration":	3,
			"bytes":	0,
			"blocks":	0,
			"reverse":	0,
			"tos":	0,
			"target_bitrate":	20000000,
			"bidir":	0,
			"fqrate":	0,
			"interval":	1
		}
	},
	"intervals":	[{
			"streams":	[{
					"socket":	5,
					"start":	0,
					"end":	1.001401,
					"seconds":	1.0014009475708008,
					"bytes":	2621440,
					"bits_per_second":	20942181.102257524,
					"retransmits":	0,
					"snd_cwnd":	264544,
					"snd_wnd":	-1,
					"rtt":	132,
					"rttvar":	58,
					"pmtu":	9500,
					"omitted":	false,
					"sender":	true
				}],
			"sum":	{
				"start":	0,
				"end":	1.001401,
				"seconds":	1.0014009475708008,
				"bytes":	2621440,
				"bits_per_second":	20942181.102257524,
				"retransmits":	0,
				"omitted":	false,
				"sender":	true
			}
		}, {
			"streams":	[{
					"socket":	5,
					"start":	1.001401,
					"end":	2.001092,
					"seconds":	0.99969100952148438,
					"bytes":	2490368,
					"bits_per_second":	19929101.902733311,
					"retransmits":	0,
					"snd_cwnd":	264544,
					"snd_wnd":	-1,
					"rtt":	121,
					"rttvar":	51,
					"pmtu":	9500,
					"omitted":	false,
					"sender":	true
				}],
			"sum":	{
				"start":	1.001401,
				"end":	2.001092,
				"seconds":	0.99969100952148438,
				"bytes":	2490368,
				"bits_per_second":	19929101.902733311,
				"retransmits":	0,
				"omitted":	false,
				"sender":	true
			}
		}, {
			"streams":	[{
					"socket":	5,
					"start":	2.001092,
					"end":	3.000282,
					"seconds":	0.99918997287750244,
					"bytes":	2490368,
					"bits_per_second":	19939095.207916472,
					"retransmits":	0,
					"snd_cwnd":	264544,
					"snd_wnd":	-1,
					"rtt":	139,
					"rttvar":	71,
					"pmtu":	9500,
					"omitted":	false,
					"sender":	true
				}],
			"sum":	{
				"start":	2.001092,
				"end":	3.000282,
				"seconds":	0.99918997287750244,
				"bytes":	2490368,
				"bits_per_second":	19939095.207916472,
				"retransmits":	0,
				"omitted":	false,
				"sender":	true
			}
		}],
	"end":	{
		"streams":	[{
				"sender":	{
					"socket":	5,
					"start":	0,
					"end":	3.000282,
					"seconds":	3.000282,
					"bytes":	7602176,
					"bits_per_second":	20270563.9003267,
					"retransmits":	0,
					"max_snd_cwnd":	264544,
					"max_snd_wnd":	0,
					"max_rtt":	139,
					"min_rtt":	121,
					"mean_rtt":	130,
					"sender":	true
				},
				"receiver":	{
					"socket":	5,
					"start":	0,
					"end":	3.000442,
					"seconds":	3.000282,
					"bytes":	7602176,
					"bits_per_second":	20269482.962843474,
					"sender":	true
				}
			}],
		"sum_sent":	{
			"start":	0,
			"end":	3.000282,
			"seconds":	3.000282,
			"bytes":	7602176,
			"bits_per_second":	20270563.9003267,
			"retransmits":	0,
			"sender":	true
		},
		"sum_received":	{
			"start":	0,
			"end":	3.000442,
			"seconds":	3.000442,
			"bytes":	7602176,
			"bits_per_second":	20269482.962843474,
			"sender":	true
		},
		"cpu_utilization_percent":	{
			"host_total":	0.55456246241193363,
			"host_user":	0.17562477405511306,
			"host_system":	0.37893768835682046,
			"remote_total":	0.17650491604185059,
			"remote_user":	0,
			"remote_system":	0.17650491604185059
		},
		"sender_tcp_congestion":	"cubic",
		"receiver_tcp_congestion":	"cubic"
	}
}
