{
	"start":	{
		"connected":	[{
				"socket":	5,
				"local_host":	"192.168.1.2",
				"local_port":	48998,
				"remote_host":	"192.168.8.2",
				"remote_port":	5203
			}],
		"version":	"iperf 3.19.1",
		"system_info":	"Linux h1 6.6.87.2-microsoft-standard-WSL2 #1 SMP PREEMPT_DYNAMIC Thu Jun  5 18:30:46 UTC 2025 x86_64",
		"timestamp":	{
			"time":	"Mon, 06 Apr 2026 03:32:56 UTC",
			"timesecs":	1775446376
		},
		"connecting_to":	{
			"host":	"192.168.8.2",
			"port":	5203
		},
		"cookie":	"rgfitr6ye3ptbjv3klrf6zpopai46b7kaduc",
		"tcp_mss_default":	9448,
		"target_bitrate":	20000000,
		"fq_rate":	0,
		"sock_bufsize":	0,
		"sndbuf_actual":	16384,
		"rcvbuf_actual":	131072,
		"test_start":	{
			"protocol":	"TCP",
			"num_streams":	1,
			"blksize":	131072,
			"omit":	0,
			"duration":	3,
			"bytes":	0,
			"blocks":	0,
			"reverse":	0,
			"tos":	0,
			"target_bitrate":	20000000,
			"bidir":	0,
			"fqrate":	0,
			"interval":	1
		}
	},
	"intervals":	[{
			"streams":	[{
					"socket":	5,
					"start":	0,
					"end":	1.001357,
					"seconds":	1.0013569593429565,
					"bytes":	2621440,
					"bits_per_second":	20943101.063341614,
					"retransmits":	0,
					"snd_cwnd":	283440,
					"snd_wnd":	-1,
					"rtt":	151,
					"rttvar":	101,
					"pmtu":	9500,
					"omitted":	false,
					"sender":	true
				}],
			"sum":	{
				"start":	0,
				"end":	1.001357,
				"seconds":	1.0013569593429565,
				"bytes":	2621440,
				"bits_per_second":	20943101.063341614,
				"retransmits":	0,
				"omitted":	false,
				"sender":	true
			}
		}, {
			"streams":	[{
					"socket":	5,
					"start":	1.001357,
					"end":	2.001133,
					"seconds":	0.999776005744934,
					"bytes":	2490368,
					"bits_per_second":	19927407.62482632,
					"retransmits":	0,
					"snd_cwnd":	283440,
					"snd_wnd":	-1,
					"rtt":	124,
					"rttvar":	56,
					"pmtu":	9500,
					"omitted":	false,
					"sender":	true
				}],
			"sum":	{
				"start":	1.001357,
				"end":	2.001133,
				"seconds":	0.999776005744934,
				"bytes":	2490368,
				"bits_per_second":	19927407.62482632,
				"retransmits":	0,
				"omitted":	false,
				"sender":	true
			}
		}, {
			"streams":	[{
					"socket":	5,
					"start":	2.001133,
					"end":	3.000328,
					"seconds":	0.99919497966766357,
					"bytes":	2490368,
					"bits_per_second":	19938995.296620138,
					"retransmits":	0,
					"snd_cwnd":	283440,
					"snd_wnd":	-1,
					"rtt":	129,
					"rttvar":	55,
					"pmtu":	9500,
					"omitted":	false,
					"sender":	true
				}],
			"sum":	{
				"start":	2.001133,
				"end":	3.000328,
				"seconds":	0.99919497966766357,
				"bytes":	2490368,
				"bits_per_second":	19938995.296620138,
				"retransmits":	0,
				"omitted":	false,
				"sender":	true
			}
		}],
	"end":	{
		"streams":	[{
				"sender":	{
					"socket":	5,
					"start":	0,
					"end":	3.000328,
					"seconds":	3.000328,
					"bytes":	7602176,
					"bits_per_second":	20270253.118992321,
					"retransmits":	0,
					"max_snd_cwnd":	283440,
					"max_snd_wnd":	0,
					"max_rtt":	151,
					"min_rtt":	124,
					"mean_rtt":	134,
					"sender":	true
				},
				"receiver":	{
					"socket":	5,
					"start":	0,
					"end":	3.000457,
					"seconds":	3.000328,
					"bytes":	7602176,
					"bits_per_second":	20269381.6308649,
					"sender":	true
				}
			}],
		"sum_sent":	{
			"start":	0,
			"end":	3.000328,
			"seconds":	3.000328,
			"bytes":	7602176,
			"bits_per_second":	20270253.118992321,
			"retransmits":	0,
			"sender":	true
		},
		"sum_received":	{
			"start":	0,
			"end":	3.000457,
			"seconds":	3.000457,
			"bytes":	7602176,
			"bits_per_second":	20269381.6308649,
			"sender":	true
		},
		"cpu_utilization_percent":	{
			"host_total":	0.62260049801377448,
			"host_user":	0.040307469373818461,
			"host_system":	0.582259716681796,
			"remote_total":	0.219596733877687,
			"remote_user":	0,
			"remote_system":	0.219596733877687
		},
		"sender_tcp_congestion":	"cubic",
		"receiver_tcp_congestion":	"cubic"
	}
}
