{
	"start":	{
		"connected":	[{
				"socket":	5,
				"local_host":	"192.168.1.2",
				"local_port":	59462,
				"remote_host":	"192.168.8.2",
				"remote_port":	5202
			}],
		"version":	"iperf 3.19.1",
		"system_info":	"Linux h1 6.6.87.2-microsoft-standard-WSL2 #1 SMP PREEMPT_DYNAMIC Thu Jun  5 18:30:46 UTC 2025 x86_64",
		"timestamp":	{
			"time":	"Mon, 06 Apr 2026 03:28:52 UTC",
			"timesecs":	1775446132
		},
		"connecting_to":	{
			"host":	"192.168.8.2",
			"port":	5202
		},
		"cookie":	"dsox65t77yumg25crhqjwmx7g37mswokpdpe",
		"tcp_mss_default":	9448,
		"target_bitrate":	20000000,
		"fq_rate":	0,
		"sock_bufsize":	0,
		"sndbuf_actual":	16384,
		"rcvbuf_actual":	131072,
		"test_start":	{
			"protocol":	"TCP",
			"num_streams":	1,
			"blksize":	131072,
			"omit":	0,
			"duration":	3,
			"bytes":	0,
			"blocks":	0,
			"reverse":	0,
			"tos":	0,
			"target_bitrate":	20000000,
			"bidir":	0,
			"fqrate":	0,
			"interval":	1
		}
	},
	"intervals":	[{
			"streams":	[{
					"socket":	5,
					"start":	0,
					"end":	1.001058,
					"seconds":	1.0010579824447632,
					"bytes":	2621440,
					"bits_per_second":	20949355.949176677,
					"retransmits":	0,
					"snd_cwnd":	207856,
					"snd_wnd":	-1,
					"rtt":	105,
					"rttvar":	61,
					"pmtu":	9500,
					"omitted":	false,
					"sender":	true
				}],
			"sum":	{
				"start":	0,
				"end":	1.001058,
				"seconds":	1.0010579824447632,
				"bytes":	2621440,
				"bits_per_second":	20949355.949176677,
				"retransmits":	0,
				"omitted":	false,
				"sender":	true
			}
		}, {
			"streams":	[{
					"socket":	5,
					"start":	1.001058,
					"end":	2.000643,
					"seconds":	0.999584972858429,
					"bytes":	2490368,
					"bits_per_second":	19931215.99560269,
					"retransmits":	0,
					"snd_cwnd":	207856,
					"snd_wnd":	-1,
					"rtt":	136,
					"rttvar":	48,
					"pmtu":	9500,
					"omitted":	false,
					"sender":	true
				}],
			"sum":	{
				"start":	1.001058,
				"end":	2.000643,
				"seconds":	0.999584972858429,
				"bytes":	2490368,
				"bits_per_second":	19931215.99560269,
				"retransmits":	0,
				"omitted":	false,
				"sender":	true
			}
		}, {
			"streams":	[{
					"socket":	5,
					"start":	2.000643,
					"end":	3.000458,
					"seconds":	0.99981498718261719,
					"bytes":	2490368,
					"bits_per_second":	19926630.682083439,
					"retransmits":	0,
					"snd_cwnd":	207856,
					"snd_wnd":	-1,
					"rtt":	148,
					"rttvar":	60,
					"pmtu":	9500,
					"omitted":	false,
					"sender":	true
				}],
			"sum":	{
				"start":	2.000643,
				"end":	3.000458,
				"seconds":	0.99981498718261719,
				"bytes":	2490368,
				"bits_per_second":	19926630.682083439,
				"retransmits":	0,
				"omitted":	false,
				"sender":	true
			}
		}],
	"end":	{
		"streams":	[{
				"sender":	{
					"socket":	5,
					"start":	0,
					"end":	3.000458,
					"seconds":	3.000458,
					"bytes":	7602176,
					"bits_per_second":	20269374.875435684,
					"retransmits":	0,
					"max_snd_cwnd":	207856,
					"max_snd_wnd":	0,
					"max_rtt":	148,
					"min_rtt":	105,
					"mean_rtt":	129,
					"sender":	true
				},
				"receiver":	{
					"socket":	5,
					"start":	0,
					"end":	3.000628,
					"seconds":	3.000458,
					"bytes":	7602176,
					"bits_per_second":	20268226.517915584,
					"sender":	true
				}
			}],
		"sum_sent":	{
			"start":	0,
			"end":	3.000458,
			"seconds":	3.000458,
			"bytes":	7602176,
			"bits_per_second":	20269374.875435684,
			"retransmits":	0,
			"sender":	true
		},
		"sum_received":	{
			"start":	0,
			"end":	3.000628,
			"seconds":	3.000628,
			"bytes":	7602176,
			"bits_per_second":	20268226.517915584,
			"sender":	true
		},
		"cpu_utilization_percent":	{
			"host_total":	0.55984837051274228,
			"host_user":	0.059936159161653381,
			"host_system":	0.499912211351089,
			"remote_total":	0.17122893922372437,
			"remote_user":	0.0037658369272636927,
			"remote_system":	0.16752975427747419
		},
		"sender_tcp_congestion":	"cubic",
		"receiver_tcp_congestion":	"cubic"
	}
}
