{
	"start":	{
		"connected":	[{
				"socket":	5,
				"local_host":	"192.168.1.2",
				"local_port":	49856,
				"remote_host":	"192.168.8.2",
				"remote_port":	5203
			}],
		"version":	"iperf 3.19.1",
		"system_info":	"Linux h1 6.6.87.2-microsoft-standard-WSL2 #1 SMP PREEMPT_DYNAMIC Thu Jun  5 18:30:46 UTC 2025 x86_64",
		"timestamp":	{
			"time":	"Mon, 06 Apr 2026 03:31:29 UTC",
			"timesecs":	1775446289
		},
		"connecting_to":	{
			"host":	"192.168.8.2",
			"port":	5203
		},
		"cookie":	"zdk2los6oi7kxc5rc2ruco6gjyvif4asg4aj",
		"tcp_mss_default":	9448,
		"target_bitrate":	20000000,
		"fq_rate":	0,
		"sock_bufsize":	0,
		"sndbuf_actual":	16384,
		"rcvbuf_actual":	131072,
		"test_start":	{
			"protocol":	"TCP",
			"num_streams":	1,
			"blksize":	131072,
			"omit":	0,
			"duration":	3,
			"bytes":	0,
			"blocks":	0,
			"reverse":	0,
			"tos":	0,
			"target_bitrate":	20000000,
			"bidir":	0,
			"fqrate":	0,
			"interval":	1
		}
	},
	"intervals":	[{
			"streams":	[{
					"socket":	5,
					"start":	0,
					"end":	1.001126,
					"seconds":	1.0011260509490967,
					"bytes":	2621440,
					"bits_per_second":	20947931.561783243,
					"retransmits":	0,
					"snd_cwnd":	264544,
					"snd_wnd":	-1,
					"rtt":	158,
					"rttvar":	60,
					"pmtu":	9500,
					"omitted":	false,
					"sender":	true
				}],
			"sum":	{
				"start":	0,
				"end":	1.001126,
				"seconds":	1.0011260509490967,
				"bytes":	2621440,
				"bits_per_second":	20947931.561783243,
				"retransmits":	0,
				"omitted":	false,
				"sender":	true
			}
		}, {
			"streams":	[{
					"socket":	5,
					"start":	1.001126,
					"end":	2.001085,
					"seconds":	0.99995899200439453,
					"bytes":	2490368,
					"bits_per_second":	19923761.033504907,
					"retransmits":	0,
					"snd_cwnd":	264544,
					"snd_wnd":	-1,
					"rtt":	148,
					"rttvar":	71,
					"pmtu":	9500,
					"omitted":	false,
					"sender":	true
				}],
			"sum":	{
				"start":	1.001126,
				"end":	2.001085,
				"seconds":	0.99995899200439453,
				"bytes":	2490368,
				"bits_per_second":	19923761.033504907,
				"retransmits":	0,
				"omitted":	false,
				"sender":	true
			}
		}, {
			"streams":	[{
					"socket":	5,
					"start":	2.001085,
					"end":	3.001184,
					"seconds":	1.0000989437103271,
					"bytes":	2490368,
					"bits_per_second":	19920972.945023492,
					"retransmits":	0,
					"snd_cwnd":	264544,
					"snd_wnd":	-1,
					"rtt":	125,
					"rttvar":	65,
					"pmtu":	9500,
					"omitted":	false,
					"sender":	true
				}],
			"sum":	{
				"start":	2.001085,
				"end":	3.001184,
				"seconds":	1.0000989437103271,
				"bytes":	2490368,
				"bits_per_second":	19920972.945023492,
				"retransmits":	0,
				"omitted":	false,
				"sender":	true
			}
		}],
	"end":	{
		"streams":	[{
				"sender":	{
					"socket":	5,
					"start":	0,
					"end":	3.001184,
					"seconds":	3.001184,
					"bytes":	7602176,
					"bits_per_second":	20264471.621866573,
					"retransmits":	0,
					"max_snd_cwnd":	264544,
					"max_snd_wnd":	0,
					"max_rtt":	158,
					"min_rtt":	125,
					"mean_rtt":	143,
					"sender":	true
				},
				"receiver":	{
					"socket":	5,
					"start":	0,
					"end":	3.001308,
					"seconds":	3.001184,
					"bytes":	7602176,
					"bits_per_second":	20263634.388739843,
					"sender":	true
				}
			}],
		"sum_sent":	{
			"start":	0,
			"end":	3.001184,
			"seconds":	3.001184,
			"bytes":	7602176,
			"bits_per_second":	20264471.621866573,
			"retransmits":	0,
			"sender":	true
		},
		"sum_received":	{
			"start":	0,
			"end":	3.001308,
			"seconds":	3.001308,
			"bytes":	7602176,
			"bits_per_second":	20263634.388739843,
			"sender":	true
		},
		"cpu_utilization_percent":	{
			"host_total":	0.590633535407368,
			"host_user":	0,
			"host_system":	0.5906668443141696,
			"remote_total":	0.18618400097023588,
			"remote_user":	0.0077632197970767649,
			"remote_system":	0.17842078117315913
		},
		"sender_tcp_congestion":	"cubic",
		"receiver_tcp_congestion":	"cubic"
	}
}
