{
	"start":	{
		"connected":	[{
				"socket":	5,
				"local_host":	"192.168.1.2",
				"local_port":	55160,
				"remote_host":	"192.168.8.2",
				"remote_port":	5204
			}],
		"version":	"iperf 3.19.1",
		"system_info":	"Linux h1 6.6.87.2-microsoft-standard-WSL2 #1 SMP PREEMPT_DYNAMIC Thu Jun  5 18:30:46 UTC 2025 x86_64",
		"timestamp":	{
			"time":	"Mon, 06 Apr 2026 03:13:45 UTC",
			"timesecs":	1775445225
		},
		"connecting_to":	{
			"host":	"192.168.8.2",
			"port":	5204
		},
		"cookie":	"xrjqlvxxmb6v6lxmtqd7ut77e6ssrxl5jwcn",
		"tcp_mss_default":	9448,
		"target_bitrate":	20000000,
		"fq_rate":	0,
		"sock_bufsize":	0,
		"sndbuf_actual":	16384,
		"rcvbuf_actual":	131072,
		"test_start":	{
			"protocol":	"TCP",
			"num_streams":	1,
			"blksize":	131072,
			"omit":	0,
			"duration":	3,
			"bytes":	0,
			"blocks":	0,
			"reverse":	0,
			"tos":	0,
			"target_bitrate":	20000000,
			"bidir":	0,
			"fqrate":	0,
			"interval":	1
		}
	},
	"intervals":	[{
			"streams":	[{
					"socket":	5,
					"start":	0,
					"end":	1.000722,
					"seconds":	1.0007220506668091,
					"bytes":	2621440,
					"bits_per_second":	20956388.425763268,
					"retransmits":	0,
					"snd_cwnd":	283440,
					"snd_wnd":	-1,
					"rtt":	183,
					"rttvar":	70,
					"pmtu":	9500,
					"omitted":	false,
					"sender":	true
				}],
			"sum":	{
				"start":	0,
				"end":	1.000722,
				"seconds":	1.0007220506668091,
				"bytes":	2621440,
				"bits_per_second":	20956388.425763268,
				"retransmits":	0,
				"omitted":	false,
				"sender":	true
			}
		}, {
			"streams":	[{
					"socket":	5,
					"start":	1.000722,
					"end":	2.001201,
					"seconds":	1.000478982925415,
					"bytes":	2490368,
					"bits_per_second":	19913405.818626016,
					"retransmits":	0,
					"snd_cwnd":	283440,
					"snd_wnd":	-1,
					"rtt":	258,
					"rttvar":	182,
					"pmtu":	9500,
					"omitted":	false,
					"sender":	true
				}],
			"sum":	{
				"start":	1.000722,
				"end":	2.001201,
				"seconds":	1.000478982925415,
				"bytes":	2490368,
				"bits_per_second":	19913405.818626016,
				"retransmits":	0,
				"omitted":	false,
				"sender":	true
			}
		}, {
			"streams":	[{
					"socket":	5,
					"start":	2.001201,
					"end":	3.001407,
					"seconds":	1.0002059936523438,
					"bytes":	2490368,
					"bits_per_second":	19918840.84522384,
					"retransmits":	0,
					"snd_cwnd":	283440,
					"snd_wnd":	-1,
					"rtt":	160,
					"rttvar":	59,
					"pmtu":	9500,
					"omitted":	false,
					"sender":	true
				}],
			"sum":	{
				"start":	2.001201,
				"end":	3.001407,
				"seconds":	1.0002059936523438,
				"bytes":	2490368,
				"bits_per_second":	19918840.84522384,
				"retransmits":	0,
				"omitted":	false,
				"sender":	true
			}
		}],
	"end":	{
		"streams":	[{
				"sender":	{
					"socket":	5,
					"start":	0,
					"end":	3.001407,
					"seconds":	3.001407,
					"bytes":	7602176,
					"bits_per_second":	20262966.002278265,
					"retransmits":	0,
					"max_snd_cwnd":	283440,
					"max_snd_wnd":	0,
					"max_rtt":	258,
					"min_rtt":	160,
					"mean_rtt":	200,
					"sender":	true
				},
				"receiver":	{
					"socket":	5,
					"start":	0,
					"end":	3.001724,
					"seconds":	3.001407,
					"bytes":	7602176,
					"bits_per_second":	20260826.111927681,
					"sender":	true
				}
			}],
		"sum_sent":	{
			"start":	0,
			"end":	3.001407,
			"seconds":	3.001407,
			"bytes":	7602176,
			"bits_per_second":	20262966.002278265,
			"retransmits":	0,
			"sender":	true
		},
		"sum_received":	{
			"start":	0,
			"end":	3.001724,
			"seconds":	3.001724,
			"bytes":	7602176,
			"bits_per_second":	20260826.111927681,
			"sender":	true
		},
		"cpu_utilization_percent":	{
			"host_total":	0.72642418336807324,
			"host_user":	0.13903731561737065,
			"host_system":	0.58742017010174874,
			"remote_total":	0.25234682547693549,
			"remote_user":	0.0042640783710954115,
			"remote_system":	0.24801612088129174
		},
		"sender_tcp_congestion":	"cubic",
		"receiver_tcp_congestion":	"cubic"
	}
}
