{
	"start":	{
		"connected":	[{
				"socket":	5,
				"local_host":	"192.168.1.2",
				"local_port":	58912,
				"remote_host":	"192.168.8.2",
				"remote_port":	5202
			}],
		"version":	"iperf 3.19.1",
		"system_info":	"Linux h1 6.6.87.2-microsoft-standard-WSL2 #1 SMP PREEMPT_DYNAMIC Thu Jun  5 18:30:46 UTC 2025 x86_64",
		"timestamp":	{
			"time":	"Mon, 06 Apr 2026 03:09:52 UTC",
			"timesecs":	1775444992
		},
		"connecting_to":	{
			"host":	"192.168.8.2",
			"port":	5202
		},
		"cookie":	"xizyzkk3umf5y4ygoe7la33memnarqg2cshb",
		"tcp_mss_default":	9448,
		"target_bitrate":	20000000,
		"fq_rate":	0,
		"sock_bufsize":	0,
		"sndbuf_actual":	16384,
		"rcvbuf_actual":	131072,
		"test_start":	{
			"protocol":	"TCP",
			"num_streams":	1,
			"blksize":	131072,
			"omit":	0,
			"duration":	3,
			"bytes":	0,
			"blocks":	0,
			"reverse":	0,
			"tos":	0,
			"target_bitrate":	20000000,
			"bidir":	0,
			"fqrate":	0,
			"interval":	1
		}
	},
	"intervals":	[{
			"streams":	[{
					"socket":	5,
					"start":	0,
					"end":	1.001109,
					"seconds":	1.0011090040206909,
					"bytes":	2621440,
					"bits_per_second":	20948288.264088534,
					"retransmits":	0,
					"snd_cwnd":	311784,
					"snd_wnd":	-1,
					"rtt":	188,
					"rttvar":	75,
					"pmtu":	9500,
					"omitted":	false,
					"sender":	true
				}],
			"sum":	{
				"start":	0,
				"end":	1.001109,
				"seconds":	1.0011090040206909,
				"bytes":	2621440,
				"bits_per_second":	20948288.264088534,
				"retransmits":	0,
				"omitted":	false,
				"sender":	true
			}
		}, {
			"streams":	[{
					"socket":	5,
					"start":	1.001109,
					"end":	2.001043,
					"seconds":	0.99993401765823364,
					"bytes":	2490368,
					"bits_per_second":	19924258.649243634,
					"retransmits":	0,
					"snd_cwnd":	311784,
					"snd_wnd":	-1,
					"rtt":	126,
					"rttvar":	66,
					"pmtu":	9500,
					"omitted":	false,
					"sender":	true
				}],
			"sum":	{
				"start":	1.001109,
				"end":	2.001043,
				"seconds":	0.99993401765823364,
				"bytes":	2490368,
				"bits_per_second":	19924258.649243634,
				"retransmits":	0,
				"omitted":	false,
				"sender":	true
			}
		}, {
			"streams":	[{
					"socket":	5,
					"start":	2.001043,
					"end":	3.001187,
					"seconds":	1.0001440048217773,
					"bytes":	2490368,
					"bits_per_second":	19920075.413090348,
					"retransmits":	0,
					"snd_cwnd":	311784,
					"snd_wnd":	-1,
					"rtt":	139,
					"rttvar":	45,
					"pmtu":	9500,
					"omitted":	false,
					"sender":	true
				}],
			"sum":	{
				"start":	2.001043,
				"end":	3.001187,
				"seconds":	1.0001440048217773,
				"bytes":	2490368,
				"bits_per_second":	19920075.413090348,
				"retransmits":	0,
				"omitted":	false,
				"sender":	true
			}
		}],
	"end":	{
		"streams":	[{
				"sender":	{
					"socket":	5,
					"start":	0,
					"end":	3.001187,
					"seconds":	3.001187,
					"bytes":	7602176,
					"bits_per_second":	20264451.365409754,
					"retransmits":	0,
					"max_snd_cwnd":	311784,
					"max_snd_wnd":	0,
					"max_rtt":	188,
					"min_rtt":	126,
					"mean_rtt":	151,
					"sender":	true
				},
				"receiver":	{
					"socket":	5,
					"start":	0,
					"end":	3.001336,
					"seconds":	3.001187,
					"bytes":	7602176,
					"bits_per_second":	20263445.34567273,
					"sender":	true
				}
			}],
		"sum_sent":	{
			"start":	0,
			"end":	3.001187,
			"seconds":	3.001187,
			"bytes":	7602176,
			"bits_per_second":	20264451.365409754,
			"retransmits":	0,
			"sender":	true
		},
		"sum_received":	{
			"start":	0,
			"end":	3.001336,
			"seconds":	3.001336,
			"bytes":	7602176,
			"bits_per_second":	20263445.34567273,
			"sender":	true
		},
		"cpu_utilization_percent":	{
			"host_total":	0.637558564722137,
			"host_user":	0.04739803759467117,
			"host_system":	0.59019383565704731,
			"remote_total":	0.22456426536166174,
			"remote_user":	0.00013327256104549658,
			"remote_system":	0.22476417420323
		},
		"sender_tcp_congestion":	"cubic",
		"receiver_tcp_congestion":	"cubic"
	}
}
