{
	"start":	{
		"connected":	[{
				"socket":	5,
				"local_host":	"192.168.1.2",
				"local_port":	45028,
				"remote_host":	"192.168.8.2",
				"remote_port":	5202
			}],
		"version":	"iperf 3.19.1",
		"system_info":	"Linux h1 6.6.87.2-microsoft-standard-WSL2 #1 SMP PREEMPT_DYNAMIC Thu Jun  5 18:30:46 UTC 2025 x86_64",
		"timestamp":	{
			"time":	"Mon, 06 Apr 2026 03:08:55 UTC",
			"timesecs":	1775444935
		},
		"connecting_to":	{
			"host":	"192.168.8.2",
			"port":	5202
		},
		"cookie":	"nfylxbe6jojyro3daotvyaovnh2xf7y2alah",
		"tcp_mss_default":	9448,
		"target_bitrate":	20000000,
		"fq_rate":	0,
		"sock_bufsize":	0,
		"sndbuf_actual":	16384,
		"rcvbuf_actual":	131072,
		"test_start":	{
			"protocol":	"TCP",
			"num_streams":	1,
			"blksize":	131072,
			"omit":	0,
			"duration":	3,
			"bytes":	0,
			"blocks":	0,
			"reverse":	0,
			"tos":	0,
			"target_bitrate":	20000000,
			"bidir":	0,
			"fqrate":	0,
			"interval":	1
		}
	},
	"intervals":	[{
			"streams":	[{
					"socket":	5,
					"start":	0,
					"end":	1.001068,
					"seconds":	1.0010679960250854,
					"bytes":	2621440,
					"bits_per_second":	20949146.394921292,
					"retransmits":	0,
					"snd_cwnd":	377920,
					"snd_wnd":	-1,
					"rtt":	169,
					"rttvar":	129,
					"pmtu":	9500,
					"omitted":	false,
					"sender":	true
				}],
			"sum":	{
				"start":	0,
				"end":	1.001068,
				"seconds":	1.0010679960250854,
				"bytes":	2621440,
				"bits_per_second":	20949146.394921292,
				"retransmits":	0,
				"omitted":	false,
				"sender":	true
			}
		}, {
			"streams":	[{
					"socket":	5,
					"start":	1.001068,
					"end":	2.001114,
					"seconds":	1.0000460147857666,
					"bytes":	2490368,
					"bits_per_second":	19922027.292182114,
					"retransmits":	0,
					"snd_cwnd":	377920,
					"snd_wnd":	-1,
					"rtt":	161,
					"rttvar":	48,
					"pmtu":	9500,
					"omitted":	false,
					"sender":	true
				}],
			"sum":	{
				"start":	1.001068,
				"end":	2.001114,
				"seconds":	1.0000460147857666,
				"bytes":	2490368,
				"bits_per_second":	19922027.292182114,
				"retransmits":	0,
				"omitted":	false,
				"sender":	true
			}
		}, {
			"streams":	[{
					"socket":	5,
					"start":	2.001114,
					"end":	3.001275,
					"seconds":	1.0001610517501831,
					"bytes":	2490368,
					"bits_per_second":	19919735.89167146,
					"retransmits":	0,
					"snd_cwnd":	377920,
					"snd_wnd":	-1,
					"rtt":	234,
					"rttvar":	144,
					"pmtu":	9500,
					"omitted":	false,
					"sender":	true
				}],
			"sum":	{
				"start":	2.001114,
				"end":	3.001275,
				"seconds":	1.0001610517501831,
				"bytes":	2490368,
				"bits_per_second":	19919735.89167146,
				"retransmits":	0,
				"omitted":	false,
				"sender":	true
			}
		}],
	"end":	{
		"streams":	[{
				"sender":	{
					"socket":	5,
					"start":	0,
					"end":	3.001275,
					"seconds":	3.001275,
					"bytes":	7602176,
					"bits_per_second":	20263857.19402587,
					"retransmits":	0,
					"max_snd_cwnd":	377920,
					"max_snd_wnd":	0,
					"max_rtt":	234,
					"min_rtt":	161,
					"mean_rtt":	188,
					"sender":	true
				},
				"receiver":	{
					"socket":	5,
					"start":	0,
					"end":	3.001511,
					"seconds":	3.001275,
					"bytes":	7602176,
					"bits_per_second":	20262263.906412471,
					"sender":	true
				}
			}],
		"sum_sent":	{
			"start":	0,
			"end":	3.001275,
			"seconds":	3.001275,
			"bytes":	7602176,
			"bits_per_second":	20263857.19402587,
			"retransmits":	0,
			"sender":	true
		},
		"sum_received":	{
			"start":	0,
			"end":	3.001511,
			"seconds":	3.001511,
			"bytes":	7602176,
			"bits_per_second":	20262263.906412471,
			"sender":	true
		},
		"cpu_utilization_percent":	{
			"host_total":	0.84807397594742728,
			"host_user":	0.28269132531580909,
			"host_system":	0.56541595152987656,
			"remote_total":	0.294796569046327,
			"remote_user":	0,
			"remote_system":	0.2947632549352357
		},
		"sender_tcp_congestion":	"cubic",
		"receiver_tcp_congestion":	"cubic"
	}
}
