{
	"start":	{
		"connected":	[{
				"socket":	5,
				"local_host":	"192.168.1.2",
				"local_port":	42678,
				"remote_host":	"192.168.8.2",
				"remote_port":	5202
			}],
		"version":	"iperf 3.19.1",
		"system_info":	"Linux h1 6.6.87.2-microsoft-standard-WSL2 #1 SMP PREEMPT_DYNAMIC Thu Jun  5 18:30:46 UTC 2025 x86_64",
		"timestamp":	{
			"time":	"Mon, 06 Apr 2026 03:16:18 UTC",
			"timesecs":	1775445378
		},
		"connecting_to":	{
			"host":	"192.168.8.2",
			"port":	5202
		},
		"cookie":	"oh7kz3xyq6t4hfkijyp3le3s73sqdr54aete",
		"tcp_mss_default":	9448,
		"target_bitrate":	20000000,
		"fq_rate":	0,
		"sock_bufsize":	0,
		"sndbuf_actual":	16384,
		"rcvbuf_actual":	131072,
		"test_start":	{
			"protocol":	"TCP",
			"num_streams":	1,
			"blksize":	131072,
			"omit":	0,
			"duration":	3,
			"bytes":	0,
			"blocks":	0,
			"reverse":	0,
			"tos":	0,
			"target_bitrate":	20000000,
			"bidir":	0,
			"fqrate":	0,
			"interval":	1
		}
	},
	"intervals":	[{
			"streams":	[{
					"socket":	5,
					"start":	0,
					"end":	1.001764,
					"seconds":	1.0017640590667725,
					"bytes":	2621440,
					"bits_per_second":	20934590.146443,
					"retransmits":	0,
					"snd_cwnd":	330680,
					"snd_wnd":	-1,
					"rtt":	334,
					"rttvar":	187,
					"pmtu":	9500,
					"omitted":	false,
					"sender":	true
				}],
			"sum":	{
				"start":	0,
				"end":	1.001764,
				"seconds":	1.0017640590667725,
				"bytes":	2621440,
				"bits_per_second":	20934590.146443,
				"retransmits":	0,
				"omitted":	false,
				"sender":	true
			}
		}, {
			"streams":	[{
					"socket":	5,
					"start":	1.001764,
					"end":	2.000804,
					"seconds":	0.99904000759124756,
					"bytes":	2490368,
					"bits_per_second":	19942088.253337875,
					"retransmits":	0,
					"snd_cwnd":	330680,
					"snd_wnd":	-1,
					"rtt":	177,
					"rttvar":	111,
					"pmtu":	9500,
					"omitted":	false,
					"sender":	true
				}],
			"sum":	{
				"start":	1.001764,
				"end":	2.000804,
				"seconds":	0.99904000759124756,
				"bytes":	2490368,
				"bits_per_second":	19942088.253337875,
				"retransmits":	0,
				"omitted":	false,
				"sender":	true
			}
		}, {
			"streams":	[{
					"socket":	5,
					"start":	2.000804,
					"end":	3.001365,
					"seconds":	1.000560998916626,
					"bytes":	2490368,
					"bits_per_second":	19911773.51662907,
					"retransmits":	0,
					"snd_cwnd":	330680,
					"snd_wnd":	-1,
					"rtt":	199,
					"rttvar":	91,
					"pmtu":	9500,
					"omitted":	false,
					"sender":	true
				}],
			"sum":	{
				"start":	2.000804,
				"end":	3.001365,
				"seconds":	1.000560998916626,
				"bytes":	2490368,
				"bits_per_second":	19911773.51662907,
				"retransmits":	0,
				"omitted":	false,
				"sender":	true
			}
		}],
	"end":	{
		"streams":	[{
				"sender":	{
					"socket":	5,
					"start":	0,
					"end":	3.001365,
					"seconds":	3.001365,
					"bytes":	7602176,
					"bits_per_second":	20263249.554785907,
					"retransmits":	0,
					"max_snd_cwnd":	330680,
					"max_snd_wnd":	0,
					"max_rtt":	334,
					"min_rtt":	177,
					"mean_rtt":	236,
					"sender":	true
				},
				"receiver":	{
					"socket":	5,
					"start":	0,
					"end":	3.001579,
					"seconds":	3.001365,
					"bytes":	7602176,
					"bits_per_second":	20261804.870036736,
					"sender":	true
				}
			}],
		"sum_sent":	{
			"start":	0,
			"end":	3.001365,
			"seconds":	3.001365,
			"bytes":	7602176,
			"bits_per_second":	20263249.554785907,
			"retransmits":	0,
			"sender":	true
		},
		"sum_received":	{
			"start":	0,
			"end":	3.001579,
			"seconds":	3.001579,
			"bytes":	7602176,
			"bits_per_second":	20261804.870036736,
			"sender":	true
		},
		"cpu_utilization_percent":	{
			"host_total":	1.2268014359077495,
			"host_user":	0.14647431105629655,
			"host_system":	1.0802938276677621,
			"remote_total":	0.41806114773092973,
			"remote_user":	0.0087283465380112828,
			"remote_system":	0.40933280119291843
		},
		"sender_tcp_congestion":	"cubic",
		"receiver_tcp_congestion":	"cubic"
	}
}
