{
	"start":	{
		"connected":	[{
				"socket":	5,
				"local_host":	"192.168.1.2",
				"local_port":	57644,
				"remote_host":	"192.168.8.2",
				"remote_port":	5204
			}],
		"version":	"iperf 3.19.1",
		"system_info":	"Linux h1 6.6.87.2-microsoft-standard-WSL2 #1 SMP PREEMPT_DYNAMIC Thu Jun  5 18:30:46 UTC 2025 x86_64",
		"timestamp":	{
			"time":	"Mon, 06 Apr 2026 03:33:49 UTC",
			"timesecs":	1775446429
		},
		"connecting_to":	{
			"host":	"192.168.8.2",
			"port":	5204
		},
		"cookie":	"f6phzlw4rqlbfa5cpik4sk234cn6mwp4rqmd",
		"tcp_mss_default":	9448,
		"target_bitrate":	20000000,
		"fq_rate":	0,
		"sock_bufsize":	0,
		"sndbuf_actual":	16384,
		"rcvbuf_actual":	131072,
		"test_start":	{
			"protocol":	"TCP",
			"num_streams":	1,
			"blksize":	131072,
			"omit":	0,
			"duration":	3,
			"bytes":	0,
			"blocks":	0,
			"reverse":	0,
			"tos":	0,
			"target_bitrate":	20000000,
			"bidir":	0,
			"fqrate":	0,
			"interval":	1
		}
	},
	"intervals":	[{
			"streams":	[{
					"socket":	5,
					"start":	0,
					"end":	1.000511,
					"seconds":	1.0005110502243042,
					"bytes":	2621440,
					"bits_per_second":	20960807.974383093,
					"retransmits":	0,
					"snd_cwnd":	264544,
					"snd_wnd":	-1,
					"rtt":	141,
					"rttvar":	87,
					"pmtu":	9500,
					"omitted":	false,
					"sender":	true
				}],
			"sum":	{
				"start":	0,
				"end":	1.000511,
				"seconds":	1.0005110502243042,
				"bytes":	2621440,
				"bits_per_second":	20960807.974383093,
				"retransmits":	0,
				"omitted":	false,
				"sender":	true
			}
		}, {
			"streams":	[{
					"socket":	5,
					"start":	1.000511,
					"end":	2.001126,
					"seconds":	1.0006150007247925,
					"bytes":	2490368,
					"bits_per_second":	19910698.905741844,
					"retransmits":	0,
					"snd_cwnd":	264544,
					"snd_wnd":	-1,
					"rtt":	192,
					"rttvar":	92,
					"pmtu":	9500,
					"omitted":	false,
					"sender":	true
				}],
			"sum":	{
				"start":	1.000511,
				"end":	2.001126,
				"seconds":	1.0006150007247925,
				"bytes":	2490368,
				"bits_per_second":	19910698.905741844,
				"retransmits":	0,
				"omitted":	false,
				"sender":	true
			}
		}, {
			"streams":	[{
					"socket":	5,
					"start":	2.001126,
					"end":	3.000595,
					"seconds":	0.999468982219696,
					"bytes":	2490368,
					"bits_per_second":	19933529.058354191,
					"retransmits":	0,
					"snd_cwnd":	264544,
					"snd_wnd":	-1,
					"rtt":	142,
					"rttvar":	84,
					"pmtu":	9500,
					"omitted":	false,
					"sender":	true
				}],
			"sum":	{
				"start":	2.001126,
				"end":	3.000595,
				"seconds":	0.999468982219696,
				"bytes":	2490368,
				"bits_per_second":	19933529.058354191,
				"retransmits":	0,
				"omitted":	false,
				"sender":	true
			}
		}],
	"end":	{
		"streams":	[{
				"sender":	{
					"socket":	5,
					"start":	0,
					"end":	3.000595,
					"seconds":	3.000595,
					"bytes":	7602176,
					"bits_per_second":	20268449.424197532,
					"retransmits":	0,
					"max_snd_cwnd":	264544,
					"max_snd_wnd":	0,
					"max_rtt":	192,
					"min_rtt":	141,
					"mean_rtt":	158,
					"sender":	true
				},
				"receiver":	{
					"socket":	5,
					"start":	0,
					"end":	3.000741,
					"seconds":	3.000595,
					"bytes":	7602176,
					"bits_per_second":	20267463.269905668,
					"sender":	true
				}
			}],
		"sum_sent":	{
			"start":	0,
			"end":	3.000595,
			"seconds":	3.000595,
			"bytes":	7602176,
			"bits_per_second":	20268449.424197532,
			"retransmits":	0,
			"sender":	true
		},
		"sum_received":	{
			"start":	0,
			"end":	3.000741,
			"seconds":	3.000741,
			"bytes":	7602176,
			"bits_per_second":	20267463.269905668,
			"sender":	true
		},
		"cpu_utilization_percent":	{
			"host_total":	0.655589265779333,
			"host_user":	0,
			"host_system":	0.65562257993481754,
			"remote_total":	0.2341719802745014,
			"remote_user":	0,
			"remote_system":	0.2341719802745014
		},
		"sender_tcp_congestion":	"cubic",
		"receiver_tcp_congestion":	"cubic"
	}
}
