{
	"start":	{
		"connected":	[{
				"socket":	5,
				"local_host":	"192.168.1.2",
				"local_port":	53978,
				"remote_host":	"192.168.8.2",
				"remote_port":	5203
			}],
		"version":	"iperf 3.19.1",
		"system_info":	"Linux h1 6.6.87.2-microsoft-standard-WSL2 #1 SMP PREEMPT_DYNAMIC Thu Jun  5 18:30:46 UTC 2025 x86_64",
		"timestamp":	{
			"time":	"Mon, 06 Apr 2026 03:15:30 UTC",
			"timesecs":	1775445330
		},
		"connecting_to":	{
			"host":	"192.168.8.2",
			"port":	5203
		},
		"cookie":	"mzwhmeqs6hqrvra7s6ln63pbjcopmlj5twqq",
		"tcp_mss_default":	9448,
		"target_bitrate":	20000000,
		"fq_rate":	0,
		"sock_bufsize":	0,
		"sndbuf_actual":	16384,
		"rcvbuf_actual":	131072,
		"test_start":	{
			"protocol":	"TCP",
			"num_streams":	1,
			"blksize":	131072,
			"omit":	0,
			"duration":	3,
			"bytes":	0,
			"blocks":	0,
			"reverse":	0,
			"tos":	0,
			"target_bitrate":	20000000,
			"bidir":	0,
			"fqrate":	0,
			"interval":	1
		}
	},
	"intervals":	[{
			"streams":	[{
					"socket":	5,
					"start":	0,
					"end":	1.001155,
					"seconds":	1.0011550188064575,
					"bytes":	2621440,
					"bits_per_second":	20947325.445165846,
					"retransmits":	0,
					"snd_cwnd":	188960,
					"snd_wnd":	-1,
					"rtt":	193,
					"rttvar":	95,
					"pmtu":	9500,
					"omitted":	false,
					"sender":	true
				}],
			"sum":	{
				"start":	0,
				"end":	1.001155,
				"seconds":	1.0011550188064575,
				"bytes":	2621440,
				"bits_per_second":	20947325.445165846,
				"retransmits":	0,
				"omitted":	false,
				"sender":	true
			}
		}, {
			"streams":	[{
					"socket":	5,
					"start":	1.001155,
					"end":	2.001137,
					"seconds":	0.99998199939727783,
					"bytes":	2490368,
					"bits_per_second":	19923302.631455582,
					"retransmits":	0,
					"snd_cwnd":	188960,
					"snd_wnd":	-1,
					"rtt":	196,
					"rttvar":	99,
					"pmtu":	9500,
					"omitted":	false,
					"sender":	true
				}],
			"sum":	{
				"start":	1.001155,
				"end":	2.001137,
				"seconds":	0.99998199939727783,
				"bytes":	2490368,
				"bits_per_second":	19923302.631455582,
				"retransmits":	0,
				"omitted":	false,
				"sender":	true
			}
		}, {
			"streams":	[{
					"socket":	5,
					"start":	2.001137,
					"end":	3.001284,
					"seconds":	1.0001469850540161,
					"bytes":	2490368,
					"bits_per_second":	19920016.0553641,
					"retransmits":	0,
					"snd_cwnd":	188960,
					"snd_wnd":	-1,
					"rtt":	135,
					"rttvar":	67,
					"pmtu":	9500,
					"omitted":	false,
					"sender":	true
				}],
			"sum":	{
				"start":	2.001137,
				"end":	3.001284,
				"seconds":	1.0001469850540161,
				"bytes":	2490368,
				"bits_per_second":	19920016.0553641,
				"retransmits":	0,
				"omitted":	false,
				"sender":	true
			}
		}],
	"end":	{
		"streams":	[{
				"sender":	{
					"socket":	5,
					"start":	0,
					"end":	3.001284,
					"seconds":	3.001284,
					"bytes":	7602176,
					"bits_per_second":	20263796.42846195,
					"retransmits":	0,
					"max_snd_cwnd":	188960,
					"max_snd_wnd":	0,
					"max_rtt":	196,
					"min_rtt":	135,
					"mean_rtt":	174,
					"sender":	true
				},
				"receiver":	{
					"socket":	5,
					"start":	0,
					"end":	3.001448,
					"seconds":	3.001284,
					"bytes":	7602176,
					"bits_per_second":	20262689.20867528,
					"sender":	true
				}
			}],
		"sum_sent":	{
			"start":	0,
			"end":	3.001284,
			"seconds":	3.001284,
			"bytes":	7602176,
			"bits_per_second":	20263796.42846195,
			"retransmits":	0,
			"sender":	true
		},
		"sum_received":	{
			"start":	0,
			"end":	3.001448,
			"seconds":	3.001448,
			"bytes":	7602176,
			"bits_per_second":	20262689.20867528,
			"sender":	true
		},
		"cpu_utilization_percent":	{
			"host_total":	0.70323516149164722,
			"host_user":	0.018483401905089229,
			"host_system":	0.684751759586558,
			"remote_total":	0.23031855791863723,
			"remote_user":	0.001632519794302506,
			"remote_system":	0.22868603812433472
		},
		"sender_tcp_congestion":	"cubic",
		"receiver_tcp_congestion":	"cubic"
	}
}
