{
	"start":	{
		"connected":	[{
				"socket":	5,
				"local_host":	"192.168.1.2",
				"local_port":	38482,
				"remote_host":	"192.168.8.2",
				"remote_port":	5203
			}],
		"version":	"iperf 3.19.1",
		"system_info":	"Linux h1 6.6.87.2-microsoft-standard-WSL2 #1 SMP PREEMPT_DYNAMIC Thu Jun  5 18:30:46 UTC 2025 x86_64",
		"timestamp":	{
			"time":	"Mon, 06 Apr 2026 03:32:08 UTC",
			"timesecs":	1775446328
		},
		"connecting_to":	{
			"host":	"192.168.8.2",
			"port":	5203
		},
		"cookie":	"mxx5g5tkzriuqnx3jxxv2wp2u3vdp2rrix4x",
		"tcp_mss_default":	9448,
		"target_bitrate":	20000000,
		"fq_rate":	0,
		"sock_bufsize":	0,
		"sndbuf_actual":	16384,
		"rcvbuf_actual":	131072,
		"test_start":	{
			"protocol":	"TCP",
			"num_streams":	1,
			"blksize":	131072,
			"omit":	0,
			"duration":	3,
			"bytes":	0,
			"blocks":	0,
			"reverse":	0,
			"tos":	0,
			"target_bitrate":	20000000,
			"bidir":	0,
			"fqrate":	0,
			"interval":	1
		}
	},
	"intervals":	[{
			"streams":	[{
					"socket":	5,
					"start":	0,
					"end":	1.001098,
					"seconds":	1.0010980367660522,
					"bytes":	2621440,
					"bits_per_second":	20948517.757308178,
					"retransmits":	0,
					"snd_cwnd":	198408,
					"snd_wnd":	-1,
					"rtt":	155,
					"rttvar":	69,
					"pmtu":	9500,
					"omitted":	false,
					"sender":	true
				}],
			"sum":	{
				"start":	0,
				"end":	1.001098,
				"seconds":	1.0010980367660522,
				"bytes":	2621440,
				"bits_per_second":	20948517.757308178,
				"retransmits":	0,
				"omitted":	false,
				"sender":	true
			}
		}, {
			"streams":	[{
					"socket":	5,
					"start":	1.001098,
					"end":	2.001102,
					"seconds":	1.0000040531158447,
					"bytes":	2490368,
					"bits_per_second":	19922863.250327289,
					"retransmits":	0,
					"snd_cwnd":	198408,
					"snd_wnd":	-1,
					"rtt":	142,
					"rttvar":	76,
					"pmtu":	9500,
					"omitted":	false,
					"sender":	true
				}],
			"sum":	{
				"start":	1.001098,
				"end":	2.001102,
				"seconds":	1.0000040531158447,
				"bytes":	2490368,
				"bits_per_second":	19922863.250327289,
				"retransmits":	0,
				"omitted":	false,
				"sender":	true
			}
		}, {
			"streams":	[{
					"socket":	5,
					"start":	2.001102,
					"end":	3.001378,
					"seconds":	1.00027596950531,
					"bytes":	2490368,
					"bits_per_second":	19917447.391896218,
					"retransmits":	0,
					"snd_cwnd":	198408,
					"snd_wnd":	-1,
					"rtt":	150,
					"rttvar":	59,
					"pmtu":	9500,
					"omitted":	false,
					"sender":	true
				}],
			"sum":	{
				"start":	2.001102,
				"end":	3.001378,
				"seconds":	1.00027596950531,
				"bytes":	2490368,
				"bits_per_second":	19917447.391896218,
				"retransmits":	0,
				"omitted":	false,
				"sender":	true
			}
		}],
	"end":	{
		"streams":	[{
				"sender":	{
					"socket":	5,
					"start":	0,
					"end":	3.001378,
					"seconds":	3.001378,
					"bytes":	7602176,
					"bits_per_second":	20263161.787685525,
					"retransmits":	0,
					"max_snd_cwnd":	198408,
					"max_snd_wnd":	0,
					"max_rtt":	155,
					"min_rtt":	142,
					"mean_rtt":	149,
					"sender":	true
				},
				"receiver":	{
					"socket":	5,
					"start":	0,
					"end":	3.001551,
					"seconds":	3.001378,
					"bytes":	7602176,
					"bits_per_second":	20261993.882496081,
					"sender":	true
				}
			}],
		"sum_sent":	{
			"start":	0,
			"end":	3.001378,
			"seconds":	3.001378,
			"bytes":	7602176,
			"bits_per_second":	20263161.787685525,
			"retransmits":	0,
			"sender":	true
		},
		"sum_received":	{
			"start":	0,
			"end":	3.001551,
			"seconds":	3.001551,
			"bytes":	7602176,
			"bits_per_second":	20261993.882496081,
			"sender":	true
		},
		"cpu_utilization_percent":	{
			"host_total":	0.65583325561876338,
			"host_user":	0.27024686588241564,
			"host_system":	0.38561969598060242,
			"remote_total":	0.20958870839584182,
			"remote_user":	0,
			"remote_system":	0.20955539275311477
		},
		"sender_tcp_congestion":	"cubic",
		"receiver_tcp_congestion":	"cubic"
	}
}
