{
	"start":	{
		"connected":	[{
				"socket":	5,
				"local_host":	"192.168.1.2",
				"local_port":	46298,
				"remote_host":	"192.168.8.2",
				"remote_port":	5202
			}],
		"version":	"iperf 3.19.1",
		"system_info":	"Linux h1 6.6.87.2-microsoft-standard-WSL2 #1 SMP PREEMPT_DYNAMIC Thu Jun  5 18:30:46 UTC 2025 x86_64",
		"timestamp":	{
			"time":	"Mon, 06 Apr 2026 03:34:37 UTC",
			"timesecs":	1775446477
		},
		"connecting_to":	{
			"host":	"192.168.8.2",
			"port":	5202
		},
		"cookie":	"amk5rgtuh545qw344k3clp4eewzk6vtgc77q",
		"tcp_mss_default":	9448,
		"target_bitrate":	20000000,
		"fq_rate":	0,
		"sock_bufsize":	0,
		"sndbuf_actual":	16384,
		"rcvbuf_actual":	131072,
		"test_start":	{
			"protocol":	"TCP",
			"num_streams":	1,
			"blksize":	131072,
			"omit":	0,
			"duration":	3,
			"bytes":	0,
			"blocks":	0,
			"reverse":	0,
			"tos":	0,
			"target_bitrate":	20000000,
			"bidir":	0,
			"fqrate":	0,
			"interval":	1
		}
	},
	"intervals":	[{
			"streams":	[{
					"socket":	5,
					"start":	0,
					"end":	1.001401,
					"seconds":	1.0014009475708008,
					"bytes":	2621440,
					"bits_per_second":	20942181.102257524,
					"retransmits":	0,
					"snd_cwnd":	264544,
					"snd_wnd":	-1,
					"rtt":	142,
					"rttvar":	61,
					"pmtu":	9500,
					"omitted":	false,
					"sender":	true
				}],
			"sum":	{
				"start":	0,
				"end":	1.001401,
				"seconds":	1.0014009475708008,
				"bytes":	2621440,
				"bits_per_second":	20942181.102257524,
				"retransmits":	0,
				"omitted":	false,
				"sender":	true
			}
		}, {
			"streams":	[{
					"socket":	5,
					"start":	1.001401,
					"end":	2.001143,
					"seconds":	0.99974197149276733,
					"bytes":	2490368,
					"bits_per_second":	19928086.014286272,
					"retransmits":	0,
					"snd_cwnd":	264544,
					"snd_wnd":	-1,
					"rtt":	151,
					"rttvar":	69,
					"pmtu":	9500,
					"omitted":	false,
					"sender":	true
				}],
			"sum":	{
				"start":	1.001401,
				"end":	2.001143,
				"seconds":	0.99974197149276733,
				"bytes":	2490368,
				"bits_per_second":	19928086.014286272,
				"retransmits":	0,
				"omitted":	false,
				"sender":	true
			}
		}, {
			"streams":	[{
					"socket":	5,
					"start":	2.001143,
					"end":	3.001241,
					"seconds":	1.0000979900360107,
					"bytes":	2490368,
					"bits_per_second":	19920991.941282306,
					"retransmits":	0,
					"snd_cwnd":	264544,
					"snd_wnd":	-1,
					"rtt":	134,
					"rttvar":	76,
					"pmtu":	9500,
					"omitted":	false,
					"sender":	true
				}],
			"sum":	{
				"start":	2.001143,
				"end":	3.001241,
				"seconds":	1.0000979900360107,
				"bytes":	2490368,
				"bits_per_second":	19920991.941282306,
				"retransmits":	0,
				"omitted":	false,
				"sender":	true
			}
		}],
	"end":	{
		"streams":	[{
				"sender":	{
					"socket":	5,
					"start":	0,
					"end":	3.001241,
					"seconds":	3.001241,
					"bytes":	7602176,
					"bits_per_second":	20264086.75611189,
					"retransmits":	0,
					"max_snd_cwnd":	264544,
					"max_snd_wnd":	0,
					"max_rtt":	151,
					"min_rtt":	134,
					"mean_rtt":	142,
					"sender":	true
				},
				"receiver":	{
					"socket":	5,
					"start":	0,
					"end":	3.00139,
					"seconds":	3.001241,
					"bytes":	7602176,
					"bits_per_second":	20263080.772575375,
					"sender":	true
				}
			}],
		"sum_sent":	{
			"start":	0,
			"end":	3.001241,
			"seconds":	3.001241,
			"bytes":	7602176,
			"bits_per_second":	20264086.75611189,
			"retransmits":	0,
			"sender":	true
		},
		"sum_received":	{
			"start":	0,
			"end":	3.00139,
			"seconds":	3.00139,
			"bytes":	7602176,
			"bits_per_second":	20263080.772575375,
			"sender":	true
		},
		"cpu_utilization_percent":	{
			"host_total":	0.61561015508646855,
			"host_user":	0.18163580123568293,
			"host_system":	0.43394105062356958,
			"remote_total":	0.19886835940766615,
			"remote_user":	0,
			"remote_system":	0.19886835940766615
		},
		"sender_tcp_congestion":	"cubic",
		"receiver_tcp_congestion":	"cubic"
	}
}
