{
	"start":	{
		"connected":	[{
				"socket":	5,
				"local_host":	"192.168.1.2",
				"local_port":	38256,
				"remote_host":	"192.168.8.2",
				"remote_port":	5203
			}],
		"version":	"iperf 3.19.1",
		"system_info":	"Linux h1 6.6.87.2-microsoft-standard-WSL2 #1 SMP PREEMPT_DYNAMIC Thu Jun  5 18:30:46 UTC 2025 x86_64",
		"timestamp":	{
			"time":	"Mon, 06 Apr 2026 03:11:35 UTC",
			"timesecs":	1775445095
		},
		"connecting_to":	{
			"host":	"192.168.8.2",
			"port":	5203
		},
		"cookie":	"bp7bde5a3d44dhcwui66zdcm5fcsuji3lt5k",
		"tcp_mss_default":	9448,
		"target_bitrate":	20000000,
		"fq_rate":	0,
		"sock_bufsize":	0,
		"sndbuf_actual":	16384,
		"rcvbuf_actual":	131072,
		"test_start":	{
			"protocol":	"TCP",
			"num_streams":	1,
			"blksize":	131072,
			"omit":	0,
			"duration":	3,
			"bytes":	0,
			"blocks":	0,
			"reverse":	0,
			"tos":	0,
			"target_bitrate":	20000000,
			"bidir":	0,
			"fqrate":	0,
			"interval":	1
		}
	},
	"intervals":	[{
			"streams":	[{
					"socket":	5,
					"start":	0,
					"end":	1.001055,
					"seconds":	1.0010550022125244,
					"bytes":	2621440,
					"bits_per_second":	20949418.317324124,
					"retransmits":	0,
					"snd_cwnd":	302336,
					"snd_wnd":	-1,
					"rtt":	141,
					"rttvar":	65,
					"pmtu":	9500,
					"omitted":	false,
					"sender":	true
				}],
			"sum":	{
				"start":	0,
				"end":	1.001055,
				"seconds":	1.0010550022125244,
				"bytes":	2621440,
				"bits_per_second":	20949418.317324124,
				"retransmits":	0,
				"omitted":	false,
				"sender":	true
			}
		}, {
			"streams":	[{
					"socket":	5,
					"start":	1.001055,
					"end":	2.001142,
					"seconds":	1.0000870227813721,
					"bytes":	2490368,
					"bits_per_second":	19921210.400862619,
					"retransmits":	0,
					"snd_cwnd":	302336,
					"snd_wnd":	-1,
					"rtt":	130,
					"rttvar":	88,
					"pmtu":	9500,
					"omitted":	false,
					"sender":	true
				}],
			"sum":	{
				"start":	1.001055,
				"end":	2.001142,
				"seconds":	1.0000870227813721,
				"bytes":	2490368,
				"bits_per_second":	19921210.400862619,
				"retransmits":	0,
				"omitted":	false,
				"sender":	true
			}
		}, {
			"streams":	[{
					"socket":	5,
					"start":	2.001142,
					"end":	3.000648,
					"seconds":	0.99950599670410156,
					"bytes":	2490368,
					"bits_per_second":	19932790.864383459,
					"retransmits":	0,
					"snd_cwnd":	302336,
					"snd_wnd":	-1,
					"rtt":	124,
					"rttvar":	72,
					"pmtu":	9500,
					"omitted":	false,
					"sender":	true
				}],
			"sum":	{
				"start":	2.001142,
				"end":	3.000648,
				"seconds":	0.99950599670410156,
				"bytes":	2490368,
				"bits_per_second":	19932790.864383459,
				"retransmits":	0,
				"omitted":	false,
				"sender":	true
			}
		}],
	"end":	{
		"streams":	[{
				"sender":	{
					"socket":	5,
					"start":	0,
					"end":	3.000648,
					"seconds":	3.000648,
					"bytes":	7602176,
					"bits_per_second":	20268091.425585408,
					"retransmits":	0,
					"max_snd_cwnd":	302336,
					"max_snd_wnd":	0,
					"max_rtt":	141,
					"min_rtt":	124,
					"mean_rtt":	131,
					"sender":	true
				},
				"receiver":	{
					"socket":	5,
					"start":	0,
					"end":	3.000842,
					"seconds":	3.000648,
					"bytes":	7602176,
					"bits_per_second":	20266781.123431358,
					"sender":	true
				}
			}],
		"sum_sent":	{
			"start":	0,
			"end":	3.000648,
			"seconds":	3.000648,
			"bytes":	7602176,
			"bits_per_second":	20268091.425585408,
			"retransmits":	0,
			"sender":	true
		},
		"sum_received":	{
			"start":	0,
			"end":	3.000842,
			"seconds":	3.000842,
			"bytes":	7602176,
			"bits_per_second":	20266781.123431358,
			"sender":	true
		},
		"cpu_utilization_percent":	{
			"host_total":	0.56967035075702865,
			"host_user":	0,
			"host_system":	0.56973697886822827,
			"remote_total":	0.20570605195002539,
			"remote_user":	0.00396549816654026,
			"remote_system":	0.20177387729748966
		},
		"sender_tcp_congestion":	"cubic",
		"receiver_tcp_congestion":	"cubic"
	}
}
