{
	"start":	{
		"connected":	[{
				"socket":	5,
				"local_host":	"192.168.1.2",
				"local_port":	39346,
				"remote_host":	"192.168.8.2",
				"remote_port":	5203
			}],
		"version":	"iperf 3.19.1",
		"system_info":	"Linux h1 6.6.87.2-microsoft-standard-WSL2 #1 SMP PREEMPT_DYNAMIC Thu Jun  5 18:30:46 UTC 2025 x86_64",
		"timestamp":	{
			"time":	"Mon, 06 Apr 2026 03:11:56 UTC",
			"timesecs":	1775445116
		},
		"connecting_to":	{
			"host":	"192.168.8.2",
			"port":	5203
		},
		"cookie":	"jkplf3sj47pa2pogdglrcczhfozvl5bw765o",
		"tcp_mss_default":	9448,
		"target_bitrate":	20000000,
		"fq_rate":	0,
		"sock_bufsize":	0,
		"sndbuf_actual":	16384,
		"rcvbuf_actual":	131072,
		"test_start":	{
			"protocol":	"TCP",
			"num_streams":	1,
			"blksize":	131072,
			"omit":	0,
			"duration":	3,
			"bytes":	0,
			"blocks":	0,
			"reverse":	0,
			"tos":	0,
			"target_bitrate":	20000000,
			"bidir":	0,
			"fqrate":	0,
			"interval":	1
		}
	},
	"intervals":	[{
			"streams":	[{
					"socket":	5,
					"start":	0,
					"end":	1.001392,
					"seconds":	1.0013920068740845,
					"bytes":	2621440,
					"bits_per_second":	20942368.079673488,
					"retransmits":	0,
					"snd_cwnd":	387368,
					"snd_wnd":	-1,
					"rtt":	200,
					"rttvar":	99,
					"pmtu":	9500,
					"omitted":	false,
					"sender":	true
				}],
			"sum":	{
				"start":	0,
				"end":	1.001392,
				"seconds":	1.0013920068740845,
				"bytes":	2621440,
				"bits_per_second":	20942368.079673488,
				"retransmits":	0,
				"omitted":	false,
				"sender":	true
			}
		}, {
			"streams":	[{
					"socket":	5,
					"start":	1.001392,
					"end":	2.001082,
					"seconds":	0.99968999624252319,
					"bytes":	2490368,
					"bits_per_second":	19929122.102735061,
					"retransmits":	0,
					"snd_cwnd":	387368,
					"snd_wnd":	-1,
					"rtt":	246,
					"rttvar":	165,
					"pmtu":	9500,
					"omitted":	false,
					"sender":	true
				}],
			"sum":	{
				"start":	1.001392,
				"end":	2.001082,
				"seconds":	0.99968999624252319,
				"bytes":	2490368,
				"bits_per_second":	19929122.102735061,
				"retransmits":	0,
				"omitted":	false,
				"sender":	true
			}
		}, {
			"streams":	[{
					"socket":	5,
					"start":	2.001082,
					"end":	3.001503,
					"seconds":	1.0004210472106934,
					"bytes":	2490368,
					"bits_per_second":	19914559.030468032,
					"retransmits":	0,
					"snd_cwnd":	387368,
					"snd_wnd":	-1,
					"rtt":	151,
					"rttvar":	82,
					"pmtu":	9500,
					"omitted":	false,
					"sender":	true
				}],
			"sum":	{
				"start":	2.001082,
				"end":	3.001503,
				"seconds":	1.0004210472106934,
				"bytes":	2490368,
				"bits_per_second":	19914559.030468032,
				"retransmits":	0,
				"omitted":	false,
				"sender":	true
			}
		}],
	"end":	{
		"streams":	[{
				"sender":	{
					"socket":	5,
					"start":	0,
					"end":	3.001503,
					"seconds":	3.001503,
					"bytes":	7602176,
					"bits_per_second":	20262317.912059393,
					"retransmits":	0,
					"max_snd_cwnd":	387368,
					"max_snd_wnd":	0,
					"max_rtt":	246,
					"min_rtt":	151,
					"mean_rtt":	199,
					"sender":	true
				},
				"receiver":	{
					"socket":	5,
					"start":	0,
					"end":	3.001703,
					"seconds":	3.001503,
					"bytes":	7602176,
					"bits_per_second":	20260967.857246369,
					"sender":	true
				}
			}],
		"sum_sent":	{
			"start":	0,
			"end":	3.001503,
			"seconds":	3.001503,
			"bytes":	7602176,
			"bits_per_second":	20262317.912059393,
			"retransmits":	0,
			"sender":	true
		},
		"sum_received":	{
			"start":	0,
			"end":	3.001703,
			"seconds":	3.001703,
			"bytes":	7602176,
			"bits_per_second":	20260967.857246369,
			"sender":	true
		},
		"cpu_utilization_percent":	{
			"host_total":	0.756631348544339,
			"host_user":	0,
			"host_system":	0.756664653912265,
			"remote_total":	0.2697783007365101,
			"remote_user":	0,
			"remote_system":	0.2697783007365101
		},
		"sender_tcp_congestion":	"cubic",
		"receiver_tcp_congestion":	"cubic"
	}
}
