{
	"start":	{
		"connected":	[{
				"socket":	5,
				"local_host":	"192.168.1.2",
				"local_port":	55952,
				"remote_host":	"192.168.8.2",
				"remote_port":	5203
			}],
		"version":	"iperf 3.19.1",
		"system_info":	"Linux h1 6.6.87.2-microsoft-standard-WSL2 #1 SMP PREEMPT_DYNAMIC Thu Jun  5 18:30:46 UTC 2025 x86_64",
		"timestamp":	{
			"time":	"Mon, 06 Apr 2026 03:23:48 UTC",
			"timesecs":	1775445828
		},
		"connecting_to":	{
			"host":	"192.168.8.2",
			"port":	5203
		},
		"cookie":	"fza7gnsbh6mqnvhm6qebfsxgc22wt724j5ba",
		"tcp_mss_default":	9448,
		"target_bitrate":	20000000,
		"fq_rate":	0,
		"sock_bufsize":	0,
		"sndbuf_actual":	16384,
		"rcvbuf_actual":	131072,
		"test_start":	{
			"protocol":	"TCP",
			"num_streams":	1,
			"blksize":	131072,
			"omit":	0,
			"duration":	3,
			"bytes":	0,
			"blocks":	0,
			"reverse":	0,
			"tos":	0,
			"target_bitrate":	20000000,
			"bidir":	0,
			"fqrate":	0,
			"interval":	1
		}
	},
	"intervals":	[{
			"streams":	[{
					"socket":	5,
					"start":	0,
					"end":	1.001065,
					"seconds":	1.0010650157928467,
					"bytes":	2621440,
					"bits_per_second":	20949208.76182102,
					"retransmits":	0,
					"snd_cwnd":	264544,
					"snd_wnd":	-1,
					"rtt":	129,
					"rttvar":	72,
					"pmtu":	9500,
					"omitted":	false,
					"sender":	true
				}],
			"sum":	{
				"start":	0,
				"end":	1.001065,
				"seconds":	1.0010650157928467,
				"bytes":	2621440,
				"bits_per_second":	20949208.76182102,
				"retransmits":	0,
				"omitted":	false,
				"sender":	true
			}
		}, {
			"streams":	[{
					"socket":	5,
					"start":	1.001065,
					"end":	2.001067,
					"seconds":	1.0000020265579224,
					"bytes":	2490368,
					"bits_per_second":	19922903.625081822,
					"retransmits":	0,
					"snd_cwnd":	264544,
					"snd_wnd":	-1,
					"rtt":	150,
					"rttvar":	47,
					"pmtu":	9500,
					"omitted":	false,
					"sender":	true
				}],
			"sum":	{
				"start":	1.001065,
				"end":	2.001067,
				"seconds":	1.0000020265579224,
				"bytes":	2490368,
				"bits_per_second":	19922903.625081822,
				"retransmits":	0,
				"omitted":	false,
				"sender":	true
			}
		}, {
			"streams":	[{
					"socket":	5,
					"start":	2.001067,
					"end":	3.000821,
					"seconds":	0.999754011631012,
					"bytes":	2490368,
					"bits_per_second":	19927846.0183395,
					"retransmits":	0,
					"snd_cwnd":	264544,
					"snd_wnd":	-1,
					"rtt":	209,
					"rttvar":	117,
					"pmtu":	9500,
					"omitted":	false,
					"sender":	true
				}],
			"sum":	{
				"start":	2.001067,
				"end":	3.000821,
				"seconds":	0.999754011631012,
				"bytes":	2490368,
				"bits_per_second":	19927846.0183395,
				"retransmits":	0,
				"omitted":	false,
				"sender":	true
			}
		}],
	"end":	{
		"streams":	[{
				"sender":	{
					"socket":	5,
					"start":	0,
					"end":	3.000821,
					"seconds":	3.000821,
					"bytes":	7602176,
					"bits_per_second":	20266922.952085447,
					"retransmits":	0,
					"max_snd_cwnd":	264544,
					"max_snd_wnd":	0,
					"max_rtt":	209,
					"min_rtt":	129,
					"mean_rtt":	162,
					"sender":	true
				},
				"receiver":	{
					"socket":	5,
					"start":	0,
					"end":	3.000946,
					"seconds":	3.000821,
					"bytes":	7602176,
					"bits_per_second":	20266078.763163351,
					"sender":	true
				}
			}],
		"sum_sent":	{
			"start":	0,
			"end":	3.000821,
			"seconds":	3.000821,
			"bytes":	7602176,
			"bits_per_second":	20266922.952085447,
			"retransmits":	0,
			"sender":	true
		},
		"sum_received":	{
			"start":	0,
			"end":	3.000946,
			"seconds":	3.000946,
			"bytes":	7602176,
			"bits_per_second":	20266078.763163351,
			"sender":	true
		},
		"cpu_utilization_percent":	{
			"host_total":	0.69931071655696075,
			"host_user":	0,
			"host_system":	0.69937734295907172,
			"remote_total":	0.23232395262617367,
			"remote_user":	0,
			"remote_system":	0.23235727505196632
		},
		"sender_tcp_congestion":	"cubic",
		"receiver_tcp_congestion":	"cubic"
	}
}
