{
	"start":	{
		"connected":	[{
				"socket":	5,
				"local_host":	"192.168.1.2",
				"local_port":	55290,
				"remote_host":	"192.168.8.2",
				"remote_port":	5202
			}],
		"version":	"iperf 3.19.1",
		"system_info":	"Linux h1 6.6.87.2-microsoft-standard-WSL2 #1 SMP PREEMPT_DYNAMIC Thu Jun  5 18:30:46 UTC 2025 x86_64",
		"timestamp":	{
			"time":	"Mon, 06 Apr 2026 03:24:35 UTC",
			"timesecs":	1775445875
		},
		"connecting_to":	{
			"host":	"192.168.8.2",
			"port":	5202
		},
		"cookie":	"y2wleyda2op5qdt7wcpj6jomhhyrspo4bg6m",
		"tcp_mss_default":	9448,
		"target_bitrate":	20000000,
		"fq_rate":	0,
		"sock_bufsize":	0,
		"sndbuf_actual":	16384,
		"rcvbuf_actual":	131072,
		"test_start":	{
			"protocol":	"TCP",
			"num_streams":	1,
			"blksize":	131072,
			"omit":	0,
			"duration":	3,
			"bytes":	0,
			"blocks":	0,
			"reverse":	0,
			"tos":	0,
			"target_bitrate":	20000000,
			"bidir":	0,
			"fqrate":	0,
			"interval":	1
		}
	},
	"intervals":	[{
			"streams":	[{
					"socket":	5,
					"start":	0,
					"end":	1.001218,
					"seconds":	1.00121796131134,
					"bytes":	2621440,
					"bits_per_second":	20946008.571932383,
					"retransmits":	0,
					"snd_cwnd":	264544,
					"snd_wnd":	-1,
					"rtt":	170,
					"rttvar":	79,
					"pmtu":	9500,
					"omitted":	false,
					"sender":	true
				}],
			"sum":	{
				"start":	0,
				"end":	1.001218,
				"seconds":	1.00121796131134,
				"bytes":	2621440,
				"bits_per_second":	20946008.571932383,
				"retransmits":	0,
				"omitted":	false,
				"sender":	true
			}
		}, {
			"streams":	[{
					"socket":	5,
					"start":	1.001218,
					"end":	2.001078,
					"seconds":	0.99985998868942261,
					"bytes":	2490368,
					"bits_per_second":	19925733.828107491,
					"retransmits":	0,
					"snd_cwnd":	264544,
					"snd_wnd":	-1,
					"rtt":	135,
					"rttvar":	70,
					"pmtu":	9500,
					"omitted":	false,
					"sender":	true
				}],
			"sum":	{
				"start":	1.001218,
				"end":	2.001078,
				"seconds":	0.99985998868942261,
				"bytes":	2490368,
				"bits_per_second":	19925733.828107491,
				"retransmits":	0,
				"omitted":	false,
				"sender":	true
			}
		}, {
			"streams":	[{
					"socket":	5,
					"start":	2.001078,
					"end":	3.001141,
					"seconds":	1.0000629425048828,
					"bytes":	2490368,
					"bits_per_second":	19921690.078924932,
					"retransmits":	0,
					"snd_cwnd":	264544,
					"snd_wnd":	-1,
					"rtt":	152,
					"rttvar":	78,
					"pmtu":	9500,
					"omitted":	false,
					"sender":	true
				}],
			"sum":	{
				"start":	2.001078,
				"end":	3.001141,
				"seconds":	1.0000629425048828,
				"bytes":	2490368,
				"bits_per_second":	19921690.078924932,
				"retransmits":	0,
				"omitted":	false,
				"sender":	true
			}
		}],
	"end":	{
		"streams":	[{
				"sender":	{
					"socket":	5,
					"start":	0,
					"end":	3.001141,
					"seconds":	3.001141,
					"bytes":	7602176,
					"bits_per_second":	20264761.968864508,
					"retransmits":	0,
					"max_snd_cwnd":	264544,
					"max_snd_wnd":	0,
					"max_rtt":	170,
					"min_rtt":	135,
					"mean_rtt":	152,
					"sender":	true
				},
				"receiver":	{
					"socket":	5,
					"start":	0,
					"end":	3.001331,
					"seconds":	3.001141,
					"bytes":	7602176,
					"bits_per_second":	20263479.103104588,
					"sender":	true
				}
			}],
		"sum_sent":	{
			"start":	0,
			"end":	3.001141,
			"seconds":	3.001141,
			"bytes":	7602176,
			"bits_per_second":	20264761.968864508,
			"retransmits":	0,
			"sender":	true
		},
		"sum_received":	{
			"start":	0,
			"end":	3.001331,
			"seconds":	3.001331,
			"bytes":	7602176,
			"bits_per_second":	20263479.103104588,
			"sender":	true
		},
		"cpu_utilization_percent":	{
			"host_total":	0.63949258949365539,
			"host_user":	0.0638859725323627,
			"host_system":	0.57563992560182053,
			"remote_total":	0.21366873516305029,
			"remote_user":	0,
			"remote_system":	0.21366873516305029
		},
		"sender_tcp_congestion":	"cubic",
		"receiver_tcp_congestion":	"cubic"
	}
}
