{
	"start":	{
		"connected":	[{
				"socket":	5,
				"local_host":	"192.168.1.2",
				"local_port":	60760,
				"remote_host":	"192.168.8.2",
				"remote_port":	5202
			}],
		"version":	"iperf 3.19.1",
		"system_info":	"Linux h1 6.6.87.2-microsoft-standard-WSL2 #1 SMP PREEMPT_DYNAMIC Thu Jun  5 18:30:46 UTC 2025 x86_64",
		"timestamp":	{
			"time":	"Mon, 06 Apr 2026 03:11:00 UTC",
			"timesecs":	1775445060
		},
		"connecting_to":	{
			"host":	"192.168.8.2",
			"port":	5202
		},
		"cookie":	"njwzmt62eghvo2s2xeqzqccg6actis6i63se",
		"tcp_mss_default":	9448,
		"target_bitrate":	20000000,
		"fq_rate":	0,
		"sock_bufsize":	0,
		"sndbuf_actual":	16384,
		"rcvbuf_actual":	131072,
		"test_start":	{
			"protocol":	"TCP",
			"num_streams":	1,
			"blksize":	131072,
			"omit":	0,
			"duration":	3,
			"bytes":	0,
			"blocks":	0,
			"reverse":	0,
			"tos":	0,
			"target_bitrate":	20000000,
			"bidir":	0,
			"fqrate":	0,
			"interval":	1
		}
	},
	"intervals":	[{
			"streams":	[{
					"socket":	5,
					"start":	0,
					"end":	1.000237,
					"seconds":	1.000236988067627,
					"bytes":	2621440,
					"bits_per_second":	20966551.177551631,
					"retransmits":	0,
					"snd_cwnd":	207856,
					"snd_wnd":	-1,
					"rtt":	196,
					"rttvar":	120,
					"pmtu":	9500,
					"omitted":	false,
					"sender":	true
				}],
			"sum":	{
				"start":	0,
				"end":	1.000237,
				"seconds":	1.000236988067627,
				"bytes":	2621440,
				"bits_per_second":	20966551.177551631,
				"retransmits":	0,
				"omitted":	false,
				"sender":	true
			}
		}, {
			"streams":	[{
					"socket":	5,
					"start":	1.000237,
					"end":	2.000291,
					"seconds":	1.0000540018081665,
					"bytes":	2490368,
					"bits_per_second":	19921868.183096059,
					"retransmits":	0,
					"snd_cwnd":	207856,
					"snd_wnd":	-1,
					"rtt":	195,
					"rttvar":	93,
					"pmtu":	9500,
					"omitted":	false,
					"sender":	true
				}],
			"sum":	{
				"start":	1.000237,
				"end":	2.000291,
				"seconds":	1.0000540018081665,
				"bytes":	2490368,
				"bits_per_second":	19921868.183096059,
				"retransmits":	0,
				"omitted":	false,
				"sender":	true
			}
		}, {
			"streams":	[{
					"socket":	5,
					"start":	2.000291,
					"end":	3.001225,
					"seconds":	1.0009340047836304,
					"bytes":	2490368,
					"bits_per_second":	19904353.238859836,
					"retransmits":	0,
					"snd_cwnd":	207856,
					"snd_wnd":	-1,
					"rtt":	143,
					"rttvar":	77,
					"pmtu":	9500,
					"omitted":	false,
					"sender":	true
				}],
			"sum":	{
				"start":	2.000291,
				"end":	3.001225,
				"seconds":	1.0009340047836304,
				"bytes":	2490368,
				"bits_per_second":	19904353.238859836,
				"retransmits":	0,
				"omitted":	false,
				"sender":	true
			}
		}],
	"end":	{
		"streams":	[{
				"sender":	{
					"socket":	5,
					"start":	0,
					"end":	3.001225,
					"seconds":	3.001225,
					"bytes":	7602176,
					"bits_per_second":	20264194.78712859,
					"retransmits":	0,
					"max_snd_cwnd":	207856,
					"max_snd_wnd":	0,
					"max_rtt":	196,
					"min_rtt":	143,
					"mean_rtt":	178,
					"sender":	true
				},
				"receiver":	{
					"socket":	5,
					"start":	0,
					"end":	3.001362,
					"seconds":	3.001225,
					"bytes":	7602176,
					"bits_per_second":	20263269.808840122,
					"sender":	true
				}
			}],
		"sum_sent":	{
			"start":	0,
			"end":	3.001225,
			"seconds":	3.001225,
			"bytes":	7602176,
			"bits_per_second":	20264194.78712859,
			"retransmits":	0,
			"sender":	true
		},
		"sum_received":	{
			"start":	0,
			"end":	3.001362,
			"seconds":	3.001362,
			"bytes":	7602176,
			"bits_per_second":	20263269.808840122,
			"sender":	true
		},
		"cpu_utilization_percent":	{
			"host_total":	0.734678790320835,
			"host_user":	0.1251105165096264,
			"host_system":	0.60956827381120871,
			"remote_total":	0.24878340351155423,
			"remote_user":	0.00089957839759099566,
			"remote_system":	0.24788382511396326
		},
		"sender_tcp_congestion":	"cubic",
		"receiver_tcp_congestion":	"cubic"
	}
}
