{
	"start":	{
		"connected":	[{
				"socket":	5,
				"local_host":	"192.168.1.2",
				"local_port":	52716,
				"remote_host":	"192.168.8.2",
				"remote_port":	5202
			}],
		"version":	"iperf 3.19.1",
		"system_info":	"Linux h1 6.6.87.2-microsoft-standard-WSL2 #1 SMP PREEMPT_DYNAMIC Thu Jun  5 18:30:46 UTC 2025 x86_64",
		"timestamp":	{
			"time":	"Mon, 06 Apr 2026 03:14:04 UTC",
			"timesecs":	1775445244
		},
		"connecting_to":	{
			"host":	"192.168.8.2",
			"port":	5202
		},
		"cookie":	"3catcvttjdkyup5rhdfjw3b5fwrmqhruwyyu",
		"tcp_mss_default":	9448,
		"target_bitrate":	20000000,
		"fq_rate":	0,
		"sock_bufsize":	0,
		"sndbuf_actual":	16384,
		"rcvbuf_actual":	131072,
		"test_start":	{
			"protocol":	"TCP",
			"num_streams":	1,
			"blksize":	131072,
			"omit":	0,
			"duration":	3,
			"bytes":	0,
			"blocks":	0,
			"reverse":	0,
			"tos":	0,
			"target_bitrate":	20000000,
			"bidir":	0,
			"fqrate":	0,
			"interval":	1
		}
	},
	"intervals":	[{
			"streams":	[{
					"socket":	5,
					"start":	0,
					"end":	1.001128,
					"seconds":	1.0011279582977295,
					"bytes":	2621440,
					"bits_per_second":	20947891.651791424,
					"retransmits":	0,
					"snd_cwnd":	207856,
					"snd_wnd":	-1,
					"rtt":	129,
					"rttvar":	84,
					"pmtu":	9500,
					"omitted":	false,
					"sender":	true
				}],
			"sum":	{
				"start":	0,
				"end":	1.001128,
				"seconds":	1.0011279582977295,
				"bytes":	2621440,
				"bits_per_second":	20947891.651791424,
				"retransmits":	0,
				"omitted":	false,
				"sender":	true
			}
		}, {
			"streams":	[{
					"socket":	5,
					"start":	1.001128,
					"end":	2.001078,
					"seconds":	0.99994999170303345,
					"bytes":	2490368,
					"bits_per_second":	19923940.362326384,
					"retransmits":	0,
					"snd_cwnd":	207856,
					"snd_wnd":	-1,
					"rtt":	177,
					"rttvar":	98,
					"pmtu":	9500,
					"omitted":	false,
					"sender":	true
				}],
			"sum":	{
				"start":	1.001128,
				"end":	2.001078,
				"seconds":	0.99994999170303345,
				"bytes":	2490368,
				"bits_per_second":	19923940.362326384,
				"retransmits":	0,
				"omitted":	false,
				"sender":	true
			}
		}, {
			"streams":	[{
					"socket":	5,
					"start":	2.001078,
					"end":	3.001283,
					"seconds":	1.0002050399780273,
					"bytes":	2490368,
					"bits_per_second":	19918859.837416608,
					"retransmits":	0,
					"snd_cwnd":	207856,
					"snd_wnd":	-1,
					"rtt":	172,
					"rttvar":	87,
					"pmtu":	9500,
					"omitted":	false,
					"sender":	true
				}],
			"sum":	{
				"start":	2.001078,
				"end":	3.001283,
				"seconds":	1.0002050399780273,
				"bytes":	2490368,
				"bits_per_second":	19918859.837416608,
				"retransmits":	0,
				"omitted":	false,
				"sender":	true
			}
		}],
	"end":	{
		"streams":	[{
				"sender":	{
					"socket":	5,
					"start":	0,
					"end":	3.001283,
					"seconds":	3.001283,
					"bytes":	7602176,
					"bits_per_second":	20263803.180173282,
					"retransmits":	0,
					"max_snd_cwnd":	207856,
					"max_snd_wnd":	0,
					"max_rtt":	177,
					"min_rtt":	129,
					"mean_rtt":	159,
					"sender":	true
				},
				"receiver":	{
					"socket":	5,
					"start":	0,
					"end":	3.001485,
					"seconds":	3.001283,
					"bytes":	7602176,
					"bits_per_second":	20262439.425817553,
					"sender":	true
				}
			}],
		"sum_sent":	{
			"start":	0,
			"end":	3.001283,
			"seconds":	3.001283,
			"bytes":	7602176,
			"bits_per_second":	20263803.180173282,
			"retransmits":	0,
			"sender":	true
		},
		"sum_received":	{
			"start":	0,
			"end":	3.001485,
			"seconds":	3.001485,
			"bytes":	7602176,
			"bits_per_second":	20262439.425817553,
			"sender":	true
		},
		"cpu_utilization_percent":	{
			"host_total":	0.62769197570619928,
			"host_user":	0,
			"host_system":	0.62762537355481651,
			"remote_total":	0.2081590484386239,
			"remote_user":	0,
			"remote_system":	0.20812573232971884
		},
		"sender_tcp_congestion":	"cubic",
		"receiver_tcp_congestion":	"cubic"
	}
}
