{
	"start":	{
		"connected":	[{
				"socket":	5,
				"local_host":	"192.168.1.2",
				"local_port":	42142,
				"remote_host":	"192.168.8.2",
				"remote_port":	5203
			}],
		"version":	"iperf 3.19.1",
		"system_info":	"Linux h1 6.6.87.2-microsoft-standard-WSL2 #1 SMP PREEMPT_DYNAMIC Thu Jun  5 18:30:46 UTC 2025 x86_64",
		"timestamp":	{
			"time":	"Mon, 06 Apr 2026 03:15:42 UTC",
			"timesecs":	1775445342
		},
		"connecting_to":	{
			"host":	"192.168.8.2",
			"port":	5203
		},
		"cookie":	"xi57d6ohvzeii4yn5l4ysgsrwpihel5subqz",
		"tcp_mss_default":	9448,
		"target_bitrate":	20000000,
		"fq_rate":	0,
		"sock_bufsize":	0,
		"sndbuf_actual":	16384,
		"rcvbuf_actual":	131072,
		"test_start":	{
			"protocol":	"TCP",
			"num_streams":	1,
			"blksize":	131072,
			"omit":	0,
			"duration":	3,
			"bytes":	0,
			"blocks":	0,
			"reverse":	0,
			"tos":	0,
			"target_bitrate":	20000000,
			"bidir":	0,
			"fqrate":	0,
			"interval":	1
		}
	},
	"intervals":	[{
			"streams":	[{
					"socket":	5,
					"start":	0,
					"end":	1.001068,
					"seconds":	1.0010679960250854,
					"bytes":	2621440,
					"bits_per_second":	20949146.394921292,
					"retransmits":	0,
					"snd_cwnd":	207856,
					"snd_wnd":	-1,
					"rtt":	201,
					"rttvar":	103,
					"pmtu":	9500,
					"omitted":	false,
					"sender":	true
				}],
			"sum":	{
				"start":	0,
				"end":	1.001068,
				"seconds":	1.0010679960250854,
				"bytes":	2621440,
				"bits_per_second":	20949146.394921292,
				"retransmits":	0,
				"omitted":	false,
				"sender":	true
			}
		}, {
			"streams":	[{
					"socket":	5,
					"start":	1.001068,
					"end":	2.001127,
					"seconds":	1.0000590085983276,
					"bytes":	2490368,
					"bits_per_second":	19921768.444367889,
					"retransmits":	0,
					"snd_cwnd":	207856,
					"snd_wnd":	-1,
					"rtt":	227,
					"rttvar":	157,
					"pmtu":	9500,
					"omitted":	false,
					"sender":	true
				}],
			"sum":	{
				"start":	1.001068,
				"end":	2.001127,
				"seconds":	1.0000590085983276,
				"bytes":	2490368,
				"bits_per_second":	19921768.444367889,
				"retransmits":	0,
				"omitted":	false,
				"sender":	true
			}
		}, {
			"streams":	[{
					"socket":	5,
					"start":	2.001127,
					"end":	3.001246,
					"seconds":	1.0001189708709717,
					"bytes":	2490368,
					"bits_per_second":	19920574.031957161,
					"retransmits":	0,
					"snd_cwnd":	207856,
					"snd_wnd":	-1,
					"rtt":	205,
					"rttvar":	154,
					"pmtu":	9500,
					"omitted":	false,
					"sender":	true
				}],
			"sum":	{
				"start":	2.001127,
				"end":	3.001246,
				"seconds":	1.0001189708709717,
				"bytes":	2490368,
				"bits_per_second":	19920574.031957161,
				"retransmits":	0,
				"omitted":	false,
				"sender":	true
			}
		}],
	"end":	{
		"streams":	[{
				"sender":	{
					"socket":	5,
					"start":	0,
					"end":	3.001246,
					"seconds":	3.001246,
					"bytes":	7602176,
					"bits_per_second":	20264052.99665539,
					"retransmits":	0,
					"max_snd_cwnd":	207856,
					"max_snd_wnd":	0,
					"max_rtt":	227,
					"min_rtt":	201,
					"mean_rtt":	211,
					"sender":	true
				},
				"receiver":	{
					"socket":	5,
					"start":	0,
					"end":	3.001437,
					"seconds":	3.001246,
					"bytes":	7602176,
					"bits_per_second":	20262763.469631378,
					"sender":	true
				}
			}],
		"sum_sent":	{
			"start":	0,
			"end":	3.001246,
			"seconds":	3.001246,
			"bytes":	7602176,
			"bits_per_second":	20264052.99665539,
			"retransmits":	0,
			"sender":	true
		},
		"sum_received":	{
			"start":	0,
			"end":	3.001437,
			"seconds":	3.001437,
			"bytes":	7602176,
			"bits_per_second":	20262763.469631378,
			"sender":	true
		},
		"cpu_utilization_percent":	{
			"host_total":	1.3692069643317457,
			"host_user":	0.020415544588814945,
			"host_system":	1.348824724057105,
			"remote_total":	0.512914996375112,
			"remote_user":	0.0018657512047422066,
			"remote_system":	0.51101592818457076
		},
		"sender_tcp_congestion":	"cubic",
		"receiver_tcp_congestion":	"cubic"
	}
}
