{
	"start":	{
		"connected":	[{
				"socket":	5,
				"local_host":	"192.168.1.2",
				"local_port":	50090,
				"remote_host":	"192.168.8.2",
				"remote_port":	5203
			}],
		"version":	"iperf 3.19.1",
		"system_info":	"Linux h1 6.6.87.2-microsoft-standard-WSL2 #1 SMP PREEMPT_DYNAMIC Thu Jun  5 18:30:46 UTC 2025 x86_64",
		"timestamp":	{
			"time":	"Mon, 06 Apr 2026 03:33:31 UTC",
			"timesecs":	1775446411
		},
		"connecting_to":	{
			"host":	"192.168.8.2",
			"port":	5203
		},
		"cookie":	"ldgtzacherntzhuu5o46dvglw6xubms6l36m",
		"tcp_mss_default":	9448,
		"target_bitrate":	20000000,
		"fq_rate":	0,
		"sock_bufsize":	0,
		"sndbuf_actual":	16384,
		"rcvbuf_actual":	131072,
		"test_start":	{
			"protocol":	"TCP",
			"num_streams":	1,
			"blksize":	131072,
			"omit":	0,
			"duration":	3,
			"bytes":	0,
			"blocks":	0,
			"reverse":	0,
			"tos":	0,
			"target_bitrate":	20000000,
			"bidir":	0,
			"fqrate":	0,
			"interval":	1
		}
	},
	"intervals":	[{
			"streams":	[{
					"socket":	5,
					"start":	0,
					"end":	1.001083,
					"seconds":	1.0010830163955688,
					"bytes":	2621440,
					"bits_per_second":	20948832.071398657,
					"retransmits":	0,
					"snd_cwnd":	264544,
					"snd_wnd":	-1,
					"rtt":	158,
					"rttvar":	77,
					"pmtu":	9500,
					"omitted":	false,
					"sender":	true
				}],
			"sum":	{
				"start":	0,
				"end":	1.001083,
				"seconds":	1.0010830163955688,
				"bytes":	2621440,
				"bits_per_second":	20948832.071398657,
				"retransmits":	0,
				"omitted":	false,
				"sender":	true
			}
		}, {
			"streams":	[{
					"socket":	5,
					"start":	1.001083,
					"end":	2.001056,
					"seconds":	0.99997299909591675,
					"bytes":	2490368,
					"bits_per_second":	19923481.95202519,
					"retransmits":	0,
					"snd_cwnd":	264544,
					"snd_wnd":	-1,
					"rtt":	220,
					"rttvar":	136,
					"pmtu":	9500,
					"omitted":	false,
					"sender":	true
				}],
			"sum":	{
				"start":	1.001083,
				"end":	2.001056,
				"seconds":	0.99997299909591675,
				"bytes":	2490368,
				"bits_per_second":	19923481.95202519,
				"retransmits":	0,
				"omitted":	false,
				"sender":	true
			}
		}, {
			"streams":	[{
					"socket":	5,
					"start":	2.001056,
					"end":	3.000735,
					"seconds":	0.99967902898788452,
					"bytes":	2490368,
					"bits_per_second":	19929340.740668327,
					"retransmits":	0,
					"snd_cwnd":	264544,
					"snd_wnd":	-1,
					"rtt":	144,
					"rttvar":	79,
					"pmtu":	9500,
					"omitted":	false,
					"sender":	true
				}],
			"sum":	{
				"start":	2.001056,
				"end":	3.000735,
				"seconds":	0.99967902898788452,
				"bytes":	2490368,
				"bits_per_second":	19929340.740668327,
				"retransmits":	0,
				"omitted":	false,
				"sender":	true
			}
		}],
	"end":	{
		"streams":	[{
				"sender":	{
					"socket":	5,
					"start":	0,
					"end":	3.000735,
					"seconds":	3.000735,
					"bytes":	7602176,
					"bits_per_second":	20267503.79490358,
					"retransmits":	0,
					"max_snd_cwnd":	264544,
					"max_snd_wnd":	0,
					"max_rtt":	220,
					"min_rtt":	144,
					"mean_rtt":	174,
					"sender":	true
				},
				"receiver":	{
					"socket":	5,
					"start":	0,
					"end":	3.000954,
					"seconds":	3.000735,
					"bytes":	7602176,
					"bits_per_second":	20266024.73746682,
					"sender":	true
				}
			}],
		"sum_sent":	{
			"start":	0,
			"end":	3.000735,
			"seconds":	3.000735,
			"bytes":	7602176,
			"bits_per_second":	20267503.79490358,
			"retransmits":	0,
			"sender":	true
		},
		"sum_received":	{
			"start":	0,
			"end":	3.000954,
			"seconds":	3.000954,
			"bytes":	7602176,
			"bits_per_second":	20266024.73746682,
			"sender":	true
		},
		"cpu_utilization_percent":	{
			"host_total":	0.72884520059482882,
			"host_user":	0.087312183863935564,
			"host_system":	0.64163295436980661,
			"remote_total":	0.26961372360844532,
			"remote_user":	0,
			"remote_system":	0.26964704627852421
		},
		"sender_tcp_congestion":	"cubic",
		"receiver_tcp_congestion":	"cubic"
	}
}
