{
	"start":	{
		"connected":	[{
				"socket":	5,
				"local_host":	"192.168.1.2",
				"local_port":	38758,
				"remote_host":	"192.168.8.2",
				"remote_port":	5202
			}],
		"version":	"iperf 3.19.1",
		"system_info":	"Linux h1 6.6.87.2-microsoft-standard-WSL2 #1 SMP PREEMPT_DYNAMIC Thu Jun  5 18:30:46 UTC 2025 x86_64",
		"timestamp":	{
			"time":	"Mon, 06 Apr 2026 03:28:38 UTC",
			"timesecs":	1775446118
		},
		"connecting_to":	{
			"host":	"192.168.8.2",
			"port":	5202
		},
		"cookie":	"phitfq3zko3ldla4d3rwmjtkkwgc5nyaavbj",
		"tcp_mss_default":	9448,
		"target_bitrate":	20000000,
		"fq_rate":	0,
		"sock_bufsize":	0,
		"sndbuf_actual":	16384,
		"rcvbuf_actual":	131072,
		"test_start":	{
			"protocol":	"TCP",
			"num_streams":	1,
			"blksize":	131072,
			"omit":	0,
			"duration":	3,
			"bytes":	0,
			"blocks":	0,
			"reverse":	0,
			"tos":	0,
			"target_bitrate":	20000000,
			"bidir":	0,
			"fqrate":	0,
			"interval":	1
		}
	},
	"intervals":	[{
			"streams":	[{
					"socket":	5,
					"start":	0,
					"end":	1.001079,
					"seconds":	1.0010789632797241,
					"bytes":	2621440,
					"bits_per_second":	20948916.887927935,
					"retransmits":	0,
					"snd_cwnd":	330680,
					"snd_wnd":	-1,
					"rtt":	179,
					"rttvar":	63,
					"pmtu":	9500,
					"omitted":	false,
					"sender":	true
				}],
			"sum":	{
				"start":	0,
				"end":	1.001079,
				"seconds":	1.0010789632797241,
				"bytes":	2621440,
				"bits_per_second":	20948916.887927935,
				"retransmits":	0,
				"omitted":	false,
				"sender":	true
			}
		}, {
			"streams":	[{
					"socket":	5,
					"start":	1.001079,
					"end":	2.001425,
					"seconds":	1.0003459453582764,
					"bytes":	2490368,
					"bits_per_second":	19916054.133517329,
					"retransmits":	0,
					"snd_cwnd":	330680,
					"snd_wnd":	-1,
					"rtt":	146,
					"rttvar":	86,
					"pmtu":	9500,
					"omitted":	false,
					"sender":	true
				}],
			"sum":	{
				"start":	1.001079,
				"end":	2.001425,
				"seconds":	1.0003459453582764,
				"bytes":	2490368,
				"bits_per_second":	19916054.133517329,
				"retransmits":	0,
				"omitted":	false,
				"sender":	true
			}
		}, {
			"streams":	[{
					"socket":	5,
					"start":	2.001425,
					"end":	3.001346,
					"seconds":	0.99992102384567261,
					"bytes":	2490368,
					"bits_per_second":	19924517.561773859,
					"retransmits":	0,
					"snd_cwnd":	330680,
					"snd_wnd":	-1,
					"rtt":	172,
					"rttvar":	73,
					"pmtu":	9500,
					"omitted":	false,
					"sender":	true
				}],
			"sum":	{
				"start":	2.001425,
				"end":	3.001346,
				"seconds":	0.99992102384567261,
				"bytes":	2490368,
				"bits_per_second":	19924517.561773859,
				"retransmits":	0,
				"omitted":	false,
				"sender":	true
			}
		}],
	"end":	{
		"streams":	[{
				"sender":	{
					"socket":	5,
					"start":	0,
					"end":	3.001346,
					"seconds":	3.001346,
					"bytes":	7602176,
					"bits_per_second":	20263377.831146426,
					"retransmits":	0,
					"max_snd_cwnd":	330680,
					"max_snd_wnd":	0,
					"max_rtt":	179,
					"min_rtt":	146,
					"mean_rtt":	165,
					"sender":	true
				},
				"receiver":	{
					"socket":	5,
					"start":	0,
					"end":	3.001513,
					"seconds":	3.001346,
					"bytes":	7602176,
					"bits_per_second":	20262250.405045722,
					"sender":	true
				}
			}],
		"sum_sent":	{
			"start":	0,
			"end":	3.001346,
			"seconds":	3.001346,
			"bytes":	7602176,
			"bits_per_second":	20263377.831146426,
			"retransmits":	0,
			"sender":	true
		},
		"sum_received":	{
			"start":	0,
			"end":	3.001513,
			"seconds":	3.001513,
			"bytes":	7602176,
			"bits_per_second":	20262250.405045722,
			"sender":	true
		},
		"cpu_utilization_percent":	{
			"host_total":	0.673438466429497,
			"host_user":	0.19607954161286165,
			"host_system":	0.47735892481663544,
			"remote_total":	0.20576124832044382,
			"remote_user":	0,
			"remote_system":	0.20579456458474443
		},
		"sender_tcp_congestion":	"cubic",
		"receiver_tcp_congestion":	"cubic"
	}
}
