{
	"start":	{
		"connected":	[{
				"socket":	5,
				"local_host":	"192.168.1.2",
				"local_port":	50044,
				"remote_host":	"192.168.8.2",
				"remote_port":	5203
			}],
		"version":	"iperf 3.19.1",
		"system_info":	"Linux h1 6.6.87.2-microsoft-standard-WSL2 #1 SMP PREEMPT_DYNAMIC Thu Jun  5 18:30:46 UTC 2025 x86_64",
		"timestamp":	{
			"time":	"Mon, 06 Apr 2026 03:33:23 UTC",
			"timesecs":	1775446403
		},
		"connecting_to":	{
			"host":	"192.168.8.2",
			"port":	5203
		},
		"cookie":	"p45wk6x6yp34umfoa37lfegmdxgbjgqd6ifn",
		"tcp_mss_default":	9448,
		"target_bitrate":	20000000,
		"fq_rate":	0,
		"sock_bufsize":	0,
		"sndbuf_actual":	16384,
		"rcvbuf_actual":	131072,
		"test_start":	{
			"protocol":	"TCP",
			"num_streams":	1,
			"blksize":	131072,
			"omit":	0,
			"duration":	3,
			"bytes":	0,
			"blocks":	0,
			"reverse":	0,
			"tos":	0,
			"target_bitrate":	20000000,
			"bidir":	0,
			"fqrate":	0,
			"interval":	1
		}
	},
	"intervals":	[{
			"streams":	[{
					"socket":	5,
					"start":	0,
					"end":	1.001532,
					"seconds":	1.0015319585800171,
					"bytes":	2621440,
					"bits_per_second":	20939441.642714676,
					"retransmits":	0,
					"snd_cwnd":	264544,
					"snd_wnd":	-1,
					"rtt":	125,
					"rttvar":	62,
					"pmtu":	9500,
					"omitted":	false,
					"sender":	true
				}],
			"sum":	{
				"start":	0,
				"end":	1.001532,
				"seconds":	1.0015319585800171,
				"bytes":	2621440,
				"bits_per_second":	20939441.642714676,
				"retransmits":	0,
				"omitted":	false,
				"sender":	true
			}
		}, {
			"streams":	[{
					"socket":	5,
					"start":	1.001532,
					"end":	2.001067,
					"seconds":	0.99953502416610718,
					"bytes":	2490368,
					"bits_per_second":	19932211.996894583,
					"retransmits":	0,
					"snd_cwnd":	264544,
					"snd_wnd":	-1,
					"rtt":	135,
					"rttvar":	80,
					"pmtu":	9500,
					"omitted":	false,
					"sender":	true
				}],
			"sum":	{
				"start":	1.001532,
				"end":	2.001067,
				"seconds":	0.99953502416610718,
				"bytes":	2490368,
				"bits_per_second":	19932211.996894583,
				"retransmits":	0,
				"omitted":	false,
				"sender":	true
			}
		}, {
			"streams":	[{
					"socket":	5,
					"start":	2.001067,
					"end":	3.001249,
					"seconds":	1.000182032585144,
					"bytes":	2490368,
					"bits_per_second":	19919318.035043776,
					"retransmits":	0,
					"snd_cwnd":	264544,
					"snd_wnd":	-1,
					"rtt":	120,
					"rttvar":	67,
					"pmtu":	9500,
					"omitted":	false,
					"sender":	true
				}],
			"sum":	{
				"start":	2.001067,
				"end":	3.001249,
				"seconds":	1.000182032585144,
				"bytes":	2490368,
				"bits_per_second":	19919318.035043776,
				"retransmits":	0,
				"omitted":	false,
				"sender":	true
			}
		}],
	"end":	{
		"streams":	[{
				"sender":	{
					"socket":	5,
					"start":	0,
					"end":	3.001249,
					"seconds":	3.001249,
					"bytes":	7602176,
					"bits_per_second":	20264032.74103548,
					"retransmits":	0,
					"max_snd_cwnd":	264544,
					"max_snd_wnd":	0,
					"max_rtt":	135,
					"min_rtt":	120,
					"mean_rtt":	126,
					"sender":	true
				},
				"receiver":	{
					"socket":	5,
					"start":	0,
					"end":	3.001412,
					"seconds":	3.001249,
					"bytes":	7602176,
					"bits_per_second":	20262932.246555954,
					"sender":	true
				}
			}],
		"sum_sent":	{
			"start":	0,
			"end":	3.001249,
			"seconds":	3.001249,
			"bytes":	7602176,
			"bits_per_second":	20264032.74103548,
			"retransmits":	0,
			"sender":	true
		},
		"sum_received":	{
			"start":	0,
			"end":	3.001412,
			"seconds":	3.001412,
			"bytes":	7602176,
			"bits_per_second":	20262932.246555954,
			"sender":	true
		},
		"cpu_utilization_percent":	{
			"host_total":	0.55676664995744973,
			"host_user":	0.025480167935956515,
			"host_system":	0.5312531746124266,
			"remote_total":	0.182745737209964,
			"remote_user":	0.019124166482865881,
			"remote_system":	0.16362157072709815
		},
		"sender_tcp_congestion":	"cubic",
		"receiver_tcp_congestion":	"cubic"
	}
}
