{
	"start":	{
		"connected":	[{
				"socket":	5,
				"local_host":	"192.168.1.2",
				"local_port":	59486,
				"remote_host":	"192.168.8.2",
				"remote_port":	5202
			}],
		"version":	"iperf 3.19.1",
		"system_info":	"Linux h1 6.6.87.2-microsoft-standard-WSL2 #1 SMP PREEMPT_DYNAMIC Thu Jun  5 18:30:46 UTC 2025 x86_64",
		"timestamp":	{
			"time":	"Mon, 06 Apr 2026 03:29:01 UTC",
			"timesecs":	1775446141
		},
		"connecting_to":	{
			"host":	"192.168.8.2",
			"port":	5202
		},
		"cookie":	"jttjlrxjk47iku27ja32bemh4whhef57ocjq",
		"tcp_mss_default":	9448,
		"target_bitrate":	20000000,
		"fq_rate":	0,
		"sock_bufsize":	0,
		"sndbuf_actual":	16384,
		"rcvbuf_actual":	131072,
		"test_start":	{
			"protocol":	"TCP",
			"num_streams":	1,
			"blksize":	131072,
			"omit":	0,
			"duration":	3,
			"bytes":	0,
			"blocks":	0,
			"reverse":	0,
			"tos":	0,
			"target_bitrate":	20000000,
			"bidir":	0,
			"fqrate":	0,
			"interval":	1
		}
	},
	"intervals":	[{
			"streams":	[{
					"socket":	5,
					"start":	0,
					"end":	1.001094,
					"seconds":	1.0010939836502075,
					"bytes":	2621440,
					"bits_per_second":	20948602.571292311,
					"retransmits":	0,
					"snd_cwnd":	264544,
					"snd_wnd":	-1,
					"rtt":	134,
					"rttvar":	52,
					"pmtu":	9500,
					"omitted":	false,
					"sender":	true
				}],
			"sum":	{
				"start":	0,
				"end":	1.001094,
				"seconds":	1.0010939836502075,
				"bytes":	2621440,
				"bits_per_second":	20948602.571292311,
				"retransmits":	0,
				"omitted":	false,
				"sender":	true
			}
		}, {
			"streams":	[{
					"socket":	5,
					"start":	1.001094,
					"end":	2.001106,
					"seconds":	1.0000120401382446,
					"bytes":	2490368,
					"bits_per_second":	19922704.1278881,
					"retransmits":	0,
					"snd_cwnd":	264544,
					"snd_wnd":	-1,
					"rtt":	147,
					"rttvar":	58,
					"pmtu":	9500,
					"omitted":	false,
					"sender":	true
				}],
			"sum":	{
				"start":	1.001094,
				"end":	2.001106,
				"seconds":	1.0000120401382446,
				"bytes":	2490368,
				"bits_per_second":	19922704.1278881,
				"retransmits":	0,
				"omitted":	false,
				"sender":	true
			}
		}, {
			"streams":	[{
					"socket":	5,
					"start":	2.001106,
					"end":	3.001364,
					"seconds":	1.0002579689025879,
					"bytes":	2490368,
					"bits_per_second":	19917805.825489242,
					"retransmits":	0,
					"snd_cwnd":	264544,
					"snd_wnd":	-1,
					"rtt":	141,
					"rttvar":	58,
					"pmtu":	9500,
					"omitted":	false,
					"sender":	true
				}],
			"sum":	{
				"start":	2.001106,
				"end":	3.001364,
				"seconds":	1.0002579689025879,
				"bytes":	2490368,
				"bits_per_second":	19917805.825489242,
				"retransmits":	0,
				"omitted":	false,
				"sender":	true
			}
		}],
	"end":	{
		"streams":	[{
				"sender":	{
					"socket":	5,
					"start":	0,
					"end":	3.001364,
					"seconds":	3.001364,
					"bytes":	7602176,
					"bits_per_second":	20263256.306132812,
					"retransmits":	0,
					"max_snd_cwnd":	264544,
					"max_snd_wnd":	0,
					"max_rtt":	147,
					"min_rtt":	134,
					"mean_rtt":	140,
					"sender":	true
				},
				"receiver":	{
					"socket":	5,
					"start":	0,
					"end":	3.00166,
					"seconds":	3.001364,
					"bytes":	7602176,
					"bits_per_second":	20261258.1038492,
					"sender":	true
				}
			}],
		"sum_sent":	{
			"start":	0,
			"end":	3.001364,
			"seconds":	3.001364,
			"bytes":	7602176,
			"bits_per_second":	20263256.306132812,
			"retransmits":	0,
			"sender":	true
		},
		"sum_received":	{
			"start":	0,
			"end":	3.00166,
			"seconds":	3.00166,
			"bytes":	7602176,
			"bits_per_second":	20261258.1038492,
			"sender":	true
		},
		"cpu_utilization_percent":	{
			"host_total":	0.591178307768326,
			"host_user":	0,
			"host_system":	0.591211604209203,
			"remote_total":	0.18116497272864165,
			"remote_user":	0,
			"remote_system":	0.18173132148487314
		},
		"sender_tcp_congestion":	"cubic",
		"receiver_tcp_congestion":	"cubic"
	}
}
