{
	"start":	{
		"connected":	[{
				"socket":	5,
				"local_host":	"192.168.1.2",
				"local_port":	37696,
				"remote_host":	"192.168.8.2",
				"remote_port":	5202
			}],
		"version":	"iperf 3.19.1",
		"system_info":	"Linux h1 6.6.87.2-microsoft-standard-WSL2 #1 SMP PREEMPT_DYNAMIC Thu Jun  5 18:30:46 UTC 2025 x86_64",
		"timestamp":	{
			"time":	"Mon, 06 Apr 2026 03:12:58 UTC",
			"timesecs":	1775445178
		},
		"connecting_to":	{
			"host":	"192.168.8.2",
			"port":	5202
		},
		"cookie":	"wsn6ononuh6rdep33aucrso7x54jdkenxap7",
		"tcp_mss_default":	9448,
		"target_bitrate":	20000000,
		"fq_rate":	0,
		"sock_bufsize":	0,
		"sndbuf_actual":	16384,
		"rcvbuf_actual":	131072,
		"test_start":	{
			"protocol":	"TCP",
			"num_streams":	1,
			"blksize":	131072,
			"omit":	0,
			"duration":	3,
			"bytes":	0,
			"blocks":	0,
			"reverse":	0,
			"tos":	0,
			"target_bitrate":	20000000,
			"bidir":	0,
			"fqrate":	0,
			"interval":	1
		}
	},
	"intervals":	[{
			"streams":	[{
					"socket":	5,
					"start":	0,
					"end":	1.000755,
					"seconds":	1.0007549524307251,
					"bytes":	2621440,
					"bits_per_second":	20955699.443767384,
					"retransmits":	0,
					"snd_cwnd":	264544,
					"snd_wnd":	-1,
					"rtt":	147,
					"rttvar":	79,
					"pmtu":	9500,
					"omitted":	false,
					"sender":	true
				}],
			"sum":	{
				"start":	0,
				"end":	1.000755,
				"seconds":	1.0007549524307251,
				"bytes":	2621440,
				"bits_per_second":	20955699.443767384,
				"retransmits":	0,
				"omitted":	false,
				"sender":	true
			}
		}, {
			"streams":	[{
					"socket":	5,
					"start":	1.000755,
					"end":	2.000192,
					"seconds":	0.99943697452545166,
					"bytes":	2490368,
					"bits_per_second":	19934167.444084931,
					"retransmits":	0,
					"snd_cwnd":	264544,
					"snd_wnd":	-1,
					"rtt":	229,
					"rttvar":	131,
					"pmtu":	9500,
					"omitted":	false,
					"sender":	true
				}],
			"sum":	{
				"start":	1.000755,
				"end":	2.000192,
				"seconds":	0.99943697452545166,
				"bytes":	2490368,
				"bits_per_second":	19934167.444084931,
				"retransmits":	0,
				"omitted":	false,
				"sender":	true
			}
		}, {
			"streams":	[{
					"socket":	5,
					"start":	2.000192,
					"end":	3.001263,
					"seconds":	1.0010709762573242,
					"bytes":	2490368,
					"bits_per_second":	19901629.826973256,
					"retransmits":	0,
					"snd_cwnd":	264544,
					"snd_wnd":	-1,
					"rtt":	143,
					"rttvar":	78,
					"pmtu":	9500,
					"omitted":	false,
					"sender":	true
				}],
			"sum":	{
				"start":	2.000192,
				"end":	3.001263,
				"seconds":	1.0010709762573242,
				"bytes":	2490368,
				"bits_per_second":	19901629.826973256,
				"retransmits":	0,
				"omitted":	false,
				"sender":	true
			}
		}],
	"end":	{
		"streams":	[{
				"sender":	{
					"socket":	5,
					"start":	0,
					"end":	3.001263,
					"seconds":	3.001263,
					"bytes":	7602176,
					"bits_per_second":	20263938.215344675,
					"retransmits":	0,
					"max_snd_cwnd":	264544,
					"max_snd_wnd":	0,
					"max_rtt":	229,
					"min_rtt":	143,
					"mean_rtt":	173,
					"sender":	true
				},
				"receiver":	{
					"socket":	5,
					"start":	0,
					"end":	3.001425,
					"seconds":	3.001263,
					"bytes":	7602176,
					"bits_per_second":	20262844.482204288,
					"sender":	true
				}
			}],
		"sum_sent":	{
			"start":	0,
			"end":	3.001263,
			"seconds":	3.001263,
			"bytes":	7602176,
			"bits_per_second":	20263938.215344675,
			"retransmits":	0,
			"sender":	true
		},
		"sum_received":	{
			"start":	0,
			"end":	3.001425,
			"seconds":	3.001425,
			"bytes":	7602176,
			"bits_per_second":	20262844.482204288,
			"sender":	true
		},
		"cpu_utilization_percent":	{
			"host_total":	0.71167585391443366,
			"host_user":	0,
			"host_system":	0.71167585391443366,
			"remote_total":	0.26097160197182984,
			"remote_user":	0,
			"remote_system":	0.26107155279602434
		},
		"sender_tcp_congestion":	"cubic",
		"receiver_tcp_congestion":	"cubic"
	}
}
