{
	"start":	{
		"connected":	[{
				"socket":	5,
				"local_host":	"192.168.1.2",
				"local_port":	35514,
				"remote_host":	"192.168.8.2",
				"remote_port":	5203
			}],
		"version":	"iperf 3.19.1",
		"system_info":	"Linux h1 6.6.87.2-microsoft-standard-WSL2 #1 SMP PREEMPT_DYNAMIC Thu Jun  5 18:30:46 UTC 2025 x86_64",
		"timestamp":	{
			"time":	"Mon, 06 Apr 2026 03:11:27 UTC",
			"timesecs":	1775445087
		},
		"connecting_to":	{
			"host":	"192.168.8.2",
			"port":	5203
		},
		"cookie":	"zmla46cshgw2kf3wc3gyiovv6pceunjk6mf4",
		"tcp_mss_default":	9448,
		"target_bitrate":	20000000,
		"fq_rate":	0,
		"sock_bufsize":	0,
		"sndbuf_actual":	16384,
		"rcvbuf_actual":	131072,
		"test_start":	{
			"protocol":	"TCP",
			"num_streams":	1,
			"blksize":	131072,
			"omit":	0,
			"duration":	3,
			"bytes":	0,
			"blocks":	0,
			"reverse":	0,
			"tos":	0,
			"target_bitrate":	20000000,
			"bidir":	0,
			"fqrate":	0,
			"interval":	1
		}
	},
	"intervals":	[{
			"streams":	[{
					"socket":	5,
					"start":	0,
					"end":	1.00117,
					"seconds":	1.0011700391769409,
					"bytes":	2621440,
					"bits_per_second":	20947011.176283929,
					"retransmits":	0,
					"snd_cwnd":	340128,
					"snd_wnd":	-1,
					"rtt":	148,
					"rttvar":	49,
					"pmtu":	9500,
					"omitted":	false,
					"sender":	true
				}],
			"sum":	{
				"start":	0,
				"end":	1.00117,
				"seconds":	1.0011700391769409,
				"bytes":	2621440,
				"bits_per_second":	20947011.176283929,
				"retransmits":	0,
				"omitted":	false,
				"sender":	true
			}
		}, {
			"streams":	[{
					"socket":	5,
					"start":	1.00117,
					"end":	2.001065,
					"seconds":	0.99989497661590576,
					"bytes":	2490368,
					"bits_per_second":	19925036.594771385,
					"retransmits":	0,
					"snd_cwnd":	340128,
					"snd_wnd":	-1,
					"rtt":	141,
					"rttvar":	104,
					"pmtu":	9500,
					"omitted":	false,
					"sender":	true
				}],
			"sum":	{
				"start":	1.00117,
				"end":	2.001065,
				"seconds":	0.99989497661590576,
				"bytes":	2490368,
				"bits_per_second":	19925036.594771385,
				"retransmits":	0,
				"omitted":	false,
				"sender":	true
			}
		}, {
			"streams":	[{
					"socket":	5,
					"start":	2.001065,
					"end":	3.001291,
					"seconds":	1.0002260208129883,
					"bytes":	2490368,
					"bits_per_second":	19918442.017541736,
					"retransmits":	0,
					"snd_cwnd":	340128,
					"snd_wnd":	-1,
					"rtt":	145,
					"rttvar":	56,
					"pmtu":	9500,
					"omitted":	false,
					"sender":	true
				}],
			"sum":	{
				"start":	2.001065,
				"end":	3.001291,
				"seconds":	1.0002260208129883,
				"bytes":	2490368,
				"bits_per_second":	19918442.017541736,
				"retransmits":	0,
				"omitted":	false,
				"sender":	true
			}
		}],
	"end":	{
		"streams":	[{
				"sender":	{
					"socket":	5,
					"start":	0,
					"end":	3.001291,
					"seconds":	3.001291,
					"bytes":	7602176,
					"bits_per_second":	20263749.166608635,
					"retransmits":	0,
					"max_snd_cwnd":	340128,
					"max_snd_wnd":	0,
					"max_rtt":	148,
					"min_rtt":	141,
					"mean_rtt":	144,
					"sender":	true
				},
				"receiver":	{
					"socket":	5,
					"start":	0,
					"end":	3.001465,
					"seconds":	3.001291,
					"bytes":	7602176,
					"bits_per_second":	20262574.442813758,
					"sender":	true
				}
			}],
		"sum_sent":	{
			"start":	0,
			"end":	3.001291,
			"seconds":	3.001291,
			"bytes":	7602176,
			"bits_per_second":	20263749.166608635,
			"retransmits":	0,
			"sender":	true
		},
		"sum_received":	{
			"start":	0,
			"end":	3.001465,
			"seconds":	3.001465,
			"bytes":	7602176,
			"bits_per_second":	20262574.442813758,
			"sender":	true
		},
		"cpu_utilization_percent":	{
			"host_total":	0.577055090525205,
			"host_user":	0.0248475092370449,
			"host_system":	0.552240888941293,
			"remote_total":	0.18770564662829484,
			"remote_user":	0.0057304528257129421,
			"remote_system":	0.18200851038877791
		},
		"sender_tcp_congestion":	"cubic",
		"receiver_tcp_congestion":	"cubic"
	}
}
