{
	"start":	{
		"connected":	[{
				"socket":	5,
				"local_host":	"192.168.1.2",
				"local_port":	55776,
				"remote_host":	"192.168.8.2",
				"remote_port":	5202
			}],
		"version":	"iperf 3.19.1",
		"system_info":	"Linux h1 6.6.87.2-microsoft-standard-WSL2 #1 SMP PREEMPT_DYNAMIC Thu Jun  5 18:30:46 UTC 2025 x86_64",
		"timestamp":	{
			"time":	"Mon, 06 Apr 2026 03:21:57 UTC",
			"timesecs":	1775445717
		},
		"connecting_to":	{
			"host":	"192.168.8.2",
			"port":	5202
		},
		"cookie":	"hzocy4gq3djv46yw77nmzgma6orsxftst3g3",
		"tcp_mss_default":	9448,
		"target_bitrate":	20000000,
		"fq_rate":	0,
		"sock_bufsize":	0,
		"sndbuf_actual":	16384,
		"rcvbuf_actual":	131072,
		"test_start":	{
			"protocol":	"TCP",
			"num_streams":	1,
			"blksize":	131072,
			"omit":	0,
			"duration":	3,
			"bytes":	0,
			"blocks":	0,
			"reverse":	0,
			"tos":	0,
			"target_bitrate":	20000000,
			"bidir":	0,
			"fqrate":	0,
			"interval":	1
		}
	},
	"intervals":	[{
			"streams":	[{
					"socket":	5,
					"start":	0,
					"end":	1.001386,
					"seconds":	1.0013860464096069,
					"bytes":	2621440,
					"bits_per_second":	20942492.733139012,
					"retransmits":	0,
					"snd_cwnd":	264544,
					"snd_wnd":	-1,
					"rtt":	141,
					"rttvar":	60,
					"pmtu":	9500,
					"omitted":	false,
					"sender":	true
				}],
			"sum":	{
				"start":	0,
				"end":	1.001386,
				"seconds":	1.0013860464096069,
				"bytes":	2621440,
				"bits_per_second":	20942492.733139012,
				"retransmits":	0,
				"omitted":	false,
				"sender":	true
			}
		}, {
			"streams":	[{
					"socket":	5,
					"start":	1.001386,
					"end":	2.00121,
					"seconds":	0.99982398748397827,
					"bytes":	2490368,
					"bits_per_second":	19926451.304829549,
					"retransmits":	0,
					"snd_cwnd":	264544,
					"snd_wnd":	-1,
					"rtt":	136,
					"rttvar":	56,
					"pmtu":	9500,
					"omitted":	false,
					"sender":	true
				}],
			"sum":	{
				"start":	1.001386,
				"end":	2.00121,
				"seconds":	0.99982398748397827,
				"bytes":	2490368,
				"bits_per_second":	19926451.304829549,
				"retransmits":	0,
				"omitted":	false,
				"sender":	true
			}
		}, {
			"streams":	[{
					"socket":	5,
					"start":	2.00121,
					"end":	3.001189,
					"seconds":	0.999979019165039,
					"bytes":	2490368,
					"bits_per_second":	19923362.008770172,
					"retransmits":	0,
					"snd_cwnd":	264544,
					"snd_wnd":	-1,
					"rtt":	264,
					"rttvar":	171,
					"pmtu":	9500,
					"omitted":	false,
					"sender":	true
				}],
			"sum":	{
				"start":	2.00121,
				"end":	3.001189,
				"seconds":	0.999979019165039,
				"bytes":	2490368,
				"bits_per_second":	19923362.008770172,
				"retransmits":	0,
				"omitted":	false,
				"sender":	true
			}
		}],
	"end":	{
		"streams":	[{
				"sender":	{
					"socket":	5,
					"start":	0,
					"end":	3.001189,
					"seconds":	3.001189,
					"bytes":	7602176,
					"bits_per_second":	20264437.8611277,
					"retransmits":	0,
					"max_snd_cwnd":	264544,
					"max_snd_wnd":	0,
					"max_rtt":	264,
					"min_rtt":	136,
					"mean_rtt":	180,
					"sender":	true
				},
				"receiver":	{
					"socket":	5,
					"start":	0,
					"end":	3.001312,
					"seconds":	3.001189,
					"bytes":	7602176,
					"bits_per_second":	20263607.382371444,
					"sender":	true
				}
			}],
		"sum_sent":	{
			"start":	0,
			"end":	3.001189,
			"seconds":	3.001189,
			"bytes":	7602176,
			"bits_per_second":	20264437.8611277,
			"retransmits":	0,
			"sender":	true
		},
		"sum_received":	{
			"start":	0,
			"end":	3.001312,
			"seconds":	3.001312,
			"bytes":	7602176,
			"bits_per_second":	20263607.382371444,
			"sender":	true
		},
		"cpu_utilization_percent":	{
			"host_total":	0.667712125007328,
			"host_user":	0,
			"host_system":	0.66774543400288855,
			"remote_total":	0.24512278295821918,
			"remote_user":	0,
			"remote_system":	0.24515610126499615
		},
		"sender_tcp_congestion":	"cubic",
		"receiver_tcp_congestion":	"cubic"
	}
}
