{
	"start":	{
		"connected":	[{
				"socket":	5,
				"local_host":	"192.168.1.2",
				"local_port":	43076,
				"remote_host":	"192.168.8.2",
				"remote_port":	5202
			}],
		"version":	"iperf 3.19.1",
		"system_info":	"Linux h1 6.6.87.2-microsoft-standard-WSL2 #1 SMP PREEMPT_DYNAMIC Thu Jun  5 18:30:46 UTC 2025 x86_64",
		"timestamp":	{
			"time":	"Mon, 06 Apr 2026 03:15:10 UTC",
			"timesecs":	1775445310
		},
		"connecting_to":	{
			"host":	"192.168.8.2",
			"port":	5202
		},
		"cookie":	"vo5uj6rqmq27zi2xva3yr3xuyy3eeiscphiz",
		"tcp_mss_default":	9448,
		"target_bitrate":	20000000,
		"fq_rate":	0,
		"sock_bufsize":	0,
		"sndbuf_actual":	16384,
		"rcvbuf_actual":	131072,
		"test_start":	{
			"protocol":	"TCP",
			"num_streams":	1,
			"blksize":	131072,
			"omit":	0,
			"duration":	3,
			"bytes":	0,
			"blocks":	0,
			"reverse":	0,
			"tos":	0,
			"target_bitrate":	20000000,
			"bidir":	0,
			"fqrate":	0,
			"interval":	1
		}
	},
	"intervals":	[{
			"streams":	[{
					"socket":	5,
					"start":	0,
					"end":	1.000429,
					"seconds":	1.0004290342330933,
					"bytes":	2621440,
					"bits_per_second":	20962526.358580049,
					"retransmits":	0,
					"snd_cwnd":	264544,
					"snd_wnd":	-1,
					"rtt":	176,
					"rttvar":	57,
					"pmtu":	9500,
					"omitted":	false,
					"sender":	true
				}],
			"sum":	{
				"start":	0,
				"end":	1.000429,
				"seconds":	1.0004290342330933,
				"bytes":	2621440,
				"bits_per_second":	20962526.358580049,
				"retransmits":	0,
				"omitted":	false,
				"sender":	true
			}
		}, {
			"streams":	[{
					"socket":	5,
					"start":	1.000429,
					"end":	2.001065,
					"seconds":	1.0006359815597534,
					"bytes":	2490368,
					"bits_per_second":	19910281.428162187,
					"retransmits":	0,
					"snd_cwnd":	264544,
					"snd_wnd":	-1,
					"rtt":	241,
					"rttvar":	185,
					"pmtu":	9500,
					"omitted":	false,
					"sender":	true
				}],
			"sum":	{
				"start":	1.000429,
				"end":	2.001065,
				"seconds":	1.0006359815597534,
				"bytes":	2490368,
				"bits_per_second":	19910281.428162187,
				"retransmits":	0,
				"omitted":	false,
				"sender":	true
			}
		}, {
			"streams":	[{
					"socket":	5,
					"start":	2.001065,
					"end":	3.001297,
					"seconds":	1.0002319812774658,
					"bytes":	2490368,
					"bits_per_second":	19918323.321910806,
					"retransmits":	0,
					"snd_cwnd":	264544,
					"snd_wnd":	-1,
					"rtt":	156,
					"rttvar":	65,
					"pmtu":	9500,
					"omitted":	false,
					"sender":	true
				}],
			"sum":	{
				"start":	2.001065,
				"end":	3.001297,
				"seconds":	1.0002319812774658,
				"bytes":	2490368,
				"bits_per_second":	19918323.321910806,
				"retransmits":	0,
				"omitted":	false,
				"sender":	true
			}
		}],
	"end":	{
		"streams":	[{
				"sender":	{
					"socket":	5,
					"start":	0,
					"end":	3.001297,
					"seconds":	3.001297,
					"bytes":	7602176,
					"bits_per_second":	20263708.65662412,
					"retransmits":	0,
					"max_snd_cwnd":	264544,
					"max_snd_wnd":	0,
					"max_rtt":	241,
					"min_rtt":	156,
					"mean_rtt":	191,
					"sender":	true
				},
				"receiver":	{
					"socket":	5,
					"start":	0,
					"end":	3.001455,
					"seconds":	3.001297,
					"bytes":	7602176,
					"bits_per_second":	20262641.951986618,
					"sender":	true
				}
			}],
		"sum_sent":	{
			"start":	0,
			"end":	3.001297,
			"seconds":	3.001297,
			"bytes":	7602176,
			"bits_per_second":	20263708.65662412,
			"retransmits":	0,
			"sender":	true
		},
		"sum_received":	{
			"start":	0,
			"end":	3.001455,
			"seconds":	3.001455,
			"bytes":	7602176,
			"bits_per_second":	20262641.951986618,
			"sender":	true
		},
		"cpu_utilization_percent":	{
			"host_total":	0.85311381212378168,
			"host_user":	0.094557277762919362,
			"host_system":	0.75858984090463233,
			"remote_total":	0.28848928101901117,
			"remote_user":	0,
			"remote_system":	0.28848928101901117
		},
		"sender_tcp_congestion":	"cubic",
		"receiver_tcp_congestion":	"cubic"
	}
}
