{
	"start":	{
		"connected":	[{
				"socket":	5,
				"local_host":	"192.168.1.2",
				"local_port":	46352,
				"remote_host":	"192.168.8.2",
				"remote_port":	5203
			}],
		"version":	"iperf 3.19.1",
		"system_info":	"Linux h1 6.6.87.2-microsoft-standard-WSL2 #1 SMP PREEMPT_DYNAMIC Thu Jun  5 18:30:46 UTC 2025 x86_64",
		"timestamp":	{
			"time":	"Mon, 06 Apr 2026 03:34:17 UTC",
			"timesecs":	1775446457
		},
		"connecting_to":	{
			"host":	"192.168.8.2",
			"port":	5203
		},
		"cookie":	"yw2s55nyo3a4pibwmgyqx65div3cpua7ppj5",
		"tcp_mss_default":	9448,
		"target_bitrate":	20000000,
		"fq_rate":	0,
		"sock_bufsize":	0,
		"sndbuf_actual":	16384,
		"rcvbuf_actual":	131072,
		"test_start":	{
			"protocol":	"TCP",
			"num_streams":	1,
			"blksize":	131072,
			"omit":	0,
			"duration":	3,
			"bytes":	0,
			"blocks":	0,
			"reverse":	0,
			"tos":	0,
			"target_bitrate":	20000000,
			"bidir":	0,
			"fqrate":	0,
			"interval":	1
		}
	},
	"intervals":	[{
			"streams":	[{
					"socket":	5,
					"start":	0,
					"end":	1.001074,
					"seconds":	1.001073956489563,
					"bytes":	2621440,
					"bits_per_second":	20949021.662235845,
					"retransmits":	0,
					"snd_cwnd":	207856,
					"snd_wnd":	-1,
					"rtt":	134,
					"rttvar":	49,
					"pmtu":	9500,
					"omitted":	false,
					"sender":	true
				}],
			"sum":	{
				"start":	0,
				"end":	1.001074,
				"seconds":	1.001073956489563,
				"bytes":	2621440,
				"bits_per_second":	20949021.662235845,
				"retransmits":	0,
				"omitted":	false,
				"sender":	true
			}
		}, {
			"streams":	[{
					"socket":	5,
					"start":	1.001074,
					"end":	2.001552,
					"seconds":	1.0004780292510986,
					"bytes":	2490368,
					"bits_per_second":	19913424.800455831,
					"retransmits":	0,
					"snd_cwnd":	207856,
					"snd_wnd":	-1,
					"rtt":	170,
					"rttvar":	62,
					"pmtu":	9500,
					"omitted":	false,
					"sender":	true
				}],
			"sum":	{
				"start":	1.001074,
				"end":	2.001552,
				"seconds":	1.0004780292510986,
				"bytes":	2490368,
				"bits_per_second":	19913424.800455831,
				"retransmits":	0,
				"omitted":	false,
				"sender":	true
			}
		}, {
			"streams":	[{
					"socket":	5,
					"start":	2.001552,
					"end":	3.001743,
					"seconds":	1.0001909732818604,
					"bytes":	2490368,
					"bits_per_second":	19919139.976466857,
					"retransmits":	0,
					"snd_cwnd":	207856,
					"snd_wnd":	-1,
					"rtt":	152,
					"rttvar":	78,
					"pmtu":	9500,
					"omitted":	false,
					"sender":	true
				}],
			"sum":	{
				"start":	2.001552,
				"end":	3.001743,
				"seconds":	1.0001909732818604,
				"bytes":	2490368,
				"bits_per_second":	19919139.976466857,
				"retransmits":	0,
				"omitted":	false,
				"sender":	true
			}
		}],
	"end":	{
		"streams":	[{
				"sender":	{
					"socket":	5,
					"start":	0,
					"end":	3.001743,
					"seconds":	3.001743,
					"bytes":	7602176,
					"bits_per_second":	20260697.8678721,
					"retransmits":	0,
					"max_snd_cwnd":	207856,
					"max_snd_wnd":	0,
					"max_rtt":	170,
					"min_rtt":	134,
					"mean_rtt":	152,
					"sender":	true
				},
				"receiver":	{
					"socket":	5,
					"start":	0,
					"end":	3.002,
					"seconds":	3.001743,
					"bytes":	7602176,
					"bits_per_second":	20258963.3577615,
					"sender":	true
				}
			}],
		"sum_sent":	{
			"start":	0,
			"end":	3.001743,
			"seconds":	3.001743,
			"bytes":	7602176,
			"bits_per_second":	20260697.8678721,
			"retransmits":	0,
			"sender":	true
		},
		"sum_received":	{
			"start":	0,
			"end":	3.002,
			"seconds":	3.002,
			"bytes":	7602176,
			"bits_per_second":	20258963.3577615,
			"sender":	true
		},
		"cpu_utilization_percent":	{
			"host_total":	0.675193924686655,
			"host_user":	0,
			"host_system":	0.675193924686655,
			"remote_total":	0.20852493921631265,
			"remote_user":	0,
			"remote_system":	0.20859156060264372
		},
		"sender_tcp_congestion":	"cubic",
		"receiver_tcp_congestion":	"cubic"
	}
}
