{
	"start":	{
		"connected":	[{
				"socket":	5,
				"local_host":	"192.168.1.2",
				"local_port":	44032,
				"remote_host":	"192.168.8.2",
				"remote_port":	5204
			}],
		"version":	"iperf 3.19.1",
		"system_info":	"Linux h1 6.6.87.2-microsoft-standard-WSL2 #1 SMP PREEMPT_DYNAMIC Thu Jun  5 18:30:46 UTC 2025 x86_64",
		"timestamp":	{
			"time":	"Mon, 06 Apr 2026 03:36:49 UTC",
			"timesecs":	1775446609
		},
		"connecting_to":	{
			"host":	"192.168.8.2",
			"port":	5204
		},
		"cookie":	"6nxnwb7njedbteh3d33c2q7m2ec26opbv4or",
		"tcp_mss_default":	9448,
		"target_bitrate":	20000000,
		"fq_rate":	0,
		"sock_bufsize":	0,
		"sndbuf_actual":	16384,
		"rcvbuf_actual":	131072,
		"test_start":	{
			"protocol":	"TCP",
			"num_streams":	1,
			"blksize":	131072,
			"omit":	0,
			"duration":	3,
			"bytes":	0,
			"blocks":	0,
			"reverse":	0,
			"tos":	0,
			"target_bitrate":	20000000,
			"bidir":	0,
			"fqrate":	0,
			"interval":	1
		}
	},
	"intervals":	[{
			"streams":	[{
					"socket":	5,
					"start":	0,
					"end":	1.001363,
					"seconds":	1.0013630390167236,
					"bytes":	2621440,
					"bits_per_second":	20942973.909435216,
					"retransmits":	0,
					"snd_cwnd":	264544,
					"snd_wnd":	-1,
					"rtt":	134,
					"rttvar":	60,
					"pmtu":	9500,
					"omitted":	false,
					"sender":	true
				}],
			"sum":	{
				"start":	0,
				"end":	1.001363,
				"seconds":	1.0013630390167236,
				"bytes":	2621440,
				"bits_per_second":	20942973.909435216,
				"retransmits":	0,
				"omitted":	false,
				"sender":	true
			}
		}, {
			"streams":	[{
					"socket":	5,
					"start":	1.001363,
					"end":	2.001091,
					"seconds":	0.99972802400589,
					"bytes":	2490368,
					"bits_per_second":	19928364.03661985,
					"retransmits":	0,
					"snd_cwnd":	264544,
					"snd_wnd":	-1,
					"rtt":	108,
					"rttvar":	55,
					"pmtu":	9500,
					"omitted":	false,
					"sender":	true
				}],
			"sum":	{
				"start":	1.001363,
				"end":	2.001091,
				"seconds":	0.99972802400589,
				"bytes":	2490368,
				"bits_per_second":	19928364.03661985,
				"retransmits":	0,
				"omitted":	false,
				"sender":	true
			}
		}, {
			"streams":	[{
					"socket":	5,
					"start":	2.001091,
					"end":	3.001286,
					"seconds":	1.0001950263977051,
					"bytes":	2490368,
					"bits_per_second":	19919059.257627312,
					"retransmits":	0,
					"snd_cwnd":	264544,
					"snd_wnd":	-1,
					"rtt":	138,
					"rttvar":	95,
					"pmtu":	9500,
					"omitted":	false,
					"sender":	true
				}],
			"sum":	{
				"start":	2.001091,
				"end":	3.001286,
				"seconds":	1.0001950263977051,
				"bytes":	2490368,
				"bits_per_second":	19919059.257627312,
				"retransmits":	0,
				"omitted":	false,
				"sender":	true
			}
		}],
	"end":	{
		"streams":	[{
				"sender":	{
					"socket":	5,
					"start":	0,
					"end":	3.001286,
					"seconds":	3.001286,
					"bytes":	7602176,
					"bits_per_second":	20263782.9250528,
					"retransmits":	0,
					"max_snd_cwnd":	264544,
					"max_snd_wnd":	0,
					"max_rtt":	138,
					"min_rtt":	108,
					"mean_rtt":	126,
					"sender":	true
				},
				"receiver":	{
					"socket":	5,
					"start":	0,
					"end":	3.001443,
					"seconds":	3.001286,
					"bytes":	7602176,
					"bits_per_second":	20262722.963587847,
					"sender":	true
				}
			}],
		"sum_sent":	{
			"start":	0,
			"end":	3.001286,
			"seconds":	3.001286,
			"bytes":	7602176,
			"bits_per_second":	20263782.9250528,
			"retransmits":	0,
			"sender":	true
		},
		"sum_received":	{
			"start":	0,
			"end":	3.001443,
			"seconds":	3.001443,
			"bytes":	7602176,
			"bits_per_second":	20262722.963587847,
			"sender":	true
		},
		"cpu_utilization_percent":	{
			"host_total":	0.57334610100337235,
			"host_user":	0,
			"host_system":	0.57334610100337235,
			"remote_total":	0.18407585591108386,
			"remote_user":	0,
			"remote_system":	0.18410917280808134
		},
		"sender_tcp_congestion":	"cubic",
		"receiver_tcp_congestion":	"cubic"
	}
}
