{
	"start":	{
		"connected":	[{
				"socket":	5,
				"local_host":	"192.168.1.2",
				"local_port":	40894,
				"remote_host":	"192.168.8.2",
				"remote_port":	5202
			}],
		"version":	"iperf 3.19.1",
		"system_info":	"Linux h1 6.6.87.2-microsoft-standard-WSL2 #1 SMP PREEMPT_DYNAMIC Thu Jun  5 18:30:46 UTC 2025 x86_64",
		"timestamp":	{
			"time":	"Mon, 06 Apr 2026 03:25:19 UTC",
			"timesecs":	1775445919
		},
		"connecting_to":	{
			"host":	"192.168.8.2",
			"port":	5202
		},
		"cookie":	"jyvcgp3obs2wa2234pgfgmrcjpwt2m6wjloo",
		"tcp_mss_default":	9448,
		"target_bitrate":	20000000,
		"fq_rate":	0,
		"sock_bufsize":	0,
		"sndbuf_actual":	16384,
		"rcvbuf_actual":	131072,
		"test_start":	{
			"protocol":	"TCP",
			"num_streams":	1,
			"blksize":	131072,
			"omit":	0,
			"duration":	3,
			"bytes":	0,
			"blocks":	0,
			"reverse":	0,
			"tos":	0,
			"target_bitrate":	20000000,
			"bidir":	0,
			"fqrate":	0,
			"interval":	1
		}
	},
	"intervals":	[{
			"streams":	[{
					"socket":	5,
					"start":	0,
					"end":	1.00111,
					"seconds":	1.0011099576950073,
					"bytes":	2621440,
					"bits_per_second":	20948268.308394019,
					"retransmits":	0,
					"snd_cwnd":	207856,
					"snd_wnd":	-1,
					"rtt":	156,
					"rttvar":	59,
					"pmtu":	9500,
					"omitted":	false,
					"sender":	true
				}],
			"sum":	{
				"start":	0,
				"end":	1.00111,
				"seconds":	1.0011099576950073,
				"bytes":	2621440,
				"bits_per_second":	20948268.308394019,
				"retransmits":	0,
				"omitted":	false,
				"sender":	true
			}
		}, {
			"streams":	[{
					"socket":	5,
					"start":	1.00111,
					"end":	2.000388,
					"seconds":	0.99927800893783569,
					"bytes":	2490368,
					"bits_per_second":	19937338.580258291,
					"retransmits":	0,
					"snd_cwnd":	207856,
					"snd_wnd":	-1,
					"rtt":	144,
					"rttvar":	56,
					"pmtu":	9500,
					"omitted":	false,
					"sender":	true
				}],
			"sum":	{
				"start":	1.00111,
				"end":	2.000388,
				"seconds":	0.99927800893783569,
				"bytes":	2490368,
				"bits_per_second":	19937338.580258291,
				"retransmits":	0,
				"omitted":	false,
				"sender":	true
			}
		}, {
			"streams":	[{
					"socket":	5,
					"start":	2.000388,
					"end":	3.001188,
					"seconds":	1.0008000135421753,
					"bytes":	2490368,
					"bits_per_second":	19907018.115922932,
					"retransmits":	0,
					"snd_cwnd":	207856,
					"snd_wnd":	-1,
					"rtt":	129,
					"rttvar":	55,
					"pmtu":	9500,
					"omitted":	false,
					"sender":	true
				}],
			"sum":	{
				"start":	2.000388,
				"end":	3.001188,
				"seconds":	1.0008000135421753,
				"bytes":	2490368,
				"bits_per_second":	19907018.115922932,
				"retransmits":	0,
				"omitted":	false,
				"sender":	true
			}
		}],
	"end":	{
		"streams":	[{
				"sender":	{
					"socket":	5,
					"start":	0,
					"end":	3.001188,
					"seconds":	3.001188,
					"bytes":	7602176,
					"bits_per_second":	20264444.613266479,
					"retransmits":	0,
					"max_snd_cwnd":	207856,
					"max_snd_wnd":	0,
					"max_rtt":	156,
					"min_rtt":	129,
					"mean_rtt":	143,
					"sender":	true
				},
				"receiver":	{
					"socket":	5,
					"start":	0,
					"end":	3.001384,
					"seconds":	3.001188,
					"bytes":	7602176,
					"bits_per_second":	20263121.280049473,
					"sender":	true
				}
			}],
		"sum_sent":	{
			"start":	0,
			"end":	3.001188,
			"seconds":	3.001188,
			"bytes":	7602176,
			"bits_per_second":	20264444.613266479,
			"retransmits":	0,
			"sender":	true
		},
		"sum_received":	{
			"start":	0,
			"end":	3.001384,
			"seconds":	3.001384,
			"bytes":	7602176,
			"bits_per_second":	20263121.280049473,
			"sender":	true
		},
		"cpu_utilization_percent":	{
			"host_total":	0.60466169720951,
			"host_user":	0,
			"host_system":	0.60466169720951,
			"remote_total":	0.19197560623744137,
			"remote_user":	0.19200892376715978,
			"remote_system":	0
		},
		"sender_tcp_congestion":	"cubic",
		"receiver_tcp_congestion":	"cubic"
	}
}
