{
	"start":	{
		"connected":	[{
				"socket":	5,
				"local_host":	"192.168.1.2",
				"local_port":	59634,
				"remote_host":	"192.168.8.2",
				"remote_port":	5204
			}],
		"version":	"iperf 3.19.1",
		"system_info":	"Linux h1 6.6.87.2-microsoft-standard-WSL2 #1 SMP PREEMPT_DYNAMIC Thu Jun  5 18:30:46 UTC 2025 x86_64",
		"timestamp":	{
			"time":	"Mon, 06 Apr 2026 03:27:30 UTC",
			"timesecs":	1775446050
		},
		"connecting_to":	{
			"host":	"192.168.8.2",
			"port":	5204
		},
		"cookie":	"ebhsyghp7pq2vxe6uegmoz2zrco6e7wnznee",
		"tcp_mss_default":	9448,
		"target_bitrate":	20000000,
		"fq_rate":	0,
		"sock_bufsize":	0,
		"sndbuf_actual":	16384,
		"rcvbuf_actual":	131072,
		"test_start":	{
			"protocol":	"TCP",
			"num_streams":	1,
			"blksize":	131072,
			"omit":	0,
			"duration":	3,
			"bytes":	0,
			"blocks":	0,
			"reverse":	0,
			"tos":	0,
			"target_bitrate":	20000000,
			"bidir":	0,
			"fqrate":	0,
			"interval":	1
		}
	},
	"intervals":	[{
			"streams":	[{
					"socket":	5,
					"start":	0,
					"end":	1.001088,
					"seconds":	1.00108802318573,
					"bytes":	2621440,
					"bits_per_second":	20948727.298987169,
					"retransmits":	0,
					"snd_cwnd":	321232,
					"snd_wnd":	-1,
					"rtt":	143,
					"rttvar":	60,
					"pmtu":	9500,
					"omitted":	false,
					"sender":	true
				}],
			"sum":	{
				"start":	0,
				"end":	1.001088,
				"seconds":	1.00108802318573,
				"bytes":	2621440,
				"bits_per_second":	20948727.298987169,
				"retransmits":	0,
				"omitted":	false,
				"sender":	true
			}
		}, {
			"streams":	[{
					"socket":	5,
					"start":	1.001088,
					"end":	2.001078,
					"seconds":	0.99998998641967773,
					"bytes":	2490368,
					"bits_per_second":	19923143.501997728,
					"retransmits":	0,
					"snd_cwnd":	321232,
					"snd_wnd":	-1,
					"rtt":	161,
					"rttvar":	123,
					"pmtu":	9500,
					"omitted":	false,
					"sender":	true
				}],
			"sum":	{
				"start":	1.001088,
				"end":	2.001078,
				"seconds":	0.99998998641967773,
				"bytes":	2490368,
				"bits_per_second":	19923143.501997728,
				"retransmits":	0,
				"omitted":	false,
				"sender":	true
			}
		}, {
			"streams":	[{
					"socket":	5,
					"start":	2.001078,
					"end":	3.001283,
					"seconds":	1.0002050399780273,
					"bytes":	2490368,
					"bits_per_second":	19918859.837416608,
					"retransmits":	0,
					"snd_cwnd":	321232,
					"snd_wnd":	-1,
					"rtt":	145,
					"rttvar":	86,
					"pmtu":	9500,
					"omitted":	false,
					"sender":	true
				}],
			"sum":	{
				"start":	2.001078,
				"end":	3.001283,
				"seconds":	1.0002050399780273,
				"bytes":	2490368,
				"bits_per_second":	19918859.837416608,
				"retransmits":	0,
				"omitted":	false,
				"sender":	true
			}
		}],
	"end":	{
		"streams":	[{
				"sender":	{
					"socket":	5,
					"start":	0,
					"end":	3.001283,
					"seconds":	3.001283,
					"bytes":	7602176,
					"bits_per_second":	20263803.180173282,
					"retransmits":	0,
					"max_snd_cwnd":	321232,
					"max_snd_wnd":	0,
					"max_rtt":	161,
					"min_rtt":	143,
					"mean_rtt":	149,
					"sender":	true
				},
				"receiver":	{
					"socket":	5,
					"start":	0,
					"end":	3.001433,
					"seconds":	3.001283,
					"bytes":	7602176,
					"bits_per_second":	20262790.473750371,
					"sender":	true
				}
			}],
		"sum_sent":	{
			"start":	0,
			"end":	3.001283,
			"seconds":	3.001283,
			"bytes":	7602176,
			"bits_per_second":	20263803.180173282,
			"retransmits":	0,
			"sender":	true
		},
		"sum_received":	{
			"start":	0,
			"end":	3.001433,
			"seconds":	3.001433,
			"bytes":	7602176,
			"bits_per_second":	20262790.473750371,
			"sender":	true
		},
		"cpu_utilization_percent":	{
			"host_total":	0.599697653265781,
			"host_user":	0,
			"host_system":	0.599730958700262,
			"remote_total":	0.21199548622529091,
			"remote_user":	0.016525186416430034,
			"remote_system":	0.19547029980886091
		},
		"sender_tcp_congestion":	"cubic",
		"receiver_tcp_congestion":	"cubic"
	}
}
