{
	"start":	{
		"connected":	[{
				"socket":	5,
				"local_host":	"192.168.1.2",
				"local_port":	52158,
				"remote_host":	"192.168.8.2",
				"remote_port":	5202
			}],
		"version":	"iperf 3.19.1",
		"system_info":	"Linux h1 6.6.87.2-microsoft-standard-WSL2 #1 SMP PREEMPT_DYNAMIC Thu Jun  5 18:30:46 UTC 2025 x86_64",
		"timestamp":	{
			"time":	"Mon, 06 Apr 2026 03:27:33 UTC",
			"timesecs":	1775446053
		},
		"connecting_to":	{
			"host":	"192.168.8.2",
			"port":	5202
		},
		"cookie":	"lkucswd46yhl4lyp7th36b7772rbmkx33o5n",
		"tcp_mss_default":	9448,
		"target_bitrate":	20000000,
		"fq_rate":	0,
		"sock_bufsize":	0,
		"sndbuf_actual":	16384,
		"rcvbuf_actual":	131072,
		"test_start":	{
			"protocol":	"TCP",
			"num_streams":	1,
			"blksize":	131072,
			"omit":	0,
			"duration":	3,
			"bytes":	0,
			"blocks":	0,
			"reverse":	0,
			"tos":	0,
			"target_bitrate":	20000000,
			"bidir":	0,
			"fqrate":	0,
			"interval":	1
		}
	},
	"intervals":	[{
			"streams":	[{
					"socket":	5,
					"start":	0,
					"end":	1.001052,
					"seconds":	1.0010520219802856,
					"bytes":	2621440,
					"bits_per_second":	20949480.685842924,
					"retransmits":	0,
					"snd_cwnd":	264544,
					"snd_wnd":	-1,
					"rtt":	115,
					"rttvar":	64,
					"pmtu":	9500,
					"omitted":	false,
					"sender":	true
				}],
			"sum":	{
				"start":	0,
				"end":	1.001052,
				"seconds":	1.0010520219802856,
				"bytes":	2621440,
				"bits_per_second":	20949480.685842924,
				"retransmits":	0,
				"omitted":	false,
				"sender":	true
			}
		}, {
			"streams":	[{
					"socket":	5,
					"start":	1.001052,
					"end":	2.001085,
					"seconds":	1.0000330209732056,
					"bytes":	2490368,
					"bits_per_second":	19922286.146722954,
					"retransmits":	0,
					"snd_cwnd":	264544,
					"snd_wnd":	-1,
					"rtt":	162,
					"rttvar":	57,
					"pmtu":	9500,
					"omitted":	false,
					"sender":	true
				}],
			"sum":	{
				"start":	1.001052,
				"end":	2.001085,
				"seconds":	1.0000330209732056,
				"bytes":	2490368,
				"bits_per_second":	19922286.146722954,
				"retransmits":	0,
				"omitted":	false,
				"sender":	true
			}
		}, {
			"streams":	[{
					"socket":	5,
					"start":	2.001085,
					"end":	3.000757,
					"seconds":	0.999671995639801,
					"bytes":	2490368,
					"bits_per_second":	19929480.956650283,
					"retransmits":	0,
					"snd_cwnd":	264544,
					"snd_wnd":	-1,
					"rtt":	119,
					"rttvar":	68,
					"pmtu":	9500,
					"omitted":	false,
					"sender":	true
				}],
			"sum":	{
				"start":	2.001085,
				"end":	3.000757,
				"seconds":	0.999671995639801,
				"bytes":	2490368,
				"bits_per_second":	19929480.956650283,
				"retransmits":	0,
				"omitted":	false,
				"sender":	true
			}
		}],
	"end":	{
		"streams":	[{
				"sender":	{
					"socket":	5,
					"start":	0,
					"end":	3.000757,
					"seconds":	3.000757,
					"bytes":	7602176,
					"bits_per_second":	20267355.204036847,
					"retransmits":	0,
					"max_snd_cwnd":	264544,
					"max_snd_wnd":	0,
					"max_rtt":	162,
					"min_rtt":	115,
					"mean_rtt":	132,
					"sender":	true
				},
				"receiver":	{
					"socket":	5,
					"start":	0,
					"end":	3.000897,
					"seconds":	3.000757,
					"bytes":	7602176,
					"bits_per_second":	20266409.676839959,
					"sender":	true
				}
			}],
		"sum_sent":	{
			"start":	0,
			"end":	3.000757,
			"seconds":	3.000757,
			"bytes":	7602176,
			"bits_per_second":	20267355.204036847,
			"retransmits":	0,
			"sender":	true
		},
		"sum_received":	{
			"start":	0,
			"end":	3.000897,
			"seconds":	3.000897,
			"bytes":	7602176,
			"bits_per_second":	20266409.676839959,
			"sender":	true
		},
		"cpu_utilization_percent":	{
			"host_total":	0.593555417600307,
			"host_user":	0.1010462987879773,
			"host_system":	0.49247581416539887,
			"remote_total":	0.19087358989969475,
			"remote_user":	0,
			"remote_system":	0.19090691280295935
		},
		"sender_tcp_congestion":	"cubic",
		"receiver_tcp_congestion":	"cubic"
	}
}
