{
	"start":	{
		"connected":	[{
				"socket":	5,
				"local_host":	"192.168.1.2",
				"local_port":	37334,
				"remote_host":	"192.168.8.2",
				"remote_port":	5202
			}],
		"version":	"iperf 3.19.1",
		"system_info":	"Linux h1 6.6.87.2-microsoft-standard-WSL2 #1 SMP PREEMPT_DYNAMIC Thu Jun  5 18:30:46 UTC 2025 x86_64",
		"timestamp":	{
			"time":	"Mon, 06 Apr 2026 03:15:18 UTC",
			"timesecs":	1775445318
		},
		"connecting_to":	{
			"host":	"192.168.8.2",
			"port":	5202
		},
		"cookie":	"gbbuy6s5sq2nmwgc55z7qzahf52uwhrupcf2",
		"tcp_mss_default":	9448,
		"target_bitrate":	20000000,
		"fq_rate":	0,
		"sock_bufsize":	0,
		"sndbuf_actual":	16384,
		"rcvbuf_actual":	131072,
		"test_start":	{
			"protocol":	"TCP",
			"num_streams":	1,
			"blksize":	131072,
			"omit":	0,
			"duration":	3,
			"bytes":	0,
			"blocks":	0,
			"reverse":	0,
			"tos":	0,
			"target_bitrate":	20000000,
			"bidir":	0,
			"fqrate":	0,
			"interval":	1
		}
	},
	"intervals":	[{
			"streams":	[{
					"socket":	5,
					"start":	0,
					"end":	1.001068,
					"seconds":	1.0010679960250854,
					"bytes":	2621440,
					"bits_per_second":	20949146.394921292,
					"retransmits":	0,
					"snd_cwnd":	359024,
					"snd_wnd":	-1,
					"rtt":	167,
					"rttvar":	96,
					"pmtu":	9500,
					"omitted":	false,
					"sender":	true
				}],
			"sum":	{
				"start":	0,
				"end":	1.001068,
				"seconds":	1.0010679960250854,
				"bytes":	2621440,
				"bits_per_second":	20949146.394921292,
				"retransmits":	0,
				"omitted":	false,
				"sender":	true
			}
		}, {
			"streams":	[{
					"socket":	5,
					"start":	1.001068,
					"end":	2.001105,
					"seconds":	1.0000369548797607,
					"bytes":	2490368,
					"bits_per_second":	19922207.777207024,
					"retransmits":	0,
					"snd_cwnd":	359024,
					"snd_wnd":	-1,
					"rtt":	205,
					"rttvar":	92,
					"pmtu":	9500,
					"omitted":	false,
					"sender":	true
				}],
			"sum":	{
				"start":	1.001068,
				"end":	2.001105,
				"seconds":	1.0000369548797607,
				"bytes":	2490368,
				"bits_per_second":	19922207.777207024,
				"retransmits":	0,
				"omitted":	false,
				"sender":	true
			}
		}, {
			"streams":	[{
					"socket":	5,
					"start":	2.001105,
					"end":	3.000559,
					"seconds":	0.99945402145385742,
					"bytes":	2490368,
					"bits_per_second":	19933827.442125909,
					"retransmits":	0,
					"snd_cwnd":	359024,
					"snd_wnd":	-1,
					"rtt":	135,
					"rttvar":	74,
					"pmtu":	9500,
					"omitted":	false,
					"sender":	true
				}],
			"sum":	{
				"start":	2.001105,
				"end":	3.000559,
				"seconds":	0.99945402145385742,
				"bytes":	2490368,
				"bits_per_second":	19933827.442125909,
				"retransmits":	0,
				"omitted":	false,
				"sender":	true
			}
		}],
	"end":	{
		"streams":	[{
				"sender":	{
					"socket":	5,
					"start":	0,
					"end":	3.000559,
					"seconds":	3.000559,
					"bytes":	7602176,
					"bits_per_second":	20268692.600278813,
					"retransmits":	0,
					"max_snd_cwnd":	359024,
					"max_snd_wnd":	0,
					"max_rtt":	205,
					"min_rtt":	135,
					"mean_rtt":	169,
					"sender":	true
				},
				"receiver":	{
					"socket":	5,
					"start":	0,
					"end":	3.000721,
					"seconds":	3.000559,
					"bytes":	7602176,
					"bits_per_second":	20267598.353862289,
					"sender":	true
				}
			}],
		"sum_sent":	{
			"start":	0,
			"end":	3.000559,
			"seconds":	3.000559,
			"bytes":	7602176,
			"bits_per_second":	20268692.600278813,
			"retransmits":	0,
			"sender":	true
		},
		"sum_received":	{
			"start":	0,
			"end":	3.000721,
			"seconds":	3.000721,
			"bytes":	7602176,
			"bits_per_second":	20267598.353862289,
			"sender":	true
		},
		"cpu_utilization_percent":	{
			"host_total":	0.6753038034229607,
			"host_user":	0,
			"host_system":	0.675337118854802,
			"remote_total":	0.21474545465451778,
			"remote_user":	0.00846451667943009,
			"remote_system":	0.20628093797508767
		},
		"sender_tcp_congestion":	"cubic",
		"receiver_tcp_congestion":	"cubic"
	}
}
