{
	"start":	{
		"connected":	[{
				"socket":	5,
				"local_host":	"192.168.1.2",
				"local_port":	49242,
				"remote_host":	"192.168.8.2",
				"remote_port":	5203
			}],
		"version":	"iperf 3.19.1",
		"system_info":	"Linux h1 6.6.87.2-microsoft-standard-WSL2 #1 SMP PREEMPT_DYNAMIC Thu Jun  5 18:30:46 UTC 2025 x86_64",
		"timestamp":	{
			"time":	"Mon, 06 Apr 2026 03:32:19 UTC",
			"timesecs":	1775446339
		},
		"connecting_to":	{
			"host":	"192.168.8.2",
			"port":	5203
		},
		"cookie":	"y3hngr3ug4tibxduxq7yu3ktyb7zdmdoqu75",
		"tcp_mss_default":	9448,
		"target_bitrate":	20000000,
		"fq_rate":	0,
		"sock_bufsize":	0,
		"sndbuf_actual":	16384,
		"rcvbuf_actual":	131072,
		"test_start":	{
			"protocol":	"TCP",
			"num_streams":	1,
			"blksize":	131072,
			"omit":	0,
			"duration":	3,
			"bytes":	0,
			"blocks":	0,
			"reverse":	0,
			"tos":	0,
			"target_bitrate":	20000000,
			"bidir":	0,
			"fqrate":	0,
			"interval":	1
		}
	},
	"intervals":	[{
			"streams":	[{
					"socket":	5,
					"start":	0,
					"end":	1.000367,
					"seconds":	1.0003670454025269,
					"bytes":	2621440,
					"bits_per_second":	20963825.324295342,
					"retransmits":	0,
					"snd_cwnd":	264544,
					"snd_wnd":	-1,
					"rtt":	155,
					"rttvar":	59,
					"pmtu":	9500,
					"omitted":	false,
					"sender":	true
				}],
			"sum":	{
				"start":	0,
				"end":	1.000367,
				"seconds":	1.0003670454025269,
				"bytes":	2621440,
				"bits_per_second":	20963825.324295342,
				"retransmits":	0,
				"omitted":	false,
				"sender":	true
			}
		}, {
			"streams":	[{
					"socket":	5,
					"start":	1.000367,
					"end":	2.001174,
					"seconds":	1.0008070468902588,
					"bytes":	2490368,
					"bits_per_second":	19906878.215841144,
					"retransmits":	0,
					"snd_cwnd":	264544,
					"snd_wnd":	-1,
					"rtt":	131,
					"rttvar":	62,
					"pmtu":	9500,
					"omitted":	false,
					"sender":	true
				}],
			"sum":	{
				"start":	1.000367,
				"end":	2.001174,
				"seconds":	1.0008070468902588,
				"bytes":	2490368,
				"bits_per_second":	19906878.215841144,
				"retransmits":	0,
				"omitted":	false,
				"sender":	true
			}
		}, {
			"streams":	[{
					"socket":	5,
					"start":	2.001174,
					"end":	3.001277,
					"seconds":	1.0001029968261719,
					"bytes":	2490368,
					"bits_per_second":	19920892.21132772,
					"retransmits":	0,
					"snd_cwnd":	264544,
					"snd_wnd":	-1,
					"rtt":	189,
					"rttvar":	83,
					"pmtu":	9500,
					"omitted":	false,
					"sender":	true
				}],
			"sum":	{
				"start":	2.001174,
				"end":	3.001277,
				"seconds":	1.0001029968261719,
				"bytes":	2490368,
				"bits_per_second":	19920892.21132772,
				"retransmits":	0,
				"omitted":	false,
				"sender":	true
			}
		}],
	"end":	{
		"streams":	[{
				"sender":	{
					"socket":	5,
					"start":	0,
					"end":	3.001277,
					"seconds":	3.001277,
					"bytes":	7602176,
					"bits_per_second":	20263843.690535728,
					"retransmits":	0,
					"max_snd_cwnd":	264544,
					"max_snd_wnd":	0,
					"max_rtt":	189,
					"min_rtt":	131,
					"mean_rtt":	158,
					"sender":	true
				},
				"receiver":	{
					"socket":	5,
					"start":	0,
					"end":	3.001454,
					"seconds":	3.001277,
					"bytes":	7602176,
					"bits_per_second":	20262648.702928647,
					"sender":	true
				}
			}],
		"sum_sent":	{
			"start":	0,
			"end":	3.001277,
			"seconds":	3.001277,
			"bytes":	7602176,
			"bits_per_second":	20263843.690535728,
			"retransmits":	0,
			"sender":	true
		},
		"sum_received":	{
			"start":	0,
			"end":	3.001454,
			"seconds":	3.001454,
			"bytes":	7602176,
			"bits_per_second":	20262648.702928647,
			"sender":	true
		},
		"cpu_utilization_percent":	{
			"host_total":	0.73556253680477279,
			"host_user":	0,
			"host_system":	0.73556253680477279,
			"remote_total":	0.18514082463462422,
			"remote_user":	0.0091287719902622,
			"remote_system":	0.17604536933045789
		},
		"sender_tcp_congestion":	"cubic",
		"receiver_tcp_congestion":	"cubic"
	}
}
