{
	"start":	{
		"connected":	[{
				"socket":	5,
				"local_host":	"192.168.1.2",
				"local_port":	59314,
				"remote_host":	"192.168.8.2",
				"remote_port":	5204
			}],
		"version":	"iperf 3.19.1",
		"system_info":	"Linux h1 6.6.87.2-microsoft-standard-WSL2 #1 SMP PREEMPT_DYNAMIC Thu Jun  5 18:30:46 UTC 2025 x86_64",
		"timestamp":	{
			"time":	"Mon, 06 Apr 2026 03:18:08 UTC",
			"timesecs":	1775445488
		},
		"connecting_to":	{
			"host":	"192.168.8.2",
			"port":	5204
		},
		"cookie":	"mdhlruaola3kzokswgr2oxgb5jnig74fyvmv",
		"tcp_mss_default":	9448,
		"target_bitrate":	20000000,
		"fq_rate":	0,
		"sock_bufsize":	0,
		"sndbuf_actual":	16384,
		"rcvbuf_actual":	131072,
		"test_start":	{
			"protocol":	"TCP",
			"num_streams":	1,
			"blksize":	131072,
			"omit":	0,
			"duration":	3,
			"bytes":	0,
			"blocks":	0,
			"reverse":	0,
			"tos":	0,
			"target_bitrate":	20000000,
			"bidir":	0,
			"fqrate":	0,
			"interval":	1
		}
	},
	"intervals":	[{
			"streams":	[{
					"socket":	5,
					"start":	0,
					"end":	1.001049,
					"seconds":	1.0010490417480469,
					"bytes":	2621440,
					"bits_per_second":	20949543.054733079,
					"retransmits":	0,
					"snd_cwnd":	264544,
					"snd_wnd":	-1,
					"rtt":	151,
					"rttvar":	61,
					"pmtu":	9500,
					"omitted":	false,
					"sender":	true
				}],
			"sum":	{
				"start":	0,
				"end":	1.001049,
				"seconds":	1.0010490417480469,
				"bytes":	2621440,
				"bits_per_second":	20949543.054733079,
				"retransmits":	0,
				"omitted":	false,
				"sender":	true
			}
		}, {
			"streams":	[{
					"socket":	5,
					"start":	1.001049,
					"end":	2.001146,
					"seconds":	1.0000970363616943,
					"bytes":	2490368,
					"bits_per_second":	19921010.937577344,
					"retransmits":	0,
					"snd_cwnd":	264544,
					"snd_wnd":	-1,
					"rtt":	149,
					"rttvar":	67,
					"pmtu":	9500,
					"omitted":	false,
					"sender":	true
				}],
			"sum":	{
				"start":	1.001049,
				"end":	2.001146,
				"seconds":	1.0000970363616943,
				"bytes":	2490368,
				"bits_per_second":	19921010.937577344,
				"retransmits":	0,
				"omitted":	false,
				"sender":	true
			}
		}, {
			"streams":	[{
					"socket":	5,
					"start":	2.001146,
					"end":	3.000309,
					"seconds":	0.99916297197341919,
					"bytes":	2490368,
					"bits_per_second":	19939634.032524988,
					"retransmits":	0,
					"snd_cwnd":	264544,
					"snd_wnd":	-1,
					"rtt":	148,
					"rttvar":	75,
					"pmtu":	9500,
					"omitted":	false,
					"sender":	true
				}],
			"sum":	{
				"start":	2.001146,
				"end":	3.000309,
				"seconds":	0.99916297197341919,
				"bytes":	2490368,
				"bits_per_second":	19939634.032524988,
				"retransmits":	0,
				"omitted":	false,
				"sender":	true
			}
		}],
	"end":	{
		"streams":	[{
				"sender":	{
					"socket":	5,
					"start":	0,
					"end":	3.000309,
					"seconds":	3.000309,
					"bytes":	7602176,
					"bits_per_second":	20270381.484040476,
					"retransmits":	0,
					"max_snd_cwnd":	264544,
					"max_snd_wnd":	0,
					"max_rtt":	151,
					"min_rtt":	148,
					"mean_rtt":	149,
					"sender":	true
				},
				"receiver":	{
					"socket":	5,
					"start":	0,
					"end":	3.000454,
					"seconds":	3.000309,
					"bytes":	7602176,
					"bits_per_second":	20269401.897179559,
					"sender":	true
				}
			}],
		"sum_sent":	{
			"start":	0,
			"end":	3.000309,
			"seconds":	3.000309,
			"bytes":	7602176,
			"bits_per_second":	20270381.484040476,
			"retransmits":	0,
			"sender":	true
		},
		"sum_received":	{
			"start":	0,
			"end":	3.000454,
			"seconds":	3.000454,
			"bytes":	7602176,
			"bits_per_second":	20269401.897179559,
			"sender":	true
		},
		"cpu_utilization_percent":	{
			"host_total":	0.64476083511054583,
			"host_user":	0,
			"host_system":	0.64476083511054583,
			"remote_total":	0.20843185854628943,
			"remote_user":	0,
			"remote_system":	0.20843185854628943
		},
		"sender_tcp_congestion":	"cubic",
		"receiver_tcp_congestion":	"cubic"
	}
}
