{
	"start":	{
		"connected":	[{
				"socket":	5,
				"local_host":	"192.168.1.2",
				"local_port":	53810,
				"remote_host":	"192.168.8.2",
				"remote_port":	5202
			}],
		"version":	"iperf 3.19.1",
		"system_info":	"Linux h1 6.6.87.2-microsoft-standard-WSL2 #1 SMP PREEMPT_DYNAMIC Thu Jun  5 18:30:46 UTC 2025 x86_64",
		"timestamp":	{
			"time":	"Mon, 06 Apr 2026 03:31:24 UTC",
			"timesecs":	1775446284
		},
		"connecting_to":	{
			"host":	"192.168.8.2",
			"port":	5202
		},
		"cookie":	"yvpqdr3ntg4aavbnzl5fqhy64j6cegshs3z7",
		"tcp_mss_default":	9448,
		"target_bitrate":	20000000,
		"fq_rate":	0,
		"sock_bufsize":	0,
		"sndbuf_actual":	16384,
		"rcvbuf_actual":	131072,
		"test_start":	{
			"protocol":	"TCP",
			"num_streams":	1,
			"blksize":	131072,
			"omit":	0,
			"duration":	3,
			"bytes":	0,
			"blocks":	0,
			"reverse":	0,
			"tos":	0,
			"target_bitrate":	20000000,
			"bidir":	0,
			"fqrate":	0,
			"interval":	1
		}
	},
	"intervals":	[{
			"streams":	[{
					"socket":	5,
					"start":	0,
					"end":	1.001211,
					"seconds":	1.0012110471725464,
					"bytes":	2621440,
					"bits_per_second":	20946153.22036675,
					"retransmits":	0,
					"snd_cwnd":	207856,
					"snd_wnd":	-1,
					"rtt":	146,
					"rttvar":	56,
					"pmtu":	9500,
					"omitted":	false,
					"sender":	true
				}],
			"sum":	{
				"start":	0,
				"end":	1.001211,
				"seconds":	1.0012110471725464,
				"bytes":	2621440,
				"bits_per_second":	20946153.22036675,
				"retransmits":	0,
				"omitted":	false,
				"sender":	true
			}
		}, {
			"streams":	[{
					"socket":	5,
					"start":	1.001211,
					"end":	2.001069,
					"seconds":	0.999858021736145,
					"bytes":	2490368,
					"bits_per_second":	19925773.026660293,
					"retransmits":	0,
					"snd_cwnd":	207856,
					"snd_wnd":	-1,
					"rtt":	160,
					"rttvar":	55,
					"pmtu":	9500,
					"omitted":	false,
					"sender":	true
				}],
			"sum":	{
				"start":	1.001211,
				"end":	2.001069,
				"seconds":	0.999858021736145,
				"bytes":	2490368,
				"bits_per_second":	19925773.026660293,
				"retransmits":	0,
				"omitted":	false,
				"sender":	true
			}
		}, {
			"streams":	[{
					"socket":	5,
					"start":	2.001069,
					"end":	3.001011,
					"seconds":	0.99994200468063354,
					"bytes":	2490368,
					"bits_per_second":	19924099.504513852,
					"retransmits":	0,
					"snd_cwnd":	207856,
					"snd_wnd":	-1,
					"rtt":	149,
					"rttvar":	67,
					"pmtu":	9500,
					"omitted":	false,
					"sender":	true
				}],
			"sum":	{
				"start":	2.001069,
				"end":	3.001011,
				"seconds":	0.99994200468063354,
				"bytes":	2490368,
				"bits_per_second":	19924099.504513852,
				"retransmits":	0,
				"omitted":	false,
				"sender":	true
			}
		}],
	"end":	{
		"streams":	[{
				"sender":	{
					"socket":	5,
					"start":	0,
					"end":	3.001011,
					"seconds":	3.001011,
					"bytes":	7602176,
					"bits_per_second":	20265639.812716447,
					"retransmits":	0,
					"max_snd_cwnd":	207856,
					"max_snd_wnd":	0,
					"max_rtt":	160,
					"min_rtt":	146,
					"mean_rtt":	151,
					"sender":	true
				},
				"receiver":	{
					"socket":	5,
					"start":	0,
					"end":	3.001196,
					"seconds":	3.001011,
					"bytes":	7602176,
					"bits_per_second":	20264390.596282281,
					"sender":	true
				}
			}],
		"sum_sent":	{
			"start":	0,
			"end":	3.001011,
			"seconds":	3.001011,
			"bytes":	7602176,
			"bits_per_second":	20265639.812716447,
			"retransmits":	0,
			"sender":	true
		},
		"sum_received":	{
			"start":	0,
			"end":	3.001196,
			"seconds":	3.001196,
			"bytes":	7602176,
			"bits_per_second":	20264390.596282281,
			"sender":	true
		},
		"cpu_utilization_percent":	{
			"host_total":	0.591675571390123,
			"host_user":	0,
			"host_system":	0.591742190268847,
			"remote_total":	0.19395323064907527,
			"remote_user":	0,
			"remote_system":	0.19405318936612512
		},
		"sender_tcp_congestion":	"cubic",
		"receiver_tcp_congestion":	"cubic"
	}
}
