{
	"start":	{
		"connected":	[{
				"socket":	5,
				"local_host":	"192.168.1.2",
				"local_port":	44146,
				"remote_host":	"192.168.8.2",
				"remote_port":	5202
			}],
		"version":	"iperf 3.19.1",
		"system_info":	"Linux h1 6.6.87.2-microsoft-standard-WSL2 #1 SMP PREEMPT_DYNAMIC Thu Jun  5 18:30:46 UTC 2025 x86_64",
		"timestamp":	{
			"time":	"Mon, 06 Apr 2026 03:14:35 UTC",
			"timesecs":	1775445275
		},
		"connecting_to":	{
			"host":	"192.168.8.2",
			"port":	5202
		},
		"cookie":	"7gbop7wo6oc4qkaj7mqd7tzvpwusilfox4wj",
		"tcp_mss_default":	9448,
		"target_bitrate":	20000000,
		"fq_rate":	0,
		"sock_bufsize":	0,
		"sndbuf_actual":	16384,
		"rcvbuf_actual":	131072,
		"test_start":	{
			"protocol":	"TCP",
			"num_streams":	1,
			"blksize":	131072,
			"omit":	0,
			"duration":	3,
			"bytes":	0,
			"blocks":	0,
			"reverse":	0,
			"tos":	0,
			"target_bitrate":	20000000,
			"bidir":	0,
			"fqrate":	0,
			"interval":	1
		}
	},
	"intervals":	[{
			"streams":	[{
					"socket":	5,
					"start":	0,
					"end":	1.001102,
					"seconds":	1.0011019706726074,
					"bytes":	2621440,
					"bits_per_second":	20948435.438509751,
					"retransmits":	0,
					"snd_cwnd":	283440,
					"snd_wnd":	-1,
					"rtt":	180,
					"rttvar":	61,
					"pmtu":	9500,
					"omitted":	false,
					"sender":	true
				}],
			"sum":	{
				"start":	0,
				"end":	1.001102,
				"seconds":	1.0011019706726074,
				"bytes":	2621440,
				"bits_per_second":	20948435.438509751,
				"retransmits":	0,
				"omitted":	false,
				"sender":	true
			}
		}, {
			"streams":	[{
					"socket":	5,
					"start":	1.001102,
					"end":	2.001727,
					"seconds":	1.0006250143051147,
					"bytes":	2490368,
					"bits_per_second":	19910499.652894959,
					"retransmits":	0,
					"snd_cwnd":	283440,
					"snd_wnd":	-1,
					"rtt":	169,
					"rttvar":	88,
					"pmtu":	9500,
					"omitted":	false,
					"sender":	true
				}],
			"sum":	{
				"start":	1.001102,
				"end":	2.001727,
				"seconds":	1.0006250143051147,
				"bytes":	2490368,
				"bits_per_second":	19910499.652894959,
				"retransmits":	0,
				"omitted":	false,
				"sender":	true
			}
		}, {
			"streams":	[{
					"socket":	5,
					"start":	2.001727,
					"end":	3.001319,
					"seconds":	0.99959200620651245,
					"bytes":	2490368,
					"bits_per_second":	19931075.755205654,
					"retransmits":	0,
					"snd_cwnd":	283440,
					"snd_wnd":	-1,
					"rtt":	135,
					"rttvar":	65,
					"pmtu":	9500,
					"omitted":	false,
					"sender":	true
				}],
			"sum":	{
				"start":	2.001727,
				"end":	3.001319,
				"seconds":	0.99959200620651245,
				"bytes":	2490368,
				"bits_per_second":	19931075.755205654,
				"retransmits":	0,
				"omitted":	false,
				"sender":	true
			}
		}],
	"end":	{
		"streams":	[{
				"sender":	{
					"socket":	5,
					"start":	0,
					"end":	3.001319,
					"seconds":	3.001319,
					"bytes":	7602176,
					"bits_per_second":	20263560.121399958,
					"retransmits":	0,
					"max_snd_cwnd":	283440,
					"max_snd_wnd":	0,
					"max_rtt":	180,
					"min_rtt":	135,
					"mean_rtt":	161,
					"sender":	true
				},
				"receiver":	{
					"socket":	5,
					"start":	0,
					"end":	3.001527,
					"seconds":	3.001319,
					"bytes":	7602176,
					"bits_per_second":	20262155.89598228,
					"sender":	true
				}
			}],
		"sum_sent":	{
			"start":	0,
			"end":	3.001319,
			"seconds":	3.001319,
			"bytes":	7602176,
			"bits_per_second":	20263560.121399958,
			"retransmits":	0,
			"sender":	true
		},
		"sum_received":	{
			"start":	0,
			"end":	3.001527,
			"seconds":	3.001527,
			"bytes":	7602176,
			"bits_per_second":	20262155.89598228,
			"sender":	true
		},
		"cpu_utilization_percent":	{
			"host_total":	0.69425454734397,
			"host_user":	0,
			"host_system":	0.69425454734397,
			"remote_total":	0.26306268128037164,
			"remote_user":	0,
			"remote_system":	0.26312931316519445
		},
		"sender_tcp_congestion":	"cubic",
		"receiver_tcp_congestion":	"cubic"
	}
}
