{
	"start":	{
		"connected":	[{
				"socket":	5,
				"local_host":	"192.168.1.2",
				"local_port":	58844,
				"remote_host":	"192.168.8.2",
				"remote_port":	5204
			}],
		"version":	"iperf 3.19.1",
		"system_info":	"Linux h1 6.6.87.2-microsoft-standard-WSL2 #1 SMP PREEMPT_DYNAMIC Thu Jun  5 18:30:46 UTC 2025 x86_64",
		"timestamp":	{
			"time":	"Mon, 06 Apr 2026 03:24:09 UTC",
			"timesecs":	1775445849
		},
		"connecting_to":	{
			"host":	"192.168.8.2",
			"port":	5204
		},
		"cookie":	"y5wvrtixa26gvhzayldmzsauc6hzabal743t",
		"tcp_mss_default":	9448,
		"target_bitrate":	20000000,
		"fq_rate":	0,
		"sock_bufsize":	0,
		"sndbuf_actual":	16384,
		"rcvbuf_actual":	131072,
		"test_start":	{
			"protocol":	"TCP",
			"num_streams":	1,
			"blksize":	131072,
			"omit":	0,
			"duration":	3,
			"bytes":	0,
			"blocks":	0,
			"reverse":	0,
			"tos":	0,
			"target_bitrate":	20000000,
			"bidir":	0,
			"fqrate":	0,
			"interval":	1
		}
	},
	"intervals":	[{
			"streams":	[{
					"socket":	5,
					"start":	0,
					"end":	1.001387,
					"seconds":	1.0013870000839233,
					"bytes":	2621440,
					"bits_per_second":	20942472.788484808,
					"retransmits":	0,
					"snd_cwnd":	264544,
					"snd_wnd":	-1,
					"rtt":	210,
					"rttvar":	72,
					"pmtu":	9500,
					"omitted":	false,
					"sender":	true
				}],
			"sum":	{
				"start":	0,
				"end":	1.001387,
				"seconds":	1.0013870000839233,
				"bytes":	2621440,
				"bits_per_second":	20942472.788484808,
				"retransmits":	0,
				"omitted":	false,
				"sender":	true
			}
		}, {
			"streams":	[{
					"socket":	5,
					"start":	1.001387,
					"end":	2.001102,
					"seconds":	0.999714970588684,
					"bytes":	2490368,
					"bits_per_second":	19928624.244036615,
					"retransmits":	0,
					"snd_cwnd":	264544,
					"snd_wnd":	-1,
					"rtt":	162,
					"rttvar":	70,
					"pmtu":	9500,
					"omitted":	false,
					"sender":	true
				}],
			"sum":	{
				"start":	1.001387,
				"end":	2.001102,
				"seconds":	0.999714970588684,
				"bytes":	2490368,
				"bits_per_second":	19928624.244036615,
				"retransmits":	0,
				"omitted":	false,
				"sender":	true
			}
		}, {
			"streams":	[{
					"socket":	5,
					"start":	2.001102,
					"end":	3.001251,
					"seconds":	1.0001490116119385,
					"bytes":	2490368,
					"bits_per_second":	19919975.692312315,
					"retransmits":	0,
					"snd_cwnd":	264544,
					"snd_wnd":	-1,
					"rtt":	237,
					"rttvar":	146,
					"pmtu":	9500,
					"omitted":	false,
					"sender":	true
				}],
			"sum":	{
				"start":	2.001102,
				"end":	3.001251,
				"seconds":	1.0001490116119385,
				"bytes":	2490368,
				"bits_per_second":	19919975.692312315,
				"retransmits":	0,
				"omitted":	false,
				"sender":	true
			}
		}],
	"end":	{
		"streams":	[{
				"sender":	{
					"socket":	5,
					"start":	0,
					"end":	3.001251,
					"seconds":	3.001251,
					"bytes":	7602176,
					"bits_per_second":	20264019.237311374,
					"retransmits":	0,
					"max_snd_cwnd":	264544,
					"max_snd_wnd":	0,
					"max_rtt":	237,
					"min_rtt":	162,
					"mean_rtt":	203,
					"sender":	true
				},
				"receiver":	{
					"socket":	5,
					"start":	0,
					"end":	3.001457,
					"seconds":	3.001251,
					"bytes":	7602176,
					"bits_per_second":	20262628.450116061,
					"sender":	true
				}
			}],
		"sum_sent":	{
			"start":	0,
			"end":	3.001251,
			"seconds":	3.001251,
			"bytes":	7602176,
			"bits_per_second":	20264019.237311374,
			"retransmits":	0,
			"sender":	true
		},
		"sum_received":	{
			"start":	0,
			"end":	3.001457,
			"seconds":	3.001457,
			"bytes":	7602176,
			"bits_per_second":	20262628.450116061,
			"sender":	true
		},
		"cpu_utilization_percent":	{
			"host_total":	0.854131632839946,
			"host_user":	0.095702702252709743,
			"host_system":	0.75846223006609947,
			"remote_total":	0.25653720089261622,
			"remote_user":	0.010727919310054859,
			"remote_system":	0.24584259810215781
		},
		"sender_tcp_congestion":	"cubic",
		"receiver_tcp_congestion":	"cubic"
	}
}
