{
	"start":	{
		"connected":	[{
				"socket":	5,
				"local_host":	"192.168.1.2",
				"local_port":	46612,
				"remote_host":	"192.168.8.2",
				"remote_port":	5203
			}],
		"version":	"iperf 3.19.1",
		"system_info":	"Linux h1 6.6.87.2-microsoft-standard-WSL2 #1 SMP PREEMPT_DYNAMIC Thu Jun  5 18:30:46 UTC 2025 x86_64",
		"timestamp":	{
			"time":	"Mon, 06 Apr 2026 03:22:39 UTC",
			"timesecs":	1775445759
		},
		"connecting_to":	{
			"host":	"192.168.8.2",
			"port":	5203
		},
		"cookie":	"rad7hsgoftgun5jssxrzfycvheuua3h5tdyv",
		"tcp_mss_default":	9448,
		"target_bitrate":	20000000,
		"fq_rate":	0,
		"sock_bufsize":	0,
		"sndbuf_actual":	16384,
		"rcvbuf_actual":	131072,
		"test_start":	{
			"protocol":	"TCP",
			"num_streams":	1,
			"blksize":	131072,
			"omit":	0,
			"duration":	3,
			"bytes":	0,
			"blocks":	0,
			"reverse":	0,
			"tos":	0,
			"target_bitrate":	20000000,
			"bidir":	0,
			"fqrate":	0,
			"interval":	1
		}
	},
	"intervals":	[{
			"streams":	[{
					"socket":	5,
					"start":	0,
					"end":	1.001025,
					"seconds":	1.0010249614715576,
					"bytes":	2621440,
					"bits_per_second":	20950047.008988466,
					"retransmits":	0,
					"snd_cwnd":	311784,
					"snd_wnd":	-1,
					"rtt":	139,
					"rttvar":	69,
					"pmtu":	9500,
					"omitted":	false,
					"sender":	true
				}],
			"sum":	{
				"start":	0,
				"end":	1.001025,
				"seconds":	1.0010249614715576,
				"bytes":	2621440,
				"bits_per_second":	20950047.008988466,
				"retransmits":	0,
				"omitted":	false,
				"sender":	true
			}
		}, {
			"streams":	[{
					"socket":	5,
					"start":	1.001025,
					"end":	2.001376,
					"seconds":	1.0003509521484375,
					"bytes":	2490368,
					"bits_per_second":	19915954.452996537,
					"retransmits":	0,
					"snd_cwnd":	311784,
					"snd_wnd":	-1,
					"rtt":	200,
					"rttvar":	120,
					"pmtu":	9500,
					"omitted":	false,
					"sender":	true
				}],
			"sum":	{
				"start":	1.001025,
				"end":	2.001376,
				"seconds":	1.0003509521484375,
				"bytes":	2490368,
				"bits_per_second":	19915954.452996537,
				"retransmits":	0,
				"omitted":	false,
				"sender":	true
			}
		}, {
			"streams":	[{
					"socket":	5,
					"start":	2.001376,
					"end":	3.001089,
					"seconds":	0.99971300363540649,
					"bytes":	2490368,
					"bits_per_second":	19928663.453962494,
					"retransmits":	0,
					"snd_cwnd":	311784,
					"snd_wnd":	-1,
					"rtt":	145,
					"rttvar":	85,
					"pmtu":	9500,
					"omitted":	false,
					"sender":	true
				}],
			"sum":	{
				"start":	2.001376,
				"end":	3.001089,
				"seconds":	0.99971300363540649,
				"bytes":	2490368,
				"bits_per_second":	19928663.453962494,
				"retransmits":	0,
				"omitted":	false,
				"sender":	true
			}
		}],
	"end":	{
		"streams":	[{
				"sender":	{
					"socket":	5,
					"start":	0,
					"end":	3.001089,
					"seconds":	3.001089,
					"bytes":	7602176,
					"bits_per_second":	20265113.097279023,
					"retransmits":	0,
					"max_snd_cwnd":	311784,
					"max_snd_wnd":	0,
					"max_rtt":	200,
					"min_rtt":	139,
					"mean_rtt":	161,
					"sender":	true
				},
				"receiver":	{
					"socket":	5,
					"start":	0,
					"end":	3.002308,
					"seconds":	3.001089,
					"bytes":	7602176,
					"bits_per_second":	20256885.036445294,
					"sender":	true
				}
			}],
		"sum_sent":	{
			"start":	0,
			"end":	3.001089,
			"seconds":	3.001089,
			"bytes":	7602176,
			"bits_per_second":	20265113.097279023,
			"retransmits":	0,
			"sender":	true
		},
		"sum_received":	{
			"start":	0,
			"end":	3.002308,
			"seconds":	3.002308,
			"bytes":	7602176,
			"bits_per_second":	20256885.036445294,
			"sender":	true
		},
		"cpu_utilization_percent":	{
			"host_total":	0.74347189722841134,
			"host_user":	0,
			"host_system":	0.74330542344936334,
			"remote_total":	0.22552213820700076,
			"remote_user":	0.012190385849027067,
			"remote_system":	0.21273222518507071
		},
		"sender_tcp_congestion":	"cubic",
		"receiver_tcp_congestion":	"cubic"
	}
}
