{
	"start":	{
		"connected":	[{
				"socket":	5,
				"local_host":	"192.168.1.2",
				"local_port":	34766,
				"remote_host":	"192.168.8.2",
				"remote_port":	5203
			}],
		"version":	"iperf 3.19.1",
		"system_info":	"Linux h1 6.6.87.2-microsoft-standard-WSL2 #1 SMP PREEMPT_DYNAMIC Thu Jun  5 18:30:46 UTC 2025 x86_64",
		"timestamp":	{
			"time":	"Mon, 06 Apr 2026 03:12:47 UTC",
			"timesecs":	1775445167
		},
		"connecting_to":	{
			"host":	"192.168.8.2",
			"port":	5203
		},
		"cookie":	"c33zellyarqstw2f6kbl7qrf7gn6omb2zhxc",
		"tcp_mss_default":	9448,
		"target_bitrate":	20000000,
		"fq_rate":	0,
		"sock_bufsize":	0,
		"sndbuf_actual":	16384,
		"rcvbuf_actual":	131072,
		"test_start":	{
			"protocol":	"TCP",
			"num_streams":	1,
			"blksize":	131072,
			"omit":	0,
			"duration":	3,
			"bytes":	0,
			"blocks":	0,
			"reverse":	0,
			"tos":	0,
			"target_bitrate":	20000000,
			"bidir":	0,
			"fqrate":	0,
			"interval":	1
		}
	},
	"intervals":	[{
			"streams":	[{
					"socket":	5,
					"start":	0,
					"end":	1.001085,
					"seconds":	1.0010850429534912,
					"bytes":	2621440,
					"bits_per_second":	20948789.663391568,
					"retransmits":	0,
					"snd_cwnd":	264544,
					"snd_wnd":	-1,
					"rtt":	191,
					"rttvar":	122,
					"pmtu":	9500,
					"omitted":	false,
					"sender":	true
				}],
			"sum":	{
				"start":	0,
				"end":	1.001085,
				"seconds":	1.0010850429534912,
				"bytes":	2621440,
				"bits_per_second":	20948789.663391568,
				"retransmits":	0,
				"omitted":	false,
				"sender":	true
			}
		}, {
			"streams":	[{
					"socket":	5,
					"start":	1.001085,
					"end":	2.001047,
					"seconds":	0.9999619722366333,
					"bytes":	2490368,
					"bits_per_second":	19923701.653811879,
					"retransmits":	0,
					"snd_cwnd":	264544,
					"snd_wnd":	-1,
					"rtt":	143,
					"rttvar":	69,
					"pmtu":	9500,
					"omitted":	false,
					"sender":	true
				}],
			"sum":	{
				"start":	1.001085,
				"end":	2.001047,
				"seconds":	0.9999619722366333,
				"bytes":	2490368,
				"bits_per_second":	19923701.653811879,
				"retransmits":	0,
				"omitted":	false,
				"sender":	true
			}
		}, {
			"streams":	[{
					"socket":	5,
					"start":	2.001047,
					"end":	3.001064,
					"seconds":	1.0000170469284058,
					"bytes":	2490368,
					"bits_per_second":	19922604.380789466,
					"retransmits":	0,
					"snd_cwnd":	264544,
					"snd_wnd":	-1,
					"rtt":	160,
					"rttvar":	70,
					"pmtu":	9500,
					"omitted":	false,
					"sender":	true
				}],
			"sum":	{
				"start":	2.001047,
				"end":	3.001064,
				"seconds":	1.0000170469284058,
				"bytes":	2490368,
				"bits_per_second":	19922604.380789466,
				"retransmits":	0,
				"omitted":	false,
				"sender":	true
			}
		}],
	"end":	{
		"streams":	[{
				"sender":	{
					"socket":	5,
					"start":	0,
					"end":	3.001064,
					"seconds":	3.001064,
					"bytes":	7602176,
					"bits_per_second":	20265281.913348068,
					"retransmits":	0,
					"max_snd_cwnd":	264544,
					"max_snd_wnd":	0,
					"max_rtt":	191,
					"min_rtt":	143,
					"mean_rtt":	164,
					"sender":	true
				},
				"receiver":	{
					"socket":	5,
					"start":	0,
					"end":	3.001235,
					"seconds":	3.001064,
					"bytes":	7602176,
					"bits_per_second":	20264127.267608169,
					"sender":	true
				}
			}],
		"sum_sent":	{
			"start":	0,
			"end":	3.001064,
			"seconds":	3.001064,
			"bytes":	7602176,
			"bits_per_second":	20265281.913348068,
			"retransmits":	0,
			"sender":	true
		},
		"sum_received":	{
			"start":	0,
			"end":	3.001235,
			"seconds":	3.001235,
			"bytes":	7602176,
			"bits_per_second":	20264127.267608169,
			"sender":	true
		},
		"cpu_utilization_percent":	{
			"host_total":	0.737584182794832,
			"host_user":	0.22727439277465292,
			"host_system":	0.51030979002017929,
			"remote_total":	0.240864379593466,
			"remote_user":	0,
			"remote_system":	0.24089769877725259
		},
		"sender_tcp_congestion":	"cubic",
		"receiver_tcp_congestion":	"cubic"
	}
}
