{
	"start":	{
		"connected":	[{
				"socket":	5,
				"local_host":	"192.168.1.2",
				"local_port":	38714,
				"remote_host":	"192.168.8.2",
				"remote_port":	5203
			}],
		"version":	"iperf 3.19.1",
		"system_info":	"Linux h1 6.6.87.2-microsoft-standard-WSL2 #1 SMP PREEMPT_DYNAMIC Thu Jun  5 18:30:46 UTC 2025 x86_64",
		"timestamp":	{
			"time":	"Mon, 06 Apr 2026 03:09:21 UTC",
			"timesecs":	1775444961
		},
		"connecting_to":	{
			"host":	"192.168.8.2",
			"port":	5203
		},
		"cookie":	"dywl2nj42xhtoytrgn56kys73npubljhjyd3",
		"tcp_mss_default":	9448,
		"target_bitrate":	20000000,
		"fq_rate":	0,
		"sock_bufsize":	0,
		"sndbuf_actual":	16384,
		"rcvbuf_actual":	131072,
		"test_start":	{
			"protocol":	"TCP",
			"num_streams":	1,
			"blksize":	131072,
			"omit":	0,
			"duration":	3,
			"bytes":	0,
			"blocks":	0,
			"reverse":	0,
			"tos":	0,
			"target_bitrate":	20000000,
			"bidir":	0,
			"fqrate":	0,
			"interval":	1
		}
	},
	"intervals":	[{
			"streams":	[{
					"socket":	5,
					"start":	0,
					"end":	1.000157,
					"seconds":	1.0001569986343384,
					"bytes":	2621440,
					"bits_per_second":	20968228.016836859,
					"retransmits":	0,
					"snd_cwnd":	207856,
					"snd_wnd":	-1,
					"rtt":	150,
					"rttvar":	66,
					"pmtu":	9500,
					"omitted":	false,
					"sender":	true
				}],
			"sum":	{
				"start":	0,
				"end":	1.000157,
				"seconds":	1.0001569986343384,
				"bytes":	2621440,
				"bits_per_second":	20968228.016836859,
				"retransmits":	0,
				"omitted":	false,
				"sender":	true
			}
		}, {
			"streams":	[{
					"socket":	5,
					"start":	1.000157,
					"end":	2.001297,
					"seconds":	1.0011399984359741,
					"bytes":	2490368,
					"bits_per_second":	19900257.737303991,
					"retransmits":	0,
					"snd_cwnd":	207856,
					"snd_wnd":	-1,
					"rtt":	139,
					"rttvar":	71,
					"pmtu":	9500,
					"omitted":	false,
					"sender":	true
				}],
			"sum":	{
				"start":	1.000157,
				"end":	2.001297,
				"seconds":	1.0011399984359741,
				"bytes":	2490368,
				"bits_per_second":	19900257.737303991,
				"retransmits":	0,
				"omitted":	false,
				"sender":	true
			}
		}, {
			"streams":	[{
					"socket":	5,
					"start":	2.001297,
					"end":	3.001457,
					"seconds":	1.0001599788665771,
					"bytes":	2490368,
					"bits_per_second":	19919757.259811085,
					"retransmits":	0,
					"snd_cwnd":	207856,
					"snd_wnd":	-1,
					"rtt":	184,
					"rttvar":	81,
					"pmtu":	9500,
					"omitted":	false,
					"sender":	true
				}],
			"sum":	{
				"start":	2.001297,
				"end":	3.001457,
				"seconds":	1.0001599788665771,
				"bytes":	2490368,
				"bits_per_second":	19919757.259811085,
				"retransmits":	0,
				"omitted":	false,
				"sender":	true
			}
		}],
	"end":	{
		"streams":	[{
				"sender":	{
					"socket":	5,
					"start":	0,
					"end":	3.001457,
					"seconds":	3.001457,
					"bytes":	7602176,
					"bits_per_second":	20262628.450116061,
					"retransmits":	0,
					"max_snd_cwnd":	207856,
					"max_snd_wnd":	0,
					"max_rtt":	184,
					"min_rtt":	139,
					"mean_rtt":	157,
					"sender":	true
				},
				"receiver":	{
					"socket":	5,
					"start":	0,
					"end":	3.002005,
					"seconds":	3.001457,
					"bytes":	7602176,
					"bits_per_second":	20258929.615373723,
					"sender":	true
				}
			}],
		"sum_sent":	{
			"start":	0,
			"end":	3.001457,
			"seconds":	3.001457,
			"bytes":	7602176,
			"bits_per_second":	20262628.450116061,
			"retransmits":	0,
			"sender":	true
		},
		"sum_received":	{
			"start":	0,
			"end":	3.002005,
			"seconds":	3.002005,
			"bytes":	7602176,
			"bits_per_second":	20258929.615373723,
			"sender":	true
		},
		"cpu_utilization_percent":	{
			"host_total":	0.83146511253789046,
			"host_user":	0.11384184243929296,
			"host_system":	0.71898883930281365,
			"remote_total":	0.33504029110997335,
			"remote_user":	0.1164213379826364,
			"remote_system":	0.21911861552211223
		},
		"sender_tcp_congestion":	"cubic",
		"receiver_tcp_congestion":	"cubic"
	}
}
