{
	"start":	{
		"connected":	[{
				"socket":	5,
				"local_host":	"192.168.1.2",
				"local_port":	34542,
				"remote_host":	"192.168.8.2",
				"remote_port":	5203
			}],
		"version":	"iperf 3.19.1",
		"system_info":	"Linux h1 6.6.87.2-microsoft-standard-WSL2 #1 SMP PREEMPT_DYNAMIC Thu Jun  5 18:30:46 UTC 2025 x86_64",
		"timestamp":	{
			"time":	"Mon, 06 Apr 2026 03:35:57 UTC",
			"timesecs":	1775446557
		},
		"connecting_to":	{
			"host":	"192.168.8.2",
			"port":	5203
		},
		"cookie":	"o2ysioy7gie3uldgvcyqar7d76gpgki2ws4d",
		"tcp_mss_default":	9448,
		"target_bitrate":	20000000,
		"fq_rate":	0,
		"sock_bufsize":	0,
		"sndbuf_actual":	16384,
		"rcvbuf_actual":	131072,
		"test_start":	{
			"protocol":	"TCP",
			"num_streams":	1,
			"blksize":	131072,
			"omit":	0,
			"duration":	3,
			"bytes":	0,
			"blocks":	0,
			"reverse":	0,
			"tos":	0,
			"target_bitrate":	20000000,
			"bidir":	0,
			"fqrate":	0,
			"interval":	1
		}
	},
	"intervals":	[{
			"streams":	[{
					"socket":	5,
					"start":	0,
					"end":	1.000512,
					"seconds":	1.0005120038986206,
					"bytes":	2621440,
					"bits_per_second":	20960787.994828489,
					"retransmits":	0,
					"snd_cwnd":	359024,
					"snd_wnd":	-1,
					"rtt":	153,
					"rttvar":	67,
					"pmtu":	9500,
					"omitted":	false,
					"sender":	true
				}],
			"sum":	{
				"start":	0,
				"end":	1.000512,
				"seconds":	1.0005120038986206,
				"bytes":	2621440,
				"bits_per_second":	20960787.994828489,
				"retransmits":	0,
				"omitted":	false,
				"sender":	true
			}
		}, {
			"streams":	[{
					"socket":	5,
					"start":	1.000512,
					"end":	2.001105,
					"seconds":	1.0005929470062256,
					"bytes":	2490368,
					"bits_per_second":	19911137.750480309,
					"retransmits":	0,
					"snd_cwnd":	359024,
					"snd_wnd":	-1,
					"rtt":	162,
					"rttvar":	79,
					"pmtu":	9500,
					"omitted":	false,
					"sender":	true
				}],
			"sum":	{
				"start":	1.000512,
				"end":	2.001105,
				"seconds":	1.0005929470062256,
				"bytes":	2490368,
				"bits_per_second":	19911137.750480309,
				"retransmits":	0,
				"omitted":	false,
				"sender":	true
			}
		}, {
			"streams":	[{
					"socket":	5,
					"start":	2.001105,
					"end":	3.001242,
					"seconds":	1.0001369714736938,
					"bytes":	2490368,
					"bits_per_second":	19920215.498726841,
					"retransmits":	0,
					"snd_cwnd":	359024,
					"snd_wnd":	-1,
					"rtt":	112,
					"rttvar":	54,
					"pmtu":	9500,
					"omitted":	false,
					"sender":	true
				}],
			"sum":	{
				"start":	2.001105,
				"end":	3.001242,
				"seconds":	1.0001369714736938,
				"bytes":	2490368,
				"bits_per_second":	19920215.498726841,
				"retransmits":	0,
				"omitted":	false,
				"sender":	true
			}
		}],
	"end":	{
		"streams":	[{
				"sender":	{
					"socket":	5,
					"start":	0,
					"end":	3.001242,
					"seconds":	3.001242,
					"bytes":	7602176,
					"bits_per_second":	20264080.00421159,
					"retransmits":	0,
					"max_snd_cwnd":	359024,
					"max_snd_wnd":	0,
					"max_rtt":	162,
					"min_rtt":	112,
					"mean_rtt":	142,
					"sender":	true
				},
				"receiver":	{
					"socket":	5,
					"start":	0,
					"end":	3.00143,
					"seconds":	3.001242,
					"bytes":	7602176,
					"bits_per_second":	20262810.72688685,
					"sender":	true
				}
			}],
		"sum_sent":	{
			"start":	0,
			"end":	3.001242,
			"seconds":	3.001242,
			"bytes":	7602176,
			"bits_per_second":	20264080.00421159,
			"retransmits":	0,
			"sender":	true
		},
		"sum_received":	{
			"start":	0,
			"end":	3.00143,
			"seconds":	3.00143,
			"bytes":	7602176,
			"bits_per_second":	20262810.72688685,
			"sender":	true
		},
		"cpu_utilization_percent":	{
			"host_total":	0.61749510623720349,
			"host_user":	0.21833326616240728,
			"host_system":	0.39922845586920125,
			"remote_total":	0.22289219447527214,
			"remote_user":	0,
			"remote_system":	0.22352522163446945
		},
		"sender_tcp_congestion":	"cubic",
		"receiver_tcp_congestion":	"cubic"
	}
}
