{
	"start":	{
		"connected":	[{
				"socket":	5,
				"local_host":	"192.168.1.2",
				"local_port":	37524,
				"remote_host":	"192.168.8.2",
				"remote_port":	5203
			}],
		"version":	"iperf 3.19.1",
		"system_info":	"Linux h1 6.6.87.2-microsoft-standard-WSL2 #1 SMP PREEMPT_DYNAMIC Thu Jun  5 18:30:46 UTC 2025 x86_64",
		"timestamp":	{
			"time":	"Mon, 06 Apr 2026 03:22:43 UTC",
			"timesecs":	1775445763
		},
		"connecting_to":	{
			"host":	"192.168.8.2",
			"port":	5203
		},
		"cookie":	"x3hvk5cn46offm4uajozrmthixh223tv5bke",
		"tcp_mss_default":	9448,
		"target_bitrate":	20000000,
		"fq_rate":	0,
		"sock_bufsize":	0,
		"sndbuf_actual":	16384,
		"rcvbuf_actual":	131072,
		"test_start":	{
			"protocol":	"TCP",
			"num_streams":	1,
			"blksize":	131072,
			"omit":	0,
			"duration":	3,
			"bytes":	0,
			"blocks":	0,
			"reverse":	0,
			"tos":	0,
			"target_bitrate":	20000000,
			"bidir":	0,
			"fqrate":	0,
			"interval":	1
		}
	},
	"intervals":	[{
			"streams":	[{
					"socket":	5,
					"start":	0,
					"end":	1.001095,
					"seconds":	1.0010950565338135,
					"bytes":	2621440,
					"bits_per_second":	20948580.120464969,
					"retransmits":	0,
					"snd_cwnd":	311784,
					"snd_wnd":	-1,
					"rtt":	160,
					"rttvar":	101,
					"pmtu":	9500,
					"omitted":	false,
					"sender":	true
				}],
			"sum":	{
				"start":	0,
				"end":	1.001095,
				"seconds":	1.0010950565338135,
				"bytes":	2621440,
				"bits_per_second":	20948580.120464969,
				"retransmits":	0,
				"omitted":	false,
				"sender":	true
			}
		}, {
			"streams":	[{
					"socket":	5,
					"start":	1.001095,
					"end":	2.000993,
					"seconds":	0.99989801645278931,
					"bytes":	2490368,
					"bits_per_second":	19924976.01973258,
					"retransmits":	0,
					"snd_cwnd":	311784,
					"snd_wnd":	-1,
					"rtt":	179,
					"rttvar":	67,
					"pmtu":	9500,
					"omitted":	false,
					"sender":	true
				}],
			"sum":	{
				"start":	1.001095,
				"end":	2.000993,
				"seconds":	0.99989801645278931,
				"bytes":	2490368,
				"bits_per_second":	19924976.01973258,
				"retransmits":	0,
				"omitted":	false,
				"sender":	true
			}
		}, {
			"streams":	[{
					"socket":	5,
					"start":	2.000993,
					"end":	3.001288,
					"seconds":	1.0002950429916382,
					"bytes":	2490368,
					"bits_per_second":	19917067.608788043,
					"retransmits":	0,
					"snd_cwnd":	311784,
					"snd_wnd":	-1,
					"rtt":	166,
					"rttvar":	77,
					"pmtu":	9500,
					"omitted":	false,
					"sender":	true
				}],
			"sum":	{
				"start":	2.000993,
				"end":	3.001288,
				"seconds":	1.0002950429916382,
				"bytes":	2490368,
				"bits_per_second":	19917067.608788043,
				"retransmits":	0,
				"omitted":	false,
				"sender":	true
			}
		}],
	"end":	{
		"streams":	[{
				"sender":	{
					"socket":	5,
					"start":	0,
					"end":	3.001288,
					"seconds":	3.001288,
					"bytes":	7602176,
					"bits_per_second":	20263769.42166163,
					"retransmits":	0,
					"max_snd_cwnd":	311784,
					"max_snd_wnd":	0,
					"max_rtt":	179,
					"min_rtt":	160,
					"mean_rtt":	168,
					"sender":	true
				},
				"receiver":	{
					"socket":	5,
					"start":	0,
					"end":	3.001546,
					"seconds":	3.001288,
					"bytes":	7602176,
					"bits_per_second":	20262027.63509205,
					"sender":	true
				}
			}],
		"sum_sent":	{
			"start":	0,
			"end":	3.001288,
			"seconds":	3.001288,
			"bytes":	7602176,
			"bits_per_second":	20263769.42166163,
			"retransmits":	0,
			"sender":	true
		},
		"sum_received":	{
			"start":	0,
			"end":	3.001546,
			"seconds":	3.001546,
			"bytes":	7602176,
			"bits_per_second":	20262027.63509205,
			"sender":	true
		},
		"cpu_utilization_percent":	{
			"host_total":	0.66673105294883617,
			"host_user":	0.00432942242174569,
			"host_system":	0.66240163052709056,
			"remote_total":	0.21208794686807136,
			"remote_user":	0.030850367389229361,
			"remote_system":	0.18127089521036388
		},
		"sender_tcp_congestion":	"cubic",
		"receiver_tcp_congestion":	"cubic"
	}
}
