{
	"start":	{
		"connected":	[{
				"socket":	5,
				"local_host":	"192.168.1.2",
				"local_port":	58232,
				"remote_host":	"192.168.8.2",
				"remote_port":	5202
			}],
		"version":	"iperf 3.19.1",
		"system_info":	"Linux h1 6.6.87.2-microsoft-standard-WSL2 #1 SMP PREEMPT_DYNAMIC Thu Jun  5 18:30:46 UTC 2025 x86_64",
		"timestamp":	{
			"time":	"Mon, 06 Apr 2026 03:26:46 UTC",
			"timesecs":	1775446006
		},
		"connecting_to":	{
			"host":	"192.168.8.2",
			"port":	5202
		},
		"cookie":	"vwwfixa5t7s6sjtmon7go66jklzhz53n3aag",
		"tcp_mss_default":	9448,
		"target_bitrate":	20000000,
		"fq_rate":	0,
		"sock_bufsize":	0,
		"sndbuf_actual":	16384,
		"rcvbuf_actual":	131072,
		"test_start":	{
			"protocol":	"TCP",
			"num_streams":	1,
			"blksize":	131072,
			"omit":	0,
			"duration":	3,
			"bytes":	0,
			"blocks":	0,
			"reverse":	0,
			"tos":	0,
			"target_bitrate":	20000000,
			"bidir":	0,
			"fqrate":	0,
			"interval":	1
		}
	},
	"intervals":	[{
			"streams":	[{
					"socket":	5,
					"start":	0,
					"end":	1.001097,
					"seconds":	1.0010969638824463,
					"bytes":	2621440,
					"bits_per_second":	20948540.208001848,
					"retransmits":	0,
					"snd_cwnd":	264544,
					"snd_wnd":	-1,
					"rtt":	162,
					"rttvar":	59,
					"pmtu":	9500,
					"omitted":	false,
					"sender":	true
				}],
			"sum":	{
				"start":	0,
				"end":	1.001097,
				"seconds":	1.0010969638824463,
				"bytes":	2621440,
				"bits_per_second":	20948540.208001848,
				"retransmits":	0,
				"omitted":	false,
				"sender":	true
			}
		}, {
			"streams":	[{
					"socket":	5,
					"start":	1.001097,
					"end":	2.000153,
					"seconds":	0.99905598163604736,
					"bytes":	2490368,
					"bits_per_second":	19941769.396520022,
					"retransmits":	0,
					"snd_cwnd":	264544,
					"snd_wnd":	-1,
					"rtt":	132,
					"rttvar":	65,
					"pmtu":	9500,
					"omitted":	false,
					"sender":	true
				}],
			"sum":	{
				"start":	1.001097,
				"end":	2.000153,
				"seconds":	0.99905598163604736,
				"bytes":	2490368,
				"bits_per_second":	19941769.396520022,
				"retransmits":	0,
				"omitted":	false,
				"sender":	true
			}
		}, {
			"streams":	[{
					"socket":	5,
					"start":	2.000153,
					"end":	3.001245,
					"seconds":	1.0010919570922852,
					"bytes":	2490368,
					"bits_per_second":	19901212.72961482,
					"retransmits":	0,
					"snd_cwnd":	264544,
					"snd_wnd":	-1,
					"rtt":	173,
					"rttvar":	77,
					"pmtu":	9500,
					"omitted":	false,
					"sender":	true
				}],
			"sum":	{
				"start":	2.000153,
				"end":	3.001245,
				"seconds":	1.0010919570922852,
				"bytes":	2490368,
				"bits_per_second":	19901212.72961482,
				"retransmits":	0,
				"omitted":	false,
				"sender":	true
			}
		}],
	"end":	{
		"streams":	[{
				"sender":	{
					"socket":	5,
					"start":	0,
					"end":	3.001245,
					"seconds":	3.001245,
					"bytes":	7602176,
					"bits_per_second":	20264059.748537689,
					"retransmits":	0,
					"max_snd_cwnd":	264544,
					"max_snd_wnd":	0,
					"max_rtt":	173,
					"min_rtt":	132,
					"mean_rtt":	155,
					"sender":	true
				},
				"receiver":	{
					"socket":	5,
					"start":	0,
					"end":	3.001418,
					"seconds":	3.001245,
					"bytes":	7602176,
					"bits_per_second":	20262891.739837635,
					"sender":	true
				}
			}],
		"sum_sent":	{
			"start":	0,
			"end":	3.001245,
			"seconds":	3.001245,
			"bytes":	7602176,
			"bits_per_second":	20264059.748537689,
			"retransmits":	0,
			"sender":	true
		},
		"sum_received":	{
			"start":	0,
			"end":	3.001418,
			"seconds":	3.001418,
			"bytes":	7602176,
			"bits_per_second":	20262891.739837635,
			"sender":	true
		},
		"cpu_utilization_percent":	{
			"host_total":	0.62700654584841731,
			"host_user":	0.62700654584841731,
			"host_system":	0,
			"remote_total":	0.19643766818892533,
			"remote_user":	0,
			"remote_system":	0.19643766818892533
		},
		"sender_tcp_congestion":	"cubic",
		"receiver_tcp_congestion":	"cubic"
	}
}
