{
	"start":	{
		"connected":	[{
				"socket":	5,
				"local_host":	"192.168.1.2",
				"local_port":	55002,
				"remote_host":	"192.168.8.2",
				"remote_port":	5202
			}],
		"version":	"iperf 3.19.1",
		"system_info":	"Linux h1 6.6.87.2-microsoft-standard-WSL2 #1 SMP PREEMPT_DYNAMIC Thu Jun  5 18:30:46 UTC 2025 x86_64",
		"timestamp":	{
			"time":	"Mon, 06 Apr 2026 03:25:41 UTC",
			"timesecs":	1775445941
		},
		"connecting_to":	{
			"host":	"192.168.8.2",
			"port":	5202
		},
		"cookie":	"6gtvmh74q6xxj4aac6qzcow64r6lyj7bpebc",
		"tcp_mss_default":	9448,
		"target_bitrate":	20000000,
		"fq_rate":	0,
		"sock_bufsize":	0,
		"sndbuf_actual":	16384,
		"rcvbuf_actual":	131072,
		"test_start":	{
			"protocol":	"TCP",
			"num_streams":	1,
			"blksize":	131072,
			"omit":	0,
			"duration":	3,
			"bytes":	0,
			"blocks":	0,
			"reverse":	0,
			"tos":	0,
			"target_bitrate":	20000000,
			"bidir":	0,
			"fqrate":	0,
			"interval":	1
		}
	},
	"intervals":	[{
			"streams":	[{
					"socket":	5,
					"start":	0,
					"end":	1.001086,
					"seconds":	1.0010859966278076,
					"bytes":	2621440,
					"bits_per_second":	20948769.706741761,
					"retransmits":	0,
					"snd_cwnd":	359024,
					"snd_wnd":	-1,
					"rtt":	168,
					"rttvar":	78,
					"pmtu":	9500,
					"omitted":	false,
					"sender":	true
				}],
			"sum":	{
				"start":	0,
				"end":	1.001086,
				"seconds":	1.0010859966278076,
				"bytes":	2621440,
				"bits_per_second":	20948769.706741761,
				"retransmits":	0,
				"omitted":	false,
				"sender":	true
			}
		}, {
			"streams":	[{
					"socket":	5,
					"start":	1.001086,
					"end":	2.001089,
					"seconds":	1.0000029802322388,
					"bytes":	2490368,
					"bits_per_second":	19922884.625176951,
					"retransmits":	0,
					"snd_cwnd":	359024,
					"snd_wnd":	-1,
					"rtt":	134,
					"rttvar":	72,
					"pmtu":	9500,
					"omitted":	false,
					"sender":	true
				}],
			"sum":	{
				"start":	1.001086,
				"end":	2.001089,
				"seconds":	1.0000029802322388,
				"bytes":	2490368,
				"bits_per_second":	19922884.625176951,
				"retransmits":	0,
				"omitted":	false,
				"sender":	true
			}
		}, {
			"streams":	[{
					"socket":	5,
					"start":	2.001089,
					"end":	3.001286,
					"seconds":	1.0001970529556274,
					"bytes":	2490368,
					"bits_per_second":	19919018.898452859,
					"retransmits":	0,
					"snd_cwnd":	359024,
					"snd_wnd":	-1,
					"rtt":	142,
					"rttvar":	60,
					"pmtu":	9500,
					"omitted":	false,
					"sender":	true
				}],
			"sum":	{
				"start":	2.001089,
				"end":	3.001286,
				"seconds":	1.0001970529556274,
				"bytes":	2490368,
				"bits_per_second":	19919018.898452859,
				"retransmits":	0,
				"omitted":	false,
				"sender":	true
			}
		}],
	"end":	{
		"streams":	[{
				"sender":	{
					"socket":	5,
					"start":	0,
					"end":	3.001286,
					"seconds":	3.001286,
					"bytes":	7602176,
					"bits_per_second":	20263782.9250528,
					"retransmits":	0,
					"max_snd_cwnd":	359024,
					"max_snd_wnd":	0,
					"max_rtt":	168,
					"min_rtt":	134,
					"mean_rtt":	148,
					"sender":	true
				},
				"receiver":	{
					"socket":	5,
					"start":	0,
					"end":	3.001462,
					"seconds":	3.001286,
					"bytes":	7602176,
					"bits_per_second":	20262594.695518382,
					"sender":	true
				}
			}],
		"sum_sent":	{
			"start":	0,
			"end":	3.001286,
			"seconds":	3.001286,
			"bytes":	7602176,
			"bits_per_second":	20263782.9250528,
			"retransmits":	0,
			"sender":	true
		},
		"sum_received":	{
			"start":	0,
			"end":	3.001462,
			"seconds":	3.001462,
			"bytes":	7602176,
			"bits_per_second":	20262594.695518382,
			"sender":	true
		},
		"cpu_utilization_percent":	{
			"host_total":	0.6321746240842544,
			"host_user":	0,
			"host_system":	0.6321746240842544,
			"remote_total":	0.20276494625196362,
			"remote_user":	0,
			"remote_system":	0.20276494625196362
		},
		"sender_tcp_congestion":	"cubic",
		"receiver_tcp_congestion":	"cubic"
	}
}
