{
	"start":	{
		"connected":	[{
				"socket":	5,
				"local_host":	"192.168.1.2",
				"local_port":	40570,
				"remote_host":	"192.168.8.2",
				"remote_port":	5203
			}],
		"version":	"iperf 3.19.1",
		"system_info":	"Linux h1 6.6.87.2-microsoft-standard-WSL2 #1 SMP PREEMPT_DYNAMIC Thu Jun  5 18:30:46 UTC 2025 x86_64",
		"timestamp":	{
			"time":	"Mon, 06 Apr 2026 03:31:14 UTC",
			"timesecs":	1775446274
		},
		"connecting_to":	{
			"host":	"192.168.8.2",
			"port":	5203
		},
		"cookie":	"7l6masca2vezv7d7kmh7e2x56tmenc573hmc",
		"tcp_mss_default":	9448,
		"target_bitrate":	20000000,
		"fq_rate":	0,
		"sock_bufsize":	0,
		"sndbuf_actual":	16384,
		"rcvbuf_actual":	131072,
		"test_start":	{
			"protocol":	"TCP",
			"num_streams":	1,
			"blksize":	131072,
			"omit":	0,
			"duration":	3,
			"bytes":	0,
			"blocks":	0,
			"reverse":	0,
			"tos":	0,
			"target_bitrate":	20000000,
			"bidir":	0,
			"fqrate":	0,
			"interval":	1
		}
	},
	"intervals":	[{
			"streams":	[{
					"socket":	5,
					"start":	0,
					"end":	1.00023,
					"seconds":	1.0002299547195435,
					"bytes":	2621440,
					"bits_per_second":	20966698.608701684,
					"retransmits":	0,
					"snd_cwnd":	264544,
					"snd_wnd":	-1,
					"rtt":	149,
					"rttvar":	95,
					"pmtu":	9500,
					"omitted":	false,
					"sender":	true
				}],
			"sum":	{
				"start":	0,
				"end":	1.00023,
				"seconds":	1.0002299547195435,
				"bytes":	2621440,
				"bits_per_second":	20966698.608701684,
				"retransmits":	0,
				"omitted":	false,
				"sender":	true
			}
		}, {
			"streams":	[{
					"socket":	5,
					"start":	1.00023,
					"end":	2.001167,
					"seconds":	1.0009369850158691,
					"bytes":	2490368,
					"bits_per_second":	19904293.974794164,
					"retransmits":	0,
					"snd_cwnd":	264544,
					"snd_wnd":	-1,
					"rtt":	168,
					"rttvar":	63,
					"pmtu":	9500,
					"omitted":	false,
					"sender":	true
				}],
			"sum":	{
				"start":	1.00023,
				"end":	2.001167,
				"seconds":	1.0009369850158691,
				"bytes":	2490368,
				"bits_per_second":	19904293.974794164,
				"retransmits":	0,
				"omitted":	false,
				"sender":	true
			}
		}, {
			"streams":	[{
					"socket":	5,
					"start":	2.001167,
					"end":	3.001363,
					"seconds":	1.0001959800720215,
					"bytes":	2490368,
					"bits_per_second":	19919040.265054256,
					"retransmits":	0,
					"snd_cwnd":	264544,
					"snd_wnd":	-1,
					"rtt":	140,
					"rttvar":	77,
					"pmtu":	9500,
					"omitted":	false,
					"sender":	true
				}],
			"sum":	{
				"start":	2.001167,
				"end":	3.001363,
				"seconds":	1.0001959800720215,
				"bytes":	2490368,
				"bits_per_second":	19919040.265054256,
				"retransmits":	0,
				"omitted":	false,
				"sender":	true
			}
		}],
	"end":	{
		"streams":	[{
				"sender":	{
					"socket":	5,
					"start":	0,
					"end":	3.001363,
					"seconds":	3.001363,
					"bytes":	7602176,
					"bits_per_second":	20263263.057484217,
					"retransmits":	0,
					"max_snd_cwnd":	264544,
					"max_snd_wnd":	0,
					"max_rtt":	168,
					"min_rtt":	140,
					"mean_rtt":	152,
					"sender":	true
				},
				"receiver":	{
					"socket":	5,
					"start":	0,
					"end":	3.001646,
					"seconds":	3.001363,
					"bytes":	7602176,
					"bits_per_second":	20261352.604537643,
					"sender":	true
				}
			}],
		"sum_sent":	{
			"start":	0,
			"end":	3.001363,
			"seconds":	3.001363,
			"bytes":	7602176,
			"bits_per_second":	20263263.057484217,
			"retransmits":	0,
			"sender":	true
		},
		"sum_received":	{
			"start":	0,
			"end":	3.001646,
			"seconds":	3.001646,
			"bytes":	7602176,
			"bits_per_second":	20261352.604537643,
			"sender":	true
		},
		"cpu_utilization_percent":	{
			"host_total":	0.683124265999463,
			"host_user":	0.061251366415066434,
			"host_system":	0.62190620647206118,
			"remote_total":	0.21814428772125505,
			"remote_user":	0.0086284927489012,
			"remote_system":	0.209549109616172
		},
		"sender_tcp_congestion":	"cubic",
		"receiver_tcp_congestion":	"cubic"
	}
}
