{
	"start":	{
		"connected":	[{
				"socket":	5,
				"local_host":	"192.168.1.2",
				"local_port":	54032,
				"remote_host":	"192.168.8.2",
				"remote_port":	5202
			}],
		"version":	"iperf 3.19.1",
		"system_info":	"Linux h1 6.6.87.2-microsoft-standard-WSL2 #1 SMP PREEMPT_DYNAMIC Thu Jun  5 18:30:46 UTC 2025 x86_64",
		"timestamp":	{
			"time":	"Mon, 06 Apr 2026 03:12:36 UTC",
			"timesecs":	1775445156
		},
		"connecting_to":	{
			"host":	"192.168.8.2",
			"port":	5202
		},
		"cookie":	"hs6ypni33usbg24ny42kbzmplr7k2jcn5ov5",
		"tcp_mss_default":	9448,
		"target_bitrate":	20000000,
		"fq_rate":	0,
		"sock_bufsize":	0,
		"sndbuf_actual":	16384,
		"rcvbuf_actual":	131072,
		"test_start":	{
			"protocol":	"TCP",
			"num_streams":	1,
			"blksize":	131072,
			"omit":	0,
			"duration":	3,
			"bytes":	0,
			"blocks":	0,
			"reverse":	0,
			"tos":	0,
			"target_bitrate":	20000000,
			"bidir":	0,
			"fqrate":	0,
			"interval":	1
		}
	},
	"intervals":	[{
			"streams":	[{
					"socket":	5,
					"start":	0,
					"end":	1.001239,
					"seconds":	1.0012389421463013,
					"bytes":	2621440,
					"bits_per_second":	20945569.65098111,
					"retransmits":	0,
					"snd_cwnd":	198408,
					"snd_wnd":	-1,
					"rtt":	165,
					"rttvar":	48,
					"pmtu":	9500,
					"omitted":	false,
					"sender":	true
				}],
			"sum":	{
				"start":	0,
				"end":	1.001239,
				"seconds":	1.0012389421463013,
				"bytes":	2621440,
				"bits_per_second":	20945569.65098111,
				"retransmits":	0,
				"omitted":	false,
				"sender":	true
			}
		}, {
			"streams":	[{
					"socket":	5,
					"start":	1.001239,
					"end":	2.001114,
					"seconds":	0.999875009059906,
					"bytes":	2490368,
					"bits_per_second":	19925434.498789784,
					"retransmits":	0,
					"snd_cwnd":	198408,
					"snd_wnd":	-1,
					"rtt":	137,
					"rttvar":	60,
					"pmtu":	9500,
					"omitted":	false,
					"sender":	true
				}],
			"sum":	{
				"start":	1.001239,
				"end":	2.001114,
				"seconds":	0.999875009059906,
				"bytes":	2490368,
				"bits_per_second":	19925434.498789784,
				"retransmits":	0,
				"omitted":	false,
				"sender":	true
			}
		}, {
			"streams":	[{
					"socket":	5,
					"start":	2.001114,
					"end":	3.001323,
					"seconds":	1.0002089738845825,
					"bytes":	2490368,
					"bits_per_second":	19918781.494854871,
					"retransmits":	0,
					"snd_cwnd":	198408,
					"snd_wnd":	-1,
					"rtt":	162,
					"rttvar":	78,
					"pmtu":	9500,
					"omitted":	false,
					"sender":	true
				}],
			"sum":	{
				"start":	2.001114,
				"end":	3.001323,
				"seconds":	1.0002089738845825,
				"bytes":	2490368,
				"bits_per_second":	19918781.494854871,
				"retransmits":	0,
				"omitted":	false,
				"sender":	true
			}
		}],
	"end":	{
		"streams":	[{
				"sender":	{
					"socket":	5,
					"start":	0,
					"end":	3.001323,
					"seconds":	3.001323,
					"bytes":	7602176,
					"bits_per_second":	20263533.115229517,
					"retransmits":	0,
					"max_snd_cwnd":	198408,
					"max_snd_wnd":	0,
					"max_rtt":	165,
					"min_rtt":	137,
					"mean_rtt":	154,
					"sender":	true
				},
				"receiver":	{
					"socket":	5,
					"start":	0,
					"end":	3.001514,
					"seconds":	3.001323,
					"bytes":	7602176,
					"bits_per_second":	20262243.6543691,
					"sender":	true
				}
			}],
		"sum_sent":	{
			"start":	0,
			"end":	3.001323,
			"seconds":	3.001323,
			"bytes":	7602176,
			"bits_per_second":	20263533.115229517,
			"retransmits":	0,
			"sender":	true
		},
		"sum_received":	{
			"start":	0,
			"end":	3.001514,
			"seconds":	3.001514,
			"bytes":	7602176,
			"bits_per_second":	20262243.6543691,
			"sender":	true
		},
		"cpu_utilization_percent":	{
			"host_total":	0.72619295755983182,
			"host_user":	0.042119857465070486,
			"host_system":	0.68397321110472564,
			"remote_total":	0.22698181813335855,
			"remote_user":	0.11880480896280003,
			"remote_system":	0.10811037719693946
		},
		"sender_tcp_congestion":	"cubic",
		"receiver_tcp_congestion":	"cubic"
	}
}
