{
	"start":	{
		"connected":	[{
				"socket":	5,
				"local_host":	"192.168.1.2",
				"local_port":	37684,
				"remote_host":	"192.168.8.2",
				"remote_port":	5203
			}],
		"version":	"iperf 3.19.1",
		"system_info":	"Linux h1 6.6.87.2-microsoft-standard-WSL2 #1 SMP PREEMPT_DYNAMIC Thu Jun  5 18:30:46 UTC 2025 x86_64",
		"timestamp":	{
			"time":	"Mon, 06 Apr 2026 03:29:10 UTC",
			"timesecs":	1775446150
		},
		"connecting_to":	{
			"host":	"192.168.8.2",
			"port":	5203
		},
		"cookie":	"357guqcxv7qvszlf5avg4umqefxfprpfyuf6",
		"tcp_mss_default":	9448,
		"target_bitrate":	20000000,
		"fq_rate":	0,
		"sock_bufsize":	0,
		"sndbuf_actual":	16384,
		"rcvbuf_actual":	131072,
		"test_start":	{
			"protocol":	"TCP",
			"num_streams":	1,
			"blksize":	131072,
			"omit":	0,
			"duration":	3,
			"bytes":	0,
			"blocks":	0,
			"reverse":	0,
			"tos":	0,
			"target_bitrate":	20000000,
			"bidir":	0,
			"fqrate":	0,
			"interval":	1
		}
	},
	"intervals":	[{
			"streams":	[{
					"socket":	5,
					"start":	0,
					"end":	1.001113,
					"seconds":	1.0011130571365356,
					"bytes":	2621440,
					"bits_per_second":	20948203.452649429,
					"retransmits":	0,
					"snd_cwnd":	255096,
					"snd_wnd":	-1,
					"rtt":	145,
					"rttvar":	72,
					"pmtu":	9500,
					"omitted":	false,
					"sender":	true
				}],
			"sum":	{
				"start":	0,
				"end":	1.001113,
				"seconds":	1.0011130571365356,
				"bytes":	2621440,
				"bits_per_second":	20948203.452649429,
				"retransmits":	0,
				"omitted":	false,
				"sender":	true
			}
		}, {
			"streams":	[{
					"socket":	5,
					"start":	1.001113,
					"end":	2.000231,
					"seconds":	0.99911797046661377,
					"bytes":	2490368,
					"bits_per_second":	19940532.138257381,
					"retransmits":	0,
					"snd_cwnd":	255096,
					"snd_wnd":	-1,
					"rtt":	163,
					"rttvar":	70,
					"pmtu":	9500,
					"omitted":	false,
					"sender":	true
				}],
			"sum":	{
				"start":	1.001113,
				"end":	2.000231,
				"seconds":	0.99911797046661377,
				"bytes":	2490368,
				"bits_per_second":	19940532.138257381,
				"retransmits":	0,
				"omitted":	false,
				"sender":	true
			}
		}, {
			"streams":	[{
					"socket":	5,
					"start":	2.000231,
					"end":	3.001245,
					"seconds":	1.0010139942169189,
					"bytes":	2490368,
					"bits_per_second":	19902762.713707592,
					"retransmits":	0,
					"snd_cwnd":	255096,
					"snd_wnd":	-1,
					"rtt":	156,
					"rttvar":	87,
					"pmtu":	9500,
					"omitted":	false,
					"sender":	true
				}],
			"sum":	{
				"start":	2.000231,
				"end":	3.001245,
				"seconds":	1.0010139942169189,
				"bytes":	2490368,
				"bits_per_second":	19902762.713707592,
				"retransmits":	0,
				"omitted":	false,
				"sender":	true
			}
		}],
	"end":	{
		"streams":	[{
				"sender":	{
					"socket":	5,
					"start":	0,
					"end":	3.001245,
					"seconds":	3.001245,
					"bytes":	7602176,
					"bits_per_second":	20264059.748537689,
					"retransmits":	0,
					"max_snd_cwnd":	255096,
					"max_snd_wnd":	0,
					"max_rtt":	163,
					"min_rtt":	145,
					"mean_rtt":	154,
					"sender":	true
				},
				"receiver":	{
					"socket":	5,
					"start":	0,
					"end":	3.001453,
					"seconds":	3.001245,
					"bytes":	7602176,
					"bits_per_second":	20262655.453875173,
					"sender":	true
				}
			}],
		"sum_sent":	{
			"start":	0,
			"end":	3.001245,
			"seconds":	3.001245,
			"bytes":	7602176,
			"bits_per_second":	20264059.748537689,
			"retransmits":	0,
			"sender":	true
		},
		"sum_received":	{
			"start":	0,
			"end":	3.001453,
			"seconds":	3.001453,
			"bytes":	7602176,
			"bits_per_second":	20262655.453875173,
			"sender":	true
		},
		"cpu_utilization_percent":	{
			"host_total":	0.68015951094323135,
			"host_user":	0,
			"host_system":	0.68015951094323135,
			"remote_total":	0.21139071100241175,
			"remote_user":	0,
			"remote_system":	0.21142402711131678
		},
		"sender_tcp_congestion":	"cubic",
		"receiver_tcp_congestion":	"cubic"
	}
}
