{
	"start":	{
		"connected":	[{
				"socket":	5,
				"local_host":	"192.168.1.2",
				"local_port":	36048,
				"remote_host":	"192.168.8.2",
				"remote_port":	5202
			}],
		"version":	"iperf 3.19.1",
		"system_info":	"Linux h1 6.6.87.2-microsoft-standard-WSL2 #1 SMP PREEMPT_DYNAMIC Thu Jun  5 18:30:46 UTC 2025 x86_64",
		"timestamp":	{
			"time":	"Mon, 06 Apr 2026 03:13:13 UTC",
			"timesecs":	1775445193
		},
		"connecting_to":	{
			"host":	"192.168.8.2",
			"port":	5202
		},
		"cookie":	"u6mcmeuamyqofud3iy7zbu7kjzy7yu36r26j",
		"tcp_mss_default":	9448,
		"target_bitrate":	20000000,
		"fq_rate":	0,
		"sock_bufsize":	0,
		"sndbuf_actual":	16384,
		"rcvbuf_actual":	131072,
		"test_start":	{
			"protocol":	"TCP",
			"num_streams":	1,
			"blksize":	131072,
			"omit":	0,
			"duration":	3,
			"bytes":	0,
			"blocks":	0,
			"reverse":	0,
			"tos":	0,
			"target_bitrate":	20000000,
			"bidir":	0,
			"fqrate":	0,
			"interval":	1
		}
	},
	"intervals":	[{
			"streams":	[{
					"socket":	5,
					"start":	0,
					"end":	1.001203,
					"seconds":	1.0012029409408569,
					"bytes":	2621440,
					"bits_per_second":	20946322.810730565,
					"retransmits":	0,
					"snd_cwnd":	321232,
					"snd_wnd":	-1,
					"rtt":	208,
					"rttvar":	126,
					"pmtu":	9500,
					"omitted":	false,
					"sender":	true
				}],
			"sum":	{
				"start":	0,
				"end":	1.001203,
				"seconds":	1.0012029409408569,
				"bytes":	2621440,
				"bits_per_second":	20946322.810730565,
				"retransmits":	0,
				"omitted":	false,
				"sender":	true
			}
		}, {
			"streams":	[{
					"socket":	5,
					"start":	1.001203,
					"end":	2.001424,
					"seconds":	1.0002210140228271,
					"bytes":	2490368,
					"bits_per_second":	19918541.722964957,
					"retransmits":	0,
					"snd_cwnd":	321232,
					"snd_wnd":	-1,
					"rtt":	148,
					"rttvar":	63,
					"pmtu":	9500,
					"omitted":	false,
					"sender":	true
				}],
			"sum":	{
				"start":	1.001203,
				"end":	2.001424,
				"seconds":	1.0002210140228271,
				"bytes":	2490368,
				"bits_per_second":	19918541.722964957,
				"retransmits":	0,
				"omitted":	false,
				"sender":	true
			}
		}, {
			"streams":	[{
					"socket":	5,
					"start":	2.001424,
					"end":	3.001229,
					"seconds":	0.999804973602295,
					"bytes":	2490368,
					"bits_per_second":	19926830.257922884,
					"retransmits":	0,
					"snd_cwnd":	321232,
					"snd_wnd":	-1,
					"rtt":	160,
					"rttvar":	90,
					"pmtu":	9500,
					"omitted":	false,
					"sender":	true
				}],
			"sum":	{
				"start":	2.001424,
				"end":	3.001229,
				"seconds":	0.999804973602295,
				"bytes":	2490368,
				"bits_per_second":	19926830.257922884,
				"retransmits":	0,
				"omitted":	false,
				"sender":	true
			}
		}],
	"end":	{
		"streams":	[{
				"sender":	{
					"socket":	5,
					"start":	0,
					"end":	3.001229,
					"seconds":	3.001229,
					"bytes":	7602176,
					"bits_per_second":	20264167.779266428,
					"retransmits":	0,
					"max_snd_cwnd":	321232,
					"max_snd_wnd":	0,
					"max_rtt":	208,
					"min_rtt":	148,
					"mean_rtt":	172,
					"sender":	true
				},
				"receiver":	{
					"socket":	5,
					"start":	0,
					"end":	3.001355,
					"seconds":	3.001229,
					"bytes":	7602176,
					"bits_per_second":	20263317.068457413,
					"sender":	true
				}
			}],
		"sum_sent":	{
			"start":	0,
			"end":	3.001229,
			"seconds":	3.001229,
			"bytes":	7602176,
			"bits_per_second":	20264167.779266428,
			"retransmits":	0,
			"sender":	true
		},
		"sum_received":	{
			"start":	0,
			"end":	3.001355,
			"seconds":	3.001355,
			"bytes":	7602176,
			"bits_per_second":	20263317.068457413,
			"sender":	true
		},
		"cpu_utilization_percent":	{
			"host_total":	0.74006444003356231,
			"host_user":	0,
			"host_system":	0.74003113080500749,
			"remote_total":	0.26124544877843348,
			"remote_user":	0,
			"remote_system":	0.26121213090459361
		},
		"sender_tcp_congestion":	"cubic",
		"receiver_tcp_congestion":	"cubic"
	}
}
