{
	"start":	{
		"connected":	[{
				"socket":	5,
				"local_host":	"192.168.1.2",
				"local_port":	59522,
				"remote_host":	"192.168.8.2",
				"remote_port":	5202
			}],
		"version":	"iperf 3.19.1",
		"system_info":	"Linux h1 6.6.87.2-microsoft-standard-WSL2 #1 SMP PREEMPT_DYNAMIC Thu Jun  5 18:30:46 UTC 2025 x86_64",
		"timestamp":	{
			"time":	"Mon, 06 Apr 2026 03:24:57 UTC",
			"timesecs":	1775445897
		},
		"connecting_to":	{
			"host":	"192.168.8.2",
			"port":	5202
		},
		"cookie":	"hkv6skvljbaijgwj3k5s7obwethypfkwef2b",
		"tcp_mss_default":	9448,
		"target_bitrate":	20000000,
		"fq_rate":	0,
		"sock_bufsize":	0,
		"sndbuf_actual":	16384,
		"rcvbuf_actual":	131072,
		"test_start":	{
			"protocol":	"TCP",
			"num_streams":	1,
			"blksize":	131072,
			"omit":	0,
			"duration":	3,
			"bytes":	0,
			"blocks":	0,
			"reverse":	0,
			"tos":	0,
			"target_bitrate":	20000000,
			"bidir":	0,
			"fqrate":	0,
			"interval":	1
		}
	},
	"intervals":	[{
			"streams":	[{
					"socket":	5,
					"start":	0,
					"end":	1.001004,
					"seconds":	1.0010039806365967,
					"bytes":	2621440,
					"bits_per_second":	20950486.11761063,
					"retransmits":	0,
					"snd_cwnd":	207856,
					"snd_wnd":	-1,
					"rtt":	133,
					"rttvar":	44,
					"pmtu":	9500,
					"omitted":	false,
					"sender":	true
				}],
			"sum":	{
				"start":	0,
				"end":	1.001004,
				"seconds":	1.0010039806365967,
				"bytes":	2621440,
				"bits_per_second":	20950486.11761063,
				"retransmits":	0,
				"omitted":	false,
				"sender":	true
			}
		}, {
			"streams":	[{
					"socket":	5,
					"start":	1.001004,
					"end":	2.000959,
					"seconds":	0.99995499849319458,
					"bytes":	2490368,
					"bits_per_second":	19923840.602848478,
					"retransmits":	0,
					"snd_cwnd":	207856,
					"snd_wnd":	-1,
					"rtt":	185,
					"rttvar":	122,
					"pmtu":	9500,
					"omitted":	false,
					"sender":	true
				}],
			"sum":	{
				"start":	1.001004,
				"end":	2.000959,
				"seconds":	0.99995499849319458,
				"bytes":	2490368,
				"bits_per_second":	19923840.602848478,
				"retransmits":	0,
				"omitted":	false,
				"sender":	true
			}
		}, {
			"streams":	[{
					"socket":	5,
					"start":	2.000959,
					"end":	3.001006,
					"seconds":	1.000046968460083,
					"bytes":	2490368,
					"bits_per_second":	19922008.293948673,
					"retransmits":	0,
					"snd_cwnd":	207856,
					"snd_wnd":	-1,
					"rtt":	120,
					"rttvar":	75,
					"pmtu":	9500,
					"omitted":	false,
					"sender":	true
				}],
			"sum":	{
				"start":	2.000959,
				"end":	3.001006,
				"seconds":	1.000046968460083,
				"bytes":	2490368,
				"bits_per_second":	19922008.293948673,
				"retransmits":	0,
				"omitted":	false,
				"sender":	true
			}
		}],
	"end":	{
		"streams":	[{
				"sender":	{
					"socket":	5,
					"start":	0,
					"end":	3.001006,
					"seconds":	3.001006,
					"bytes":	7602176,
					"bits_per_second":	20265673.57746036,
					"retransmits":	0,
					"max_snd_cwnd":	207856,
					"max_snd_wnd":	0,
					"max_rtt":	185,
					"min_rtt":	120,
					"mean_rtt":	146,
					"sender":	true
				},
				"receiver":	{
					"socket":	5,
					"start":	0,
					"end":	3.001125,
					"seconds":	3.001006,
					"bytes":	7602176,
					"bits_per_second":	20264870.007080678,
					"sender":	true
				}
			}],
		"sum_sent":	{
			"start":	0,
			"end":	3.001006,
			"seconds":	3.001006,
			"bytes":	7602176,
			"bits_per_second":	20265673.57746036,
			"retransmits":	0,
			"sender":	true
		},
		"sum_received":	{
			"start":	0,
			"end":	3.001125,
			"seconds":	3.001125,
			"bytes":	7602176,
			"bits_per_second":	20264870.007080678,
			"sender":	true
		},
		"cpu_utilization_percent":	{
			"host_total":	0.593001305455632,
			"host_user":	0,
			"host_system":	0.59303461639291177,
			"remote_total":	0.21321727169858096,
			"remote_user":	0.0072638482935287784,
			"remote_system":	0.20595342340505216
		},
		"sender_tcp_congestion":	"cubic",
		"receiver_tcp_congestion":	"cubic"
	}
}
