{
	"start":	{
		"connected":	[{
				"socket":	5,
				"local_host":	"192.168.1.2",
				"local_port":	38078,
				"remote_host":	"192.168.8.2",
				"remote_port":	5203
			}],
		"version":	"iperf 3.19.1",
		"system_info":	"Linux h1 6.6.87.2-microsoft-standard-WSL2 #1 SMP PREEMPT_DYNAMIC Thu Jun  5 18:30:46 UTC 2025 x86_64",
		"timestamp":	{
			"time":	"Mon, 06 Apr 2026 03:23:39 UTC",
			"timesecs":	1775445819
		},
		"connecting_to":	{
			"host":	"192.168.8.2",
			"port":	5203
		},
		"cookie":	"h2ocz53apjvwixmqcui7rfl4qyzseaa7cjwy",
		"tcp_mss_default":	9448,
		"target_bitrate":	20000000,
		"fq_rate":	0,
		"sock_bufsize":	0,
		"sndbuf_actual":	16384,
		"rcvbuf_actual":	131072,
		"test_start":	{
			"protocol":	"TCP",
			"num_streams":	1,
			"blksize":	131072,
			"omit":	0,
			"duration":	3,
			"bytes":	0,
			"blocks":	0,
			"reverse":	0,
			"tos":	0,
			"target_bitrate":	20000000,
			"bidir":	0,
			"fqrate":	0,
			"interval":	1
		}
	},
	"intervals":	[{
			"streams":	[{
					"socket":	5,
					"start":	0,
					"end":	1.001124,
					"seconds":	1.0011240243911743,
					"bytes":	2621440,
					"bits_per_second":	20947973.966316175,
					"retransmits":	0,
					"snd_cwnd":	160616,
					"snd_wnd":	-1,
					"rtt":	120,
					"rttvar":	58,
					"pmtu":	9500,
					"omitted":	false,
					"sender":	true
				}],
			"sum":	{
				"start":	0,
				"end":	1.001124,
				"seconds":	1.0011240243911743,
				"bytes":	2621440,
				"bits_per_second":	20947973.966316175,
				"retransmits":	0,
				"omitted":	false,
				"sender":	true
			}
		}, {
			"streams":	[{
					"socket":	5,
					"start":	1.001124,
					"end":	2.001474,
					"seconds":	1.0003499984741211,
					"bytes":	2490368,
					"bits_per_second":	19915973.439685475,
					"retransmits":	0,
					"snd_cwnd":	160616,
					"snd_wnd":	-1,
					"rtt":	151,
					"rttvar":	42,
					"pmtu":	9500,
					"omitted":	false,
					"sender":	true
				}],
			"sum":	{
				"start":	1.001124,
				"end":	2.001474,
				"seconds":	1.0003499984741211,
				"bytes":	2490368,
				"bits_per_second":	19915973.439685475,
				"retransmits":	0,
				"omitted":	false,
				"sender":	true
			}
		}, {
			"streams":	[{
					"socket":	5,
					"start":	2.001474,
					"end":	3.001581,
					"seconds":	1.0001070499420166,
					"bytes":	2490368,
					"bits_per_second":	19920811.478286326,
					"retransmits":	0,
					"snd_cwnd":	160616,
					"snd_wnd":	-1,
					"rtt":	146,
					"rttvar":	39,
					"pmtu":	9500,
					"omitted":	false,
					"sender":	true
				}],
			"sum":	{
				"start":	2.001474,
				"end":	3.001581,
				"seconds":	1.0001070499420166,
				"bytes":	2490368,
				"bits_per_second":	19920811.478286326,
				"retransmits":	0,
				"omitted":	false,
				"sender":	true
			}
		}],
	"end":	{
		"streams":	[{
				"sender":	{
					"socket":	5,
					"start":	0,
					"end":	3.001581,
					"seconds":	3.001581,
					"bytes":	7602176,
					"bits_per_second":	20261791.369281724,
					"retransmits":	0,
					"max_snd_cwnd":	160616,
					"max_snd_wnd":	0,
					"max_rtt":	151,
					"min_rtt":	120,
					"mean_rtt":	139,
					"sender":	true
				},
				"receiver":	{
					"socket":	5,
					"start":	0,
					"end":	3.001772,
					"seconds":	3.001581,
					"bytes":	7602176,
					"bits_per_second":	20260502.130075168,
					"sender":	true
				}
			}],
		"sum_sent":	{
			"start":	0,
			"end":	3.001581,
			"seconds":	3.001581,
			"bytes":	7602176,
			"bits_per_second":	20261791.369281724,
			"retransmits":	0,
			"sender":	true
		},
		"sum_received":	{
			"start":	0,
			"end":	3.001772,
			"seconds":	3.001772,
			"bytes":	7602176,
			"bits_per_second":	20260502.130075168,
			"sender":	true
		},
		"cpu_utilization_percent":	{
			"host_total":	0.667031171853096,
			"host_user":	0.012953031442235139,
			"host_system":	0.654078140410861,
			"remote_total":	0.24102092934472288,
			"remote_user":	0,
			"remote_system":	0.24102092934472288
		},
		"sender_tcp_congestion":	"cubic",
		"receiver_tcp_congestion":	"cubic"
	}
}
