{
	"start":	{
		"connected":	[{
				"socket":	5,
				"local_host":	"192.168.1.2",
				"local_port":	39074,
				"remote_host":	"192.168.8.2",
				"remote_port":	5203
			}],
		"version":	"iperf 3.19.1",
		"system_info":	"Linux h1 6.6.87.2-microsoft-standard-WSL2 #1 SMP PREEMPT_DYNAMIC Thu Jun  5 18:30:46 UTC 2025 x86_64",
		"timestamp":	{
			"time":	"Mon, 06 Apr 2026 03:23:09 UTC",
			"timesecs":	1775445789
		},
		"connecting_to":	{
			"host":	"192.168.8.2",
			"port":	5203
		},
		"cookie":	"jhxihg2qu5ybj2uzuk3qmwelkcb6jw5j7azf",
		"tcp_mss_default":	9448,
		"target_bitrate":	20000000,
		"fq_rate":	0,
		"sock_bufsize":	0,
		"sndbuf_actual":	16384,
		"rcvbuf_actual":	131072,
		"test_start":	{
			"protocol":	"TCP",
			"num_streams":	1,
			"blksize":	131072,
			"omit":	0,
			"duration":	3,
			"bytes":	0,
			"blocks":	0,
			"reverse":	0,
			"tos":	0,
			"target_bitrate":	20000000,
			"bidir":	0,
			"fqrate":	0,
			"interval":	1
		}
	},
	"intervals":	[{
			"streams":	[{
					"socket":	5,
					"start":	0,
					"end":	1.000734,
					"seconds":	1.0007339715957642,
					"bytes":	2621440,
					"bits_per_second":	20956138.78937171,
					"retransmits":	0,
					"snd_cwnd":	264544,
					"snd_wnd":	-1,
					"rtt":	169,
					"rttvar":	83,
					"pmtu":	9500,
					"omitted":	false,
					"sender":	true
				}],
			"sum":	{
				"start":	0,
				"end":	1.000734,
				"seconds":	1.0007339715957642,
				"bytes":	2621440,
				"bits_per_second":	20956138.78937171,
				"retransmits":	0,
				"omitted":	false,
				"sender":	true
			}
		}, {
			"streams":	[{
					"socket":	5,
					"start":	1.000734,
					"end":	2.000674,
					"seconds":	0.99993997812271118,
					"bytes":	2490368,
					"bits_per_second":	19924139.884279221,
					"retransmits":	0,
					"snd_cwnd":	264544,
					"snd_wnd":	-1,
					"rtt":	235,
					"rttvar":	167,
					"pmtu":	9500,
					"omitted":	false,
					"sender":	true
				}],
			"sum":	{
				"start":	1.000734,
				"end":	2.000674,
				"seconds":	0.99993997812271118,
				"bytes":	2490368,
				"bits_per_second":	19924139.884279221,
				"retransmits":	0,
				"omitted":	false,
				"sender":	true
			}
		}, {
			"streams":	[{
					"socket":	5,
					"start":	2.000674,
					"end":	3.001522,
					"seconds":	1.0008480548858643,
					"bytes":	2490368,
					"bits_per_second":	19906062.566382259,
					"retransmits":	0,
					"snd_cwnd":	264544,
					"snd_wnd":	-1,
					"rtt":	159,
					"rttvar":	77,
					"pmtu":	9500,
					"omitted":	false,
					"sender":	true
				}],
			"sum":	{
				"start":	2.000674,
				"end":	3.001522,
				"seconds":	1.0008480548858643,
				"bytes":	2490368,
				"bits_per_second":	19906062.566382259,
				"retransmits":	0,
				"omitted":	false,
				"sender":	true
			}
		}],
	"end":	{
		"streams":	[{
				"sender":	{
					"socket":	5,
					"start":	0,
					"end":	3.001522,
					"seconds":	3.001522,
					"bytes":	7602176,
					"bits_per_second":	20262189.649118014,
					"retransmits":	0,
					"max_snd_cwnd":	264544,
					"max_snd_wnd":	0,
					"max_rtt":	235,
					"min_rtt":	159,
					"mean_rtt":	187,
					"sender":	true
				},
				"receiver":	{
					"socket":	5,
					"start":	0,
					"end":	3.001753,
					"seconds":	3.001522,
					"bytes":	7602176,
					"bits_per_second":	20260630.37165283,
					"sender":	true
				}
			}],
		"sum_sent":	{
			"start":	0,
			"end":	3.001522,
			"seconds":	3.001522,
			"bytes":	7602176,
			"bits_per_second":	20262189.649118014,
			"retransmits":	0,
			"sender":	true
		},
		"sum_received":	{
			"start":	0,
			"end":	3.001753,
			"seconds":	3.001753,
			"bytes":	7602176,
			"bits_per_second":	20260630.37165283,
			"sender":	true
		},
		"cpu_utilization_percent":	{
			"host_total":	0.84678839645211146,
			"host_user":	0.048207179007771078,
			"host_system":	0.79854792519364437,
			"remote_total":	0.29914666581386545,
			"remote_user":	0.001832190046744165,
			"remote_system":	0.29724785067451243
		},
		"sender_tcp_congestion":	"cubic",
		"receiver_tcp_congestion":	"cubic"
	}
}
