{
	"start":	{
		"connected":	[{
				"socket":	5,
				"local_host":	"192.168.1.2",
				"local_port":	49404,
				"remote_host":	"192.168.8.2",
				"remote_port":	5203
			}],
		"version":	"iperf 3.19.1",
		"system_info":	"Linux h1 6.6.87.2-microsoft-standard-WSL2 #1 SMP PREEMPT_DYNAMIC Thu Jun  5 18:30:46 UTC 2025 x86_64",
		"timestamp":	{
			"time":	"Mon, 06 Apr 2026 03:12:17 UTC",
			"timesecs":	1775445137
		},
		"connecting_to":	{
			"host":	"192.168.8.2",
			"port":	5203
		},
		"cookie":	"y6caojyldajo2bb6gqwistcqknazh5dzu52q",
		"tcp_mss_default":	9448,
		"target_bitrate":	20000000,
		"fq_rate":	0,
		"sock_bufsize":	0,
		"sndbuf_actual":	16384,
		"rcvbuf_actual":	131072,
		"test_start":	{
			"protocol":	"TCP",
			"num_streams":	1,
			"blksize":	131072,
			"omit":	0,
			"duration":	3,
			"bytes":	0,
			"blocks":	0,
			"reverse":	0,
			"tos":	0,
			"target_bitrate":	20000000,
			"bidir":	0,
			"fqrate":	0,
			"interval":	1
		}
	},
	"intervals":	[{
			"streams":	[{
					"socket":	5,
					"start":	0,
					"end":	1.000774,
					"seconds":	1.0007740259170532,
					"bytes":	2621440,
					"bits_per_second":	20955300.054658066,
					"retransmits":	0,
					"snd_cwnd":	170064,
					"snd_wnd":	-1,
					"rtt":	128,
					"rttvar":	89,
					"pmtu":	9500,
					"omitted":	false,
					"sender":	true
				}],
			"sum":	{
				"start":	0,
				"end":	1.000774,
				"seconds":	1.0007740259170532,
				"bytes":	2621440,
				"bits_per_second":	20955300.054658066,
				"retransmits":	0,
				"omitted":	false,
				"sender":	true
			}
		}, {
			"streams":	[{
					"socket":	5,
					"start":	1.000774,
					"end":	2.000752,
					"seconds":	0.999978005886078,
					"bytes":	2490368,
					"bits_per_second":	19923382.197137758,
					"retransmits":	0,
					"snd_cwnd":	170064,
					"snd_wnd":	-1,
					"rtt":	200,
					"rttvar":	143,
					"pmtu":	9500,
					"omitted":	false,
					"sender":	true
				}],
			"sum":	{
				"start":	1.000774,
				"end":	2.000752,
				"seconds":	0.999978005886078,
				"bytes":	2490368,
				"bits_per_second":	19923382.197137758,
				"retransmits":	0,
				"omitted":	false,
				"sender":	true
			}
		}, {
			"streams":	[{
					"socket":	5,
					"start":	2.000752,
					"end":	3.001467,
					"seconds":	1.0007150173187256,
					"bytes":	2490368,
					"bits_per_second":	19908708.928322781,
					"retransmits":	0,
					"snd_cwnd":	170064,
					"snd_wnd":	-1,
					"rtt":	176,
					"rttvar":	54,
					"pmtu":	9500,
					"omitted":	false,
					"sender":	true
				}],
			"sum":	{
				"start":	2.000752,
				"end":	3.001467,
				"seconds":	1.0007150173187256,
				"bytes":	2490368,
				"bits_per_second":	19908708.928322781,
				"retransmits":	0,
				"omitted":	false,
				"sender":	true
			}
		}],
	"end":	{
		"streams":	[{
				"sender":	{
					"socket":	5,
					"start":	0,
					"end":	3.001467,
					"seconds":	3.001467,
					"bytes":	7602176,
					"bits_per_second":	20262560.94103317,
					"retransmits":	0,
					"max_snd_cwnd":	170064,
					"max_snd_wnd":	0,
					"max_rtt":	200,
					"min_rtt":	128,
					"mean_rtt":	168,
					"sender":	true
				},
				"receiver":	{
					"socket":	5,
					"start":	0,
					"end":	3.00168,
					"seconds":	3.001467,
					"bytes":	7602176,
					"bits_per_second":	20261123.104394872,
					"sender":	true
				}
			}],
		"sum_sent":	{
			"start":	0,
			"end":	3.001467,
			"seconds":	3.001467,
			"bytes":	7602176,
			"bits_per_second":	20262560.94103317,
			"retransmits":	0,
			"sender":	true
		},
		"sum_received":	{
			"start":	0,
			"end":	3.00168,
			"seconds":	3.00168,
			"bytes":	7602176,
			"bits_per_second":	20261123.104394872,
			"sender":	true
		},
		"cpu_utilization_percent":	{
			"host_total":	0.64833227703607543,
			"host_user":	0,
			"host_system":	0.64836558120605725,
			"remote_total":	0.22383833268925815,
			"remote_user":	0,
			"remote_system":	0.22390496115560413
		},
		"sender_tcp_congestion":	"cubic",
		"receiver_tcp_congestion":	"cubic"
	}
}
