{
	"start":	{
		"connected":	[{
				"socket":	5,
				"local_host":	"192.168.1.2",
				"local_port":	59842,
				"remote_host":	"192.168.8.2",
				"remote_port":	5202
			}],
		"version":	"iperf 3.19.1",
		"system_info":	"Linux h1 6.6.87.2-microsoft-standard-WSL2 #1 SMP PREEMPT_DYNAMIC Thu Jun  5 18:30:46 UTC 2025 x86_64",
		"timestamp":	{
			"time":	"Mon, 06 Apr 2026 03:29:48 UTC",
			"timesecs":	1775446188
		},
		"connecting_to":	{
			"host":	"192.168.8.2",
			"port":	5202
		},
		"cookie":	"6gg3k563wi4gmddbbucgkywwuporspg22d4w",
		"tcp_mss_default":	9448,
		"target_bitrate":	20000000,
		"fq_rate":	0,
		"sock_bufsize":	0,
		"sndbuf_actual":	16384,
		"rcvbuf_actual":	131072,
		"test_start":	{
			"protocol":	"TCP",
			"num_streams":	1,
			"blksize":	131072,
			"omit":	0,
			"duration":	3,
			"bytes":	0,
			"blocks":	0,
			"reverse":	0,
			"tos":	0,
			"target_bitrate":	20000000,
			"bidir":	0,
			"fqrate":	0,
			"interval":	1
		}
	},
	"intervals":	[{
			"streams":	[{
					"socket":	5,
					"start":	0,
					"end":	1.001087,
					"seconds":	1.001086950302124,
					"bytes":	2621440,
					"bits_per_second":	20948749.750129975,
					"retransmits":	0,
					"snd_cwnd":	264544,
					"snd_wnd":	-1,
					"rtt":	165,
					"rttvar":	88,
					"pmtu":	9500,
					"omitted":	false,
					"sender":	true
				}],
			"sum":	{
				"start":	0,
				"end":	1.001087,
				"seconds":	1.001086950302124,
				"bytes":	2621440,
				"bits_per_second":	20948749.750129975,
				"retransmits":	0,
				"omitted":	false,
				"sender":	true
			}
		}, {
			"streams":	[{
					"socket":	5,
					"start":	1.001087,
					"end":	2.001138,
					"seconds":	1.0000510215759277,
					"bytes":	2490368,
					"bits_per_second":	19921927.551860787,
					"retransmits":	0,
					"snd_cwnd":	264544,
					"snd_wnd":	-1,
					"rtt":	187,
					"rttvar":	112,
					"pmtu":	9500,
					"omitted":	false,
					"sender":	true
				}],
			"sum":	{
				"start":	1.001087,
				"end":	2.001138,
				"seconds":	1.0000510215759277,
				"bytes":	2490368,
				"bits_per_second":	19921927.551860787,
				"retransmits":	0,
				"omitted":	false,
				"sender":	true
			}
		}, {
			"streams":	[{
					"socket":	5,
					"start":	2.001138,
					"end":	3.00171,
					"seconds":	1.0005719661712646,
					"bytes":	2490368,
					"bits_per_second":	19911555.263971742,
					"retransmits":	0,
					"snd_cwnd":	264544,
					"snd_wnd":	-1,
					"rtt":	125,
					"rttvar":	60,
					"pmtu":	9500,
					"omitted":	false,
					"sender":	true
				}],
			"sum":	{
				"start":	2.001138,
				"end":	3.00171,
				"seconds":	1.0005719661712646,
				"bytes":	2490368,
				"bits_per_second":	19911555.263971742,
				"retransmits":	0,
				"omitted":	false,
				"sender":	true
			}
		}],
	"end":	{
		"streams":	[{
				"sender":	{
					"socket":	5,
					"start":	0,
					"end":	3.00171,
					"seconds":	3.00171,
					"bytes":	7602176,
					"bits_per_second":	20260920.608586438,
					"retransmits":	0,
					"max_snd_cwnd":	264544,
					"max_snd_wnd":	0,
					"max_rtt":	187,
					"min_rtt":	125,
					"mean_rtt":	159,
					"sender":	true
				},
				"receiver":	{
					"socket":	5,
					"start":	0,
					"end":	3.001897,
					"seconds":	3.00171,
					"bytes":	7602176,
					"bits_per_second":	20259658.475957036,
					"sender":	true
				}
			}],
		"sum_sent":	{
			"start":	0,
			"end":	3.00171,
			"seconds":	3.00171,
			"bytes":	7602176,
			"bits_per_second":	20260920.608586438,
			"retransmits":	0,
			"sender":	true
		},
		"sum_received":	{
			"start":	0,
			"end":	3.001897,
			"seconds":	3.001897,
			"bytes":	7602176,
			"bits_per_second":	20259658.475957036,
			"sender":	true
		},
		"cpu_utilization_percent":	{
			"host_total":	0.63606901953262363,
			"host_user":	0,
			"host_system":	0.63606901953262363,
			"remote_total":	0.2107639869737396,
			"remote_user":	0,
			"remote_system":	0.21079729880983472
		},
		"sender_tcp_congestion":	"cubic",
		"receiver_tcp_congestion":	"cubic"
	}
}
