{
	"start":	{
		"connected":	[{
				"socket":	5,
				"local_host":	"192.168.1.2",
				"local_port":	36948,
				"remote_host":	"192.168.8.2",
				"remote_port":	5202
			}],
		"version":	"iperf 3.19.1",
		"system_info":	"Linux h1 6.6.87.2-microsoft-standard-WSL2 #1 SMP PREEMPT_DYNAMIC Thu Jun  5 18:30:46 UTC 2025 x86_64",
		"timestamp":	{
			"time":	"Mon, 06 Apr 2026 03:13:39 UTC",
			"timesecs":	1775445219
		},
		"connecting_to":	{
			"host":	"192.168.8.2",
			"port":	5202
		},
		"cookie":	"3zbkex3sef6qis3v4vur5tvv53hw74eytouq",
		"tcp_mss_default":	9448,
		"target_bitrate":	20000000,
		"fq_rate":	0,
		"sock_bufsize":	0,
		"sndbuf_actual":	16384,
		"rcvbuf_actual":	131072,
		"test_start":	{
			"protocol":	"TCP",
			"num_streams":	1,
			"blksize":	131072,
			"omit":	0,
			"duration":	3,
			"bytes":	0,
			"blocks":	0,
			"reverse":	0,
			"tos":	0,
			"target_bitrate":	20000000,
			"bidir":	0,
			"fqrate":	0,
			"interval":	1
		}
	},
	"intervals":	[{
			"streams":	[{
					"socket":	5,
					"start":	0,
					"end":	1.001131,
					"seconds":	1.0011310577392578,
					"bytes":	2621440,
					"bits_per_second":	20947826.79837906,
					"retransmits":	0,
					"snd_cwnd":	264544,
					"snd_wnd":	-1,
					"rtt":	178,
					"rttvar":	60,
					"pmtu":	9500,
					"omitted":	false,
					"sender":	true
				}],
			"sum":	{
				"start":	0,
				"end":	1.001131,
				"seconds":	1.0011310577392578,
				"bytes":	2621440,
				"bits_per_second":	20947826.79837906,
				"retransmits":	0,
				"omitted":	false,
				"sender":	true
			}
		}, {
			"streams":	[{
					"socket":	5,
					"start":	1.001131,
					"end":	2.001149,
					"seconds":	1.0000180006027222,
					"bytes":	2490368,
					"bits_per_second":	19922585.381455351,
					"retransmits":	0,
					"snd_cwnd":	264544,
					"snd_wnd":	-1,
					"rtt":	167,
					"rttvar":	91,
					"pmtu":	9500,
					"omitted":	false,
					"sender":	true
				}],
			"sum":	{
				"start":	1.001131,
				"end":	2.001149,
				"seconds":	1.0000180006027222,
				"bytes":	2490368,
				"bits_per_second":	19922585.381455351,
				"retransmits":	0,
				"omitted":	false,
				"sender":	true
			}
		}, {
			"streams":	[{
					"socket":	5,
					"start":	2.001149,
					"end":	3.001304,
					"seconds":	1.000154972076416,
					"bytes":	2490368,
					"bits_per_second":	19919856.978402145,
					"retransmits":	0,
					"snd_cwnd":	264544,
					"snd_wnd":	-1,
					"rtt":	143,
					"rttvar":	59,
					"pmtu":	9500,
					"omitted":	false,
					"sender":	true
				}],
			"sum":	{
				"start":	2.001149,
				"end":	3.001304,
				"seconds":	1.000154972076416,
				"bytes":	2490368,
				"bits_per_second":	19919856.978402145,
				"retransmits":	0,
				"omitted":	false,
				"sender":	true
			}
		}],
	"end":	{
		"streams":	[{
				"sender":	{
					"socket":	5,
					"start":	0,
					"end":	3.001304,
					"seconds":	3.001304,
					"bytes":	7602176,
					"bits_per_second":	20263661.395180225,
					"retransmits":	0,
					"max_snd_cwnd":	264544,
					"max_snd_wnd":	0,
					"max_rtt":	178,
					"min_rtt":	143,
					"mean_rtt":	162,
					"sender":	true
				},
				"receiver":	{
					"socket":	5,
					"start":	0,
					"end":	3.001516,
					"seconds":	3.001304,
					"bytes":	7602176,
					"bits_per_second":	20262230.153029334,
					"sender":	true
				}
			}],
		"sum_sent":	{
			"start":	0,
			"end":	3.001304,
			"seconds":	3.001304,
			"bytes":	7602176,
			"bits_per_second":	20263661.395180225,
			"retransmits":	0,
			"sender":	true
		},
		"sum_received":	{
			"start":	0,
			"end":	3.001516,
			"seconds":	3.001516,
			"bytes":	7602176,
			"bits_per_second":	20262230.153029334,
			"sender":	true
		},
		"cpu_utilization_percent":	{
			"host_total":	0.69219755739254929,
			"host_user":	0,
			"host_system":	0.692230861739999,
			"remote_total":	0.23104459810400174,
			"remote_user":	0,
			"remote_system":	0.23101128237247989
		},
		"sender_tcp_congestion":	"cubic",
		"receiver_tcp_congestion":	"cubic"
	}
}
