{
	"start":	{
		"connected":	[{
				"socket":	5,
				"local_host":	"192.168.1.2",
				"local_port":	39198,
				"remote_host":	"192.168.8.2",
				"remote_port":	5203
			}],
		"version":	"iperf 3.19.1",
		"system_info":	"Linux h1 6.6.87.2-microsoft-standard-WSL2 #1 SMP PREEMPT_DYNAMIC Thu Jun  5 18:30:46 UTC 2025 x86_64",
		"timestamp":	{
			"time":	"Mon, 06 Apr 2026 03:24:41 UTC",
			"timesecs":	1775445881
		},
		"connecting_to":	{
			"host":	"192.168.8.2",
			"port":	5203
		},
		"cookie":	"yjef5vv7hcwt3d7clbscak2vzyaztgqnlwqc",
		"tcp_mss_default":	9448,
		"target_bitrate":	20000000,
		"fq_rate":	0,
		"sock_bufsize":	0,
		"sndbuf_actual":	16384,
		"rcvbuf_actual":	131072,
		"test_start":	{
			"protocol":	"TCP",
			"num_streams":	1,
			"blksize":	131072,
			"omit":	0,
			"duration":	3,
			"bytes":	0,
			"blocks":	0,
			"reverse":	0,
			"tos":	0,
			"target_bitrate":	20000000,
			"bidir":	0,
			"fqrate":	0,
			"interval":	1
		}
	},
	"intervals":	[{
			"streams":	[{
					"socket":	5,
					"start":	0,
					"end":	1.001107,
					"seconds":	1.0011069774627686,
					"bytes":	2621440,
					"bits_per_second":	20948330.670065615,
					"retransmits":	0,
					"snd_cwnd":	264544,
					"snd_wnd":	-1,
					"rtt":	190,
					"rttvar":	129,
					"pmtu":	9500,
					"omitted":	false,
					"sender":	true
				}],
			"sum":	{
				"start":	0,
				"end":	1.001107,
				"seconds":	1.0011069774627686,
				"bytes":	2621440,
				"bits_per_second":	20948330.670065615,
				"retransmits":	0,
				"omitted":	false,
				"sender":	true
			}
		}, {
			"streams":	[{
					"socket":	5,
					"start":	1.001107,
					"end":	2.000924,
					"seconds":	0.99981701374053955,
					"bytes":	2490368,
					"bits_per_second":	19926590.292221375,
					"retransmits":	0,
					"snd_cwnd":	264544,
					"snd_wnd":	-1,
					"rtt":	180,
					"rttvar":	119,
					"pmtu":	9500,
					"omitted":	false,
					"sender":	true
				}],
			"sum":	{
				"start":	1.001107,
				"end":	2.000924,
				"seconds":	0.99981701374053955,
				"bytes":	2490368,
				"bits_per_second":	19926590.292221375,
				"retransmits":	0,
				"omitted":	false,
				"sender":	true
			}
		}, {
			"streams":	[{
					"socket":	5,
					"start":	2.000924,
					"end":	3.001378,
					"seconds":	1.0004539489746094,
					"bytes":	2490368,
					"bits_per_second":	19913904.103651676,
					"retransmits":	0,
					"snd_cwnd":	264544,
					"snd_wnd":	-1,
					"rtt":	147,
					"rttvar":	59,
					"pmtu":	9500,
					"omitted":	false,
					"sender":	true
				}],
			"sum":	{
				"start":	2.000924,
				"end":	3.001378,
				"seconds":	1.0004539489746094,
				"bytes":	2490368,
				"bits_per_second":	19913904.103651676,
				"retransmits":	0,
				"omitted":	false,
				"sender":	true
			}
		}],
	"end":	{
		"streams":	[{
				"sender":	{
					"socket":	5,
					"start":	0,
					"end":	3.001378,
					"seconds":	3.001378,
					"bytes":	7602176,
					"bits_per_second":	20263161.787685525,
					"retransmits":	0,
					"max_snd_cwnd":	264544,
					"max_snd_wnd":	0,
					"max_rtt":	190,
					"min_rtt":	147,
					"mean_rtt":	172,
					"sender":	true
				},
				"receiver":	{
					"socket":	5,
					"start":	0,
					"end":	3.00156,
					"seconds":	3.001378,
					"bytes":	7602176,
					"bits_per_second":	20261933.128106717,
					"sender":	true
				}
			}],
		"sum_sent":	{
			"start":	0,
			"end":	3.001378,
			"seconds":	3.001378,
			"bytes":	7602176,
			"bits_per_second":	20263161.787685525,
			"retransmits":	0,
			"sender":	true
		},
		"sum_received":	{
			"start":	0,
			"end":	3.00156,
			"seconds":	3.00156,
			"bytes":	7602176,
			"bits_per_second":	20261933.128106717,
			"sender":	true
		},
		"cpu_utilization_percent":	{
			"host_total":	0.66702075053570442,
			"host_user":	0.1156488975393391,
			"host_system":	0.55140515241978583,
			"remote_total":	0.21881553763557285,
			"remote_user":	0.006596448911669218,
			"remote_system":	0.21221908872390366
		},
		"sender_tcp_congestion":	"cubic",
		"receiver_tcp_congestion":	"cubic"
	}
}
