{
	"start":	{
		"connected":	[{
				"socket":	5,
				"local_host":	"192.168.1.2",
				"local_port":	44592,
				"remote_host":	"192.168.8.2",
				"remote_port":	5202
			}],
		"version":	"iperf 3.19.1",
		"system_info":	"Linux h1 6.6.87.2-microsoft-standard-WSL2 #1 SMP PREEMPT_DYNAMIC Thu Jun  5 18:30:46 UTC 2025 x86_64",
		"timestamp":	{
			"time":	"Mon, 06 Apr 2026 03:10:30 UTC",
			"timesecs":	1775445030
		},
		"connecting_to":	{
			"host":	"192.168.8.2",
			"port":	5202
		},
		"cookie":	"kmwenwy6q6xafgtytnvuuzkvahvf2i4v7ncj",
		"tcp_mss_default":	9448,
		"target_bitrate":	20000000,
		"fq_rate":	0,
		"sock_bufsize":	0,
		"sndbuf_actual":	16384,
		"rcvbuf_actual":	131072,
		"test_start":	{
			"protocol":	"TCP",
			"num_streams":	1,
			"blksize":	131072,
			"omit":	0,
			"duration":	3,
			"bytes":	0,
			"blocks":	0,
			"reverse":	0,
			"tos":	0,
			"target_bitrate":	20000000,
			"bidir":	0,
			"fqrate":	0,
			"interval":	1
		}
	},
	"intervals":	[{
			"streams":	[{
					"socket":	5,
					"start":	0,
					"end":	1.001156,
					"seconds":	1.0011559724807739,
					"bytes":	2621440,
					"bits_per_second":	20947305.491305687,
					"retransmits":	0,
					"snd_cwnd":	264544,
					"snd_wnd":	-1,
					"rtt":	113,
					"rttvar":	69,
					"pmtu":	9500,
					"omitted":	false,
					"sender":	true
				}],
			"sum":	{
				"start":	0,
				"end":	1.001156,
				"seconds":	1.0011559724807739,
				"bytes":	2621440,
				"bits_per_second":	20947305.491305687,
				"retransmits":	0,
				"omitted":	false,
				"sender":	true
			}
		}, {
			"streams":	[{
					"socket":	5,
					"start":	1.001156,
					"end":	2.001159,
					"seconds":	1.0000029802322388,
					"bytes":	2490368,
					"bits_per_second":	19922884.625176951,
					"retransmits":	0,
					"snd_cwnd":	264544,
					"snd_wnd":	-1,
					"rtt":	219,
					"rttvar":	123,
					"pmtu":	9500,
					"omitted":	false,
					"sender":	true
				}],
			"sum":	{
				"start":	1.001156,
				"end":	2.001159,
				"seconds":	1.0000029802322388,
				"bytes":	2490368,
				"bits_per_second":	19922884.625176951,
				"retransmits":	0,
				"omitted":	false,
				"sender":	true
			}
		}, {
			"streams":	[{
					"socket":	5,
					"start":	2.001159,
					"end":	3.00167,
					"seconds":	1.0005110502243042,
					"bytes":	2490368,
					"bits_per_second":	19912767.575663939,
					"retransmits":	0,
					"snd_cwnd":	264544,
					"snd_wnd":	-1,
					"rtt":	135,
					"rttvar":	79,
					"pmtu":	9500,
					"omitted":	false,
					"sender":	true
				}],
			"sum":	{
				"start":	2.001159,
				"end":	3.00167,
				"seconds":	1.0005110502243042,
				"bytes":	2490368,
				"bits_per_second":	19912767.575663939,
				"retransmits":	0,
				"omitted":	false,
				"sender":	true
			}
		}],
	"end":	{
		"streams":	[{
				"sender":	{
					"socket":	5,
					"start":	0,
					"end":	3.00167,
					"seconds":	3.00167,
					"bytes":	7602176,
					"bits_per_second":	20261190.603897166,
					"retransmits":	0,
					"max_snd_cwnd":	264544,
					"max_snd_wnd":	0,
					"max_rtt":	219,
					"min_rtt":	113,
					"mean_rtt":	155,
					"sender":	true
				},
				"receiver":	{
					"socket":	5,
					"start":	0,
					"end":	3.001911,
					"seconds":	3.00167,
					"bytes":	7602176,
					"bits_per_second":	20259563.991071019,
					"sender":	true
				}
			}],
		"sum_sent":	{
			"start":	0,
			"end":	3.00167,
			"seconds":	3.00167,
			"bytes":	7602176,
			"bits_per_second":	20261190.603897166,
			"retransmits":	0,
			"sender":	true
		},
		"sum_received":	{
			"start":	0,
			"end":	3.001911,
			"seconds":	3.001911,
			"bytes":	7602176,
			"bits_per_second":	20259563.991071019,
			"sender":	true
		},
		"cpu_utilization_percent":	{
			"host_total":	0.66665911799047139,
			"host_user":	0,
			"host_system":	0.66665911799047139,
			"remote_total":	0.250970453509006,
			"remote_user":	0,
			"remote_system":	0.25100376522303691
		},
		"sender_tcp_congestion":	"cubic",
		"receiver_tcp_congestion":	"cubic"
	}
}
