{
	"start":	{
		"connected":	[{
				"socket":	5,
				"local_host":	"192.168.1.2",
				"local_port":	41824,
				"remote_host":	"192.168.8.2",
				"remote_port":	5202
			}],
		"version":	"iperf 3.19.1",
		"system_info":	"Linux h1 6.6.87.2-microsoft-standard-WSL2 #1 SMP PREEMPT_DYNAMIC Thu Jun  5 18:30:46 UTC 2025 x86_64",
		"timestamp":	{
			"time":	"Mon, 06 Apr 2026 03:16:51 UTC",
			"timesecs":	1775445411
		},
		"connecting_to":	{
			"host":	"192.168.8.2",
			"port":	5202
		},
		"cookie":	"kdnr5conb3gju2xo6gqe6jt2uyyktsyrkp46",
		"tcp_mss_default":	9448,
		"target_bitrate":	20000000,
		"fq_rate":	0,
		"sock_bufsize":	0,
		"sndbuf_actual":	16384,
		"rcvbuf_actual":	131072,
		"test_start":	{
			"protocol":	"TCP",
			"num_streams":	1,
			"blksize":	131072,
			"omit":	0,
			"duration":	3,
			"bytes":	0,
			"blocks":	0,
			"reverse":	0,
			"tos":	0,
			"target_bitrate":	20000000,
			"bidir":	0,
			"fqrate":	0,
			"interval":	1
		}
	},
	"intervals":	[{
			"streams":	[{
					"socket":	5,
					"start":	0,
					"end":	1.001064,
					"seconds":	1.0010639429092407,
					"bytes":	2621440,
					"bits_per_second":	20949231.213995825,
					"retransmits":	0,
					"snd_cwnd":	321232,
					"snd_wnd":	-1,
					"rtt":	187,
					"rttvar":	113,
					"pmtu":	9500,
					"omitted":	false,
					"sender":	true
				}],
			"sum":	{
				"start":	0,
				"end":	1.001064,
				"seconds":	1.0010639429092407,
				"bytes":	2621440,
				"bits_per_second":	20949231.213995825,
				"retransmits":	0,
				"omitted":	false,
				"sender":	true
			}
		}, {
			"streams":	[{
					"socket":	5,
					"start":	1.001064,
					"end":	2.001009,
					"seconds":	0.99994498491287231,
					"bytes":	2490368,
					"bits_per_second":	19924040.122803293,
					"retransmits":	0,
					"snd_cwnd":	321232,
					"snd_wnd":	-1,
					"rtt":	136,
					"rttvar":	83,
					"pmtu":	9500,
					"omitted":	false,
					"sender":	true
				}],
			"sum":	{
				"start":	1.001064,
				"end":	2.001009,
				"seconds":	0.99994498491287231,
				"bytes":	2490368,
				"bits_per_second":	19924040.122803293,
				"retransmits":	0,
				"omitted":	false,
				"sender":	true
			}
		}, {
			"streams":	[{
					"socket":	5,
					"start":	2.001009,
					"end":	3.000636,
					"seconds":	0.99962699413299561,
					"bytes":	2490368,
					"bits_per_second":	19930378.147980813,
					"retransmits":	0,
					"snd_cwnd":	321232,
					"snd_wnd":	-1,
					"rtt":	152,
					"rttvar":	58,
					"pmtu":	9500,
					"omitted":	false,
					"sender":	true
				}],
			"sum":	{
				"start":	2.001009,
				"end":	3.000636,
				"seconds":	0.99962699413299561,
				"bytes":	2490368,
				"bits_per_second":	19930378.147980813,
				"retransmits":	0,
				"omitted":	false,
				"sender":	true
			}
		}],
	"end":	{
		"streams":	[{
				"sender":	{
					"socket":	5,
					"start":	0,
					"end":	3.000636,
					"seconds":	3.000636,
					"bytes":	7602176,
					"bits_per_second":	20268172.48076741,
					"retransmits":	0,
					"max_snd_cwnd":	321232,
					"max_snd_wnd":	0,
					"max_rtt":	187,
					"min_rtt":	136,
					"mean_rtt":	158,
					"sender":	true
				},
				"receiver":	{
					"socket":	5,
					"start":	0,
					"end":	3.000755,
					"seconds":	3.000636,
					"bytes":	7602176,
					"bits_per_second":	20267368.712207429,
					"sender":	true
				}
			}],
		"sum_sent":	{
			"start":	0,
			"end":	3.000636,
			"seconds":	3.000636,
			"bytes":	7602176,
			"bits_per_second":	20268172.48076741,
			"retransmits":	0,
			"sender":	true
		},
		"sum_received":	{
			"start":	0,
			"end":	3.000755,
			"seconds":	3.000755,
			"bytes":	7602176,
			"bits_per_second":	20267368.712207429,
			"sender":	true
		},
		"cpu_utilization_percent":	{
			"host_total":	0.86747108346448831,
			"host_user":	0,
			"host_system":	0.86743777428031332,
			"remote_total":	0.298648417633253,
			"remote_user":	0,
			"remote_system":	0.29858176991675367
		},
		"sender_tcp_congestion":	"cubic",
		"receiver_tcp_congestion":	"cubic"
	}
}
