{
	"start":	{
		"connected":	[{
				"socket":	5,
				"local_host":	"192.168.1.2",
				"local_port":	55250,
				"remote_host":	"192.168.8.2",
				"remote_port":	5202
			}],
		"version":	"iperf 3.19.1",
		"system_info":	"Linux h1 6.6.87.2-microsoft-standard-WSL2 #1 SMP PREEMPT_DYNAMIC Thu Jun  5 18:30:46 UTC 2025 x86_64",
		"timestamp":	{
			"time":	"Mon, 06 Apr 2026 03:34:48 UTC",
			"timesecs":	1775446488
		},
		"connecting_to":	{
			"host":	"192.168.8.2",
			"port":	5202
		},
		"cookie":	"hwbuvlp7kmrfwegq7xsb7k7ckn6lenz446tv",
		"tcp_mss_default":	9448,
		"target_bitrate":	20000000,
		"fq_rate":	0,
		"sock_bufsize":	0,
		"sndbuf_actual":	16384,
		"rcvbuf_actual":	131072,
		"test_start":	{
			"protocol":	"TCP",
			"num_streams":	1,
			"blksize":	131072,
			"omit":	0,
			"duration":	3,
			"bytes":	0,
			"blocks":	0,
			"reverse":	0,
			"tos":	0,
			"target_bitrate":	20000000,
			"bidir":	0,
			"fqrate":	0,
			"interval":	1
		}
	},
	"intervals":	[{
			"streams":	[{
					"socket":	5,
					"start":	0,
					"end":	1.000654,
					"seconds":	1.0006539821624756,
					"bytes":	2621440,
					"bits_per_second":	20957813.963503387,
					"retransmits":	0,
					"snd_cwnd":	264544,
					"snd_wnd":	-1,
					"rtt":	171,
					"rttvar":	56,
					"pmtu":	9500,
					"omitted":	false,
					"sender":	true
				}],
			"sum":	{
				"start":	0,
				"end":	1.000654,
				"seconds":	1.0006539821624756,
				"bytes":	2621440,
				"bits_per_second":	20957813.963503387,
				"retransmits":	0,
				"omitted":	false,
				"sender":	true
			}
		}, {
			"streams":	[{
					"socket":	5,
					"start":	1.000654,
					"end":	2.00123,
					"seconds":	1.0005760192871094,
					"bytes":	2490368,
					"bits_per_second":	19911474.606591813,
					"retransmits":	0,
					"snd_cwnd":	264544,
					"snd_wnd":	-1,
					"rtt":	183,
					"rttvar":	82,
					"pmtu":	9500,
					"omitted":	false,
					"sender":	true
				}],
			"sum":	{
				"start":	1.000654,
				"end":	2.00123,
				"seconds":	1.0005760192871094,
				"bytes":	2490368,
				"bits_per_second":	19911474.606591813,
				"retransmits":	0,
				"omitted":	false,
				"sender":	true
			}
		}, {
			"streams":	[{
					"socket":	5,
					"start":	2.00123,
					"end":	3.001262,
					"seconds":	1.0000319480895996,
					"bytes":	2490368,
					"bits_per_second":	19922307.520334311,
					"retransmits":	0,
					"snd_cwnd":	264544,
					"snd_wnd":	-1,
					"rtt":	179,
					"rttvar":	87,
					"pmtu":	9500,
					"omitted":	false,
					"sender":	true
				}],
			"sum":	{
				"start":	2.00123,
				"end":	3.001262,
				"seconds":	1.0000319480895996,
				"bytes":	2490368,
				"bits_per_second":	19922307.520334311,
				"retransmits":	0,
				"omitted":	false,
				"sender":	true
			}
		}],
	"end":	{
		"streams":	[{
				"sender":	{
					"socket":	5,
					"start":	0,
					"end":	3.001262,
					"seconds":	3.001262,
					"bytes":	7602176,
					"bits_per_second":	20263944.967150483,
					"retransmits":	0,
					"max_snd_cwnd":	264544,
					"max_snd_wnd":	0,
					"max_rtt":	183,
					"min_rtt":	171,
					"mean_rtt":	177,
					"sender":	true
				},
				"receiver":	{
					"socket":	5,
					"start":	0,
					"end":	3.001407,
					"seconds":	3.001262,
					"bytes":	7602176,
					"bits_per_second":	20262966.002278265,
					"sender":	true
				}
			}],
		"sum_sent":	{
			"start":	0,
			"end":	3.001262,
			"seconds":	3.001262,
			"bytes":	7602176,
			"bits_per_second":	20263944.967150483,
			"retransmits":	0,
			"sender":	true
		},
		"sum_received":	{
			"start":	0,
			"end":	3.001407,
			"seconds":	3.001407,
			"bytes":	7602176,
			"bits_per_second":	20262966.002278265,
			"sender":	true
		},
		"cpu_utilization_percent":	{
			"host_total":	0.69194805610058374,
			"host_user":	0.089795040156302,
			"host_system":	0.602119709178645,
			"remote_total":	0.24911284575360385,
			"remote_user":	0.13909938892888807,
			"remote_system":	0.11001345682471579
		},
		"sender_tcp_congestion":	"cubic",
		"receiver_tcp_congestion":	"cubic"
	}
}
